{
  "implemented": true,
  "name": "Abra",
  "nationalPokedexNumber": 63,
  "primaryType": "psychic",
  "abilities": [
    "synchronize",
    "innerfocus",
    "h:magicguard"
  ],
  "baseStats": {
    "hp": 25,
    "attack": 20,
    "defence": 15,
    "special_attack": 105,
    "special_defence": 55,
    "speed": 90
  },
  "behaviour": {
    "moving": {
      "walk": {
        "canWalk": false
      },
      "fly": {
        "canFly": true
      }
    },
    "resting": {
      "canSleep": true,
      "willSleepOnBed": false,
      "depth": "normal",
      "light": "0-4"
    }
  },
  "catchRate": 200,
  "maleRatio": 0.75,
  "shoulderMountable": false,
  "baseExperienceYield": 62,
  "experienceGroup": "medium_slow",
  "eggCycles": 20,
  "eggGroups": [
    "human_like"
  ],
  "drops": {
    "amount": 3,
    "entries": [
      {
        "item": "minecraft:ender_pearl",
        "quantityRange": "0-1"
      },
      {
        "item": "cobblemon:twisted_spoon",
        "percentage": 2.5
      },
      {
        "item": "cobblemon:kasib_berry",
        "percentage": 2.5
      }
    ]
  },
  "moves": [
    "1:teleport",
    "egg:allyswitch",
    "egg:barrier",
    "egg:confusion",
    "egg:encore",
    "egg:firepunch",
    "egg:guardsplit",
    "egg:guardswap",
    "egg:icepunch",
    "egg:knockoff",
    "egg:magiccoat",
    "egg:powertrick",
    "egg:psychicterrain",
    "egg:psychoshift",
    "egg:skillswap",
    "egg:thunderpunch",
    "tm:allyswitch",
    "tm:attract",
    "tm:bodyslam",
    "tm:calmmind",
    "tm:captivate",
    "tm:chargebeam",
    "tm:confide",
    "tm:dazzlinggleam",
    "tm:doubleteam",
    "tm:drainpunch",
    "tm:dreameater",
    "tm:embargo",
    "tm:encore",
    "tm:endure",
    "tm:energyball",
    "tm:facade",
    "tm:firepunch",
    "tm:flash",
    "tm:fling",
    "tm:focuspunch",
    "tm:foulplay",
    "tm:frustration",
    "tm:grassknot",
    "tm:guardswap",
    "tm:hiddenpower",
    "tm:icepunch",
    "tm:irontail",
    "tm:lightscreen",
    "tm:magicroom",
    "tm:megakick",
    "tm:megapunch",
    "tm:metronome",
    "tm:naturalgift",
    "tm:powerswap",
    "tm:protect",
    "tm:psychic",
    "tm:psychicterrain",
    "tm:psychup",
    "tm:psyshock",
    "tm:raindance",
    "tm:recycle",
    "tm:reflect",
    "tm:rest",
    "tm:return",
    "tm:round",
    "tm:safeguard",
    "tm:secretpower",
    "tm:shadowball",
    "tm:shockwave",
    "tm:skillswap",
    "tm:sleeptalk",
    "tm:snatch",
    "tm:snore",
    "tm:speedswap",
    "tm:substitute",
    "tm:sunnyday",
    "tm:swagger",
    "tm:swift",
    "tm:taunt",
    "tm:telekinesis",
    "tm:thief",
    "tm:thunderpunch",
    "tm:thunderwave",
    "tm:torment",
    "tm:toxic",
    "tm:triattack",
    "tm:trick",
    "tm:trickroom",
    "tm:wonderroom",
    "tm:zenheadbutt",
    "tutor:allyswitch",
    "tutor:attract",
    "tutor:barrier",
    "tutor:bide",
    "tutor:bodyslam",
    "tutor:calmmind",
    "tutor:counter",
    "tutor:curse",
    "tutor:dazzlinggleam",
    "tutor:doubleedge",
    "tutor:doubleteam",
    "tutor:drainpunch",
    "tutor:dreameater",
    "tutor:dynamicpunch",
    "tutor:encore",
    "tutor:endure",
    "tutor:facade",
    "tutor:firepunch",
    "tutor:flash",
    "tutor:focuspunch",
    "tutor:foulplay",
    "tutor:frustration",
    "tutor:gravity",
    "tutor:headbutt",
    "tutor:hiddenpower",
    "tutor:icepunch",
    "tutor:irontail",
    "tutor:knockoff",
    "tutor:lightscreen",
    "tutor:magiccoat",
    "tutor:magicroom",
    "tutor:megakick",
    "tutor:megapunch",
    "tutor:metronome",
    "tutor:mimic",
    "tutor:nightmare",
    "tutor:protect",
    "tutor:psychic",
    "tutor:psychup",
    "tutor:psywave",
    "tutor:rage",
    "tutor:raindance",
    "tutor:recycle",
    "tutor:reflect",
    "tutor:rest",
    "tutor:return",
    "tutor:roleplay",
    "tutor:seismictoss",
    "tutor:shadowball",
    "tutor:shockwave",
    "tutor:signalbeam",
    "tutor:skillswap",
    "tutor:skullbash",
    "tutor:sleeptalk",
    "tutor:snatch",
    "tutor:snore",
    "tutor:submission",
    "tutor:substitute",
    "tutor:sunnyday",
    "tutor:swagger",
    "tutor:takedown",
    "tutor:taunt",
    "tutor:telekinesis",
    "tutor:teleport",
    "tutor:thief",
    "tutor:thunderpunch",
    "tutor:thunderwave",
    "tutor:toxic",
    "tutor:triattack",
    "tutor:trick",
    "tutor:wonderroom",
    "tutor:zapcannon",
    "tutor:zenheadbutt"
  ],
  "labels": [
    "gen1",
    "psychic"
  ],
  "pokedex": [
    "cobblemon.species.abra.desc"
  ],
  "evolutions": [
    {
      "id": "abra_kadabra",
      "variant": "level_up",
      "result": "kadabra",
      "consumeHeldItem": false,
      "learnableMoves": [
        "confusion"
      ],
      "requirements": [
        {
          "variant": "level",
          "minLevel": 16
        }
      ]
    }
  ],
  "baseScale": 0.85,
  "hitbox": {
    "width": 1,
    "height": 1.2,
    "fixed": false
  },
  "baseFriendship": 50,
  "evYield": {
    "hp": 0,
    "attack": 0,
    "defence": 0,
    "special_attack": 1,
    "special_defence": 0,
    "speed": 0
  },
  "height": 9,
  "weight": 195,
  "aspects": [],
  "cannotDynamax": false
}