{
  "implemented": true,
  "name": "Aerodactyl",
  "nationalPokedexNumber": 142,
  "primaryType": "rock",
  "secondaryType": "flying",
  "abilities": [
    "rockhead",
    "pressure",
    "h:unnerve"
  ],
  "baseStats": {
    "hp": 80,
    "attack": 105,
    "defence": 65,
    "special_attack": 60,
    "special_defence": 75,
    "speed": 130
  },
  "catchRate": 45,
  "maleRatio": 0.875,
  "shoulderMountable": false,
  "baseExperienceYield": 180,
  "experienceGroup": "slow",
  "eggCycles": 35,
  "eggGroups": [
    "flying"
  ],
  "behaviour": {
    "moving": {
      "fly": {
        "canFly": true
      },
      "walk": {
        "walkSpeed": 0.3
      }
    },
    "resting": {
      "canSleep": true,
      "willSleepOnBed": false,
      "depth": "normal",
      "light": "0-4"
    }
  },
  "drops": {
    "amount": 4,
    "entries": [
      {
        "item": "minecraft:bone",
        "quantityRange": "0-3"
      },
      {
        "item": "cobblemon:rocky_helmet",
        "percentage": 10.0
      }
    ]
  },
  "moves": [
    "1:ancientpower",
    "1:bite",
    "1:firefang",
    "1:icefang",
    "1:thunderfang",
    "5:supersonic",
    "10:wingattack",
    "15:scaryface",
    "20:rockslide",
    "25:roar",
    "30:crunch",
    "35:ironhead",
    "40:takedown",
    "45:stoneedge",
    "49:skydrop",
    "50:agility",
    "55:hyperbeam",
    "60:gigaimpact",
    "egg:assurance",
    "egg:curse",
    "egg:dragonbreath",
    "egg:foresight",
    "egg:pursuit",
    "egg:roost",
    "egg:steelwing",
    "egg:tailwind",
    "egg:whirlwind",
    "egg:wideguard",
    "tm:aerialace",
    "tm:agility",
    "tm:assurance",
    "tm:attract",
    "tm:brutalswing",
    "tm:bulldoze",
    "tm:captivate",
    "tm:confide",
    "tm:crunch",
    "tm:defog",
    "tm:doubleteam",
    "tm:dragonclaw",
    "tm:dragondance",
    "tm:dragonpulse",
    "tm:earthpower",
    "tm:earthquake",
    "tm:endure",
    "tm:facade",
    "tm:fireblast",
    "tm:firefang",
    "tm:flamethrower",
    "tm:fly",
    "tm:frustration",
    "tm:gigaimpact",
    "tm:heatwave",
    "tm:hiddenpower",
    "tm:honeclaws",
    "tm:hurricane",
    "tm:hyperbeam",
    "tm:icefang",
    "tm:incinerate",
    "tm:ironhead",
    "tm:irontail",
    "tm:naturalgift",
    "tm:payback",
    "tm:protect",
    "tm:psychicfangs",
    "tm:raindance",
    "tm:rest",
    "tm:return",
    "tm:roar",
    "tm:rockblast",
    "tm:rockpolish",
    "tm:rockslide",
    "tm:rocksmash",
    "tm:rocktomb",
    "tm:roost",
    "tm:round",
    "tm:sandstorm",
    "tm:scaryface",
    "tm:secretpower",
    "tm:skydrop",
    "tm:sleeptalk",
    "tm:smackdown",
    "tm:snore",
    "tm:stealthrock",
    "tm:steelwing",
    "tm:stoneedge",
    "tm:strength",
    "tm:substitute",
    "tm:sunnyday",
    "tm:swagger",
    "tm:swift",
    "tm:taunt",
    "tm:thief",
    "tm:thunderfang",
    "tm:torment",
    "tm:toxic",
    "tutor:agility",
    "tutor:aircutter",
    "tutor:ancientpower",
    "tutor:aquatail",
    "tutor:assurance",
    "tutor:attract",
    "tutor:bide",
    "tutor:bite",
    "tutor:celebrate",
    "tutor:crunch",
    "tutor:curse",
    "tutor:defog",
    "tutor:detect",
    "tutor:doubleedge",
    "tutor:doubleteam",
    "tutor:dragonbreath",
    "tutor:dragonpulse",
    "tutor:dragonrage",
    "tutor:dualwingbeat",
    "tutor:earthpower",
    "tutor:earthquake",
    "tutor:endure",
    "tutor:facade",
    "tutor:fireblast",
    "tutor:firefang",
    "tutor:flamethrower",
    "tutor:fly",
    "tutor:foresight",
    "tutor:frustration",
    "tutor:headbutt",
    "tutor:heatwave",
    "tutor:hiddenpower",
    "tutor:hyperbeam",
    "tutor:icefang",
    "tutor:ironhead",
    "tutor:irontail",
    "tutor:laserfocus",
    "tutor:meteorbeam",
    "tutor:mimic",
    "tutor:ominouswind",
    "tutor:protect",
    "tutor:pursuit",
    "tutor:rage",
    "tutor:raindance",
    "tutor:razorwind",
    "tutor:reflect",
    "tutor:rest",
    "tutor:return",
    "tutor:roar",
    "tutor:rockpolish",
    "tutor:rockslide",
    "tutor:rocksmash",
    "tutor:rockthrow",
    "tutor:roost",
    "tutor:sandstorm",
    "tutor:scaryface",
    "tutor:skyattack",
    "tutor:sleeptalk",
    "tutor:snore",
    "tutor:stealthrock",
    "tutor:steelwing",
    "tutor:substitute",
    "tutor:supersonic",
    "tutor:swagger",
    "tutor:swift",
    "tutor:tailwind",
    "tutor:takedown",
    "tutor:taunt",
    "tutor:thunderfang",
    "tutor:toxic",
    "tutor:twister",
    "tutor:whirlwind",
    "tutor:wideguard",
    "tutor:wingattack"
  ],
  "labels": [
    "gen1",
    "rock",
    "flying"
  ],
  "pokedex": [
    "cobblemon.species.aerodactyl.desc"
  ],
  "evolutions": [],
  "baseScale": 1.8,
  "hitbox": {
    "width": 1,
    "height": 1,
    "fixed": false
  },
  "baseFriendship": 50,
  "evYield": {
    "hp": 0,
    "attack": 0,
    "defence": 0,
    "special_attack": 0,
    "special_defence": 0,
    "speed": 2
  },
  "height": 18,
  "weight": 590,
  "aspects": [],
  "cannotDynamax": false
}