{
  "implemented": true,
  "name": "Arbok",
  "nationalPokedexNumber": 24,
  "primaryType": "poison",
  "abilities": [
    "intimidate",
    "shedskin",
    "h:unnerve"
  ],
  "baseStats": {
    "hp": 60,
    "attack": 95,
    "defence": 69,
    "special_attack": 65,
    "special_defence": 79,
    "speed": 80
  },
  "behaviour": {
    "resting": {
      "canSleep": true,
      "willSleepOnBed": false,
      "depth": "normal",
      "light": "0-4"
    }
  },
  "standingEyeHeight": 1,
  "features": [
    "snake-pattern"
  ],
  "catchRate": 90,
  "maleRatio": 0.5,
  "shoulderMountable": false,
  "baseExperienceYield": 157,
  "experienceGroup": "medium_fast",
  "eggCycles": 20,
  "eggGroups": [
    "field",
    "dragon"
  ],
  "drops": {
    "amount": 1,
    "entries": [
      {
        "item": "cobblemon:razor_fang",
        "percentage": 5.0
      }
    ]
  },
  "moves": [
    "1:bite",
    "1:crunch",
    "1:firefang",
    "1:icefang",
    "1:leer",
    "1:poisonsting",
    "1:thunderfang",
    "1:wrap",
    "12:glare",
    "17:screech",
    "20:acid",
    "27:spitup",
    "27:stockpile",
    "27:swallow",
    "32:acidspray",
    "39:mudbomb",
    "39:sludgebomb",
    "44:gastroacid",
    "48:belch",
    "51:haze",
    "56:coil",
    "63:gunkshot",
    "tm:acidspray",
    "tm:attract",
    "tm:bodyslam",
    "tm:breakingswipe",
    "tm:brutalswing",
    "tm:bulldoze",
    "tm:captivate",
    "tm:confide",
    "tm:crunch",
    "tm:darkpulse",
    "tm:dig",
    "tm:doubleedge",
    "tm:doubleteam",
    "tm:dragontail",
    "tm:earthquake",
    "tm:endure",
    "tm:facade",
    "tm:firefang",
    "tm:frustration",
    "tm:gigadrain",
    "tm:gigaimpact",
    "tm:gunkshot",
    "tm:haze",
    "tm:hiddenpower",
    "tm:hyperbeam",
    "tm:icefang",
    "tm:infestation",
    "tm:irontail",
    "tm:knockoff",
    "tm:lashout",
    "tm:leechlife",
    "tm:mudshot",
    "tm:mudslap",
    "tm:naturalgift",
    "tm:painsplit",
    "tm:payback",
    "tm:poisonjab",
    "tm:poisontail",
    "tm:protect",
    "tm:psychicfangs",
    "tm:raindance",
    "tm:rest",
    "tm:return",
    "tm:rockslide",
    "tm:rocktomb",
    "tm:round",
    "tm:scaleshot",
    "tm:scaryface",
    "tm:secretpower",
    "tm:seedbomb",
    "tm:skittersmack",
    "tm:sleeptalk",
    "tm:sludgebomb",
    "tm:sludgewave",
    "tm:snarl",
    "tm:snatch",
    "tm:spite",
    "tm:strength",
    "tm:stompingtantrum",
    "tm:substitute",
    "tm:sunnyday",
    "tm:swagger",
    "tm:takedown",
    "tm:terablast",
    "tm:thief",
    "tm:throatchop",
    "tm:thunderfang",
    "tm:torment",
    "tm:toxic",
    "tm:toxicspikes",
    "tm:trailblaze",
    "tm:venoshock",
    "tutor:acid",
    "tutor:aquatail",
    "tutor:attract",
    "tutor:bide",
    "tutor:bind",
    "tutor:bite",
    "tutor:bodyslam",
    "tutor:crunch",
    "tutor:curse",
    "tutor:darkpulse",
    "tutor:dig",
    "tutor:doubleedge",
    "tutor:doubleteam",
    "tutor:dragontail",
    "tutor:earthquake",
    "tutor:endure",
    "tutor:facade",
    "tutor:fissure",
    "tutor:frustration",
    "tutor:gastroacid",
    "tutor:gigadrain",
    "tutor:glare",
    "tutor:gunkshot",
    "tutor:haze",
    "tutor:headbutt",
    "tutor:hiddenpower",
    "tutor:hyperbeam",
    "tutor:irontail",
    "tutor:leer",
    "tutor:megadrain",
    "tutor:mimic",
    "tutor:poisonjab",
    "tutor:poisonsting",
    "tutor:protect",
    "tutor:rage",
    "tutor:refresh",
    "tutor:rest",
    "tutor:return",
    "tutor:rockslide",
    "tutor:screech",
    "tutor:seedbomb",
    "tutor:skullbash",
    "tutor:slam",
    "tutor:sleeptalk",
    "tutor:sludgebomb",
    "tutor:snatch",
    "tutor:snore",
    "tutor:spite",
    "tutor:stompingtantrum",
    "tutor:strength",
    "tutor:substitute",
    "tutor:suckerpunch",
    "tutor:sunnyday",
    "tutor:swagger",
    "tutor:takedown",
    "tutor:thief",
    "tutor:throatchop",
    "tutor:toxic",
    "tutor:wrap"
  ],
  "labels": [
    "gen1",
    "poison"
  ],
  "pokedex": [
    "cobblemon.species.arbok.desc"
  ],
  "preEvolution": "ekans",
  "evolutions": [],
  "baseScale": 1,
  "hitbox": {
    "width": 1,
    "height": 1.8,
    "fixed": false
  },
  "baseFriendship": 70,
  "evYield": {
    "hp": 0,
    "attack": 2,
    "defence": 0,
    "special_attack": 0,
    "special_defence": 0,
    "speed": 0
  },
  "height": 35,
  "weight": 650,
  "aspects": [],
  "cannotDynamax": false
}