{
  "implemented": true,
  "name": "Arcanine",
  "nationalPokedexNumber": 59,
  "primaryType": "fire",
  "abilities": [
    "intimidate",
    "flashfire",
    "h:justified"
  ],
  "baseStats": {
    "hp": 90,
    "attack": 110,
    "defence": 80,
    "special_attack": 100,
    "special_defence": 80,
    "speed": 95
  },
  "features": [
    "hisuian"
  ],
  "catchRate": 75,
  "maleRatio": 0.75,
  "shoulderMountable": false,
  "forms": [
    {
      "name": "Hisui",
      "primaryType": "fire",
      "secondaryType": "rock",
      "abilities": [
        "intimidate",
        "flashfire",
        "h:rockhead"
      ],
      "baseStats": {
        "hp": 95,
        "attack": 115,
        "defence": 80,
        "special_attack": 95,
        "special_defence": 80,
        "speed": 90
      },
      "catchRate": 75,
      "maleRatio": 0.75,
      "baseExperienceYield": 194,
      "baseFriendship": 50,
      "evYield": {
        "hp": 0,
        "attack": 2,
        "defence": 0,
        "special_attack": 0,
        "special_defence": 0,
        "speed": 0
      },
      "experienceGroup": "slow",
      "eggCycles": 20,
      "eggGroups": [
        "field"
      ],
      "moves": [
        "1:agility",
        "1:bite",
        "1:crunch",
        "1:ember",
        "1:firefang",
        "1:flamewheel",
        "1:flareblitz",
        "1:helpinghand",
        "1:howl",
        "1:leer",
        "1:retaliate",
        "1:reversal",
        "1:roar",
        "1:rockslide",
        "1:rockthrow",
        "1:takedown",
        "5:flamethrower",
        "64:ragingfury",
        "tm:aerialace",
        "tm:agility",
        "tm:bodyslam",
        "tm:bulldoze",
        "tm:closecombat",
        "tm:crunch",
        "tm:dig",
        "tm:doubleedge",
        "tm:dragonpulse",
        "tm:endure",
        "tm:facade",
        "tm:fireblast",
        "tm:firefang",
        "tm:firespin",
        "tm:flamecharge",
        "tm:flamethrower",
        "tm:flareblitz",
        "tm:gigaimpact",
        "tm:heatcrash",
        "tm:heatwave",
        "tm:helpinghand",
        "tm:hyperbeam",
        "tm:hypervoice",
        "tm:ironhead",
        "tm:outrage",
        "tm:overheat",
        "tm:powergem",
        "tm:protect",
        "tm:psychicfangs",
        "tm:rest",
        "tm:reversal",
        "tm:roar",
        "tm:rockblast",
        "tm:rockslide",
        "tm:rocktomb",
        "tm:sandstorm",
        "tm:scaryface",
        "tm:scorchingsands",
        "tm:sleeptalk",
        "tm:smackdown",
        "tm:smartstrike",
        "tm:snarl",
        "tm:solarbeam",
        "tm:stealthrock",
        "tm:stoneedge",
        "tm:substitute",
        "tm:sunnyday",
        "tm:takedown",
        "tm:temperflare",
        "tm:terablast",
        "tm:thief",
        "tm:thunderfang",
        "tm:wildcharge",
        "tm:willowisp"
      ],
      "labels": [
        "gen8",
        "hisui_regional"
      ],
      "aspects": [
        "hisuian"
      ],
      "height": 20,
      "weight": 1680,
      "preEvolution": "growlithe hisuian",
      "cannotDynamax": false,
      "battleOnly": false
    }
  ],
  "baseExperienceYield": 194,
  "experienceGroup": "slow",
  "eggCycles": 20,
  "eggGroups": [
    "field"
  ],
  "drops": {
    "amount": 3,
    "entries": [
      {
        "item": "minecraft:bone",
        "quantityRange": "0-2"
      },
      {
        "item": "cobblemon:rawst_berry",
        "percentage": 5.0
      }
    ]
  },
  "moves": [
    "1:agility",
    "1:bite",
    "1:burnup",
    "1:crunch",
    "1:ember",
    "1:firefang",
    "1:flamewheel",
    "1:flareblitz",
    "1:helpinghand",
    "1:howl",
    "1:leer",
    "1:odorsleuth",
    "1:playrough",
    "1:retaliate",
    "1:reversal",
    "1:roar",
    "1:takedown",
    "1:thunderfang",
    "5:flamethrower",
    "34:extremespeed",
    "tm:aerialace",
    "tm:agility",
    "tm:attract",
    "tm:bodyslam",
    "tm:bulldoze",
    "tm:captivate",
    "tm:charm",
    "tm:closecombat",
    "tm:confide",
    "tm:crunch",
    "tm:curse",
    "tm:dig",
    "tm:doubleedge",
    "tm:doubleteam",
    "tm:dragonpulse",
    "tm:endure",
    "tm:facade",
    "tm:fireblast",
    "tm:firefang",
    "tm:firespin",
    "tm:flamecharge",
    "tm:flamethrower",
    "tm:flareblitz",
    "tm:frustration",
    "tm:gigaimpact",
    "tm:heatcrash",
    "tm:heatwave",
    "tm:helpinghand",
    "tm:hiddenpower",
    "tm:hyperbeam",
    "tm:hypervoice",
    "tm:incinerate",
    "tm:ironhead",
    "tm:irontail",
    "tm:naturalgift",
    "tm:outrage",
    "tm:overheat",
    "tm:playrough",
    "tm:protect",
    "tm:psychicfangs",
    "tm:rest",
    "tm:retaliate",
    "tm:return",
    "tm:reversal",
    "tm:roar",
    "tm:rockclimb",
    "tm:rocksmash",
    "tm:round",
    "tm:safeguard",
    "tm:scaryface",
    "tm:scorchingsands",
    "tm:secretpower",
    "tm:sleeptalk",
    "tm:snarl",
    "tm:snore",
    "tm:solarbeam",
    "tm:strength",
    "tm:substitute",
    "tm:sunnyday",
    "tm:swagger",
    "tm:swift",
    "tm:takedown",
    "tm:temperflare",
    "tm:terablast",
    "tm:thief",
    "tm:thunderfang",
    "tm:toxic",
    "tm:wildcharge",
    "tm:willowisp",
    "tutor:attract",
    "tutor:bide",
    "tutor:bite",
    "tutor:bodyslam",
    "tutor:covet",
    "tutor:crunch",
    "tutor:curse",
    "tutor:dig",
    "tutor:doubleedge",
    "tutor:doubleteam",
    "tutor:dragonbreath",
    "tutor:dragonpulse",
    "tutor:dragonrage",
    "tutor:ember",
    "tutor:endure",
    "tutor:facade",
    "tutor:fireblast",
    "tutor:flamethrower",
    "tutor:flamewheel",
    "tutor:frustration",
    "tutor:headbutt",
    "tutor:heatwave",
    "tutor:helpinghand",
    "tutor:hiddenpower",
    "tutor:hyperbeam",
    "tutor:ironhead",
    "tutor:irontail",
    "tutor:laserfocus",
    "tutor:leer",
    "tutor:mimic",
    "tutor:mudslap",
    "tutor:outrage",
    "tutor:playrough",
    "tutor:rage",
    "tutor:reflect",
    "tutor:rest",
    "tutor:return",
    "tutor:roar",
    "tutor:rocksmash",
    "tutor:scorchingsands",
    "tutor:skullbash",
    "tutor:sleeptalk",
    "tutor:snore",
    "tutor:solarbeam",
    "tutor:substitute",
    "tutor:sunnyday",
    "tutor:superpower",
    "tutor:swagger",
    "tutor:swift",
    "tutor:takedown",
    "tutor:teleport",
    "tutor:thunderfang",
    "tutor:toxic"
  ],
  "labels": [
    "gen1",
    "kanto_regional",
    "fire",
    "rock"
  ],
  "pokedex": [
    "cobblemon.species.arcanine.desc"
  ],
  "preEvolution": "growlithe",
  "evolutions": [],
  "baseScale": 1.1,
  "hitbox": {
    "width": 1.2,
    "height": 1.7,
    "fixed": false
  },
  "baseFriendship": 50,
  "evYield": {
    "hp": 0,
    "attack": 2,
    "defence": 0,
    "special_attack": 0,
    "special_defence": 0,
    "speed": 0
  },
  "height": 19,
  "weight": 1550,
  "aspects": [],
  "cannotDynamax": false
}