{
  "implemented": true,
  "name": "Bellsprout",
  "nationalPokedexNumber": 69,
  "primaryType": "grass",
  "secondaryType": "poison",
  "abilities": [
    "chlorophyll",
    "h:gluttony"
  ],
  "baseStats": {
    "hp": 50,
    "attack": 75,
    "defence": 35,
    "special_attack": 70,
    "special_defence": 30,
    "speed": 40
  },
  "catchRate": 255,
  "maleRatio": 0.5,
  "shoulderMountable": false,
  "baseExperienceYield": 60,
  "experienceGroup": "medium_slow",
  "eggCycles": 20,
  "eggGroups": [
    "grass"
  ],
  "drops": {
    "amount": 2,
    "entries": [
      {
        "item": "cobblemon:big_root",
        "percentage": 2.5
      },
      {
        "item": "cobblemon:pinap_berry",
        "percentage": 2.5
      }
    ]
  },
  "moves": [
    "1:vinewhip",
    "7:growth",
    "11:wrap",
    "13:sleeppowder",
    "15:poisonpowder",
    "17:stunspore",
    "23:acid",
    "27:knockoff",
    "29:sweetscent",
    "35:gastroacid",
    "39:razorleaf",
    "41:poisonjab",
    "47:slam",
    "50:wringout",
    "52:powerwhip",
    "egg:acidspray",
    "egg:belch",
    "egg:bulletseed",
    "egg:clearsmog",
    "egg:encore",
    "egg:gigadrain",
    "egg:ingrain",
    "egg:leechlife",
    "egg:magicalleaf",
    "egg:naturalgift",
    "egg:powerwhip",
    "egg:reflect",
    "egg:strengthsap",
    "egg:suckerpunch",
    "egg:swordsdance",
    "egg:synthesis",
    "egg:tickle",
    "egg:weatherball",
    "egg:worryseed",
    "tm:acidspray",
    "tm:attract",
    "tm:bulletseed",
    "tm:captivate",
    "tm:confide",
    "tm:cut",
    "tm:doubleteam",
    "tm:encore",
    "tm:endure",
    "tm:energyball",
    "tm:facade",
    "tm:flash",
    "tm:frustration",
    "tm:gigadrain",
    "tm:grassknot",
    "tm:grassyglide",
    "tm:grassyterrain",
    "tm:hiddenpower",
    "tm:infestation",
    "tm:knockoff",
    "tm:leafstorm",
    "tm:leechlife",
    "tm:lunge",
    "tm:magicalleaf",
    "tm:naturalgift",
    "tm:naturepower",
    "tm:poisonjab",
    "tm:pounce",
    "tm:protect",
    "tm:reflect",
    "tm:rest",
    "tm:return",
    "tm:round",
    "tm:secretpower",
    "tm:seedbomb",
    "tm:sleeptalk",
    "tm:sludgebomb",
    "tm:sludgewave",
    "tm:solarbeam",
    "tm:substitute",
    "tm:sunnyday",
    "tm:swagger",
    "tm:swordsdance",
    "tm:terablast",
    "tm:thief",
    "tm:toxic",
    "tm:trailblaze",
    "tm:venoshock",
    "tm:weatherball",
    "tutor:acid",
    "tutor:attract",
    "tutor:bide",
    "tutor:bind",
    "tutor:curse",
    "tutor:cut",
    "tutor:doubleedge",
    "tutor:doubleteam",
    "tutor:encore",
    "tutor:endure",
    "tutor:facade",
    "tutor:flash",
    "tutor:frustration",
    "tutor:gastroacid",
    "tutor:gigadrain",
    "tutor:growth",
    "tutor:headbutt",
    "tutor:hiddenpower",
    "tutor:knockoff",
    "tutor:leechlife",
    "tutor:megadrain",
    "tutor:mimic",
    "tutor:poisonjab",
    "tutor:poisonpowder",
    "tutor:protect",
    "tutor:rage",
    "tutor:razorleaf",
    "tutor:reflect",
    "tutor:rest",
    "tutor:return",
    "tutor:seedbomb",
    "tutor:slam",
    "tutor:sleeppowder",
    "tutor:sleeptalk",
    "tutor:sludgebomb",
    "tutor:snore",
    "tutor:solarbeam",
    "tutor:stunspore",
    "tutor:substitute",
    "tutor:suckerpunch",
    "tutor:sunnyday",
    "tutor:swagger",
    "tutor:sweetscent",
    "tutor:swordsdance",
    "tutor:synthesis",
    "tutor:takedown",
    "tutor:teeterdance",
    "tutor:toxic",
    "tutor:vinewhip",
    "tutor:worryseed",
    "tutor:wrap"
  ],
  "labels": [
    "gen1",
    "grass",
    "poison"
  ],
  "pokedex": [
    "cobblemon.species.bellsprout.desc"
  ],
  "evolutions": [
    {
      "id": "bellsprout_weepinbell",
      "variant": "level_up",
      "result": "weepinbell",
      "consumeHeldItem": false,
      "learnableMoves": [],
      "requirements": [
        {
          "variant": "level",
          "minLevel": 21
        }
      ]
    }
  ],
  "baseScale": 0.6,
  "hitbox": {
    "width": 0.6,
    "height": 1.3,
    "fixed": false
  },
  "baseFriendship": 70,
  "evYield": {
    "hp": 0,
    "attack": 1,
    "defence": 0,
    "special_attack": 0,
    "special_defence": 0,
    "speed": 0
  },
  "height": 7,
  "weight": 40,
  "aspects": [],
  "cannotDynamax": false
}