{
  "implemented": true,
  "name": "Blastoise",
  "nationalPokedexNumber": 9,
  "primaryType": "water",
  "abilities": [
    "torrent",
    "h:raindish"
  ],
  "baseStats": {
    "hp": 79,
    "attack": 83,
    "defence": 100,
    "special_attack": 85,
    "special_defence": 105,
    "speed": 78
  },
  "catchRate": 45,
  "maleRatio": 0.875,
  "shoulderMountable": false,
  "baseExperienceYield": 265,
  "experienceGroup": "medium_slow",
  "eggCycles": 20,
  "eggGroups": [
    "monster",
    "water_1"
  ],
  "drops": {
    "amount": 4,
    "entries": [
      {
        "item": "minecraft:scute",
        "quantityRange": "0-3"
      },
      {
        "item": "cobblemon:mystic_water",
        "percentage": 25.0
      }
    ]
  },
  "behaviour": {
    "resting": {
      "canSleep": true,
      "depth": "normal",
      "light": "0-4"
    },
    "moving": {
      "walk": {
        "walkSpeed": 0.17
      },
      "swim": {
        "canSwimInWater": true,
        "canBreatheUnderwater": true
      }
    }
  },
  "moves": [
    "1:flashcannon",
    "1:tackle",
    "1:tailwhip",
    "1:watergun",
    "1:withdraw",
    "9:rapidspin",
    "12:bite",
    "13:bubble",
    "15:waterpulse",
    "20:protect",
    "25:raindance",
    "30:aquatail",
    "35:shellsmash",
    "42:irondefense",
    "49:hydropump",
    "56:skullbash",
    "56:wavecrash",
    "tm:attract",
    "tm:aurasphere",
    "tm:avalanche",
    "tm:blizzard",
    "tm:bodypress",
    "tm:bodyslam",
    "tm:brickbreak",
    "tm:brine",
    "tm:bulldoze",
    "tm:captivate",
    "tm:chillingwater",
    "tm:confide",
    "tm:crunch",
    "tm:darkpulse",
    "tm:dig",
    "tm:dive",
    "tm:doubleedge",
    "tm:doubleteam",
    "tm:dragonpulse",
    "tm:dragontail",
    "tm:earthquake",
    "tm:endure",
    "tm:facade",
    "tm:falseswipe",
    "tm:flashcannon",
    "tm:fling",
    "tm:flipturn",
    "tm:focusblast",
    "tm:focuspunch",
    "tm:frustration",
    "tm:gigaimpact",
    "tm:gyroball",
    "tm:hail",
    "tm:haze",
    "tm:helpinghand",
    "tm:hiddenpower",
    "tm:hydrocannon",
    "tm:hydropump",
    "tm:hyperbeam",
    "tm:icebeam",
    "tm:icepunch",
    "tm:icespinner",
    "tm:icywind",
    "tm:irondefense",
    "tm:irontail",
    "tm:liquidation",
    "tm:megakick",
    "tm:megapunch",
    "tm:muddywater",
    "tm:mudshot",
    "tm:naturalgift",
    "tm:outrage",
    "tm:poweruppunch",
    "tm:protect",
    "tm:raindance",
    "tm:rest",
    "tm:return",
    "tm:roar",
    "tm:rockclimb",
    "tm:rockslide",
    "tm:rocksmash",
    "tm:rocktomb",
    "tm:round",
    "tm:scald",
    "tm:scaryface",
    "tm:secretpower",
    "tm:sleeptalk",
    "tm:smackdown",
    "tm:snore",
    "tm:strength",
    "tm:substitute",
    "tm:surf",
    "tm:swagger",
    "tm:takedown",
    "tm:terablast",
    "tm:toxic",
    "tm:waterfall",
    "tm:waterpledge",
    "tm:waterpulse",
    "tm:weatherball",
    "tm:whirlpool",
    "tm:workup",
    "tm:zenheadbutt",
    "tutor:aquajet",
    "tutor:aquatail",
    "tutor:attract",
    "tutor:bide",
    "tutor:bite",
    "tutor:blizzard",
    "tutor:bodyslam",
    "tutor:brickbreak",
    "tutor:bubble",
    "tutor:bubblebeam",
    "tutor:counter",
    "tutor:curse",
    "tutor:darkpulse",
    "tutor:defensecurl",
    "tutor:dig",
    "tutor:dive",
    "tutor:doubleedge",
    "tutor:doubleteam",
    "tutor:dragonpulse",
    "tutor:dragontail",
    "tutor:dynamicpunch",
    "tutor:earthquake",
    "tutor:endure",
    "tutor:facade",
    "tutor:fakeout",
    "tutor:fissure",
    "tutor:flashcannon",
    "tutor:flipturn",
    "tutor:focuspunch",
    "tutor:frustration",
    "tutor:headbutt",
    "tutor:hiddenpower",
    "tutor:hydrocannon",
    "tutor:hydropump",
    "tutor:hyperbeam",
    "tutor:icebeam",
    "tutor:icepunch",
    "tutor:icywind",
    "tutor:irondefense",
    "tutor:irontail",
    "tutor:liquidation",
    "tutor:megakick",
    "tutor:megapunch",
    "tutor:mimic",
    "tutor:mudslap",
    "tutor:outrage",
    "tutor:protect",
    "tutor:rage",
    "tutor:raindance",
    "tutor:rapidspin",
    "tutor:reflect",
    "tutor:rest",
    "tutor:return",
    "tutor:roar",
    "tutor:rockslide",
    "tutor:rocksmash",
    "tutor:rollout",
    "tutor:scald",
    "tutor:seismictoss",
    "tutor:signalbeam",
    "tutor:skullbash",
    "tutor:sleeptalk",
    "tutor:snore",
    "tutor:strength",
    "tutor:submission",
    "tutor:substitute",
    "tutor:surf",
    "tutor:swagger",
    "tutor:tackle",
    "tutor:tailwhip",
    "tutor:takedown",
    "tutor:terrainpulse",
    "tutor:toxic",
    "tutor:waterfall",
    "tutor:watergun",
    "tutor:waterpledge",
    "tutor:waterpulse",
    "tutor:whirlpool",
    "tutor:withdraw",
    "tutor:zenheadbutt"
  ],
  "labels": [
    "gen1",
    "water"
  ],
  "pokedex": [
    "cobblemon.species.blastoise.desc"
  ],
  "preEvolution": "wartortle",
  "evolutions": [],
  "baseScale": 0.9,
  "hitbox": {
    "width": 1.8,
    "height": 3.0,
    "fixed": false
  },
  "baseFriendship": 50,
  "evYield": {
    "hp": 0,
    "attack": 0,
    "defence": 0,
    "special_attack": 0,
    "special_defence": 3,
    "speed": 0
  },
  "height": 16,
  "weight": 855,
  "aspects": [],
  "cannotDynamax": false
}