{
  "implemented": true,
  "name": "Chansey",
  "nationalPokedexNumber": 113,
  "primaryType": "normal",
  "abilities": [
    "naturalcure",
    "serenegrace",
    "h:healer"
  ],
  "baseStats": {
    "hp": 250,
    "attack": 5,
    "defence": 5,
    "special_attack": 35,
    "special_defence": 105,
    "speed": 50
  },
  "catchRate": 30,
  "maleRatio": 0,
  "shoulderMountable": false,
  "baseExperienceYield": 395,
  "experienceGroup": "fast",
  "eggCycles": 40,
  "eggGroups": [
    "fairy"
  ],
  "drops": {
    "amount": 1,
    "entries": [
      {
        "item": "cobblemon:lucky_egg",
        "percentage": 10.0
      },
      {
        "item": "cobblemon:oval_stone",
        "percentage": 10.0
      },
      {
        "item": "minecraft:egg",
        "percentage": 50.0
      }
    ]
  },
  "behaviour": {
    "moving": {
      "walk": {
        "walkSpeed": 0.25
      }
    },
    "resting": {
      "canSleep": true,
      "willSleepOnBed": false,
      "depth": "normal",
      "light": "0-4"
    }
  },
  "moves": [
    "1:charm",
    "1:copycat",
    "1:covet",
    "1:defensecurl",
    "1:disarmingvoice",
    "1:growl",
    "1:minimize",
    "1:pound",
    "1:sweetkiss",
    "4:tailwhip",
    "8:echoedvoice",
    "9:refresh",
    "12:doubleslap",
    "12:lifedew",
    "16:sing",
    "20:bestow",
    "20:fling",
    "24:takedown",
    "28:healpulse",
    "32:helpinghand",
    "36:lightscreen",
    "40:doubleedge",
    "42:eggbomb",
    "44:softboiled",
    "48:lastresort",
    "52:healingwish",
    "egg:aromatherapy",
    "egg:counter",
    "egg:endure",
    "egg:gravity",
    "egg:healbell",
    "egg:helpinghand",
    "egg:metronome",
    "egg:mudbomb",
    "egg:naturalgift",
    "egg:present",
    "egg:seismictoss",
    "egg:substitute",
    "tm:allyswitch",
    "tm:attract",
    "tm:blizzard",
    "tm:bodyslam",
    "tm:brickbreak",
    "tm:bulldoze",
    "tm:calmmind",
    "tm:captivate",
    "tm:chargebeam",
    "tm:charm",
    "tm:chillingwater",
    "tm:confide",
    "tm:dazzlinggleam",
    "tm:disarmingvoice",
    "tm:doubleedge",
    "tm:doubleteam",
    "tm:drainpunch",
    "tm:dreameater",
    "tm:earthquake",
    "tm:echoedvoice",
    "tm:electricterrain",
    "tm:endeavor",
    "tm:endure",
    "tm:facade",
    "tm:fireblast",
    "tm:firepunch",
    "tm:flamethrower",
    "tm:flash",
    "tm:fling",
    "tm:focusblast",
    "tm:focuspunch",
    "tm:frustration",
    "tm:gigaimpact",
    "tm:grassknot",
    "tm:gravity",
    "tm:hail",
    "tm:helpinghand",
    "tm:hiddenpower",
    "tm:hyperbeam",
    "tm:hypervoice",
    "tm:icebeam",
    "tm:icepunch",
    "tm:icywind",
    "tm:incinerate",
    "tm:irontail",
    "tm:lightscreen",
    "tm:megakick",
    "tm:megapunch",
    "tm:metronome",
    "tm:naturalgift",
    "tm:poweruppunch",
    "tm:protect",
    "tm:psychic",
    "tm:psychup",
    "tm:raindance",
    "tm:recycle",
    "tm:rest",
    "tm:retaliate",
    "tm:return",
    "tm:rockclimb",
    "tm:rockslide",
    "tm:rocksmash",
    "tm:rocktomb",
    "tm:round",
    "tm:safeguard",
    "tm:sandstorm",
    "tm:secretpower",
    "tm:shadowball",
    "tm:shockwave",
    "tm:skillswap",
    "tm:sleeptalk",
    "tm:snatch",
    "tm:snore",
    "tm:snowscape",
    "tm:solarbeam",
    "tm:stealthrock",
    "tm:stompingtantrum",
    "tm:storedpower",
    "tm:strength",
    "tm:substitute",
    "tm:sunnyday",
    "tm:swagger",
    "tm:swift",
    "tm:takedown",
    "tm:terablast",
    "tm:thief",
    "tm:thunder",
    "tm:thunderbolt",
    "tm:thunderpunch",
    "tm:thunderwave",
    "tm:toxic",
    "tm:trailblaze",
    "tm:triattack",
    "tm:uproar",
    "tm:waterpulse",
    "tm:wildcharge",
    "tm:workup",
    "tm:zenheadbutt",
    "tutor:allyswitch",
    "tutor:attract",
    "tutor:bide",
    "tutor:blizzard",
    "tutor:bodyslam",
    "tutor:brickbreak",
    "tutor:bubblebeam",
    "tutor:calmmind",
    "tutor:celebrate",
    "tutor:charm",
    "tutor:counter",
    "tutor:covet",
    "tutor:curse",
    "tutor:dazzlinggleam",
    "tutor:defensecurl",
    "tutor:doubleedge",
    "tutor:doubleslap",
    "tutor:doubleteam",
    "tutor:drainpunch",
    "tutor:dreameater",
    "tutor:dynamicpunch",
    "tutor:earthquake",
    "tutor:eggbomb",
    "tutor:endeavor",
    "tutor:endure",
    "tutor:facade",
    "tutor:fireblast",
    "tutor:firepunch",
    "tutor:flamethrower",
    "tutor:flash",
    "tutor:focuspunch",
    "tutor:frustration",
    "tutor:gravity",
    "tutor:growl",
    "tutor:headbutt",
    "tutor:healbell",
    "tutor:helpinghand",
    "tutor:hiddenpower",
    "tutor:hyperbeam",
    "tutor:hypervoice",
    "tutor:icebeam",
    "tutor:icepunch",
    "tutor:icywind",
    "tutor:irontail",
    "tutor:laserfocus",
    "tutor:lastresort",
    "tutor:lightscreen",
    "tutor:megakick",
    "tutor:megapunch",
    "tutor:metronome",
    "tutor:mimic",
    "tutor:minimize",
    "tutor:mudslap",
    "tutor:pound",
    "tutor:present",
    "tutor:protect",
    "tutor:psychic",
    "tutor:psychup",
    "tutor:psywave",
    "tutor:rage",
    "tutor:raindance",
    "tutor:recycle",
    "tutor:reflect",
    "tutor:refresh",
    "tutor:rest",
    "tutor:return",
    "tutor:rockslide",
    "tutor:rocksmash",
    "tutor:rollout",
    "tutor:sandstorm",
    "tutor:seismictoss",
    "tutor:shadowball",
    "tutor:shockwave",
    "tutor:sing",
    "tutor:skillswap",
    "tutor:skullbash",
    "tutor:sleeptalk",
    "tutor:snatch",
    "tutor:snore",
    "tutor:softboiled",
    "tutor:solarbeam",
    "tutor:stealthrock",
    "tutor:stompingtantrum",
    "tutor:strength",
    "tutor:submission",
    "tutor:substitute",
    "tutor:sunnyday",
    "tutor:swagger",
    "tutor:sweetkiss",
    "tutor:sweetscent",
    "tutor:tailwhip",
    "tutor:takedown",
    "tutor:telekinesis",
    "tutor:teleport",
    "tutor:thunder",
    "tutor:thunderbolt",
    "tutor:thunderpunch",
    "tutor:thunderwave",
    "tutor:toxic",
    "tutor:triattack",
    "tutor:watergun",
    "tutor:waterpulse",
    "tutor:wish",
    "tutor:zapcannon",
    "tutor:zenheadbutt"
  ],
  "labels": [
    "gen1",
    "normal"
  ],
  "pokedex": [
    "cobblemon.species.chansey.desc"
  ],
  "preEvolution": "happiny",
  "evolutions": [
    {
      "id": "chansey_blissey",
      "variant": "level_up",
      "result": "blissey",
      "consumeHeldItem": false,
      "learnableMoves": [],
      "requirements": [
        {
          "variant": "friendship",
          "amount": 160
        }
      ]
    }
  ],
  "baseScale": 1,
  "hitbox": {
    "width": 1.2,
    "height": 1.4,
    "fixed": false
  },
  "baseFriendship": 140,
  "evYield": {
    "hp": 2,
    "attack": 0,
    "defence": 0,
    "special_attack": 0,
    "special_defence": 0,
    "speed": 0
  },
  "height": 11,
  "weight": 346,
  "aspects": [],
  "cannotDynamax": false
}