{
  "implemented": true,
  "name": "Charmeleon",
  "nationalPokedexNumber": 5,
  "primaryType": "fire",
  "abilities": [
    "blaze",
    "h:solarpower"
  ],
  "baseStats": {
    "hp": 58,
    "attack": 64,
    "defence": 58,
    "special_attack": 80,
    "special_defence": 65,
    "speed": 80
  },
  "behaviour": {
    "moving": {
      "walk": {
        "walkSpeed": 0.3
      }
    },
    "resting": {
      "canSleep": true,
      "depth": "normal",
      "light": "0-4"
    }
  },
  "catchRate": 45,
  "maleRatio": 0.875,
  "shoulderMountable": false,
  "baseExperienceYield": 142,
  "experienceGroup": "medium_slow",
  "eggCycles": 20,
  "eggGroups": [
    "monster",
    "dragon"
  ],
  "drops": {
    "amount": 3,
    "entries": [
      {
        "item": "minecraft:blaze_powder",
        "quantityRange": "0-2"
      },
      {
        "item": "cobblemon:charcoal_stick",
        "percentage": 10.0
      }
    ]
  },
  "moves": [
    "1:ember",
    "1:growl",
    "1:scratch",
    "1:smokescreen",
    "12:dragonbreath",
    "13:metalclaw",
    "17:dragonrage",
    "19:firefang",
    "20:rage",
    "24:slash",
    "30:flamethrower",
    "32:flameburst",
    "37:scaryface",
    "42:firespin",
    "48:inferno",
    "54:flareblitz",
    "tm:acrobatics",
    "tm:aerialace",
    "tm:attract",
    "tm:beatup",
    "tm:bodyslam",
    "tm:breakingswipe",
    "tm:brickbreak",
    "tm:captivate",
    "tm:confide",
    "tm:crunch",
    "tm:cut",
    "tm:dig",
    "tm:doubleteam",
    "tm:dragonclaw",
    "tm:dragondance",
    "tm:dragonpulse",
    "tm:dragontail",
    "tm:echoedvoice",
    "tm:endure",
    "tm:facade",
    "tm:falseswipe",
    "tm:fireblast",
    "tm:firefang",
    "tm:firepledge",
    "tm:firepunch",
    "tm:firespin",
    "tm:flamecharge",
    "tm:flamethrower",
    "tm:flareblitz",
    "tm:fling",
    "tm:focusblast",
    "tm:focuspunch",
    "tm:frustration",
    "tm:heatwave",
    "tm:helpinghand",
    "tm:hiddenpower",
    "tm:honeclaws",
    "tm:incinerate",
    "tm:irontail",
    "tm:megakick",
    "tm:megapunch",
    "tm:naturalgift",
    "tm:outrage",
    "tm:overheat",
    "tm:poweruppunch",
    "tm:protect",
    "tm:rest",
    "tm:return",
    "tm:roar",
    "tm:rockslide",
    "tm:rocksmash",
    "tm:rocktomb",
    "tm:round",
    "tm:scaryface",
    "tm:secretpower",
    "tm:shadowclaw",
    "tm:sleeptalk",
    "tm:snore",
    "tm:strength",
    "tm:substitute",
    "tm:sunnyday",
    "tm:swagger",
    "tm:swift",
    "tm:swordsdance",
    "tm:takedown",
    "tm:temperflare",
    "tm:terablast",
    "tm:thunderpunch",
    "tm:toxic",
    "tm:weatherball",
    "tm:willowisp",
    "tm:workup",
    "tutor:attract",
    "tutor:bide",
    "tutor:bodyslam",
    "tutor:brickbreak",
    "tutor:counter",
    "tutor:curse",
    "tutor:cut",
    "tutor:defensecurl",
    "tutor:dig",
    "tutor:doubleedge",
    "tutor:doubleteam",
    "tutor:dragonbreath",
    "tutor:dragonpulse",
    "tutor:dragonrage",
    "tutor:dynamicpunch",
    "tutor:ember",
    "tutor:endure",
    "tutor:facade",
    "tutor:fireblast",
    "tutor:firepledge",
    "tutor:firepunch",
    "tutor:firespin",
    "tutor:flamethrower",
    "tutor:focuspunch",
    "tutor:frustration",
    "tutor:furycutter",
    "tutor:furyswipes",
    "tutor:growl",
    "tutor:headbutt",
    "tutor:heatwave",
    "tutor:hiddenpower",
    "tutor:irontail",
    "tutor:leer",
    "tutor:megakick",
    "tutor:megapunch",
    "tutor:mimic",
    "tutor:mudslap",
    "tutor:outrage",
    "tutor:protect",
    "tutor:rage",
    "tutor:reflect",
    "tutor:rest",
    "tutor:return",
    "tutor:rockslide",
    "tutor:rocksmash",
    "tutor:scaryface",
    "tutor:scratch",
    "tutor:seismictoss",
    "tutor:skullbash",
    "tutor:slash",
    "tutor:sleeptalk",
    "tutor:smokescreen",
    "tutor:snore",
    "tutor:strength",
    "tutor:submission",
    "tutor:substitute",
    "tutor:sunnyday",
    "tutor:swagger",
    "tutor:swift",
    "tutor:swordsdance",
    "tutor:takedown",
    "tutor:thunderpunch",
    "tutor:toxic",
    "tutor:willowisp"
  ],
  "labels": [
    "gen1",
    "fire"
  ],
  "pokedex": [
    "cobblemon.species.charmeleon.desc"
  ],
  "preEvolution": "charmander",
  "evolutions": [
    {
      "id": "charmeleon_charizard",
      "variant": "level_up",
      "result": "charizard",
      "consumeHeldItem": false,
      "learnableMoves": [
        "airslash"
      ],
      "requirements": [
        {
          "variant": "level",
          "minLevel": 36
        }
      ]
    }
  ],
  "baseScale": 0.7,
  "hitbox": {
    "width": 0.7,
    "height": 1.5,
    "fixed": false
  },
  "baseFriendship": 50,
  "evYield": {
    "hp": 0,
    "attack": 0,
    "defence": 0,
    "special_attack": 1,
    "special_defence": 0,
    "speed": 1
  },
  "height": 11,
  "weight": 190,
  "aspects": [],
  "cannotDynamax": false
}