{
  "implemented": true,
  "name": "Clefable",
  "nationalPokedexNumber": 36,
  "primaryType": "fairy",
  "abilities": [
    "cutecharm",
    "magicguard",
    "h:unaware"
  ],
  "drops": {
    "amount": 3,
    "entries": [
      {
        "item": "cobblemon:moon_stone",
        "percentage": 10.0
      },
      {
        "item": "cobblemon:babiri_berry",
        "percentage": 10.0
      },
      {
        "item": "cobblemon:fairy_feather",
        "percentage": 10.0
      }
    ]
  },
  "baseStats": {
    "hp": 95,
    "attack": 70,
    "defence": 73,
    "special_attack": 95,
    "special_defence": 90,
    "speed": 60
  },
  "behaviour": {
    "resting": {
      "canSleep": true,
      "willSleepOnBed": false,
      "depth": "normal",
      "light": "0-4"
    }
  },
  "catchRate": 25,
  "maleRatio": 0.25,
  "shoulderMountable": false,
  "baseExperienceYield": 242,
  "experienceGroup": "fast",
  "eggCycles": 10,
  "eggGroups": [
    "fairy"
  ],
  "moves": [
    "1:afteryou",
    "1:charm",
    "1:copycat",
    "1:cosmicpower",
    "1:defensecurl",
    "1:disarmingvoice",
    "1:doubleslap",
    "1:encore",
    "1:followme",
    "1:gravity",
    "1:growl",
    "1:healingwish",
    "1:lifedew",
    "1:meteormash",
    "1:metronome",
    "1:minimize",
    "1:moonblast",
    "1:moonlight",
    "1:pound",
    "1:sing",
    "1:splash",
    "1:spotlight",
    "1:storedpower",
    "1:sweetkiss",
    "tm:alluringvoice",
    "tm:allyswitch",
    "tm:amnesia",
    "tm:attract",
    "tm:batonpass",
    "tm:blizzard",
    "tm:bodyslam",
    "tm:bounce",
    "tm:brickbreak",
    "tm:calmmind",
    "tm:captivate",
    "tm:chargebeam",
    "tm:charm",
    "tm:chillingwater",
    "tm:confide",
    "tm:cosmicpower",
    "tm:dazzlinggleam",
    "tm:dig",
    "tm:disarmingvoice",
    "tm:doubleedge",
    "tm:doubleteam",
    "tm:drainingkiss",
    "tm:drainpunch",
    "tm:dreameater",
    "tm:dualwingbeat",
    "tm:echoedvoice",
    "tm:encore",
    "tm:endeavor",
    "tm:endure",
    "tm:facade",
    "tm:faketears",
    "tm:fireblast",
    "tm:firepunch",
    "tm:flamethrower",
    "tm:flash",
    "tm:fling",
    "tm:focusblast",
    "tm:focuspunch",
    "tm:frustration",
    "tm:futuresight",
    "tm:gigaimpact",
    "tm:grassknot",
    "tm:gravity",
    "tm:helpinghand",
    "tm:hiddenpower",
    "tm:hyperbeam",
    "tm:hypervoice",
    "tm:icebeam",
    "tm:icepunch",
    "tm:icywind",
    "tm:imprison",
    "tm:incinerate",
    "tm:irontail",
    "tm:knockoff",
    "tm:lightscreen",
    "tm:magicalleaf",
    "tm:megakick",
    "tm:megapunch",
    "tm:meteorbeam",
    "tm:metronome",
    "tm:mistyexplosion",
    "tm:mistyterrain",
    "tm:mysticalfire",
    "tm:naturalgift",
    "tm:nightshade",
    "tm:playrough",
    "tm:poweruppunch",
    "tm:protect",
    "tm:psybeam",
    "tm:psychic",
    "tm:psychup",
    "tm:psyshock",
    "tm:raindance",
    "tm:recycle",
    "tm:reflect",
    "tm:rest",
    "tm:retaliate",
    "tm:return",
    "tm:rocksmash",
    "tm:round",
    "tm:safeguard",
    "tm:secretpower",
    "tm:shadowball",
    "tm:shockwave",
    "tm:skillswap",
    "tm:sleeptalk",
    "tm:snatch",
    "tm:snore",
    "tm:solarbeam",
    "tm:stealthrock",
    "tm:storedpower",
    "tm:strength",
    "tm:substitute",
    "tm:sunnyday",
    "tm:swagger",
    "tm:swift",
    "tm:takedown",
    "tm:telekinesis",
    "tm:terablast",
    "tm:thief",
    "tm:thunder",
    "tm:thunderbolt",
    "tm:thunderpunch",
    "tm:thunderwave",
    "tm:toxic",
    "tm:triattack",
    "tm:trick",
    "tm:uproar",
    "tm:waterpulse",
    "tm:wonderroom",
    "tm:workup",
    "tm:zenheadbutt",
    "tutor:afteryou",
    "tutor:attract",
    "tutor:bide",
    "tutor:blizzard",
    "tutor:bodyslam",
    "tutor:bounce",
    "tutor:brickbreak",
    "tutor:bubblebeam",
    "tutor:calmmind",
    "tutor:counter",
    "tutor:covet",
    "tutor:curse",
    "tutor:dazzlinggleam",
    "tutor:defensecurl",
    "tutor:detect",
    "tutor:dig",
    "tutor:doubleedge",
    "tutor:doubleslap",
    "tutor:doubleteam",
    "tutor:drainpunch",
    "tutor:dreameater",
    "tutor:dualwingbeat",
    "tutor:dynamicpunch",
    "tutor:endeavor",
    "tutor:endure",
    "tutor:facade",
    "tutor:fireblast",
    "tutor:firepunch",
    "tutor:flamethrower",
    "tutor:flash",
    "tutor:focuspunch",
    "tutor:frustration",
    "tutor:gravity",
    "tutor:growl",
    "tutor:headbutt",
    "tutor:healbell",
    "tutor:helpinghand",
    "tutor:hiddenpower",
    "tutor:hyperbeam",
    "tutor:hypervoice",
    "tutor:icebeam",
    "tutor:icepunch",
    "tutor:icywind",
    "tutor:irontail",
    "tutor:knockoff",
    "tutor:laserfocus",
    "tutor:lastresort",
    "tutor:lightscreen",
    "tutor:magiccoat",
    "tutor:megakick",
    "tutor:megapunch",
    "tutor:meteorbeam",
    "tutor:metronome",
    "tutor:mimic",
    "tutor:minimize",
    "tutor:mistyexplosion",
    "tutor:moonlight",
    "tutor:mudslap",
    "tutor:nightmare",
    "tutor:playrough",
    "tutor:pound",
    "tutor:protect",
    "tutor:psychic",
    "tutor:psychup",
    "tutor:psywave",
    "tutor:rage",
    "tutor:raindance",
    "tutor:recycle",
    "tutor:reflect",
    "tutor:rest",
    "tutor:return",
    "tutor:roleplay",
    "tutor:rollout",
    "tutor:seismictoss",
    "tutor:shadowball",
    "tutor:shockwave",
    "tutor:signalbeam",
    "tutor:sing",
    "tutor:skullbash",
    "tutor:sleeptalk",
    "tutor:snatch",
    "tutor:snore",
    "tutor:softboiled",
    "tutor:solarbeam",
    "tutor:stealthrock",
    "tutor:strength",
    "tutor:submission",
    "tutor:substitute",
    "tutor:sunnyday",
    "tutor:swagger",
    "tutor:takedown",
    "tutor:telekinesis",
    "tutor:teleport",
    "tutor:thunder",
    "tutor:thunderbolt",
    "tutor:thunderpunch",
    "tutor:thunderwave",
    "tutor:toxic",
    "tutor:triattack",
    "tutor:trick",
    "tutor:watergun",
    "tutor:waterpulse",
    "tutor:wonderroom",
    "tutor:zapcannon",
    "tutor:zenheadbutt"
  ],
  "labels": [
    "gen1",
    "fairy"
  ],
  "pokedex": [
    "cobblemon.species.clefable.desc"
  ],
  "preEvolution": "clefairy",
  "evolutions": [],
  "baseScale": 1.2,
  "hitbox": {
    "width": 0.7,
    "height": 1,
    "fixed": false
  },
  "baseFriendship": 140,
  "evYield": {
    "hp": 3,
    "attack": 0,
    "defence": 0,
    "special_attack": 0,
    "special_defence": 0,
    "speed": 0
  },
  "height": 13,
  "weight": 400,
  "aspects": [],
  "cannotDynamax": false
}