{
  "implemented": true,
  "name": "Cloyster",
  "nationalPokedexNumber": 91,
  "primaryType": "water",
  "secondaryType": "ice",
  "abilities": [
    "shellarmor",
    "skilllink",
    "h:overcoat"
  ],
  "drops": {
    "amount": 2,
    "entries": [
      {
        "item": "cobblemon:aspear_berry",
        "percentage": 5.0
      },
      {
        "item": "cobblemon:shell_bell",
        "percentage": 5.0
      }
    ]
  },
  "baseStats": {
    "hp": 50,
    "attack": 95,
    "defence": 180,
    "special_attack": 85,
    "special_defence": 45,
    "speed": 70
  },
  "catchRate": 60,
  "maleRatio": 0.5,
  "shoulderMountable": false,
  "baseExperienceYield": 184,
  "experienceGroup": "slow",
  "eggCycles": 20,
  "eggGroups": [
    "water_3"
  ],
  "behaviour": {
    "moving": {
      "swim": {
        "swimSpeed": 0.15,
        "canSwimInWater": true,
        "canBreatheUnderwater": true
      }
    }
  },
  "moves": [
    "1:aurorabeam",
    "1:hydropump",
    "1:icebeam",
    "1:iceshard",
    "1:iciclecrash",
    "1:irondefense",
    "1:leer",
    "1:protect",
    "1:shellsmash",
    "1:spikes",
    "1:supersonic",
    "1:tackle",
    "1:toxicspikes",
    "1:watergun",
    "1:whirlpool",
    "1:withdraw",
    "5:razorshell",
    "13:spikecannon",
    "tm:attract",
    "tm:avalanche",
    "tm:blizzard",
    "tm:bodyslam",
    "tm:brine",
    "tm:captivate",
    "tm:chillingwater",
    "tm:confide",
    "tm:dive",
    "tm:doubleteam",
    "tm:drillrun",
    "tm:endure",
    "tm:explosion",
    "tm:facade",
    "tm:frostbreath",
    "tm:frustration",
    "tm:gigaimpact",
    "tm:hail",
    "tm:helpinghand",
    "tm:hiddenpower",
    "tm:hydropump",
    "tm:hyperbeam",
    "tm:icebeam",
    "tm:icespinner",
    "tm:iciclespear",
    "tm:icywind",
    "tm:irondefense",
    "tm:lightscreen",
    "tm:liquidation",
    "tm:mudshot",
    "tm:naturalgift",
    "tm:payback",
    "tm:pinmissile",
    "tm:poisonjab",
    "tm:protect",
    "tm:raindance",
    "tm:razorshell",
    "tm:rest",
    "tm:return",
    "tm:rockblast",
    "tm:round",
    "tm:scaryface",
    "tm:screech",
    "tm:secretpower",
    "tm:selfdestruct",
    "tm:sleeptalk",
    "tm:smartstrike",
    "tm:snore",
    "tm:snowscape",
    "tm:spikes",
    "tm:substitute",
    "tm:surf",
    "tm:swagger",
    "tm:swift",
    "tm:takedown",
    "tm:terablast",
    "tm:torment",
    "tm:toxic",
    "tm:toxicspikes",
    "tm:triattack",
    "tm:waterfall",
    "tm:waterpulse",
    "tm:weatherball",
    "tm:whirlpool",
    "tutor:attract",
    "tutor:aurorabeam",
    "tutor:barrier",
    "tutor:bide",
    "tutor:blizzard",
    "tutor:bubblebeam",
    "tutor:clamp",
    "tutor:curse",
    "tutor:dive",
    "tutor:doubleedge",
    "tutor:doubleteam",
    "tutor:endure",
    "tutor:explosion",
    "tutor:facade",
    "tutor:frustration",
    "tutor:headbutt",
    "tutor:hiddenpower",
    "tutor:hyperbeam",
    "tutor:icebeam",
    "tutor:iciclespear",
    "tutor:icywind",
    "tutor:irondefense",
    "tutor:leer",
    "tutor:liquidation",
    "tutor:mimic",
    "tutor:poisonjab",
    "tutor:protect",
    "tutor:rage",
    "tutor:raindance",
    "tutor:razorshell",
    "tutor:reflect",
    "tutor:rest",
    "tutor:return",
    "tutor:rockblast",
    "tutor:selfdestruct",
    "tutor:signalbeam",
    "tutor:sleeptalk",
    "tutor:snore",
    "tutor:spikecannon",
    "tutor:spikes",
    "tutor:steelroller",
    "tutor:substitute",
    "tutor:supersonic",
    "tutor:surf",
    "tutor:swagger",
    "tutor:swift",
    "tutor:tackle",
    "tutor:takedown",
    "tutor:teleport",
    "tutor:toxic",
    "tutor:triattack",
    "tutor:twineedle",
    "tutor:watergun",
    "tutor:waterpulse",
    "tutor:whirlpool",
    "tutor:withdraw"
  ],
  "labels": [
    "gen1",
    "water",
    "ice"
  ],
  "pokedex": [
    "cobblemon.species.cloyster.desc"
  ],
  "preEvolution": "shellder",
  "evolutions": [],
  "baseScale": 1,
  "hitbox": {
    "width": 1,
    "height": 1.1,
    "fixed": false
  },
  "baseFriendship": 50,
  "evYield": {
    "hp": 0,
    "attack": 0,
    "defence": 2,
    "special_attack": 0,
    "special_defence": 0,
    "speed": 0
  },
  "height": 15,
  "weight": 1325,
  "aspects": [],
  "cannotDynamax": false
}