{
  "implemented": true,
  "name": "Cubone",
  "nationalPokedexNumber": 104,
  "primaryType": "ground",
  "abilities": [
    "rockhead",
    "lightningrod",
    "h:battlearmor"
  ],
  "baseStats": {
    "hp": 50,
    "attack": 50,
    "defence": 95,
    "special_attack": 40,
    "special_defence": 50,
    "speed": 35
  },
  "catchRate": 190,
  "maleRatio": 0.5,
  "shoulderMountable": false,
  "baseExperienceYield": 64,
  "experienceGroup": "medium_fast",
  "eggCycles": 20,
  "eggGroups": [
    "monster"
  ],
  "drops": {
    "amount": 2,
    "entries": [
      {
        "item": "minecraft:bone",
        "quantityRange": "0-1"
      },
      {
        "item": "cobblemon:nanab_berry",
        "percentage": 2.5
      }
    ]
  },
  "moves": [
    "1:growl",
    "1:mudslap",
    "4:tailwhip",
    "7:boneclub",
    "8:falseswipe",
    "12:headbutt",
    "13:leer",
    "16:retaliate",
    "20:fling",
    "23:rage",
    "24:stompingtantrum",
    "29:bonerush",
    "32:focusenergy",
    "36:endeavor",
    "40:bonemerang",
    "44:thrash",
    "48:doubleedge",
    "egg:ancientpower",
    "egg:bellydrum",
    "egg:chipaway",
    "egg:curse",
    "egg:detect",
    "egg:doublekick",
    "egg:endure",
    "egg:ironhead",
    "egg:leer",
    "egg:perishsong",
    "egg:rockslide",
    "egg:screech",
    "egg:skullbash",
    "egg:swordsdance",
    "tm:aerialace",
    "tm:attract",
    "tm:blizzard",
    "tm:bodyslam",
    "tm:brickbreak",
    "tm:brutalswing",
    "tm:bulldoze",
    "tm:captivate",
    "tm:confide",
    "tm:dig",
    "tm:doubleteam",
    "tm:earthpower",
    "tm:earthquake",
    "tm:echoedvoice",
    "tm:endure",
    "tm:facade",
    "tm:falseswipe",
    "tm:fireblast",
    "tm:firepunch",
    "tm:flamethrower",
    "tm:fling",
    "tm:focusenergy",
    "tm:focuspunch",
    "tm:frustration",
    "tm:hiddenpower",
    "tm:icebeam",
    "tm:icywind",
    "tm:incinerate",
    "tm:irondefense",
    "tm:ironhead",
    "tm:irontail",
    "tm:lowkick",
    "tm:megakick",
    "tm:megapunch",
    "tm:naturalgift",
    "tm:poweruppunch",
    "tm:protect",
    "tm:rest",
    "tm:retaliate",
    "tm:return",
    "tm:rockclimb",
    "tm:rockslide",
    "tm:rocksmash",
    "tm:rocktomb",
    "tm:round",
    "tm:sandstorm",
    "tm:screech",
    "tm:secretpower",
    "tm:sleeptalk",
    "tm:smackdown",
    "tm:snore",
    "tm:stealthrock",
    "tm:stompingtantrum",
    "tm:strength",
    "tm:substitute",
    "tm:sunnyday",
    "tm:swagger",
    "tm:swift",
    "tm:swordsdance",
    "tm:thief",
    "tm:thunderpunch",
    "tm:toxic",
    "tm:uproar",
    "tutor:ancientpower",
    "tutor:attract",
    "tutor:bellydrum",
    "tutor:bide",
    "tutor:blizzard",
    "tutor:bodyslam",
    "tutor:boneclub",
    "tutor:bonemerang",
    "tutor:bonerush",
    "tutor:brickbreak",
    "tutor:bubblebeam",
    "tutor:counter",
    "tutor:curse",
    "tutor:detect",
    "tutor:dig",
    "tutor:doubleedge",
    "tutor:doubleteam",
    "tutor:dynamicpunch",
    "tutor:earthpower",
    "tutor:earthquake",
    "tutor:endeavor",
    "tutor:endure",
    "tutor:facade",
    "tutor:falseswipe",
    "tutor:fireblast",
    "tutor:firepunch",
    "tutor:fissure",
    "tutor:flamethrower",
    "tutor:focusenergy",
    "tutor:focuspunch",
    "tutor:frustration",
    "tutor:furycutter",
    "tutor:growl",
    "tutor:headbutt",
    "tutor:hiddenpower",
    "tutor:icebeam",
    "tutor:icywind",
    "tutor:irondefense",
    "tutor:ironhead",
    "tutor:irontail",
    "tutor:knockoff",
    "tutor:leer",
    "tutor:lowkick",
    "tutor:megakick",
    "tutor:megapunch",
    "tutor:mimic",
    "tutor:mudslap",
    "tutor:perishsong",
    "tutor:protect",
    "tutor:rage",
    "tutor:rest",
    "tutor:return",
    "tutor:rockslide",
    "tutor:rocksmash",
    "tutor:sandstorm",
    "tutor:scorchingsands",
    "tutor:screech",
    "tutor:seismictoss",
    "tutor:skullbash",
    "tutor:sleeptalk",
    "tutor:snore",
    "tutor:stealthrock",
    "tutor:strength",
    "tutor:submission",
    "tutor:substitute",
    "tutor:sunnyday",
    "tutor:swagger",
    "tutor:swordsdance",
    "tutor:tailwhip",
    "tutor:takedown",
    "tutor:thief",
    "tutor:thrash",
    "tutor:thunderpunch",
    "tutor:toxic",
    "tutor:uproar",
    "tutor:watergun"
  ],
  "labels": [
    "gen1",
    "ground"
  ],
  "pokedex": [
    "cobblemon.species.cubone.desc"
  ],
  "evolutions": [
    {
      "id": "cubone_marowak",
      "variant": "level_up",
      "result": "marowak",
      "consumeHeldItem": false,
      "learnableMoves": [],
      "requirements": [
        {
          "variant": "level",
          "minLevel": 28
        }
      ]
    },
    {
      "id": "cubone_marowak-1",
      "variant": "level_up",
      "result": "marowak alolan",
      "consumeHeldItem": false,
      "learnableMoves": [
        "shadowbone"
      ],
      "requirements": [
        {
          "variant": "level",
          "minLevel": 28
        },
        {
          "variant": "time_range",
          "range": "night"
        }
      ]
    }
  ],
  "baseScale": 0.7,
  "hitbox": {
    "width": 0.55,
    "height": 0.87,
    "fixed": false
  },
  "baseFriendship": 50,
  "evYield": {
    "hp": 0,
    "attack": 0,
    "defence": 1,
    "special_attack": 0,
    "special_defence": 0,
    "speed": 0
  },
  "height": 4,
  "weight": 65,
  "aspects": [],
  "cannotDynamax": false
}