{
  "implemented": true,
  "name": "Dewgong",
  "nationalPokedexNumber": 87,
  "primaryType": "water",
  "secondaryType": "ice",
  "abilities": [
    "thickfat",
    "hydration",
    "h:icebody"
  ],
  "baseStats": {
    "hp": 90,
    "attack": 70,
    "defence": 80,
    "special_attack": 70,
    "special_defence": 95,
    "speed": 70
  },
  "catchRate": 75,
  "maleRatio": 0.5,
  "shoulderMountable": false,
  "baseExperienceYield": 166,
  "experienceGroup": "medium_fast",
  "eggCycles": 20,
  "eggGroups": [
    "water_1",
    "field"
  ],
  "behaviour": {
    "moving": {
      "swim": {
        "canSwimInWater": true,
        "canBreatheUnderwater": true
      }
    }
  },
  "drops": {
    "amount": 4,
    "entries": [
      {
        "item": "minecraft:cod",
        "quantityRange": "0-2"
      },
      {
        "item": "cobblemon:never_melt_ice",
        "percentage": 5.0
      },
      {
        "item": "cobblemon:aspear_berry",
        "percentage": 5.0
      }
    ]
  },
  "moves": [
    "1:growl",
    "1:headbutt",
    "1:icywind",
    "1:sheercold",
    "1:signalbeam",
    "13:encore",
    "17:iceshard",
    "21:rest",
    "23:aquaring",
    "27:aurorabeam",
    "31:aquajet",
    "33:brine",
    "39:takedown",
    "45:dive",
    "49:aquatail",
    "55:icebeam",
    "61:safeguard",
    "65:hail",
    "65:snowscape",
    "tm:alluringvoice",
    "tm:attract",
    "tm:avalanche",
    "tm:blizzard",
    "tm:bodyslam",
    "tm:brine",
    "tm:captivate",
    "tm:charm",
    "tm:chillingwater",
    "tm:confide",
    "tm:curse",
    "tm:dive",
    "tm:doubleedge",
    "tm:doubleteam",
    "tm:drillrun",
    "tm:echoedvoice",
    "tm:encore",
    "tm:endeavor",
    "tm:endure",
    "tm:facade",
    "tm:fling",
    "tm:flipturn",
    "tm:frostbreath",
    "tm:frustration",
    "tm:gigaimpact",
    "tm:hail",
    "tm:haze",
    "tm:helpinghand",
    "tm:hiddenpower",
    "tm:hydropump",
    "tm:hyperbeam",
    "tm:icebeam",
    "tm:icespinner",
    "tm:iciclespear",
    "tm:icywind",
    "tm:knockoff",
    "tm:liquidation",
    "tm:muddywater",
    "tm:naturalgift",
    "tm:playrough",
    "tm:protect",
    "tm:raindance",
    "tm:rest",
    "tm:return",
    "tm:round",
    "tm:safeguard",
    "tm:secretpower",
    "tm:sleeptalk",
    "tm:smartstrike",
    "tm:snowscape",
    "tm:substitute",
    "tm:surf",
    "tm:swagger",
    "tm:takedown",
    "tm:terablast",
    "tm:thief",
    "tm:toxic",
    "tm:tripleaxel",
    "tm:uproar",
    "tm:waterfall",
    "tm:waterpulse",
    "tm:weatherball",
    "tm:whirlpool",
    "tutor:aquajet",
    "tutor:aquatail",
    "tutor:attract",
    "tutor:aurorabeam",
    "tutor:bide",
    "tutor:blizzard",
    "tutor:bodyslam",
    "tutor:bubblebeam",
    "tutor:curse",
    "tutor:dive",
    "tutor:doubleedge",
    "tutor:doubleteam",
    "tutor:drillrun",
    "tutor:encore",
    "tutor:endure",
    "tutor:facade",
    "tutor:fakeout",
    "tutor:frustration",
    "tutor:growl",
    "tutor:headbutt",
    "tutor:helpinghand",
    "tutor:hiddenpower",
    "tutor:horndrill",
    "tutor:hyperbeam",
    "tutor:icebeam",
    "tutor:iceshard",
    "tutor:icywind",
    "tutor:irontail",
    "tutor:liquidation",
    "tutor:megahorn",
    "tutor:mimic",
    "tutor:payday",
    "tutor:protect",
    "tutor:rage",
    "tutor:raindance",
    "tutor:rest",
    "tutor:return",
    "tutor:safeguard",
    "tutor:signalbeam",
    "tutor:skullbash",
    "tutor:sleeptalk",
    "tutor:snore",
    "tutor:strength",
    "tutor:substitute",
    "tutor:surf",
    "tutor:swagger",
    "tutor:takedown",
    "tutor:toxic",
    "tutor:waterfall",
    "tutor:watergun",
    "tutor:waterpulse",
    "tutor:whirlpool"
  ],
  "labels": [
    "gen1",
    "water",
    "ice"
  ],
  "pokedex": [
    "cobblemon.species.dewgong.desc"
  ],
  "preEvolution": "seel",
  "evolutions": [],
  "baseScale": 2,
  "hitbox": {
    "width": 0.9,
    "height": 0.5,
    "fixed": false
  },
  "baseFriendship": 70,
  "evYield": {
    "hp": 0,
    "attack": 0,
    "defence": 0,
    "special_attack": 0,
    "special_defence": 2,
    "speed": 0
  },
  "height": 17,
  "weight": 1200,
  "aspects": [],
  "cannotDynamax": false
}