{
  "implemented": true,
  "name": "Diglett",
  "nationalPokedexNumber": 50,
  "primaryType": "ground",
  "abilities": [
    "sandveil",
    "arenatrap",
    "h:sandforce"
  ],
  "baseStats": {
    "hp": 10,
    "attack": 55,
    "defence": 25,
    "special_attack": 35,
    "special_defence": 45,
    "speed": 95
  },
  "features": [
    "alolan"
  ],
  "behaviour": {
    "resting": {
      "canSleep": true,
      "willSleepOnBed": false,
      "depth": "normal",
      "light": "0-4"
    },
    "moving": {
      "swim": {
        "canSwimInWater": false
      }
    }
  },
  "catchRate": 255,
  "maleRatio": 0.5,
  "shoulderMountable": false,
  "forms": [
    {
      "name": "Alola",
      "primaryType": "ground",
      "secondaryType": "steel",
      "abilities": [
        "sandveil",
        "tanglinghair",
        "h:sandforce"
      ],
      "baseStats": {
        "hp": 10,
        "attack": 55,
        "defence": 30,
        "special_attack": 35,
        "special_defence": 45,
        "speed": 90
      },
      "catchRate": 255,
      "maleRatio": 0.5,
      "baseExperienceYield": 53,
      "baseFriendship": 50,
      "evYield": {
        "hp": 0,
        "attack": 0,
        "defence": 0,
        "special_attack": 0,
        "special_defence": 0,
        "speed": 1
      },
      "experienceGroup": "medium_fast",
      "eggCycles": 20,
      "eggGroups": [
        "field"
      ],
      "moves": [
        "1:metalclaw",
        "1:sandattack",
        "4:growl",
        "8:astonish",
        "12:mudslap",
        "14:magnitude",
        "16:bulldoze",
        "20:suckerpunch",
        "24:ironhead",
        "25:mudbomb",
        "28:sandstorm",
        "32:dig",
        "36:earthpower",
        "40:earthquake",
        "44:fissure",
        "egg:ancientpower",
        "egg:beatup",
        "egg:endure",
        "egg:feintattack",
        "egg:finalgambit",
        "egg:headbutt",
        "egg:honeclaws",
        "egg:memento",
        "egg:metalsound",
        "egg:pursuit",
        "egg:reversal",
        "egg:thrash",
        "tm:aerialace",
        "tm:agility",
        "tm:allyswitch",
        "tm:assurance",
        "tm:attract",
        "tm:beatup",
        "tm:bodyslam",
        "tm:bulldoze",
        "tm:charm",
        "tm:confide",
        "tm:dig",
        "tm:doubleteam",
        "tm:earthpower",
        "tm:earthquake",
        "tm:echoedvoice",
        "tm:endure",
        "tm:facade",
        "tm:flashcannon",
        "tm:foulplay",
        "tm:frustration",
        "tm:helpinghand",
        "tm:hiddenpower",
        "tm:irondefense",
        "tm:ironhead",
        "tm:metalclaw",
        "tm:metalsound",
        "tm:mudshot",
        "tm:mudslap",
        "tm:protect",
        "tm:rest",
        "tm:return",
        "tm:reversal",
        "tm:rockblast",
        "tm:rockslide",
        "tm:rocktomb",
        "tm:round",
        "tm:sandstorm",
        "tm:sandtomb",
        "tm:scaryface",
        "tm:scorchingsands",
        "tm:screech",
        "tm:shadowclaw",
        "tm:sleeptalk",
        "tm:sludgebomb",
        "tm:smackdown",
        "tm:snore",
        "tm:stealthrock",
        "tm:steelbeam",
        "tm:stompingtantrum",
        "tm:stoneedge",
        "tm:substitute",
        "tm:sunnyday",
        "tm:swagger",
        "tm:swordsdance",
        "tm:takedown",
        "tm:terablast",
        "tm:thief",
        "tm:toxic",
        "tm:uproar",
        "tm:workup",
        "tutor:agility",
        "tutor:astonish",
        "tutor:dig",
        "tutor:earthpower",
        "tutor:earthquake",
        "tutor:facade",
        "tutor:fissure",
        "tutor:flashcannon",
        "tutor:furyswipes",
        "tutor:growl",
        "tutor:headbutt",
        "tutor:irondefense",
        "tutor:ironhead",
        "tutor:metalclaw",
        "tutor:mudslap",
        "tutor:protect",
        "tutor:rest",
        "tutor:rockslide",
        "tutor:sandattack",
        "tutor:scorchingsands",
        "tutor:scratch",
        "tutor:slash",
        "tutor:sludgebomb",
        "tutor:snore",
        "tutor:stealthrock",
        "tutor:steelbeam",
        "tutor:stompingtantrum",
        "tutor:substitute",
        "tutor:suckerpunch",
        "tutor:toxic"
      ],
      "labels": [
        "gen7",
        "alola_regional"
      ],
      "aspects": [
        "alolan"
      ],
      "height": 2,
      "weight": 10,
      "evolutions": [
        {
          "id": "diglett_dugtrio",
          "variant": "level_up",
          "result": "dugtrio alolan",
          "consumeHeldItem": false,
          "learnableMoves": [
            "sandtomb"
          ],
          "requirements": [
            {
              "variant": "level",
              "minLevel": 26
            }
          ]
        }
      ],
      "cannotDynamax": false,
      "battleOnly": false
    }
  ],
  "baseExperienceYield": 53,
  "experienceGroup": "medium_fast",
  "eggCycles": 20,
  "eggGroups": [
    "field"
  ],
  "drops": {
    "amount": 3,
    "entries": [
      {
        "item": "minecraft:potato",
        "percentage": 2.5
      },
      {
        "item": "cobblemon:big_root",
        "percentage": 2.5
      },
      {
        "item": "cobblemon:soft_sand",
        "percentage": 2.5
      }
    ]
  },
  "moves": [
    "1:sandattack",
    "1:scratch",
    "4:growl",
    "8:astonish",
    "12:mudslap",
    "14:magnitude",
    "16:bulldoze",
    "20:suckerpunch",
    "21:furyswipes",
    "24:slash",
    "25:mudbomb",
    "28:sandstorm",
    "32:dig",
    "36:earthpower",
    "40:earthquake",
    "44:fissure",
    "egg:ancientpower",
    "egg:astonish",
    "egg:beatup",
    "egg:endure",
    "egg:feintattack",
    "egg:finalgambit",
    "egg:headbutt",
    "egg:honeclaws",
    "egg:memento",
    "egg:mudbomb",
    "egg:pursuit",
    "egg:reversal",
    "egg:rockslide",
    "egg:screech",
    "egg:uproar",
    "tm:aerialace",
    "tm:agility",
    "tm:allyswitch",
    "tm:assurance",
    "tm:attract",
    "tm:beatup",
    "tm:bodyslam",
    "tm:bulldoze",
    "tm:captivate",
    "tm:charm",
    "tm:confide",
    "tm:curse",
    "tm:cut",
    "tm:dig",
    "tm:doubleedge",
    "tm:doubleteam",
    "tm:earthpower",
    "tm:earthquake",
    "tm:echoedvoice",
    "tm:endeavor",
    "tm:endure",
    "tm:facade",
    "tm:foulplay",
    "tm:frustration",
    "tm:helpinghand",
    "tm:hiddenpower",
    "tm:honeclaws",
    "tm:mudshot",
    "tm:mudslap",
    "tm:naturalgift",
    "tm:protect",
    "tm:rest",
    "tm:return",
    "tm:reversal",
    "tm:rockblast",
    "tm:rockslide",
    "tm:rocksmash",
    "tm:rocktomb",
    "tm:round",
    "tm:sandstorm",
    "tm:sandtomb",
    "tm:scorchingsands",
    "tm:screech",
    "tm:secretpower",
    "tm:shadowclaw",
    "tm:sleeptalk",
    "tm:sludgebomb",
    "tm:smackdown",
    "tm:snore",
    "tm:stealthrock",
    "tm:stompingtantrum",
    "tm:stoneedge",
    "tm:substitute",
    "tm:sunnyday",
    "tm:swagger",
    "tm:swordsdance",
    "tm:takedown",
    "tm:terablast",
    "tm:thief",
    "tm:throatchop",
    "tm:toxic",
    "tm:uproar",
    "tm:workup",
    "tutor:agility",
    "tutor:ancientpower",
    "tutor:attract",
    "tutor:beatup",
    "tutor:bide",
    "tutor:bodyslam",
    "tutor:curse",
    "tutor:cut",
    "tutor:dig",
    "tutor:doubleedge",
    "tutor:doubleteam",
    "tutor:earthpower",
    "tutor:earthquake",
    "tutor:endure",
    "tutor:facade",
    "tutor:feintattack",
    "tutor:fissure",
    "tutor:frustration",
    "tutor:furyswipes",
    "tutor:growl",
    "tutor:headbutt",
    "tutor:hiddenpower",
    "tutor:magnitude",
    "tutor:mimic",
    "tutor:mudslap",
    "tutor:protect",
    "tutor:pursuit",
    "tutor:rage",
    "tutor:rest",
    "tutor:return",
    "tutor:rockslide",
    "tutor:rocksmash",
    "tutor:sandattack",
    "tutor:scorchingsands",
    "tutor:scratch",
    "tutor:screech",
    "tutor:slash",
    "tutor:sleeptalk",
    "tutor:sludgebomb",
    "tutor:snore",
    "tutor:stealthrock",
    "tutor:stompingtantrum",
    "tutor:substitute",
    "tutor:suckerpunch",
    "tutor:sunnyday",
    "tutor:swagger",
    "tutor:takedown",
    "tutor:thief",
    "tutor:toxic",
    "tutor:uproar"
  ],
  "labels": [
    "gen1",
    "kanto_regional",
    "ground",
    "steel"
  ],
  "pokedex": [
    "cobblemon.species.diglett.desc"
  ],
  "evolutions": [
    {
      "id": "diglett_dugtrio",
      "variant": "level_up",
      "result": "dugtrio",
      "consumeHeldItem": false,
      "learnableMoves": [
        "sandtomb"
      ],
      "requirements": [
        {
          "variant": "level",
          "minLevel": 26
        }
      ]
    }
  ],
  "baseScale": 0.8,
  "hitbox": {
    "width": 0.5,
    "height": 0.7,
    "fixed": false
  },
  "baseFriendship": 50,
  "evYield": {
    "hp": 0,
    "attack": 0,
    "defence": 0,
    "special_attack": 0,
    "special_defence": 0,
    "speed": 1
  },
  "height": 2,
  "weight": 8,
  "aspects": [],
  "cannotDynamax": false
}