{
  "implemented": true,
  "name": "Dodrio",
  "nationalPokedexNumber": 85,
  "primaryType": "normal",
  "secondaryType": "flying",
  "abilities": [
    "runaway",
    "earlybird",
    "h:tangledfeet"
  ],
  "baseStats": {
    "hp": 60,
    "attack": 110,
    "defence": 70,
    "special_attack": 60,
    "special_defence": 60,
    "speed": 110
  },
  "catchRate": 45,
  "maleRatio": 0.5,
  "shoulderMountable": false,
  "baseExperienceYield": 165,
  "experienceGroup": "medium_fast",
  "eggCycles": 20,
  "eggGroups": [
    "flying"
  ],
  "drops": {
    "amount": 5,
    "entries": [
      {
        "item": "minecraft:feather",
        "quantityRange": "0-2"
      },
      {
        "item": "minecraft:chicken"
      },
      {
        "item": "cobblemon:sharp_beak",
        "percentage": 5.0
      },
      {
        "item": "cobblemon:wacan_berry",
        "percentage": 5.0
      }
    ]
  },
  "behaviour": {
    "moving": {
      "walk": {
        "walkSpeed": 0.4
      }
    },
    "resting": {
      "canSleep": true,
      "willSleepOnBed": false,
      "depth": "normal",
      "light": "0-4"
    }
  },
  "moves": [
    "1:growl",
    "1:peck",
    "1:quickattack",
    "1:rage",
    "1:triattack",
    "12:furyattack",
    "15:pursuit",
    "15:pluck",
    "19:doublehit",
    "23:agility",
    "26:uproar",
    "30:acupressure",
    "34:swordsdance",
    "38:drillpeck",
    "43:endeavor",
    "43:jumpkick",
    "50:thrash",
    "tm:acrobatics",
    "tm:aerialace",
    "tm:agility",
    "tm:attract",
    "tm:batonpass",
    "tm:bodyslam",
    "tm:bravebird",
    "tm:captivate",
    "tm:confide",
    "tm:doubleedge",
    "tm:doubleteam",
    "tm:drillrun",
    "tm:echoedvoice",
    "tm:endeavor",
    "tm:endure",
    "tm:facade",
    "tm:featherdance",
    "tm:fly",
    "tm:frustration",
    "tm:gigaimpact",
    "tm:helpinghand",
    "tm:hiddenpower",
    "tm:hyperbeam",
    "tm:knockoff",
    "tm:lowkick",
    "tm:lunge",
    "tm:mudslap",
    "tm:naturalgift",
    "tm:payback",
    "tm:pluck",
    "tm:pounce",
    "tm:protect",
    "tm:raindance",
    "tm:rest",
    "tm:return",
    "tm:roost",
    "tm:round",
    "tm:scaryface",
    "tm:secretpower",
    "tm:sleeptalk",
    "tm:steelwing",
    "tm:stompingtantrum",
    "tm:substitute",
    "tm:sunnyday",
    "tm:swagger",
    "tm:swift",
    "tm:swordsdance",
    "tm:tailwind",
    "tm:takedown",
    "tm:taunt",
    "tm:terablast",
    "tm:thief",
    "tm:throatchop",
    "tm:torment",
    "tm:toxic",
    "tm:trailblaze",
    "tm:uproar",
    "tm:workup",
    "tutor:agility",
    "tutor:aircutter",
    "tutor:attract",
    "tutor:batonpass",
    "tutor:bide",
    "tutor:bodyslam",
    "tutor:curse",
    "tutor:doubleedge",
    "tutor:doubleteam",
    "tutor:drillpeck",
    "tutor:endeavor",
    "tutor:endure",
    "tutor:facade",
    "tutor:fly",
    "tutor:frustration",
    "tutor:furyattack",
    "tutor:growl",
    "tutor:headbutt",
    "tutor:hiddenpower",
    "tutor:hyperbeam",
    "tutor:jumpkick",
    "tutor:knockoff",
    "tutor:mimic",
    "tutor:mirrormove",
    "tutor:mudslap",
    "tutor:peck",
    "tutor:protect",
    "tutor:pursuit",
    "tutor:quickattack",
    "tutor:rage",
    "tutor:reflect",
    "tutor:rest",
    "tutor:return",
    "tutor:roost",
    "tutor:skullbash",
    "tutor:skyattack",
    "tutor:sleeptalk",
    "tutor:snore",
    "tutor:steelwing",
    "tutor:stompingtantrum",
    "tutor:substitute",
    "tutor:sunnyday",
    "tutor:supersonic",
    "tutor:swagger",
    "tutor:swift",
    "tutor:swordsdance",
    "tutor:takedown",
    "tutor:taunt",
    "tutor:thief",
    "tutor:thrash",
    "tutor:toxic",
    "tutor:triattack",
    "tutor:uproar",
    "tutor:whirlwind"
  ],
  "labels": [
    "gen1",
    "normal",
    "flying"
  ],
  "pokedex": [
    "cobblemon.species.dodrio.desc"
  ],
  "preEvolution": "doduo",
  "evolutions": [],
  "baseScale": 1.6,
  "hitbox": {
    "width": 0.6,
    "height": 1.6,
    "fixed": false
  },
  "baseFriendship": 70,
  "evYield": {
    "hp": 0,
    "attack": 2,
    "defence": 0,
    "special_attack": 0,
    "special_defence": 0,
    "speed": 0
  },
  "height": 18,
  "weight": 852,
  "aspects": [],
  "cannotDynamax": false
}