{
  "implemented": true,
  "name": "Doduo",
  "nationalPokedexNumber": 84,
  "primaryType": "normal",
  "secondaryType": "flying",
  "abilities": [
    "runaway",
    "earlybird",
    "h:tangledfeet"
  ],
  "baseStats": {
    "hp": 35,
    "attack": 85,
    "defence": 45,
    "special_attack": 35,
    "special_defence": 35,
    "speed": 75
  },
  "catchRate": 190,
  "maleRatio": 0.5,
  "shoulderMountable": false,
  "baseExperienceYield": 62,
  "experienceGroup": "medium_fast",
  "eggCycles": 20,
  "eggGroups": [
    "flying"
  ],
  "drops": {
    "amount": 4,
    "entries": [
      {
        "item": "minecraft:feather",
        "quantityRange": "0-1"
      },
      {
        "item": "minecraft:chicken"
      },
      {
        "item": "cobblemon:sharp_beak",
        "percentage": 2.5
      },
      {
        "item": "cobblemon:wacan_berry",
        "percentage": 2.5
      }
    ]
  },
  "behaviour": {
    "moving": {
      "walk": {
        "walkSpeed": 0.4
      }
    },
    "resting": {
      "canSleep": true,
      "willSleepOnBed": true,
      "depth": "normal",
      "light": "0-4"
    }
  },
  "moves": [
    "1:growl",
    "1:peck",
    "5:quickattack",
    "8:rage",
    "9:furyattack",
    "12:furyattack",
    "14:pluck",
    "15:pursuit",
    "19:doublehit",
    "21:triattack",
    "23:agility",
    "27:uproar",
    "30:acupressure",
    "33:swordsdance",
    "36:drillpeck",
    "39:endeavor",
    "40:jumpkick",
    "43:thrash",
    "egg:assurance",
    "egg:bravebird",
    "egg:endeavor",
    "egg:feintattack",
    "egg:flail",
    "egg:haze",
    "egg:mirrormove",
    "egg:naturalgift",
    "egg:quickattack",
    "egg:skyattack",
    "egg:supersonic",
    "egg:whirlwind",
    "tm:acrobatics",
    "tm:aerialace",
    "tm:agility",
    "tm:attract",
    "tm:batonpass",
    "tm:bodyslam",
    "tm:bravebird",
    "tm:captivate",
    "tm:confide",
    "tm:doubleedge",
    "tm:doubleteam",
    "tm:echoedvoice",
    "tm:endeavor",
    "tm:endure",
    "tm:facade",
    "tm:featherdance",
    "tm:fly",
    "tm:frustration",
    "tm:helpinghand",
    "tm:hiddenpower",
    "tm:knockoff",
    "tm:lowkick",
    "tm:lunge",
    "tm:mudslap",
    "tm:naturalgift",
    "tm:pluck",
    "tm:protect",
    "tm:raindance",
    "tm:rest",
    "tm:return",
    "tm:roost",
    "tm:round",
    "tm:secretpower",
    "tm:sleeptalk",
    "tm:steelwing",
    "tm:substitute",
    "tm:sunnyday",
    "tm:swagger",
    "tm:swift",
    "tm:swordsdance",
    "tm:tailwind",
    "tm:takedown",
    "tm:terablast",
    "tm:thief",
    "tm:throatchop",
    "tm:toxic",
    "tm:uproar",
    "tm:workup",
    "tutor:agility",
    "tutor:aircutter",
    "tutor:attract",
    "tutor:bide",
    "tutor:bodyslam",
    "tutor:curse",
    "tutor:doubleedge",
    "tutor:doubleteam",
    "tutor:drillpeck",
    "tutor:endeavor",
    "tutor:endure",
    "tutor:facade",
    "tutor:feintattack",
    "tutor:flail",
    "tutor:fly",
    "tutor:frustration",
    "tutor:furyattack",
    "tutor:growl",
    "tutor:haze",
    "tutor:headbutt",
    "tutor:hiddenpower",
    "tutor:jumpkick",
    "tutor:knockoff",
    "tutor:mimic",
    "tutor:mudslap",
    "tutor:peck",
    "tutor:protect",
    "tutor:pursuit",
    "tutor:quickattack",
    "tutor:rage",
    "tutor:reflect",
    "tutor:rest",
    "tutor:return",
    "tutor:roost",
    "tutor:skullbash",
    "tutor:skyattack",
    "tutor:sleeptalk",
    "tutor:snore",
    "tutor:steelwing",
    "tutor:substitute",
    "tutor:sunnyday",
    "tutor:supersonic",
    "tutor:swagger",
    "tutor:swift",
    "tutor:swordsdance",
    "tutor:takedown",
    "tutor:thief",
    "tutor:thrash",
    "tutor:toxic",
    "tutor:triattack",
    "tutor:uproar",
    "tutor:whirlwind"
  ],
  "labels": [
    "gen1",
    "normal",
    "flying"
  ],
  "pokedex": [
    "cobblemon.species.doduo.desc"
  ],
  "evolutions": [
    {
      "id": "doduo_dodrio",
      "variant": "level_up",
      "result": "dodrio",
      "consumeHeldItem": false,
      "learnableMoves": [],
      "requirements": [
        {
          "variant": "level",
          "minLevel": 31
        }
      ]
    }
  ],
  "baseScale": 1.3,
  "hitbox": {
    "width": 0.6,
    "height": 1.4,
    "fixed": false
  },
  "baseFriendship": 70,
  "evYield": {
    "hp": 0,
    "attack": 1,
    "defence": 0,
    "special_attack": 0,
    "special_defence": 0,
    "speed": 0
  },
  "height": 14,
  "weight": 392,
  "aspects": [],
  "cannotDynamax": false
}