{
  "implemented": true,
  "name": "Dratini",
  "nationalPokedexNumber": 147,
  "primaryType": "dragon",
  "abilities": [
    "shedskin",
    "h:marvelscale"
  ],
  "baseStats": {
    "hp": 41,
    "attack": 64,
    "defence": 45,
    "special_attack": 50,
    "special_defence": 50,
    "speed": 50
  },
  "catchRate": 45,
  "maleRatio": 0.5,
  "shoulderMountable": false,
  "baseExperienceYield": 60,
  "experienceGroup": "slow",
  "eggCycles": 40,
  "eggGroups": [
    "water_1",
    "dragon"
  ],
  "behaviour": {
    "moving": {
      "swim": {
        "canSwimInWater": true,
        "canBreatheUnderwater": true,
        "canWalkOnWater": true
      }
    },
    "resting": {
      "canSleep": true,
      "willSleepOnBed": false,
      "depth": "normal",
      "light": "0-4"
    }
  },
  "drops": {
    "amount": 4,
    "entries": [
      {
        "item": "minecraft:dragon_breath",
        "quantityRange": "0-1"
      },
      {
        "item": "cobblemon:dragon_fang",
        "percentage": 2.5
      },
      {
        "item": "cobblemon:dragon_scale",
        "percentage": 2.5
      },
      {
        "item": "cobblemon:yache_berry",
        "percentage": 2.5
      }
    ]
  },
  "moves": [
    "1:leer",
    "1:wrap",
    "5:twister",
    "10:thunderwave",
    "15:dragonrage",
    "15:dragontail",
    "20:agility",
    "25:slam",
    "31:aquatail",
    "35:dragonrush",
    "40:safeguard",
    "45:raindance",
    "50:dragondance",
    "55:outrage",
    "60:hyperbeam",
    "egg:aquajet",
    "egg:dragonbreath",
    "egg:dragondance",
    "egg:dragonpulse",
    "egg:dragonrush",
    "egg:extremespeed",
    "egg:haze",
    "egg:irontail",
    "egg:lightscreen",
    "egg:mist",
    "egg:supersonic",
    "egg:waterpulse",
    "tm:agility",
    "tm:attract",
    "tm:blizzard",
    "tm:bodyslam",
    "tm:breakingswipe",
    "tm:brutalswing",
    "tm:captivate",
    "tm:chillingwater",
    "tm:confide",
    "tm:doubleteam",
    "tm:dracometeor",
    "tm:dragoncheer",
    "tm:dragondance",
    "tm:dragonpulse",
    "tm:dragontail",
    "tm:endure",
    "tm:facade",
    "tm:fireblast",
    "tm:firespin",
    "tm:flamethrower",
    "tm:frustration",
    "tm:gigaimpact",
    "tm:hail",
    "tm:haze",
    "tm:helpinghand",
    "tm:hiddenpower",
    "tm:hydropump",
    "tm:hyperbeam",
    "tm:icebeam",
    "tm:icywind",
    "tm:incinerate",
    "tm:ironhead",
    "tm:irontail",
    "tm:lightscreen",
    "tm:naturalgift",
    "tm:outrage",
    "tm:protect",
    "tm:raindance",
    "tm:rest",
    "tm:return",
    "tm:round",
    "tm:safeguard",
    "tm:scaleshot",
    "tm:secretpower",
    "tm:shockwave",
    "tm:sleeptalk",
    "tm:snore",
    "tm:substitute",
    "tm:sunnyday",
    "tm:surf",
    "tm:swagger",
    "tm:swift",
    "tm:takedown",
    "tm:terablast",
    "tm:thunder",
    "tm:thunderbolt",
    "tm:thunderwave",
    "tm:toxic",
    "tm:waterfall",
    "tm:waterpulse",
    "tm:whirlpool",
    "tutor:agility",
    "tutor:aquatail",
    "tutor:attract",
    "tutor:bide",
    "tutor:bind",
    "tutor:blizzard",
    "tutor:bodyslam",
    "tutor:bubblebeam",
    "tutor:curse",
    "tutor:detect",
    "tutor:doubleedge",
    "tutor:doubleteam",
    "tutor:dracometeor",
    "tutor:dragonbreath",
    "tutor:dragonpulse",
    "tutor:dragonrage",
    "tutor:dragontail",
    "tutor:endure",
    "tutor:extremespeed",
    "tutor:facade",
    "tutor:fireblast",
    "tutor:flamethrower",
    "tutor:frustration",
    "tutor:haze",
    "tutor:headbutt",
    "tutor:hiddenpower",
    "tutor:hyperbeam",
    "tutor:icebeam",
    "tutor:icywind",
    "tutor:irontail",
    "tutor:leer",
    "tutor:lightscreen",
    "tutor:mimic",
    "tutor:mist",
    "tutor:outrage",
    "tutor:protect",
    "tutor:rage",
    "tutor:raindance",
    "tutor:reflect",
    "tutor:rest",
    "tutor:return",
    "tutor:safeguard",
    "tutor:scaleshot",
    "tutor:shockwave",
    "tutor:skullbash",
    "tutor:slam",
    "tutor:sleeptalk",
    "tutor:snore",
    "tutor:substitute",
    "tutor:supersonic",
    "tutor:surf",
    "tutor:swagger",
    "tutor:swift",
    "tutor:takedown",
    "tutor:thunder",
    "tutor:thunderbolt",
    "tutor:thunderwave",
    "tutor:toxic",
    "tutor:twister",
    "tutor:waterfall",
    "tutor:watergun",
    "tutor:waterpulse",
    "tutor:wrap",
    "tutor:zapcannon"
  ],
  "labels": [
    "gen1",
    "dragon"
  ],
  "pokedex": [
    "cobblemon.species.dratini.desc"
  ],
  "evolutions": [
    {
      "id": "dratini_dragonair",
      "variant": "level_up",
      "result": "dragonair",
      "consumeHeldItem": false,
      "learnableMoves": [],
      "requirements": [
        {
          "variant": "level",
          "minLevel": 30
        }
      ]
    }
  ],
  "baseScale": 0.6,
  "hitbox": {
    "width": 1,
    "height": 1.5,
    "fixed": false
  },
  "baseFriendship": 35,
  "evYield": {
    "hp": 0,
    "attack": 1,
    "defence": 0,
    "special_attack": 0,
    "special_defence": 0,
    "speed": 0
  },
  "height": 18,
  "weight": 33,
  "aspects": [],
  "cannotDynamax": false
}