{
  "implemented": true,
  "name": "Drowzee",
  "nationalPokedexNumber": 96,
  "primaryType": "psychic",
  "abilities": [
    "insomnia",
    "forewarn",
    "h:innerfocus"
  ],
  "drops": {
    "amount": 1,
    "entries": [
      {
        "item": "cobblemon:chesto_berry",
        "percentage": 2.5
      }
    ]
  },
  "baseStats": {
    "hp": 60,
    "attack": 48,
    "defence": 45,
    "special_attack": 43,
    "special_defence": 90,
    "speed": 42
  },
  "catchRate": 190,
  "maleRatio": 0.5,
  "shoulderMountable": false,
  "baseExperienceYield": 66,
  "experienceGroup": "medium_fast",
  "eggCycles": 20,
  "eggGroups": [
    "human_like"
  ],
  "behaviour": {
    "moving": {
      "walk": {
        "walkSpeed": 0.22
      }
    },
    "resting": {
      "canSleep": true,
      "willSleepOnBed": true,
      "depth": "normal",
      "light": "0-4"
    }
  },
  "moves": [
    "1:hypnosis",
    "1:pound",
    "5:disable",
    "9:confusion",
    "13:headbutt",
    "17:poisongas",
    "21:meditate",
    "21:psybeam",
    "25:psychup",
    "29:wakeupslap",
    "29:zenheadbutt",
    "33:swagger",
    "37:psychic",
    "37:synchronoise",
    "41:nastyplot",
    "45:psyshock",
    "49:futuresight",
    "egg:assist",
    "egg:barrier",
    "egg:firepunch",
    "egg:flatter",
    "egg:guardswap",
    "egg:icepunch",
    "egg:nastyplot",
    "egg:powersplit",
    "egg:psychicterrain",
    "egg:psychocut",
    "egg:roleplay",
    "egg:secretpower",
    "egg:skillswap",
    "egg:thunderpunch",
    "tm:attract",
    "tm:bodyslam",
    "tm:brickbreak",
    "tm:calmmind",
    "tm:captivate",
    "tm:confide",
    "tm:curse",
    "tm:dazzlinggleam",
    "tm:doubleedge",
    "tm:doubleteam",
    "tm:drainingkiss",
    "tm:drainpunch",
    "tm:dreameater",
    "tm:encore",
    "tm:endeavor",
    "tm:endure",
    "tm:expandingforce",
    "tm:facade",
    "tm:firepunch",
    "tm:flash",
    "tm:fling",
    "tm:focusblast",
    "tm:focuspunch",
    "tm:foulplay",
    "tm:frustration",
    "tm:futuresight",
    "tm:grassknot",
    "tm:haze",
    "tm:helpinghand",
    "tm:hiddenpower",
    "tm:icepunch",
    "tm:imprison",
    "tm:knockoff",
    "tm:lightscreen",
    "tm:lowkick",
    "tm:lowsweep",
    "tm:metronome",
    "tm:nastyplot",
    "tm:naturalgift",
    "tm:nightshade",
    "tm:poweruppunch",
    "tm:protect",
    "tm:psybeam",
    "tm:psychic",
    "tm:psychicnoise",
    "tm:psychicterrain",
    "tm:psychup",
    "tm:psyshock",
    "tm:raindance",
    "tm:recycle",
    "tm:reflect",
    "tm:rest",
    "tm:return",
    "tm:round",
    "tm:safeguard",
    "tm:secretpower",
    "tm:shadowball",
    "tm:skillswap",
    "tm:sleeptalk",
    "tm:snatch",
    "tm:storedpower",
    "tm:substitute",
    "tm:sunnyday",
    "tm:swagger",
    "tm:swift",
    "tm:takedown",
    "tm:taunt",
    "tm:telekinesis",
    "tm:terablast",
    "tm:thief",
    "tm:thunderpunch",
    "tm:thunderwave",
    "tm:torment",
    "tm:toxic",
    "tm:trailblaze",
    "tm:trick",
    "tm:trickroom",
    "tm:zenheadbutt",
    "tutor:allyswitch",
    "tutor:attract",
    "tutor:barrier",
    "tutor:bellydrum",
    "tutor:bide",
    "tutor:bodyslam",
    "tutor:brickbreak",
    "tutor:calmmind",
    "tutor:confusion",
    "tutor:counter",
    "tutor:curse",
    "tutor:dazzlinggleam",
    "tutor:disable",
    "tutor:doubleedge",
    "tutor:doubleteam",
    "tutor:drainpunch",
    "tutor:dreameater",
    "tutor:dynamicpunch",
    "tutor:endure",
    "tutor:facade",
    "tutor:firepunch",
    "tutor:flash",
    "tutor:focuspunch",
    "tutor:foulplay",
    "tutor:frustration",
    "tutor:futuresight",
    "tutor:headbutt",
    "tutor:hiddenpower",
    "tutor:hypnosis",
    "tutor:icepunch",
    "tutor:lightscreen",
    "tutor:lowkick",
    "tutor:magiccoat",
    "tutor:magicroom",
    "tutor:meditate",
    "tutor:megakick",
    "tutor:megapunch",
    "tutor:metronome",
    "tutor:mimic",
    "tutor:nastyplot",
    "tutor:nightmare",
    "tutor:poisongas",
    "tutor:pound",
    "tutor:protect",
    "tutor:psybeam",
    "tutor:psychic",
    "tutor:psychocut",
    "tutor:psychup",
    "tutor:psywave",
    "tutor:rage",
    "tutor:raindance",
    "tutor:recycle",
    "tutor:reflect",
    "tutor:rest",
    "tutor:return",
    "tutor:roleplay",
    "tutor:seismictoss",
    "tutor:shadowball",
    "tutor:signalbeam",
    "tutor:skillswap",
    "tutor:skullbash",
    "tutor:sleeptalk",
    "tutor:snatch",
    "tutor:snore",
    "tutor:submission",
    "tutor:substitute",
    "tutor:sunnyday",
    "tutor:swagger",
    "tutor:takedown",
    "tutor:taunt",
    "tutor:telekinesis",
    "tutor:teleport",
    "tutor:thunderpunch",
    "tutor:thunderwave",
    "tutor:toxic",
    "tutor:triattack",
    "tutor:trick",
    "tutor:wish",
    "tutor:zapcannon",
    "tutor:zenheadbutt"
  ],
  "labels": [
    "gen1",
    "psychic"
  ],
  "pokedex": [
    "cobblemon.species.drowzee.desc"
  ],
  "evolutions": [
    {
      "id": "drowzee_hypno",
      "variant": "level_up",
      "result": "hypno",
      "consumeHeldItem": false,
      "learnableMoves": [],
      "requirements": [
        {
          "variant": "level",
          "minLevel": 26
        }
      ]
    }
  ],
  "baseScale": 0.85,
  "hitbox": {
    "width": 0.7,
    "height": 1.1,
    "fixed": false
  },
  "baseFriendship": 70,
  "evYield": {
    "hp": 0,
    "attack": 0,
    "defence": 0,
    "special_attack": 0,
    "special_defence": 1,
    "speed": 0
  },
  "height": 10,
  "weight": 324,
  "aspects": [],
  "cannotDynamax": false
}