{
  "implemented": true,
  "name": "Dugtrio",
  "nationalPokedexNumber": 51,
  "primaryType": "ground",
  "abilities": [
    "sandveil",
    "arenatrap",
    "h:sandforce"
  ],
  "baseStats": {
    "hp": 35,
    "attack": 100,
    "defence": 50,
    "special_attack": 50,
    "special_defence": 70,
    "speed": 120
  },
  "features": [
    "alolan"
  ],
  "behaviour": {
    "resting": {
      "canSleep": true,
      "willSleepOnBed": false,
      "depth": "normal",
      "light": "0-4"
    },
    "moving": {
      "swim": {
        "canSwimInWater": false
      }
    }
  },
  "catchRate": 50,
  "maleRatio": 0.5,
  "shoulderMountable": false,
  "forms": [
    {
      "name": "Alola",
      "primaryType": "ground",
      "secondaryType": "steel",
      "abilities": [
        "sandveil",
        "tanglinghair",
        "h:sandforce"
      ],
      "baseStats": {
        "hp": 35,
        "attack": 100,
        "defence": 60,
        "special_attack": 50,
        "special_defence": 70,
        "speed": 110
      },
      "catchRate": 50,
      "maleRatio": 0.5,
      "baseExperienceYield": 149,
      "baseFriendship": 50,
      "evYield": {
        "hp": 0,
        "attack": 2,
        "defence": 0,
        "special_attack": 0,
        "special_defence": 0,
        "speed": 0
      },
      "experienceGroup": "medium_fast",
      "eggCycles": 20,
      "eggGroups": [
        "field"
      ],
      "moves": [
        "1:astonish",
        "1:growl",
        "1:metalclaw",
        "1:nightslash",
        "1:rototiller",
        "1:sandattack",
        "1:sandtomb",
        "1:triattack",
        "12:mudslap",
        "14:magnitude",
        "16:bulldoze",
        "20:suckerpunch",
        "24:ironhead",
        "25:mudbomb",
        "30:sandstorm",
        "36:dig",
        "42:earthpower",
        "48:earthquake",
        "54:fissure",
        "tm:aerialace",
        "tm:agility",
        "tm:allyswitch",
        "tm:assurance",
        "tm:attract",
        "tm:beatup",
        "tm:bodyslam",
        "tm:bulldoze",
        "tm:charm",
        "tm:confide",
        "tm:curse",
        "tm:dig",
        "tm:doubleedge",
        "tm:doubleteam",
        "tm:earthpower",
        "tm:earthquake",
        "tm:echoedvoice",
        "tm:endeavor",
        "tm:endure",
        "tm:facade",
        "tm:flashcannon",
        "tm:foulplay",
        "tm:frustration",
        "tm:gigaimpact",
        "tm:helpinghand",
        "tm:hiddenpower",
        "tm:highhorsepower",
        "tm:hyperbeam",
        "tm:irondefense",
        "tm:ironhead",
        "tm:metalclaw",
        "tm:metalsound",
        "tm:mudshot",
        "tm:mudslap",
        "tm:protect",
        "tm:rest",
        "tm:return",
        "tm:reversal",
        "tm:rockblast",
        "tm:rockslide",
        "tm:rocktomb",
        "tm:round",
        "tm:sandstorm",
        "tm:sandtomb",
        "tm:scaryface",
        "tm:scorchingsands",
        "tm:screech",
        "tm:shadowclaw",
        "tm:sleeptalk",
        "tm:sludgebomb",
        "tm:sludgewave",
        "tm:smackdown",
        "tm:snore",
        "tm:stealthrock",
        "tm:steelbeam",
        "tm:stompingtantrum",
        "tm:stoneedge",
        "tm:substitute",
        "tm:sunnyday",
        "tm:swagger",
        "tm:swordsdance",
        "tm:takedown",
        "tm:terablast",
        "tm:thief",
        "tm:throatchop",
        "tm:toxic",
        "tm:triattack",
        "tm:uproar",
        "tm:workup",
        "tutor:agility",
        "tutor:dig",
        "tutor:earthpower",
        "tutor:earthquake",
        "tutor:facade",
        "tutor:fissure",
        "tutor:flashcannon",
        "tutor:furyswipes",
        "tutor:growl",
        "tutor:headbutt",
        "tutor:hyperbeam",
        "tutor:irondefense",
        "tutor:ironhead",
        "tutor:protect",
        "tutor:rest",
        "tutor:rockslide",
        "tutor:sandattack",
        "tutor:scorchingsands",
        "tutor:scratch",
        "tutor:screech",
        "tutor:slash",
        "tutor:sludgebomb",
        "tutor:snore",
        "tutor:stealthrock",
        "tutor:steelbeam",
        "tutor:stompingtantrum",
        "tutor:substitute",
        "tutor:suckerpunch",
        "tutor:toxic",
        "tutor:triattack"
      ],
      "labels": [
        "gen7",
        "alola_regional"
      ],
      "aspects": [
        "alolan"
      ],
      "height": 7,
      "weight": 666,
      "preEvolution": "diglett alolan",
      "cannotDynamax": false,
      "battleOnly": false
    }
  ],
  "baseExperienceYield": 149,
  "experienceGroup": "medium_fast",
  "eggCycles": 20,
  "eggGroups": [
    "field"
  ],
  "drops": {
    "amount": 3,
    "entries": [
      {
        "item": "minecraft:potato",
        "percentage": 5.0
      },
      {
        "item": "cobblemon:big_root",
        "percentage": 5.0
      },
      {
        "item": "cobblemon:soft_sand",
        "percentage": 5.0
      }
    ]
  },
  "moves": [
    "1:astonish",
    "1:growl",
    "1:nightslash",
    "1:rototiller",
    "1:sandattack",
    "1:sandtomb",
    "1:scratch",
    "1:triattack",
    "12:mudslap",
    "14:magnitude",
    "16:bulldoze",
    "20:suckerpunch",
    "21:furyswipes",
    "24:slash",
    "25:mudbomb",
    "30:sandstorm",
    "36:dig",
    "42:earthpower",
    "48:earthquake",
    "54:fissure",
    "tm:aerialace",
    "tm:agility",
    "tm:allyswitch",
    "tm:assurance",
    "tm:attract",
    "tm:beatup",
    "tm:bodyslam",
    "tm:bulldoze",
    "tm:captivate",
    "tm:charm",
    "tm:confide",
    "tm:curse",
    "tm:cut",
    "tm:dig",
    "tm:doubleedge",
    "tm:doubleteam",
    "tm:earthpower",
    "tm:earthquake",
    "tm:echoedvoice",
    "tm:endeavor",
    "tm:endure",
    "tm:facade",
    "tm:foulplay",
    "tm:frustration",
    "tm:gigaimpact",
    "tm:helpinghand",
    "tm:hiddenpower",
    "tm:highhorsepower",
    "tm:honeclaws",
    "tm:hyperbeam",
    "tm:mudshot",
    "tm:mudslap",
    "tm:naturalgift",
    "tm:protect",
    "tm:rest",
    "tm:return",
    "tm:reversal",
    "tm:rockblast",
    "tm:rockslide",
    "tm:rocksmash",
    "tm:rocktomb",
    "tm:round",
    "tm:sandstorm",
    "tm:sandtomb",
    "tm:scaryface",
    "tm:scorchingsands",
    "tm:screech",
    "tm:secretpower",
    "tm:shadowclaw",
    "tm:sleeptalk",
    "tm:sludgebomb",
    "tm:sludgewave",
    "tm:smackdown",
    "tm:snore",
    "tm:stealthrock",
    "tm:stompingtantrum",
    "tm:stoneedge",
    "tm:substitute",
    "tm:sunnyday",
    "tm:swagger",
    "tm:swordsdance",
    "tm:takedown",
    "tm:terablast",
    "tm:thief",
    "tm:throatchop",
    "tm:toxic",
    "tm:triattack",
    "tm:uproar",
    "tm:workup",
    "tutor:agility",
    "tutor:attract",
    "tutor:bide",
    "tutor:bodyslam",
    "tutor:charm",
    "tutor:curse",
    "tutor:cut",
    "tutor:dig",
    "tutor:doubleedge",
    "tutor:doubleteam",
    "tutor:earthpower",
    "tutor:earthquake",
    "tutor:endure",
    "tutor:facade",
    "tutor:fissure",
    "tutor:frustration",
    "tutor:furyswipes",
    "tutor:growl",
    "tutor:headbutt",
    "tutor:hiddenpower",
    "tutor:hyperbeam",
    "tutor:magnitude",
    "tutor:mimic",
    "tutor:mudslap",
    "tutor:protect",
    "tutor:rage",
    "tutor:rest",
    "tutor:return",
    "tutor:rockslide",
    "tutor:rocksmash",
    "tutor:sandattack",
    "tutor:sandstorm",
    "tutor:scorchingsands",
    "tutor:scratch",
    "tutor:screech",
    "tutor:slash",
    "tutor:sleeptalk",
    "tutor:sludgebomb",
    "tutor:snore",
    "tutor:stealthrock",
    "tutor:stompingtantrum",
    "tutor:substitute",
    "tutor:suckerpunch",
    "tutor:sunnyday",
    "tutor:swagger",
    "tutor:takedown",
    "tutor:thief",
    "tutor:toxic",
    "tutor:triattack",
    "tutor:uproar"
  ],
  "labels": [
    "gen1",
    "kanto_regional",
    "ground",
    "steel"
  ],
  "pokedex": [
    "cobblemon.species.dugtrio.desc"
  ],
  "preEvolution": "diglett",
  "evolutions": [],
  "baseScale": 0.8,
  "hitbox": {
    "width": 1.05,
    "height": 1.1,
    "fixed": false
  },
  "baseFriendship": 50,
  "evYield": {
    "hp": 0,
    "attack": 0,
    "defence": 0,
    "special_attack": 0,
    "special_defence": 0,
    "speed": 2
  },
  "height": 7,
  "weight": 333,
  "aspects": [],
  "cannotDynamax": false
}