{
  "implemented": true,
  "name": "Electabuzz",
  "nationalPokedexNumber": 125,
  "primaryType": "electric",
  "abilities": [
    "static",
    "h:vitalspirit"
  ],
  "baseStats": {
    "hp": 65,
    "attack": 83,
    "defence": 57,
    "special_attack": 95,
    "special_defence": 85,
    "speed": 105
  },
  "catchRate": 45,
  "maleRatio": 0.75,
  "shoulderMountable": false,
  "baseExperienceYield": 172,
  "experienceGroup": "medium_fast",
  "eggCycles": 25,
  "eggGroups": [
    "human_like"
  ],
  "behaviour": {
    "moving": {
      "walk": {
        "walkSpeed": 0.2
      }
    },
    "resting": {
      "canSleep": true,
      "depth": "normal",
      "light": "0-4"
    }
  },
  "drops": {
    "amount": 4,
    "entries": [
      {
        "item": "minecraft:redstone",
        "quantityRange": "0-2"
      },
      {
        "item": "cobblemon:electirizer",
        "percentage": 5.0
      },
      {
        "item": "cobblemon:cheri_berry",
        "percentage": 5.0
      }
    ]
  },
  "moves": [
    "1:charge",
    "1:leer",
    "1:quickattack",
    "1:thundershock",
    "12:swift",
    "16:shockwave",
    "20:thunderwave",
    "22:electroball",
    "24:screech",
    "28:thunderpunch",
    "34:discharge",
    "40:lowkick",
    "46:thunderbolt",
    "52:lightscreen",
    "58:thunder",
    "64:gigaimpact",
    "tm:attract",
    "tm:bodyslam",
    "tm:brickbreak",
    "tm:bulkup",
    "tm:captivate",
    "tm:charge",
    "tm:chargebeam",
    "tm:confide",
    "tm:doubleedge",
    "tm:doubleteam",
    "tm:eerieimpulse",
    "tm:electricterrain",
    "tm:electroball",
    "tm:electroweb",
    "tm:endure",
    "tm:facade",
    "tm:firepunch",
    "tm:flash",
    "tm:fling",
    "tm:focusblast",
    "tm:focuspunch",
    "tm:frustration",
    "tm:gigaimpact",
    "tm:helpinghand",
    "tm:hiddenpower",
    "tm:hyperbeam",
    "tm:icepunch",
    "tm:irontail",
    "tm:knockoff",
    "tm:lightscreen",
    "tm:lowkick",
    "tm:lowsweep",
    "tm:megakick",
    "tm:megapunch",
    "tm:metalsound",
    "tm:metronome",
    "tm:naturalgift",
    "tm:poweruppunch",
    "tm:protect",
    "tm:psychic",
    "tm:raindance",
    "tm:rest",
    "tm:return",
    "tm:rockclimb",
    "tm:rocksmash",
    "tm:round",
    "tm:screech",
    "tm:secretpower",
    "tm:shockwave",
    "tm:sleeptalk",
    "tm:snore",
    "tm:strength",
    "tm:substitute",
    "tm:supercellslam",
    "tm:swagger",
    "tm:swift",
    "tm:takedown",
    "tm:taunt",
    "tm:terablast",
    "tm:thief",
    "tm:thunder",
    "tm:thunderbolt",
    "tm:thunderpunch",
    "tm:thunderwave",
    "tm:toxic",
    "tm:trailblaze",
    "tm:uproar",
    "tm:voltswitch",
    "tm:wildcharge",
    "tutor:attract",
    "tutor:bide",
    "tutor:bodyslam",
    "tutor:brickbreak",
    "tutor:counter",
    "tutor:covet",
    "tutor:crosschop",
    "tutor:curse",
    "tutor:detect",
    "tutor:doubleedge",
    "tutor:doubleteam",
    "tutor:dualchop",
    "tutor:dynamicpunch",
    "tutor:electroweb",
    "tutor:endure",
    "tutor:facade",
    "tutor:firepunch",
    "tutor:flash",
    "tutor:focuspunch",
    "tutor:followme",
    "tutor:frustration",
    "tutor:headbutt",
    "tutor:helpinghand",
    "tutor:hiddenpower",
    "tutor:hyperbeam",
    "tutor:icepunch",
    "tutor:irontail",
    "tutor:leer",
    "tutor:lightscreen",
    "tutor:lowkick",
    "tutor:magnetrise",
    "tutor:megakick",
    "tutor:megapunch",
    "tutor:metronome",
    "tutor:mimic",
    "tutor:mudslap",
    "tutor:protect",
    "tutor:psychic",
    "tutor:psywave",
    "tutor:quickattack",
    "tutor:rage",
    "tutor:raindance",
    "tutor:reflect",
    "tutor:rest",
    "tutor:return",
    "tutor:risingvoltage",
    "tutor:rocksmash",
    "tutor:screech",
    "tutor:seismictoss",
    "tutor:shockwave",
    "tutor:signalbeam",
    "tutor:skullbash",
    "tutor:sleeptalk",
    "tutor:snore",
    "tutor:strength",
    "tutor:submission",
    "tutor:substitute",
    "tutor:swagger",
    "tutor:swift",
    "tutor:takedown",
    "tutor:taunt",
    "tutor:teleport",
    "tutor:thief",
    "tutor:thunder",
    "tutor:thunderbolt",
    "tutor:thunderpunch",
    "tutor:thundershock",
    "tutor:thunderwave",
    "tutor:toxic",
    "tutor:zapcannon"
  ],
  "labels": [
    "gen1",
    "electric"
  ],
  "pokedex": [
    "cobblemon.species.electabuzz.desc"
  ],
  "preEvolution": "elekid",
  "evolutions": [
    {
      "id": "electabuzz_electivire",
      "variant": "trade",
      "result": "electivire",
      "consumeHeldItem": true,
      "learnableMoves": [],
      "requirements": [
        {
          "variant": "held_item",
          "itemCondition": "cobblemon:electirizer"
        }
      ]
    }
  ],
  "baseScale": 0.9,
  "hitbox": {
    "width": 0.7,
    "height": 1.5,
    "fixed": false
  },
  "baseFriendship": 50,
  "evYield": {
    "hp": 0,
    "attack": 0,
    "defence": 0,
    "special_attack": 0,
    "special_defence": 0,
    "speed": 2
  },
  "height": 11,
  "weight": 300,
  "aspects": [],
  "cannotDynamax": false
}