{
  "implemented": true,
  "name": "Electrode",
  "nationalPokedexNumber": 101,
  "primaryType": "electric",
  "abilities": [
    "soundproof",
    "static",
    "h:aftermath"
  ],
  "baseStats": {
    "hp": 60,
    "attack": 50,
    "defence": 70,
    "special_attack": 80,
    "special_defence": 80,
    "speed": 150
  },
  "features": [
    "hisuian"
  ],
  "catchRate": 60,
  "maleRatio": -1,
  "shoulderMountable": false,
  "forms": [
    {
      "name": "Hisui",
      "primaryType": "electric",
      "secondaryType": "grass",
      "abilities": [
        "soundproof",
        "static",
        "h:aftermath"
      ],
      "baseStats": {
        "hp": 60,
        "attack": 50,
        "defence": 70,
        "special_attack": 80,
        "special_defence": 80,
        "speed": 150
      },
      "catchRate": 60,
      "maleRatio": -1,
      "baseExperienceYield": 172,
      "baseFriendship": 70,
      "evYield": {
        "hp": 0,
        "attack": 0,
        "defence": 0,
        "special_attack": 0,
        "special_defence": 0,
        "speed": 2
      },
      "experienceGroup": "medium_fast",
      "eggCycles": 20,
      "eggGroups": [
        "mineral"
      ],
      "moves": [
        "1:charge",
        "1:tackle",
        "4:thundershock",
        "6:stunspore",
        "9:bulletseed",
        "11:rollout",
        "13:screech",
        "16:chargebeam",
        "20:swift",
        "22:electroball",
        "26:selfdestruct",
        "29:energyball",
        "34:discharge",
        "34:seedbomb",
        "41:explosion",
        "46:gyroball",
        "50:grassyterrain",
        "tm:agility",
        "tm:bulletseed",
        "tm:charge",
        "tm:chargebeam",
        "tm:curse",
        "tm:doubleedge",
        "tm:electricterrain",
        "tm:electroball",
        "tm:electroweb",
        "tm:endure",
        "tm:energyball",
        "tm:facade",
        "tm:foulplay",
        "tm:gigadrain",
        "tm:gigaimpact",
        "tm:grassknot",
        "tm:grassyglide",
        "tm:grassyterrain",
        "tm:gyroball",
        "tm:hyperbeam",
        "tm:leafstorm",
        "tm:protect",
        "tm:raindance",
        "tm:reflect",
        "tm:rest",
        "tm:scaryface",
        "tm:seedbomb",
        "tm:sleeptalk",
        "tm:solarbeam",
        "tm:substitute",
        "tm:supercellslam",
        "tm:swift",
        "tm:takedown",
        "tm:taunt",
        "tm:terablast",
        "tm:thief",
        "tm:thunder",
        "tm:thunderbolt",
        "tm:thunderwave",
        "tm:voltswitch",
        "tm:wildcharge"
      ],
      "labels": [
        "gen8",
        "hisui_regional"
      ],
      "aspects": [
        "hisuian"
      ],
      "height": 12,
      "weight": 710,
      "preEvolution": "voltorb hisuian",
      "cannotDynamax": false,
      "battleOnly": false,
      "drops": {
        "amount": 5,
        "entries": [
          {
            "item": "minecraft:gunpowder",
            "quantityRange": "0-2"
          },
          {
            "item": "cobblemon:red_apricorn",
            "quantityRange": "0-2"
          },
          {
            "item": "cobblemon:cheri_berry",
            "percentage": 5.0
          }
        ]
      }
    }
  ],
  "baseExperienceYield": 172,
  "experienceGroup": "medium_fast",
  "eggCycles": 20,
  "eggGroups": [
    "mineral"
  ],
  "drops": {
    "amount": 2,
    "entries": [
      {
        "item": "minecraft:gunpowder",
        "quantityRange": "0-2"
      }
    ]
  },
  "moves": [
    "1:charge",
    "1:eerieimpulse",
    "1:magneticflux",
    "1:sonicboom",
    "1:tackle",
    "1:thundershock",
    "9:spark",
    "11:rollout",
    "13:screech",
    "16:chargebeam",
    "20:swift",
    "22:electroball",
    "26:selfdestruct",
    "29:lightscreen",
    "36:magnetrise",
    "41:discharge",
    "47:explosion",
    "54:gyroball",
    "58:mirrorcoat",
    "tm:agility",
    "tm:charge",
    "tm:chargebeam",
    "tm:confide",
    "tm:curse",
    "tm:doubleedge",
    "tm:doubleteam",
    "tm:eerieimpulse",
    "tm:electricterrain",
    "tm:electroball",
    "tm:electroweb",
    "tm:endure",
    "tm:explosion",
    "tm:facade",
    "tm:flash",
    "tm:foulplay",
    "tm:frustration",
    "tm:gigaimpact",
    "tm:gyroball",
    "tm:helpinghand",
    "tm:hiddenpower",
    "tm:hyperbeam",
    "tm:lightscreen",
    "tm:metalsound",
    "tm:naturalgift",
    "tm:protect",
    "tm:raindance",
    "tm:rest",
    "tm:return",
    "tm:round",
    "tm:scaryface",
    "tm:secretpower",
    "tm:shockwave",
    "tm:sleeptalk",
    "tm:substitute",
    "tm:supercellslam",
    "tm:swagger",
    "tm:swift",
    "tm:takedown",
    "tm:taunt",
    "tm:terablast",
    "tm:thief",
    "tm:thunder",
    "tm:thunderbolt",
    "tm:thunderwave",
    "tm:torment",
    "tm:toxic",
    "tm:voltswitch",
    "tm:wildcharge",
    "tutor:bide",
    "tutor:curse",
    "tutor:doubleteam",
    "tutor:endure",
    "tutor:explosion",
    "tutor:facade",
    "tutor:flash",
    "tutor:foulplay",
    "tutor:frustration",
    "tutor:headbutt",
    "tutor:hiddenpower",
    "tutor:hyperbeam",
    "tutor:lightscreen",
    "tutor:magiccoat",
    "tutor:magnetrise",
    "tutor:mimic",
    "tutor:mirrorcoat",
    "tutor:protect",
    "tutor:rage",
    "tutor:raindance",
    "tutor:reflect",
    "tutor:rest",
    "tutor:return",
    "tutor:rollout",
    "tutor:screech",
    "tutor:selfdestruct",
    "tutor:shockwave",
    "tutor:signalbeam",
    "tutor:skullbash",
    "tutor:sleeptalk",
    "tutor:snore",
    "tutor:sonicboom",
    "tutor:substitute",
    "tutor:suckerpunch",
    "tutor:swagger",
    "tutor:swift",
    "tutor:tackle",
    "tutor:takedown",
    "tutor:taunt",
    "tutor:telekinesis",
    "tutor:teleport",
    "tutor:thunder",
    "tutor:thunderbolt",
    "tutor:thundershock",
    "tutor:thunderwave",
    "tutor:toxic",
    "tutor:zapcannon"
  ],
  "labels": [
    "gen1",
    "kanto_regional",
    "electric",
    "grass"
  ],
  "pokedex": [
    "cobblemon.species.electrode.desc"
  ],
  "preEvolution": "voltorb",
  "evolutions": [],
  "baseScale": 0.9,
  "hitbox": {
    "width": 1.2,
    "height": 1.15,
    "fixed": false
  },
  "baseFriendship": 70,
  "evYield": {
    "hp": 0,
    "attack": 0,
    "defence": 0,
    "special_attack": 0,
    "special_defence": 0,
    "speed": 2
  },
  "height": 12,
  "weight": 666,
  "aspects": [],
  "cannotDynamax": false
}