{
  "implemented": true,
  "name": "Gengar",
  "nationalPokedexNumber": 94,
  "primaryType": "ghost",
  "secondaryType": "poison",
  "abilities": [
    "cursedbody"
  ],
  "drops": {
    "amount": 2,
    "entries": [
      {
        "item": "cobblemon:spell_tag",
        "percentage": 10.0
      },
      {
        "item": "cobblemon:payapa_berry",
        "percentage": 10.0
      }
    ]
  },
  "baseStats": {
    "hp": 60,
    "attack": 65,
    "defence": 60,
    "special_attack": 130,
    "special_defence": 75,
    "speed": 110
  },
  "catchRate": 45,
  "maleRatio": 0.5,
  "shoulderMountable": false,
  "baseExperienceYield": 250,
  "experienceGroup": "medium_slow",
  "eggCycles": 20,
  "eggGroups": [
    "amorphous"
  ],
  "behaviour": {
    "moving": {
      "fly": {
        "canFly": true
      }
    }
  },
  "moves": [
    "1:confuseray",
    "1:hypnosis",
    "1:lick",
    "1:meanlook",
    "1:perishsong",
    "1:reflecttype",
    "1:shadowpunch",
    "12:payback",
    "16:spite",
    "20:curse",
    "24:hex",
    "30:nightshade",
    "36:suckerpunch",
    "42:darkpulse",
    "48:shadowball",
    "54:destinybond",
    "60:dreameater",
    "61:nightmare",
    "tm:acidspray",
    "tm:allyswitch",
    "tm:attract",
    "tm:bodyslam",
    "tm:brickbreak",
    "tm:captivate",
    "tm:confide",
    "tm:confuseray",
    "tm:curse",
    "tm:darkpulse",
    "tm:dazzlinggleam",
    "tm:doubleteam",
    "tm:drainpunch",
    "tm:dreameater",
    "tm:embargo",
    "tm:encore",
    "tm:endure",
    "tm:energyball",
    "tm:explosion",
    "tm:facade",
    "tm:firepunch",
    "tm:fling",
    "tm:focusblast",
    "tm:focuspunch",
    "tm:foulplay",
    "tm:frustration",
    "tm:gigadrain",
    "tm:gigaimpact",
    "tm:gunkshot",
    "tm:haze",
    "tm:hex",
    "tm:hiddenpower",
    "tm:hyperbeam",
    "tm:icepunch",
    "tm:icywind",
    "tm:imprison",
    "tm:infestation",
    "tm:knockoff",
    "tm:megakick",
    "tm:megapunch",
    "tm:metronome",
    "tm:nastyplot",
    "tm:naturalgift",
    "tm:nightshade",
    "tm:painsplit",
    "tm:payback",
    "tm:phantomforce",
    "tm:poisonjab",
    "tm:poltergeist",
    "tm:poweruppunch",
    "tm:protect",
    "tm:psychic",
    "tm:psychicnoise",
    "tm:psychup",
    "tm:raindance",
    "tm:rest",
    "tm:return",
    "tm:rocksmash",
    "tm:round",
    "tm:scaryface",
    "tm:secretpower",
    "tm:selfdestruct",
    "tm:shadowball",
    "tm:shadowclaw",
    "tm:skillswap",
    "tm:skittersmack",
    "tm:sleeptalk",
    "tm:sludgebomb",
    "tm:sludgewave",
    "tm:snatch",
    "tm:snore",
    "tm:spite",
    "tm:strength",
    "tm:substitute",
    "tm:sunnyday",
    "tm:swagger",
    "tm:taunt",
    "tm:telekinesis",
    "tm:terablast",
    "tm:thief",
    "tm:thunder",
    "tm:thunderbolt",
    "tm:thunderpunch",
    "tm:thunderwave",
    "tm:torment",
    "tm:toxic",
    "tm:toxicspikes",
    "tm:trick",
    "tm:trickroom",
    "tm:uproar",
    "tm:venoshock",
    "tm:willowisp",
    "tm:wonderroom",
    "tutor:allyswitch",
    "tutor:astonish",
    "tutor:attract",
    "tutor:bide",
    "tutor:bodyslam",
    "tutor:brickbreak",
    "tutor:confuseray",
    "tutor:corrosivegas",
    "tutor:counter",
    "tutor:curse",
    "tutor:darkpulse",
    "tutor:dazzlinggleam",
    "tutor:destinybond",
    "tutor:disable",
    "tutor:doubleedge",
    "tutor:doubleteam",
    "tutor:drainpunch",
    "tutor:dreameater",
    "tutor:dynamicpunch",
    "tutor:endure",
    "tutor:explosion",
    "tutor:facade",
    "tutor:firepunch",
    "tutor:focuspunch",
    "tutor:foulplay",
    "tutor:frustration",
    "tutor:gigadrain",
    "tutor:haze",
    "tutor:headbutt",
    "tutor:hiddenpower",
    "tutor:hyperbeam",
    "tutor:hypnosis",
    "tutor:icepunch",
    "tutor:icywind",
    "tutor:knockoff",
    "tutor:laserfocus",
    "tutor:lick",
    "tutor:meanlook",
    "tutor:megadrain",
    "tutor:megakick",
    "tutor:megapunch",
    "tutor:metronome",
    "tutor:mimic",
    "tutor:nightmare",
    "tutor:nightshade",
    "tutor:ominouswind",
    "tutor:painsplit",
    "tutor:poisongas",
    "tutor:poisonjab",
    "tutor:poltergeist",
    "tutor:protect",
    "tutor:psychic",
    "tutor:psychup",
    "tutor:psywave",
    "tutor:rage",
    "tutor:raindance",
    "tutor:rest",
    "tutor:return",
    "tutor:rocksmash",
    "tutor:roleplay",
    "tutor:seismictoss",
    "tutor:selfdestruct",
    "tutor:shadowball",
    "tutor:shadowpunch",
    "tutor:skillswap",
    "tutor:skittersmack",
    "tutor:skullbash",
    "tutor:sleeptalk",
    "tutor:sludgebomb",
    "tutor:sludgewave",
    "tutor:smog",
    "tutor:snatch",
    "tutor:snore",
    "tutor:spite",
    "tutor:strength",
    "tutor:submission",
    "tutor:substitute",
    "tutor:suckerpunch",
    "tutor:sunnyday",
    "tutor:swagger",
    "tutor:takedown",
    "tutor:taunt",
    "tutor:telekinesis",
    "tutor:thief",
    "tutor:thunder",
    "tutor:thunderbolt",
    "tutor:thunderpunch",
    "tutor:toxic",
    "tutor:trick",
    "tutor:uproar",
    "tutor:willowisp",
    "tutor:wonderroom",
    "tutor:zapcannon"
  ],
  "labels": [
    "gen1",
    "ghost",
    "poison"
  ],
  "pokedex": [
    "cobblemon.species.gengar.desc"
  ],
  "preEvolution": "haunter",
  "evolutions": [],
  "baseScale": 0.95,
  "hitbox": {
    "width": 1.3,
    "height": 1.6,
    "fixed": false
  },
  "baseFriendship": 50,
  "evYield": {
    "hp": 0,
    "attack": 0,
    "defence": 0,
    "special_attack": 3,
    "special_defence": 0,
    "speed": 0
  },
  "height": 15,
  "weight": 405,
  "aspects": [],
  "cannotDynamax": false
}