{
  "implemented": true,
  "name": "Geodude",
  "nationalPokedexNumber": 74,
  "primaryType": "rock",
  "secondaryType": "ground",
  "abilities": [
    "rockhead",
    "sturdy",
    "h:sandveil"
  ],
  "baseStats": {
    "hp": 40,
    "attack": 80,
    "defence": 100,
    "special_attack": 30,
    "special_defence": 30,
    "speed": 20
  },
  "features": [
    "alolan"
  ],
  "catchRate": 255,
  "maleRatio": 0.5,
  "shoulderMountable": false,
  "forms": [
    {
      "name": "Alola",
      "primaryType": "rock",
      "secondaryType": "electric",
      "abilities": [
        "magnetpull",
        "sturdy",
        "h:galvanize"
      ],
      "baseStats": {
        "hp": 40,
        "attack": 80,
        "defence": 100,
        "special_attack": 30,
        "special_defence": 30,
        "speed": 20
      },
      "catchRate": 255,
      "maleRatio": 0.5,
      "baseExperienceYield": 60,
      "baseFriendship": 70,
      "evYield": {
        "hp": 0,
        "attack": 0,
        "defence": 1,
        "special_attack": 0,
        "special_defence": 0,
        "speed": 0
      },
      "experienceGroup": "medium_slow",
      "eggCycles": 15,
      "eggGroups": [
        "mineral"
      ],
      "moves": [
        "1:defensecurl",
        "1:tackle",
        "4:charge",
        "6:rockpolish",
        "10:rollout",
        "12:spark",
        "16:rockthrow",
        "18:smackdown",
        "22:thunderpunch",
        "24:selfdestruct",
        "28:stealthrock",
        "30:rockblast",
        "34:discharge",
        "36:explosion",
        "40:doubleedge",
        "42:stoneedge",
        "egg:autotomize",
        "egg:block",
        "egg:counter",
        "egg:curse",
        "egg:endure",
        "egg:flail",
        "egg:magnetrise",
        "egg:rockclimb",
        "egg:screech",
        "egg:wideguard",
        "egg:zapcannon",
        "tm:attract",
        "tm:bodyslam",
        "tm:brickbreak",
        "tm:brutalswing",
        "tm:bulldoze",
        "tm:charge",
        "tm:chargebeam",
        "tm:confide",
        "tm:curse",
        "tm:dig",
        "tm:doubleedge",
        "tm:doubleteam",
        "tm:earthpower",
        "tm:earthquake",
        "tm:electroweb",
        "tm:endure",
        "tm:explosion",
        "tm:facade",
        "tm:fireblast",
        "tm:firepunch",
        "tm:flamethrower",
        "tm:fling",
        "tm:focuspunch",
        "tm:frustration",
        "tm:gyroball",
        "tm:hiddenpower",
        "tm:highhorsepower",
        "tm:irondefense",
        "tm:mudshot",
        "tm:mudslap",
        "tm:naturepower",
        "tm:protect",
        "tm:rest",
        "tm:return",
        "tm:rockblast",
        "tm:rockpolish",
        "tm:rockslide",
        "tm:rocktomb",
        "tm:round",
        "tm:sandstorm",
        "tm:sleeptalk",
        "tm:smackdown",
        "tm:stealthrock",
        "tm:stoneedge",
        "tm:substitute",
        "tm:sunnyday",
        "tm:supercellslam",
        "tm:swagger",
        "tm:takedown",
        "tm:terablast",
        "tm:thunder",
        "tm:thunderbolt",
        "tm:thunderpunch",
        "tm:thunderwave",
        "tm:toxic",
        "tm:voltswitch",
        "tm:wildcharge",
        "tutor:bide",
        "tutor:block",
        "tutor:brickbreak",
        "tutor:defensecurl",
        "tutor:dig",
        "tutor:doubleedge",
        "tutor:earthpower",
        "tutor:earthquake",
        "tutor:electroweb",
        "tutor:explosion",
        "tutor:facade",
        "tutor:fireblast",
        "tutor:firepunch",
        "tutor:flamethrower",
        "tutor:focuspunch",
        "tutor:headbutt",
        "tutor:irondefense",
        "tutor:magnetrise",
        "tutor:protect",
        "tutor:rest",
        "tutor:rockslide",
        "tutor:rockthrow",
        "tutor:seismictoss",
        "tutor:selfdestruct",
        "tutor:snore",
        "tutor:stealthrock",
        "tutor:substitute",
        "tutor:superpower",
        "tutor:tackle",
        "tutor:takedown",
        "tutor:thunder",
        "tutor:thunderbolt",
        "tutor:thunderpunch",
        "tutor:thundershock",
        "tutor:thunderwave",
        "tutor:toxic"
      ],
      "labels": [
        "gen7",
        "alola_regional"
      ],
      "aspects": [
        "alolan"
      ],
      "height": 4,
      "weight": 203,
      "evolutions": [
        {
          "id": "geodude_graveler",
          "variant": "level_up",
          "result": "graveler alolan",
          "consumeHeldItem": false,
          "learnableMoves": [],
          "requirements": [
            {
              "variant": "level",
              "minLevel": 25
            }
          ]
        }
      ],
      "cannotDynamax": false,
      "battleOnly": false,
      "drops": {
        "amount": 4,
        "entries": [
          {
            "item": "minecraft:raw_copper",
            "quantityRange": "0-1"
          },
          {
            "item": "cobblemon:cell_battery",
            "percentage": 2.5
          },
          {
            "item": "cobblemon:magnet",
            "percentage": 2.5
          },
          {
            "item": "cobblemon:shuca_berry",
            "percentage": 2.5
          }
        ]
      }
    }
  ],
  "baseExperienceYield": 60,
  "experienceGroup": "medium_slow",
  "eggCycles": 15,
  "eggGroups": [
    "mineral"
  ],
  "drops": {
    "amount": 4,
    "entries": [
      {
        "item": "minecraft:flint",
        "quantityRange": "0-1"
      },
      {
        "item": "cobblemon:everstone",
        "percentage": 2.5
      },
      {
        "item": "cobblemon:black_augurite",
        "percentage": 2.5
      },
      {
        "item": "cobblemon:rindo_berry",
        "percentage": 2.5
      }
    ]
  },
  "behaviour": {
    "resting": {
      "canSleep": true,
      "willSleepOnBed": false,
      "depth": "normal",
      "light": "0-4"
    }
  },
  "moves": [
    "1:defensecurl",
    "1:tackle",
    "4:mudsport",
    "6:rockpolish",
    "10:rollout",
    "12:bulldoze",
    "12:magnitude",
    "16:rockthrow",
    "18:smackdown",
    "22:bulldoze",
    "24:selfdestruct",
    "28:stealthrock",
    "30:rockblast",
    "34:earthquake",
    "36:explosion",
    "40:doubleedge",
    "42:stoneedge",
    "egg:autotomize",
    "egg:block",
    "egg:curse",
    "egg:dynamicpunch",
    "egg:endure",
    "egg:flail",
    "egg:focuspunch",
    "egg:hammerarm",
    "egg:megapunch",
    "egg:rockclimb",
    "egg:rockslide",
    "egg:wideguard",
    "tm:attract",
    "tm:bodyslam",
    "tm:brickbreak",
    "tm:bulldoze",
    "tm:captivate",
    "tm:confide",
    "tm:curse",
    "tm:dig",
    "tm:doubleedge",
    "tm:doubleteam",
    "tm:earthpower",
    "tm:earthquake",
    "tm:endure",
    "tm:explosion",
    "tm:facade",
    "tm:fireblast",
    "tm:firepunch",
    "tm:flamethrower",
    "tm:fling",
    "tm:focuspunch",
    "tm:frustration",
    "tm:gyroball",
    "tm:hiddenpower",
    "tm:highhorsepower",
    "tm:incinerate",
    "tm:irondefense",
    "tm:megapunch",
    "tm:metronome",
    "tm:mudshot",
    "tm:mudslap",
    "tm:naturalgift",
    "tm:naturepower",
    "tm:poweruppunch",
    "tm:protect",
    "tm:rest",
    "tm:return",
    "tm:rockblast",
    "tm:rockclimb",
    "tm:rockpolish",
    "tm:rockslide",
    "tm:rocksmash",
    "tm:rocktomb",
    "tm:round",
    "tm:sandstorm",
    "tm:scaryface",
    "tm:secretpower",
    "tm:sleeptalk",
    "tm:smackdown",
    "tm:stealthrock",
    "tm:stompingtantrum",
    "tm:stoneedge",
    "tm:strength",
    "tm:substitute",
    "tm:sunnyday",
    "tm:swagger",
    "tm:takedown",
    "tm:terablast",
    "tm:thunderpunch",
    "tm:toxic",
    "tutor:ancientpower",
    "tutor:attract",
    "tutor:bide",
    "tutor:block",
    "tutor:bodyslam",
    "tutor:brickbreak",
    "tutor:counter",
    "tutor:curse",
    "tutor:defensecurl",
    "tutor:dig",
    "tutor:doubleedge",
    "tutor:doubleteam",
    "tutor:dynamicpunch",
    "tutor:earthpower",
    "tutor:earthquake",
    "tutor:endure",
    "tutor:explosion",
    "tutor:facade",
    "tutor:fireblast",
    "tutor:firepunch",
    "tutor:fissure",
    "tutor:flamethrower",
    "tutor:focuspunch",
    "tutor:frustration",
    "tutor:harden",
    "tutor:headbutt",
    "tutor:hiddenpower",
    "tutor:irondefense",
    "tutor:magnitude",
    "tutor:megapunch",
    "tutor:metronome",
    "tutor:mimic",
    "tutor:mudslap",
    "tutor:protect",
    "tutor:rage",
    "tutor:rest",
    "tutor:return",
    "tutor:rockclimb",
    "tutor:rockslide",
    "tutor:rocksmash",
    "tutor:rockthrow",
    "tutor:rollout",
    "tutor:sandattack",
    "tutor:sandstorm",
    "tutor:seismictoss",
    "tutor:selfdestruct",
    "tutor:sleeptalk",
    "tutor:snore",
    "tutor:stealthrock",
    "tutor:strength",
    "tutor:submission",
    "tutor:substitute",
    "tutor:suckerpunch",
    "tutor:sunnyday",
    "tutor:superpower",
    "tutor:swagger",
    "tutor:tackle",
    "tutor:takedown",
    "tutor:thunderpunch",
    "tutor:toxic"
  ],
  "labels": [
    "gen1",
    "kanto_regional",
    "rock",
    "ground",
    "electric"
  ],
  "pokedex": [
    "cobblemon.species.geodude.desc"
  ],
  "evolutions": [
    {
      "id": "geodude_graveler",
      "variant": "level_up",
      "result": "graveler",
      "consumeHeldItem": false,
      "learnableMoves": [],
      "requirements": [
        {
          "variant": "level",
          "minLevel": 25
        }
      ]
    }
  ],
  "baseScale": 1,
  "hitbox": {
    "width": 0.9,
    "height": 0.5,
    "fixed": false
  },
  "baseFriendship": 70,
  "evYield": {
    "hp": 0,
    "attack": 0,
    "defence": 1,
    "special_attack": 0,
    "special_defence": 0,
    "speed": 0
  },
  "height": 4,
  "weight": 200,
  "aspects": [],
  "cannotDynamax": false
}