{
  "implemented": true,
  "name": "Gloom",
  "nationalPokedexNumber": 44,
  "primaryType": "grass",
  "secondaryType": "poison",
  "abilities": [
    "chlorophyll",
    "h:stench"
  ],
  "drops": {
    "amount": 2,
    "entries": [
      {
        "item": "cobblemon:absorb_bulb",
        "percentage": 5.0
      },
      {
        "item": "cobblemon:pecha_berry",
        "percentage": 5.0
      }
    ]
  },
  "baseStats": {
    "hp": 60,
    "attack": 65,
    "defence": 70,
    "special_attack": 85,
    "special_defence": 75,
    "speed": 40
  },
  "behaviour": {
    "resting": {
      "canSleep": true,
      "willSleepOnBed": false,
      "depth": "normal",
      "light": "0-4"
    }
  },
  "catchRate": 120,
  "maleRatio": 0.5,
  "shoulderMountable": false,
  "features": [
    "valencian"
  ],
  "baseExperienceYield": 138,
  "experienceGroup": "medium_slow",
  "eggCycles": 20,
  "eggGroups": [
    "grass"
  ],
  "moves": [
    "1:absorb",
    "1:acid",
    "1:growth",
    "1:sweetscent",
    "12:megadrain",
    "14:poisonpowder",
    "16:stunspore",
    "18:sleeppowder",
    "20:gigadrain",
    "24:luckychant",
    "26:toxic",
    "32:moonblast",
    "38:grassyterrain",
    "44:moonlight",
    "44:naturalgift",
    "49:petalblizzard",
    "50:petaldance",
    "tm:acidspray",
    "tm:attract",
    "tm:bulletseed",
    "tm:captivate",
    "tm:charm",
    "tm:confide",
    "tm:cut",
    "tm:dazzlinggleam",
    "tm:doubleteam",
    "tm:drainpunch",
    "tm:endure",
    "tm:energyball",
    "tm:facade",
    "tm:flash",
    "tm:fling",
    "tm:frustration",
    "tm:gigadrain",
    "tm:grassknot",
    "tm:grassyglide",
    "tm:grassyterrain",
    "tm:helpinghand",
    "tm:hiddenpower",
    "tm:infestation",
    "tm:leafstorm",
    "tm:magicalleaf",
    "tm:naturalgift",
    "tm:naturepower",
    "tm:petalblizzard",
    "tm:pollenpuff",
    "tm:protect",
    "tm:rest",
    "tm:return",
    "tm:round",
    "tm:secretpower",
    "tm:seedbomb",
    "tm:sleeptalk",
    "tm:sludgebomb",
    "tm:snore",
    "tm:solarbeam",
    "tm:substitute",
    "tm:sunnyday",
    "tm:swagger",
    "tm:swordsdance",
    "tm:terablast",
    "tm:toxic",
    "tm:trailblaze",
    "tm:venoshock",
    "tutor:absorb",
    "tutor:acid",
    "tutor:afteryou",
    "tutor:attract",
    "tutor:bide",
    "tutor:curse",
    "tutor:cut",
    "tutor:dazzlinggleam",
    "tutor:doubleedge",
    "tutor:doubleteam",
    "tutor:drainpunch",
    "tutor:endure",
    "tutor:facade",
    "tutor:flash",
    "tutor:frustration",
    "tutor:gastroacid",
    "tutor:gigadrain",
    "tutor:grassyglide",
    "tutor:growth",
    "tutor:headbutt",
    "tutor:hiddenpower",
    "tutor:megadrain",
    "tutor:mimic",
    "tutor:moonblast",
    "tutor:moonlight",
    "tutor:petaldance",
    "tutor:poisonpowder",
    "tutor:protect",
    "tutor:rage",
    "tutor:razorleaf",
    "tutor:reflect",
    "tutor:rest",
    "tutor:return",
    "tutor:seedbomb",
    "tutor:sleeppowder",
    "tutor:sleeptalk",
    "tutor:sludgebomb",
    "tutor:snore",
    "tutor:solarbeam",
    "tutor:stunspore",
    "tutor:substitute",
    "tutor:sunnyday",
    "tutor:swagger",
    "tutor:sweetscent",
    "tutor:swordsdance",
    "tutor:synthesis",
    "tutor:takedown",
    "tutor:toxic",
    "tutor:worryseed"
  ],
  "labels": [
    "gen1",
    "grass",
    "poison"
  ],
  "pokedex": [
    "cobblemon.species.gloom.desc"
  ],
  "preEvolution": "oddish",
  "evolutions": [
    {
      "id": "gloom_vileplume",
      "variant": "item_interact",
      "result": "vileplume",
      "consumeHeldItem": false,
      "learnableMoves": [
        "petalblizzard"
      ],
      "requirements": [],
      "requiredContext": "cobblemon:leaf_stone"
    },
    {
      "id": "gloom_bellossom",
      "variant": "item_interact",
      "result": "bellossom",
      "consumeHeldItem": false,
      "learnableMoves": [],
      "requirements": [],
      "requiredContext": "cobblemon:sun_stone"
    }
  ],
  "baseScale": 1,
  "hitbox": {
    "width": 0.6,
    "height": 0.8,
    "fixed": false
  },
  "baseFriendship": 50,
  "evYield": {
    "hp": 0,
    "attack": 0,
    "defence": 0,
    "special_attack": 2,
    "special_defence": 0,
    "speed": 0
  },
  "height": 8,
  "weight": 86,
  "aspects": [],
  "cannotDynamax": false
}