{
  "implemented": true,
  "name": "Golbat",
  "nationalPokedexNumber": 42,
  "primaryType": "poison",
  "secondaryType": "flying",
  "abilities": [
    "innerfocus",
    "h:infiltrator"
  ],
  "drops": {
    "amount": 3,
    "entries": [
      {
        "item": "minecraft:phantom_membrane",
        "percentage": 5.0
      },
      {
        "item": "cobblemon:razor_fang",
        "percentage": 5.0
      },
      {
        "item": "cobblemon:persim_berry",
        "percentage": 5.0
      }
    ]
  },
  "baseStats": {
    "hp": 75,
    "attack": 80,
    "defence": 70,
    "special_attack": 65,
    "special_defence": 75,
    "speed": 90
  },
  "catchRate": 90,
  "maleRatio": 0.5,
  "shoulderMountable": false,
  "baseExperienceYield": 159,
  "experienceGroup": "medium_fast",
  "eggCycles": 15,
  "eggGroups": [
    "flying"
  ],
  "behaviour": {
    "moving": {
      "swim": {
        "canWalkOnWater": true
      },
      "fly": {
        "canFly": true
      }
    },
    "resting": {
      "canSleep": true,
      "willSleepOnBed": false,
      "depth": "normal",
      "light": "0-4"
    }
  },
  "moves": [
    "1:absorb",
    "1:astonish",
    "1:meanlook",
    "1:screech",
    "1:supersonic",
    "13:wingattack",
    "15:poisonfang",
    "20:quickguard",
    "24:swift",
    "27:aircutter",
    "33:acrobatics",
    "34:bite",
    "41:haze",
    "48:venoshock",
    "55:confuseray",
    "62:airslash",
    "69:leechlife",
    "tm:acrobatics",
    "tm:aerialace",
    "tm:agility",
    "tm:airslash",
    "tm:assurance",
    "tm:attract",
    "tm:bravebird",
    "tm:captivate",
    "tm:confide",
    "tm:crunch",
    "tm:defog",
    "tm:doubleteam",
    "tm:endure",
    "tm:facade",
    "tm:fly",
    "tm:frustration",
    "tm:gigadrain",
    "tm:gigaimpact",
    "tm:heatwave",
    "tm:hiddenpower",
    "tm:hyperbeam",
    "tm:leechlife",
    "tm:nastyplot",
    "tm:naturalgift",
    "tm:payback",
    "tm:pluck",
    "tm:protect",
    "tm:raindance",
    "tm:rest",
    "tm:return",
    "tm:roost",
    "tm:round",
    "tm:screech",
    "tm:secretpower",
    "tm:shadowball",
    "tm:sleeptalk",
    "tm:sludgebomb",
    "tm:snatch",
    "tm:snore",
    "tm:steelwing",
    "tm:substitute",
    "tm:sunnyday",
    "tm:swagger",
    "tm:swift",
    "tm:taunt",
    "tm:thief",
    "tm:torment",
    "tm:toxic",
    "tm:uproar",
    "tm:uturn",
    "tm:venomdrench",
    "tm:venoshock",
    "tm:zenheadbutt",
    "tutor:absorb",
    "tutor:aircutter",
    "tutor:airslash",
    "tutor:attract",
    "tutor:bide",
    "tutor:bite",
    "tutor:confuseray",
    "tutor:crunch",
    "tutor:curse",
    "tutor:defog",
    "tutor:detect",
    "tutor:doubleedge",
    "tutor:doubleteam",
    "tutor:dualwingbeat",
    "tutor:endure",
    "tutor:facade",
    "tutor:fly",
    "tutor:frustration",
    "tutor:gigadrain",
    "tutor:haze",
    "tutor:headbutt",
    "tutor:heatwave",
    "tutor:hiddenpower",
    "tutor:hyperbeam",
    "tutor:leechlife",
    "tutor:meanlook",
    "tutor:megadrain",
    "tutor:mimic",
    "tutor:ominouswind",
    "tutor:protect",
    "tutor:quickattack",
    "tutor:rage",
    "tutor:razorwind",
    "tutor:rest",
    "tutor:return",
    "tutor:roost",
    "tutor:screech",
    "tutor:shadowball",
    "tutor:sleeptalk",
    "tutor:sludgebomb",
    "tutor:snatch",
    "tutor:snore",
    "tutor:steelwing",
    "tutor:substitute",
    "tutor:sunnyday",
    "tutor:superfang",
    "tutor:supersonic",
    "tutor:swagger",
    "tutor:swift",
    "tutor:tailwind",
    "tutor:takedown",
    "tutor:taunt",
    "tutor:thief",
    "tutor:toxic",
    "tutor:twister",
    "tutor:uproar",
    "tutor:uturn",
    "tutor:whirlwind",
    "tutor:wingattack",
    "tutor:zenheadbutt"
  ],
  "labels": [
    "gen1",
    "poison",
    "flying"
  ],
  "pokedex": [
    "cobblemon.species.golbat.desc"
  ],
  "preEvolution": "zubat",
  "evolutions": [
    {
      "id": "golbat_crobat",
      "variant": "level_up",
      "result": "crobat",
      "consumeHeldItem": false,
      "learnableMoves": [],
      "requirements": [
        {
          "variant": "friendship",
          "amount": 160
        }
      ]
    }
  ],
  "baseScale": 1.2,
  "hitbox": {
    "width": 0.8,
    "height": 1.2,
    "fixed": false
  },
  "baseFriendship": 50,
  "evYield": {
    "hp": 0,
    "attack": 0,
    "defence": 0,
    "special_attack": 0,
    "special_defence": 0,
    "speed": 2
  },
  "height": 16,
  "weight": 550,
  "aspects": [],
  "cannotDynamax": false
}