{
  "implemented": true,
  "name": "Golduck",
  "nationalPokedexNumber": 55,
  "primaryType": "water",
  "abilities": [
    "damp",
    "cloudnine",
    "h:swiftswim"
  ],
  "baseStats": {
    "hp": 80,
    "attack": 82,
    "defence": 78,
    "special_attack": 95,
    "special_defence": 80,
    "speed": 85
  },
  "catchRate": 75,
  "maleRatio": 0.5,
  "shoulderMountable": false,
  "baseExperienceYield": 175,
  "experienceGroup": "medium_fast",
  "eggCycles": 20,
  "eggGroups": [
    "water_1",
    "field"
  ],
  "behaviour": {
    "moving": {
      "swim": {
        "swimSpeed": 0.1,
        "canSwimInWater": true,
        "canBreatheUnderwater": true
      }
    },
    "resting": {
      "canSleep": true,
      "willSleepOnBed": false,
      "depth": "normal",
      "light": "0-4"
    }
  },
  "drops": {
    "amount": 4,
    "entries": [
      {
        "item": "minecraft:feather",
        "quantityRange": "0-2"
      },
      {
        "item": "minecraft:chicken"
      },
      {
        "item": "cobblemon:mystic_water",
        "percentage": 5.0
      }
    ]
  },
  "moves": [
    "1:aquajet",
    "1:confusion",
    "1:mefirst",
    "1:scratch",
    "1:tailwhip",
    "1:watergun",
    "1:watersport",
    "9:furyswipes",
    "12:waterpulse",
    "15:disable",
    "18:zenheadbutt",
    "21:screech",
    "24:aquatail",
    "27:soak",
    "30:psychup",
    "36:amnesia",
    "40:hydropump",
    "45:wonderroom",
    "tm:aerialace",
    "tm:amnesia",
    "tm:attract",
    "tm:blizzard",
    "tm:bodyslam",
    "tm:brickbreak",
    "tm:brine",
    "tm:calmmind",
    "tm:captivate",
    "tm:chillingwater",
    "tm:confide",
    "tm:confuseray",
    "tm:dig",
    "tm:dive",
    "tm:doubleedge",
    "tm:doubleteam",
    "tm:encore",
    "tm:endeavor",
    "tm:endure",
    "tm:facade",
    "tm:flash",
    "tm:fling",
    "tm:flipturn",
    "tm:focusblast",
    "tm:focuspunch",
    "tm:frustration",
    "tm:futuresight",
    "tm:gigaimpact",
    "tm:grassknot",
    "tm:hail",
    "tm:haze",
    "tm:helpinghand",
    "tm:hiddenpower",
    "tm:honeclaws",
    "tm:hydropump",
    "tm:hyperbeam",
    "tm:icebeam",
    "tm:icepunch",
    "tm:icywind",
    "tm:irontail",
    "tm:knockoff",
    "tm:lightscreen",
    "tm:liquidation",
    "tm:lowkick",
    "tm:lowsweep",
    "tm:megakick",
    "tm:megapunch",
    "tm:metronome",
    "tm:muddywater",
    "tm:mudshot",
    "tm:nastyplot",
    "tm:naturalgift",
    "tm:payday",
    "tm:powergem",
    "tm:poweruppunch",
    "tm:protect",
    "tm:psybeam",
    "tm:psychic",
    "tm:psychicnoise",
    "tm:psychup",
    "tm:psyshock",
    "tm:raindance",
    "tm:rest",
    "tm:return",
    "tm:rockclimb",
    "tm:rocksmash",
    "tm:round",
    "tm:scald",
    "tm:screech",
    "tm:secretpower",
    "tm:shadowclaw",
    "tm:skillswap",
    "tm:sleeptalk",
    "tm:snore",
    "tm:strength",
    "tm:substitute",
    "tm:surf",
    "tm:swagger",
    "tm:swift",
    "tm:takedown",
    "tm:taunt",
    "tm:telekinesis",
    "tm:terablast",
    "tm:thief",
    "tm:toxic",
    "tm:trailblaze",
    "tm:vacuumwave",
    "tm:waterfall",
    "tm:waterpulse",
    "tm:whirlpool",
    "tm:wonderroom",
    "tm:zenheadbutt",
    "tutor:amnesia",
    "tutor:aquatail",
    "tutor:attract",
    "tutor:bide",
    "tutor:blizzard",
    "tutor:bodyslam",
    "tutor:brickbreak",
    "tutor:bubblebeam",
    "tutor:calmmind",
    "tutor:charm",
    "tutor:confusion",
    "tutor:counter",
    "tutor:curse",
    "tutor:dig",
    "tutor:disable",
    "tutor:dive",
    "tutor:doubleedge",
    "tutor:doubleteam",
    "tutor:dynamicpunch",
    "tutor:encore",
    "tutor:endure",
    "tutor:facade",
    "tutor:flash",
    "tutor:flipturn",
    "tutor:focuspunch",
    "tutor:frustration",
    "tutor:furycutter",
    "tutor:furyswipes",
    "tutor:headbutt",
    "tutor:hiddenpower",
    "tutor:hydropump",
    "tutor:hyperbeam",
    "tutor:icebeam",
    "tutor:icepunch",
    "tutor:icywind",
    "tutor:irontail",
    "tutor:laserfocus",
    "tutor:lightscreen",
    "tutor:liquidation",
    "tutor:lowkick",
    "tutor:megakick",
    "tutor:megapunch",
    "tutor:mimic",
    "tutor:mudslap",
    "tutor:payday",
    "tutor:protect",
    "tutor:psybeam",
    "tutor:psychic",
    "tutor:psychup",
    "tutor:rage",
    "tutor:raindance",
    "tutor:rest",
    "tutor:return",
    "tutor:rocksmash",
    "tutor:roleplay",
    "tutor:scald",
    "tutor:scratch",
    "tutor:screech",
    "tutor:seismictoss",
    "tutor:signalbeam",
    "tutor:skullbash",
    "tutor:sleeptalk",
    "tutor:snore",
    "tutor:strength",
    "tutor:submission",
    "tutor:substitute",
    "tutor:surf",
    "tutor:swagger",
    "tutor:swift",
    "tutor:tailwhip",
    "tutor:takedown",
    "tutor:telekinesis",
    "tutor:toxic",
    "tutor:waterfall",
    "tutor:watergun",
    "tutor:waterpulse",
    "tutor:whirlpool",
    "tutor:wonderroom",
    "tutor:worryseed",
    "tutor:yawn",
    "tutor:zenheadbutt"
  ],
  "labels": [
    "gen1",
    "water"
  ],
  "pokedex": [
    "cobblemon.species.golduck.desc"
  ],
  "preEvolution": "psyduck",
  "evolutions": [],
  "baseScale": 1.2,
  "hitbox": {
    "width": 0.8,
    "height": 1.5,
    "fixed": false
  },
  "baseFriendship": 50,
  "evYield": {
    "hp": 0,
    "attack": 0,
    "defence": 0,
    "special_attack": 2,
    "special_defence": 0,
    "speed": 0
  },
  "height": 17,
  "weight": 766,
  "aspects": [],
  "cannotDynamax": false
}