{
  "implemented": true,
  "name": "Goldeen",
  "nationalPokedexNumber": 118,
  "primaryType": "water",
  "abilities": [
    "swiftswim",
    "waterveil",
    "h:lightningrod"
  ],
  "baseStats": {
    "hp": 45,
    "attack": 67,
    "defence": 60,
    "special_attack": 35,
    "special_defence": 50,
    "speed": 63
  },
  "behaviour": {
    "moving": {
      "canLook": false,
      "walk": {
        "avoidsLand": true
      },
      "swim": {
        "swimSpeed": 0.1,
        "canSwimInWater": true,
        "canBreatheUnderwater": true
      }
    }
  },
  "catchRate": 225,
  "maleRatio": 0.5,
  "shoulderMountable": false,
  "baseExperienceYield": 64,
  "experienceGroup": "medium_fast",
  "eggCycles": 20,
  "eggGroups": [
    "water_2"
  ],
  "drops": {
    "amount": 4,
    "entries": [
      {
        "item": "minecraft:salmon"
      },
      {
        "item": "minecraft:bone_meal",
        "percentage": 5.0
      },
      {
        "item": "cobblemon:mystic_water",
        "percentage": 2.5
      },
      {
        "item": "cobblemon:wacan_berry",
        "percentage": 2.5
      }
    ]
  },
  "moves": [
    "1:peck",
    "1:tailwhip",
    "1:watersport",
    "5:supersonic",
    "10:waterpulse",
    "15:hornattack",
    "20:agility",
    "24:furyattack",
    "25:aquaring",
    "30:flail",
    "35:waterfall",
    "40:soak",
    "45:megahorn",
    "50:horndrill",
    "egg:acupressure",
    "egg:aquatail",
    "egg:bodyslam",
    "egg:haze",
    "egg:hydropump",
    "egg:mudshot",
    "egg:mudslap",
    "egg:mudsport",
    "egg:psybeam",
    "egg:signalbeam",
    "egg:skullbash",
    "egg:sleeptalk",
    "tm:agility",
    "tm:attract",
    "tm:blizzard",
    "tm:bodyslam",
    "tm:bounce",
    "tm:captivate",
    "tm:confide",
    "tm:dive",
    "tm:doubleteam",
    "tm:drillrun",
    "tm:endure",
    "tm:facade",
    "tm:frustration",
    "tm:hail",
    "tm:hiddenpower",
    "tm:hydropump",
    "tm:icebeam",
    "tm:icywind",
    "tm:megahorn",
    "tm:muddywater",
    "tm:mudshot",
    "tm:naturalgift",
    "tm:poisonjab",
    "tm:protect",
    "tm:raindance",
    "tm:rest",
    "tm:return",
    "tm:round",
    "tm:scald",
    "tm:secretpower",
    "tm:sleeptalk",
    "tm:smartstrike",
    "tm:snore",
    "tm:substitute",
    "tm:surf",
    "tm:swagger",
    "tm:swift",
    "tm:swordsdance",
    "tm:throatchop",
    "tm:toxic",
    "tm:waterfall",
    "tm:waterpulse",
    "tm:whirlpool",
    "tutor:agility",
    "tutor:aquatail",
    "tutor:attract",
    "tutor:bide",
    "tutor:blizzard",
    "tutor:bounce",
    "tutor:bubblebeam",
    "tutor:curse",
    "tutor:dive",
    "tutor:doubleedge",
    "tutor:doubleteam",
    "tutor:drillrun",
    "tutor:endure",
    "tutor:facade",
    "tutor:flail",
    "tutor:flipturn",
    "tutor:frustration",
    "tutor:furyattack",
    "tutor:furycutter",
    "tutor:haze",
    "tutor:headbutt",
    "tutor:hiddenpower",
    "tutor:hornattack",
    "tutor:horndrill",
    "tutor:hydropump",
    "tutor:icebeam",
    "tutor:icywind",
    "tutor:knockoff",
    "tutor:megahorn",
    "tutor:mimic",
    "tutor:mudslap",
    "tutor:peck",
    "tutor:poisonjab",
    "tutor:protect",
    "tutor:psybeam",
    "tutor:quickattack",
    "tutor:rage",
    "tutor:raindance",
    "tutor:rest",
    "tutor:return",
    "tutor:scald",
    "tutor:scaleshot",
    "tutor:signalbeam",
    "tutor:skullbash",
    "tutor:sleeptalk",
    "tutor:snore",
    "tutor:substitute",
    "tutor:supersonic",
    "tutor:surf",
    "tutor:swagger",
    "tutor:swift",
    "tutor:tailwhip",
    "tutor:takedown",
    "tutor:throatchop",
    "tutor:toxic",
    "tutor:waterfall",
    "tutor:watergun",
    "tutor:waterpulse"
  ],
  "labels": [
    "gen1",
    "water"
  ],
  "pokedex": [
    "cobblemon.species.goldeen.desc"
  ],
  "evolutions": [
    {
      "id": "goldeen_seaking",
      "variant": "level_up",
      "result": "seaking",
      "consumeHeldItem": false,
      "learnableMoves": [],
      "requirements": [
        {
          "variant": "level",
          "minLevel": 33
        }
      ]
    }
  ],
  "baseScale": 1.2,
  "hitbox": {
    "width": 0.6,
    "height": 0.4,
    "fixed": false
  },
  "baseFriendship": 50,
  "evYield": {
    "hp": 0,
    "attack": 1,
    "defence": 0,
    "special_attack": 0,
    "special_defence": 0,
    "speed": 0
  },
  "height": 6,
  "weight": 150,
  "aspects": [],
  "cannotDynamax": false
}