{
  "implemented": true,
  "name": "Golem",
  "nationalPokedexNumber": 76,
  "primaryType": "rock",
  "secondaryType": "ground",
  "abilities": [
    "rockhead",
    "sturdy",
    "h:sandveil"
  ],
  "baseStats": {
    "hp": 80,
    "attack": 120,
    "defence": 130,
    "special_attack": 55,
    "special_defence": 65,
    "speed": 45
  },
  "features": [
    "alolan"
  ],
  "catchRate": 45,
  "maleRatio": 0.5,
  "shoulderMountable": false,
  "forms": [
    {
      "name": "Alola",
      "primaryType": "rock",
      "secondaryType": "electric",
      "abilities": [
        "magnetpull",
        "sturdy",
        "h:galvanize"
      ],
      "baseStats": {
        "hp": 80,
        "attack": 120,
        "defence": 130,
        "special_attack": 55,
        "special_defence": 65,
        "speed": 45
      },
      "catchRate": 45,
      "maleRatio": 0.5,
      "baseExperienceYield": 223,
      "baseFriendship": 70,
      "evYield": {
        "hp": 0,
        "attack": 0,
        "defence": 3,
        "special_attack": 0,
        "special_defence": 0,
        "speed": 0
      },
      "experienceGroup": "medium_slow",
      "eggCycles": 15,
      "eggGroups": [
        "mineral"
      ],
      "moves": [
        "1:charge",
        "1:defensecurl",
        "1:heavyslam",
        "1:rockpolish",
        "1:tackle",
        "10:steamroller",
        "12:spark",
        "16:rockthrow",
        "18:smackdown",
        "22:thunderpunch",
        "24:selfdestruct",
        "30:stealthrock",
        "34:rockblast",
        "40:discharge",
        "44:explosion",
        "50:doubleedge",
        "54:stoneedge",
        "tm:attract",
        "tm:bodypress",
        "tm:bodyslam",
        "tm:brickbreak",
        "tm:brutalswing",
        "tm:bulldoze",
        "tm:charge",
        "tm:chargebeam",
        "tm:confide",
        "tm:curse",
        "tm:dig",
        "tm:doubleedge",
        "tm:doubleteam",
        "tm:earthpower",
        "tm:earthquake",
        "tm:echoedvoice",
        "tm:electricterrain",
        "tm:electroweb",
        "tm:endure",
        "tm:explosion",
        "tm:facade",
        "tm:fireblast",
        "tm:firepunch",
        "tm:flamethrower",
        "tm:fling",
        "tm:focusblast",
        "tm:focuspunch",
        "tm:frustration",
        "tm:gigaimpact",
        "tm:gyroball",
        "tm:hardpress",
        "tm:heavyslam",
        "tm:hiddenpower",
        "tm:hyperbeam",
        "tm:irondefense",
        "tm:ironhead",
        "tm:meteorbeam",
        "tm:metronome",
        "tm:mudshot",
        "tm:mudslap",
        "tm:naturepower",
        "tm:protect",
        "tm:rest",
        "tm:return",
        "tm:roar",
        "tm:rockblast",
        "tm:rockpolish",
        "tm:rockslide",
        "tm:rocktomb",
        "tm:round",
        "tm:sandstorm",
        "tm:scaryface",
        "tm:sleeptalk",
        "tm:smackdown",
        "tm:stealthrock",
        "tm:stompingtantrum",
        "tm:stoneedge",
        "tm:substitute",
        "tm:sunnyday",
        "tm:supercellslam",
        "tm:swagger",
        "tm:takedown",
        "tm:terablast",
        "tm:thunder",
        "tm:thunderbolt",
        "tm:thunderpunch",
        "tm:thunderwave",
        "tm:toxic",
        "tm:voltswitch",
        "tm:wildcharge",
        "tutor:allyswitch",
        "tutor:bide",
        "tutor:block",
        "tutor:brickbreak",
        "tutor:defensecurl",
        "tutor:dig",
        "tutor:doubleedge",
        "tutor:earthpower",
        "tutor:earthquake",
        "tutor:electroweb",
        "tutor:explosion",
        "tutor:facade",
        "tutor:fireblast",
        "tutor:firepunch",
        "tutor:flamethrower",
        "tutor:focuspunch",
        "tutor:headbutt",
        "tutor:hyperbeam",
        "tutor:irondefense",
        "tutor:ironhead",
        "tutor:magnetrise",
        "tutor:megapunch",
        "tutor:protect",
        "tutor:rest",
        "tutor:rockslide",
        "tutor:rockthrow",
        "tutor:seismictoss",
        "tutor:selfdestruct",
        "tutor:shockwave",
        "tutor:snore",
        "tutor:stealthrock",
        "tutor:stompingtantrum",
        "tutor:substitute",
        "tutor:superpower",
        "tutor:tackle",
        "tutor:takedown",
        "tutor:thunder",
        "tutor:thunderbolt",
        "tutor:thunderpunch",
        "tutor:thundershock",
        "tutor:thunderwave",
        "tutor:toxic"
      ],
      "labels": [
        "gen7",
        "alola_regional"
      ],
      "aspects": [
        "alolan"
      ],
      "height": 17,
      "weight": 3160,
      "preEvolution": "graveler alolan",
      "cannotDynamax": false,
      "battleOnly": false,
      "drops": {
        "amount": 6,
        "entries": [
          {
            "item": "minecraft:raw_copper",
            "quantityRange": "0-3"
          },
          {
            "item": "cobblemon:cell_battery",
            "percentage": 10.0
          },
          {
            "item": "cobblemon:magnet",
            "percentage": 10.0
          },
          {
            "item": "cobblemon:shuca_berry",
            "percentage": 10.0
          }
        ]
      }
    }
  ],
  "baseExperienceYield": 223,
  "experienceGroup": "medium_slow",
  "eggCycles": 15,
  "eggGroups": [
    "mineral"
  ],
  "drops": {
    "amount": 6,
    "entries": [
      {
        "item": "minecraft:flint",
        "quantityRange": "0-3"
      },
      {
        "item": "cobblemon:everstone",
        "percentage": 10.0
      },
      {
        "item": "cobblemon:black_augurite",
        "percentage": 10.0
      },
      {
        "item": "cobblemon:rindo_berry",
        "percentage": 10.0
      }
    ]
  },
  "moves": [
    "1:defensecurl",
    "1:heavyslam",
    "1:mudsport",
    "1:rockpolish",
    "1:tackle",
    "10:steamroller",
    "12:magnitude",
    "16:rockthrow",
    "18:smackdown",
    "22:bulldoze",
    "22:rollout",
    "24:selfdestruct",
    "30:stealthrock",
    "34:rockblast",
    "40:earthquake",
    "44:explosion",
    "50:doubleedge",
    "54:stoneedge",
    "tm:attract",
    "tm:bodypress",
    "tm:bodyslam",
    "tm:brickbreak",
    "tm:bulldoze",
    "tm:captivate",
    "tm:confide",
    "tm:curse",
    "tm:dig",
    "tm:doubleedge",
    "tm:doubleteam",
    "tm:earthpower",
    "tm:earthquake",
    "tm:endure",
    "tm:explosion",
    "tm:facade",
    "tm:fireblast",
    "tm:firepunch",
    "tm:flamethrower",
    "tm:fling",
    "tm:focusblast",
    "tm:focuspunch",
    "tm:frustration",
    "tm:gigaimpact",
    "tm:gyroball",
    "tm:hardpress",
    "tm:heavyslam",
    "tm:hiddenpower",
    "tm:highhorsepower",
    "tm:hyperbeam",
    "tm:incinerate",
    "tm:irondefense",
    "tm:ironhead",
    "tm:metronome",
    "tm:mudshot",
    "tm:mudslap",
    "tm:naturalgift",
    "tm:naturepower",
    "tm:poweruppunch",
    "tm:protect",
    "tm:rest",
    "tm:return",
    "tm:roar",
    "tm:rockblast",
    "tm:rockclimb",
    "tm:rockpolish",
    "tm:rockslide",
    "tm:rocksmash",
    "tm:rocktomb",
    "tm:round",
    "tm:sandstorm",
    "tm:scaryface",
    "tm:secretpower",
    "tm:sleeptalk",
    "tm:smackdown",
    "tm:stealthrock",
    "tm:stompingtantrum",
    "tm:stoneedge",
    "tm:strength",
    "tm:substitute",
    "tm:sunnyday",
    "tm:swagger",
    "tm:takedown",
    "tm:terablast",
    "tm:toxic",
    "tm:thunderpunch",
    "tutor:ancientpower",
    "tutor:attract",
    "tutor:bide",
    "tutor:block",
    "tutor:bodyslam",
    "tutor:brickbreak",
    "tutor:counter",
    "tutor:curse",
    "tutor:defensecurl",
    "tutor:dig",
    "tutor:doubleedge",
    "tutor:doubleteam",
    "tutor:dynamicpunch",
    "tutor:earthpower",
    "tutor:earthquake",
    "tutor:endure",
    "tutor:explosion",
    "tutor:facade",
    "tutor:fireblast",
    "tutor:firepunch",
    "tutor:fissure",
    "tutor:flamethrower",
    "tutor:focuspunch",
    "tutor:frustration",
    "tutor:furycutter",
    "tutor:harden",
    "tutor:headbutt",
    "tutor:hiddenpower",
    "tutor:hyperbeam",
    "tutor:irondefense",
    "tutor:ironhead",
    "tutor:magnitude",
    "tutor:megakick",
    "tutor:megapunch",
    "tutor:metronome",
    "tutor:mimic",
    "tutor:mudslap",
    "tutor:protect",
    "tutor:rage",
    "tutor:rest",
    "tutor:return",
    "tutor:roar",
    "tutor:rockslide",
    "tutor:rocksmash",
    "tutor:rockthrow",
    "tutor:rollout",
    "tutor:sandattack",
    "tutor:sandstorm",
    "tutor:seismictoss",
    "tutor:selfdestruct",
    "tutor:sleeptalk",
    "tutor:snore",
    "tutor:stealthrock",
    "tutor:stompingtantrum",
    "tutor:strength",
    "tutor:submission",
    "tutor:substitute",
    "tutor:suckerpunch",
    "tutor:sunnyday",
    "tutor:superpower",
    "tutor:swagger",
    "tutor:tackle",
    "tutor:takedown",
    "tutor:thunderpunch",
    "tutor:toxic"
  ],
  "labels": [
    "gen1",
    "kanto_regional",
    "rock",
    "ground",
    "electric"
  ],
  "pokedex": [
    "cobblemon.species.golem.desc"
  ],
  "preEvolution": "graveler",
  "evolutions": [],
  "baseScale": 1.1,
  "hitbox": {
    "width": 1,
    "height": 1.3,
    "fixed": false
  },
  "baseFriendship": 70,
  "evYield": {
    "hp": 0,
    "attack": 0,
    "defence": 3,
    "special_attack": 0,
    "special_defence": 0,
    "speed": 0
  },
  "height": 14,
  "weight": 3000,
  "aspects": [],
  "cannotDynamax": false
}