{
    "implemented": true,
    "name": "Grimer",
    "nationalPokedexNumber": 88,
    "primaryType": "poison",
    "abilities": [
        "stench",
        "stickyhold",
        "h:poisontouch"
    ],
    "baseStats": {
        "hp": 80,
        "attack": 80,
        "defence": 50,
        "special_attack": 40,
        "special_defence": 50,
        "speed": 25
    },
    "catchRate": 190,
    "maleRatio": 0.5,
    "shoulderMountable": false,
    "forms": [],
    "baseExperienceYield": 65,
    "experienceGroup": "medium_fast",
    "eggCycles": 20,
    "eggGroups": [
        "amorphous"
    ],
    "behaviour": {
        "moving": {
            "swim": {
                "canWalkOnWater": true
            }
        }
    },
    "drops": {
        "amount": 3,
        "entries": [
            {
                "item": "minecraft:slime_ball",
                "quantityRange": "0-1"
            },
            {
                "item": "cobblemon:black_sludge",
                "percentage": 2.5
            },
            {
                "item": "cobblemon:toxic_orb",
                "percentage": 2.5
            }
        ]
    },
    "moves": [
        "1:poisongas",
        "1:pound",
        "4:harden",
        "7:mudslap",
        "12:disable",
        "15:sludge",
        "18:mudbomb",
        "18:mudshot",
        "21:minimize",
        "26:fling",
        "26:toxic",
        "29:sludgebomb",
        "32:sludgewave",
        "37:screech",
        "40:gunkshot",
        "43:acidarmor",
        "46:belch",
        "48:memento",
        "egg:acidspray",
        "egg:curse",
        "egg:explosion",
        "egg:haze",
        "egg:imprison",
        "egg:lick",
        "egg:meanlook",
        "egg:poweruppunch",
        "egg:scaryface",
        "egg:shadowpunch",
        "egg:shadowsneak",
        "egg:spitup",
        "egg:stockpile",
        "egg:swallow",
        "tm:acidspray",
        "tm:attract",
        "tm:bodyslam",
        "tm:captivate",
        "tm:confide",
        "tm:confuseray",
        "tm:curse",
        "tm:dig",
        "tm:doubleteam",
        "tm:drainpunch",
        "tm:endure",
        "tm:explosion",
        "tm:facade",
        "tm:fireblast",
        "tm:firepunch",
        "tm:flamethrower",
        "tm:fling",
        "tm:frustration",
        "tm:gigadrain",
        "tm:gunkshot",
        "tm:haze",
        "tm:helpinghand",
        "tm:hex",
        "tm:hiddenpower",
        "tm:icepunch",
        "tm:imprison",
        "tm:incinerate",
        "tm:infestation",
        "tm:metronome",
        "tm:mudshot",
        "tm:mudslap",
        "tm:naturalgift",
        "tm:painsplit",
        "tm:payback",
        "tm:poisonjab",
        "tm:poweruppunch",
        "tm:protect",
        "tm:raindance",
        "tm:rest",
        "tm:return",
        "tm:rockslide",
        "tm:rocktomb",
        "tm:round",
        "tm:sandstorm",
        "tm:scaryface",
        "tm:secretpower",
        "tm:shadowball",
        "tm:shockwave",
        "tm:sleeptalk",
        "tm:sludgebomb",
        "tm:sludgewave",
        "tm:strength",
        "tm:substitute",
        "tm:sunnyday",
        "tm:swagger",
        "tm:takedown",
        "tm:taunt",
        "tm:terablast",
        "tm:thief",
        "tm:thunder",
        "tm:thunderbolt",
        "tm:thunderpunch",
        "tm:torment",
        "tm:toxic",
        "tm:venoshock",
        "tm:zenheadbutt",
        "tutor:acidarmor",
        "tutor:attract",
        "tutor:bide",
        "tutor:bodyslam",
        "tutor:curse",
        "tutor:dig",
        "tutor:disable",
        "tutor:doubleteam",
        "tutor:dynamicpunch",
        "tutor:endure",
        "tutor:explosion",
        "tutor:facade",
        "tutor:fireblast",
        "tutor:firepunch",
        "tutor:flamethrower",
        "tutor:frustration",
        "tutor:gigadrain",
        "tutor:gunkshot",
        "tutor:harden",
        "tutor:haze",
        "tutor:headbutt",
        "tutor:helpinghand",
        "tutor:hiddenpower",
        "tutor:icepunch",
        "tutor:lick",
        "tutor:meanlook",
        "tutor:megadrain",
        "tutor:mimic",
        "tutor:minimize",
        "tutor:mudslap",
        "tutor:painsplit",
        "tutor:poisongas",
        "tutor:poisonjab",
        "tutor:pound",
        "tutor:protect",
        "tutor:rage",
        "tutor:rest",
        "tutor:return",
        "tutor:rockslide",
        "tutor:screech",
        "tutor:selfdestruct",
        "tutor:shadowball",
        "tutor:shadowpunch",
        "tutor:shadowsneak",
        "tutor:shockwave",
        "tutor:sleeptalk",
        "tutor:sludge",
        "tutor:sludgebomb",
        "tutor:snore",
        "tutor:substitute",
        "tutor:sunnyday",
        "tutor:swagger",
        "tutor:taunt",
        "tutor:thief",
        "tutor:thunder",
        "tutor:thunderbolt",
        "tutor:thunderpunch",
        "tutor:toxic",
        "tutor:zapcannon"
    ],
    "labels": [
        "gen1",
        "kanto_regional",
        "poison",
        "dark"
    ],
    "pokedex": [
        "cobblemon.species.grimer.desc"
    ],
    "baseScale": 1,
    "hitbox": {
        "width": 1,
        "height": 1.2,
        "fixed": false
    },
    "baseFriendship": 70,
    "evYield": {
        "hp": 1,
        "attack": 0,
        "defence": 0,
        "special_attack": 0,
        "special_defence": 0,
        "speed": 0
    },
    "height": 9,
    "weight": 300,
    "evolutions": [
        {
            "id": "grimer_muk",
            "variant": "level_up",
            "result": "muk",
            "consumeHeldItem": false,
            "learnableMoves": [],
            "requirements": [
                {
                    "variant": "level",
                    "minLevel": 38
                }
            ]
        }
    ],
    "aspects": [],
    "cannotDynamax": false
}