{
  "implemented": true,
  "name": "Haunter",
  "nationalPokedexNumber": 93,
  "primaryType": "ghost",
  "secondaryType": "poison",
  "abilities": [
    "levitate"
  ],
  "drops": {
    "amount": 2,
    "entries": [
      {
        "item": "cobblemon:spell_tag",
        "percentage": 5.0
      },
      {
        "item": "cobblemon:payapa_berry",
        "percentage": 5.0
      }
    ]
  },
  "baseStats": {
    "hp": 45,
    "attack": 50,
    "defence": 45,
    "special_attack": 115,
    "special_defence": 55,
    "speed": 95
  },
  "catchRate": 90,
  "maleRatio": 0.5,
  "shoulderMountable": false,
  "baseExperienceYield": 142,
  "experienceGroup": "medium_slow",
  "eggCycles": 20,
  "eggGroups": [
    "amorphous"
  ],
  "behaviour": {
    "moving": {
      "fly": {
        "canFly": true
      },
      "walk": {
        "canWalk": false
      }
    }
  },
  "moves": [
    "1:confuseray",
    "1:hypnosis",
    "1:lick",
    "1:meanlook",
    "1:shadowpunch",
    "12:payback",
    "16:spite",
    "20:curse",
    "24:hex",
    "30:nightshade",
    "36:suckerpunch",
    "42:darkpulse",
    "48:shadowball",
    "54:destinybond",
    "60:dreameater",
    "61:nightmare",
    "tm:acidspray",
    "tm:allyswitch",
    "tm:attract",
    "tm:captivate",
    "tm:confide",
    "tm:confuseray",
    "tm:curse",
    "tm:darkpulse",
    "tm:dazzlinggleam",
    "tm:doubleteam",
    "tm:dreameater",
    "tm:embargo",
    "tm:encore",
    "tm:endure",
    "tm:energyball",
    "tm:explosion",
    "tm:facade",
    "tm:firepunch",
    "tm:fling",
    "tm:focusblast",
    "tm:foulplay",
    "tm:frustration",
    "tm:gigadrain",
    "tm:gunkshot",
    "tm:haze",
    "tm:hex",
    "tm:hiddenpower",
    "tm:icepunch",
    "tm:icywind",
    "tm:imprison",
    "tm:infestation",
    "tm:metronome",
    "tm:nastyplot",
    "tm:naturalgift",
    "tm:nightshade",
    "tm:painsplit",
    "tm:payback",
    "tm:phantomforce",
    "tm:poisonjab",
    "tm:poltergeist",
    "tm:protect",
    "tm:psychic",
    "tm:psychup",
    "tm:raindance",
    "tm:rest",
    "tm:return",
    "tm:round",
    "tm:scaryface",
    "tm:secretpower",
    "tm:selfdestruct",
    "tm:shadowball",
    "tm:shadowclaw",
    "tm:skillswap",
    "tm:skittersmack",
    "tm:sleeptalk",
    "tm:sludgebomb",
    "tm:sludgewave",
    "tm:snatch",
    "tm:snore",
    "tm:spite",
    "tm:substitute",
    "tm:sunnyday",
    "tm:swagger",
    "tm:taunt",
    "tm:telekinesis",
    "tm:terablast",
    "tm:thief",
    "tm:thunder",
    "tm:thunderbolt",
    "tm:thunderpunch",
    "tm:torment",
    "tm:toxic",
    "tm:toxicspikes",
    "tm:trick",
    "tm:trickroom",
    "tm:uproar",
    "tm:venoshock",
    "tm:willowisp",
    "tm:wonderroom",
    "tutor:allyswitch",
    "tutor:attract",
    "tutor:bide",
    "tutor:confuseray",
    "tutor:corrosivegas",
    "tutor:curse",
    "tutor:darkpulse",
    "tutor:dazzlinggleam",
    "tutor:destinybond",
    "tutor:doubleteam",
    "tutor:dreameater",
    "tutor:endure",
    "tutor:explosion",
    "tutor:facade",
    "tutor:firepunch",
    "tutor:foulplay",
    "tutor:frustration",
    "tutor:gigadrain",
    "tutor:headbutt",
    "tutor:hiddenpower",
    "tutor:hypnosis",
    "tutor:icepunch",
    "tutor:icywind",
    "tutor:knockoff",
    "tutor:lick",
    "tutor:meanlook",
    "tutor:megadrain",
    "tutor:mimic",
    "tutor:nightmare",
    "tutor:nightshade",
    "tutor:ominouswind",
    "tutor:painsplit",
    "tutor:payback",
    "tutor:poisongas",
    "tutor:poisonjab",
    "tutor:poltergeist",
    "tutor:protect",
    "tutor:psychic",
    "tutor:psychup",
    "tutor:psywave",
    "tutor:rage",
    "tutor:raindance",
    "tutor:rest",
    "tutor:return",
    "tutor:selfdestruct",
    "tutor:shadowball",
    "tutor:shadowpunch",
    "tutor:skillswap",
    "tutor:skittersmack",
    "tutor:sleeptalk",
    "tutor:sludgebomb",
    "tutor:smog",
    "tutor:snatch",
    "tutor:snore",
    "tutor:spite",
    "tutor:substitute",
    "tutor:suckerpunch",
    "tutor:sunnyday",
    "tutor:swagger",
    "tutor:taunt",
    "tutor:telekinesis",
    "tutor:thief",
    "tutor:thunder",
    "tutor:thunderbolt",
    "tutor:thunderpunch",
    "tutor:toxic",
    "tutor:trick",
    "tutor:uproar",
    "tutor:willowisp",
    "tutor:wonderroom",
    "tutor:zapcannon"
  ],
  "labels": [
    "gen1",
    "ghost",
    "poison"
  ],
  "pokedex": [
    "cobblemon.species.haunter.desc"
  ],
  "preEvolution": "gastly",
  "evolutions": [
    {
      "id": "haunter_gengar",
      "variant": "trade",
      "result": "gengar",
      "consumeHeldItem": false,
      "learnableMoves": [],
      "requirements": []
    }
  ],
  "baseScale": 1.2,
  "hitbox": {
    "width": 1.1,
    "height": 1.4,
    "fixed": false
  },
  "baseFriendship": 50,
  "evYield": {
    "hp": 0,
    "attack": 0,
    "defence": 0,
    "special_attack": 2,
    "special_defence": 0,
    "speed": 0
  },
  "height": 16,
  "weight": 1,
  "aspects": [],
  "cannotDynamax": false
}