{
  "implemented": true,
  "name": "Hitmonlee",
  "nationalPokedexNumber": 106,
  "primaryType": "fighting",
  "abilities": [
    "limber",
    "reckless",
    "h:unburden"
  ],
  "baseStats": {
    "hp": 50,
    "attack": 120,
    "defence": 53,
    "special_attack": 35,
    "special_defence": 110,
    "speed": 87
  },
  "catchRate": 45,
  "maleRatio": 1,
  "shoulderMountable": false,
  "baseExperienceYield": 159,
  "experienceGroup": "medium_fast",
  "eggCycles": 25,
  "eggGroups": [
    "human_like"
  ],
  "behaviour": {
    "resting": {
      "canSleep": true,
      "willSleepOnBed": false,
      "depth": "normal",
      "light": "0-4"
    }
  },
  "drops": {
    "amount": 2,
    "entries": [
      {
        "item": "cobblemon:black_belt",
        "percentage": 5.0
      },
      {
        "item": "cobblemon:payapa_berry",
        "percentage": 5.0
      }
    ]
  },
  "moves": [
    "1:fakeout",
    "1:feint",
    "1:focusenergy",
    "1:helpinghand",
    "1:jumpkick",
    "1:lowsweep",
    "1:meditate",
    "1:rollingkick",
    "1:tackle",
    "4:doublekick",
    "8:lowkick",
    "12:endure",
    "16:revenge",
    "16:suckerpunch",
    "17:brickbreak",
    "21:wideguard",
    "24:blazekick",
    "28:feint",
    "28:mindreader",
    "32:megakick",
    "36:closecombat",
    "37:foresight",
    "40:reversal",
    "44:highjumpkick",
    "tm:attract",
    "50:axekick",
    "tm:aurasphere",
    "tm:batonpass",
    "tm:blazekick",
    "tm:bodyslam",
    "tm:bounce",
    "tm:brickbreak",
    "tm:bulkup",
    "tm:bulldoze",
    "tm:captivate",
    "tm:closecombat",
    "tm:coaching",
    "tm:confide",
    "tm:doubleedge",
    "tm:doubleteam",
    "tm:earthquake",
    "tm:endeavor",
    "tm:endure",
    "tm:facade",
    "tm:fling",
    "tm:focusblast",
    "tm:focusenergy",
    "tm:focuspunch",
    "tm:frustration",
    "tm:gigaimpact",
    "tm:helpinghand",
    "tm:hiddenpower",
    "tm:knockoff",
    "tm:lowkick",
    "tm:lowsweep",
    "tm:lunge",
    "tm:megakick",
    "tm:megapunch",
    "tm:metronome",
    "tm:mudslap",
    "tm:naturalgift",
    "tm:poisonjab",
    "tm:poweruppunch",
    "tm:protect",
    "tm:raindance",
    "tm:rest",
    "tm:retaliate",
    "tm:return",
    "tm:revenge",
    "tm:reversal",
    "tm:rockclimb",
    "tm:rockslide",
    "tm:rocksmash",
    "tm:rocktomb",
    "tm:round",
    "tm:scaryface",
    "tm:secretpower",
    "tm:sleeptalk",
    "tm:snore",
    "tm:stompingtantrum",
    "tm:stoneedge",
    "tm:strength",
    "tm:substitute",
    "tm:sunnyday",
    "tm:superpower",
    "tm:swagger",
    "tm:swift",
    "tm:swordsdance",
    "tm:takedown",
    "tm:taunt",
    "tm:terablast",
    "tm:thief",
    "tm:throatchop",
    "tm:toxic",
    "tm:upperhand",
    "tm:uproar",
    "tm:vacuumwave",
    "tm:workup",
    "tutor:attract",
    "tutor:bide",
    "tutor:bodyslam",
    "tutor:bounce",
    "tutor:brickbreak",
    "tutor:bulkup",
    "tutor:coaching",
    "tutor:counter",
    "tutor:covet",
    "tutor:curse",
    "tutor:detect",
    "tutor:doubleedge",
    "tutor:doublekick",
    "tutor:doubleteam",
    "tutor:dynamicpunch",
    "tutor:earthquake",
    "tutor:endure",
    "tutor:facade",
    "tutor:feint",
    "tutor:focusenergy",
    "tutor:focuspunch",
    "tutor:foresight",
    "tutor:frustration",
    "tutor:headbutt",
    "tutor:helpinghand",
    "tutor:hiddenpower",
    "tutor:highjumpkick",
    "tutor:jumpkick",
    "tutor:knockoff",
    "tutor:laserfocus",
    "tutor:lowkick",
    "tutor:meditate",
    "tutor:megakick",
    "tutor:megapunch",
    "tutor:metronome",
    "tutor:mimic",
    "tutor:mindreader",
    "tutor:mudslap",
    "tutor:poisonjab",
    "tutor:protect",
    "tutor:rage",
    "tutor:refresh",
    "tutor:rest",
    "tutor:return",
    "tutor:reversal",
    "tutor:rockslide",
    "tutor:rocksmash",
    "tutor:roleplay",
    "tutor:rollingkick",
    "tutor:seismictoss",
    "tutor:skullbash",
    "tutor:sleeptalk",
    "tutor:snore",
    "tutor:stompingtantrum",
    "tutor:strength",
    "tutor:submission",
    "tutor:substitute",
    "tutor:suckerpunch",
    "tutor:sunnyday",
    "tutor:superpower",
    "tutor:swagger",
    "tutor:swift",
    "tutor:takedown",
    "tutor:thief",
    "tutor:toxic",
    "tutor:vacuumwave"
  ],
  "labels": [
    "gen1",
    "fighting"
  ],
  "pokedex": [
    "cobblemon.species.hitmonlee.desc"
  ],
  "preEvolution": "tyrogue",
  "evolutions": [],
  "baseScale": 1.2,
  "hitbox": {
    "width": 0.6,
    "height": 1.45,
    "fixed": false
  },
  "baseFriendship": 50,
  "evYield": {
    "hp": 0,
    "attack": 2,
    "defence": 0,
    "special_attack": 0,
    "special_defence": 0,
    "speed": 0
  },
  "height": 15,
  "weight": 498,
  "aspects": [],
  "cannotDynamax": false
}