{
  "implemented": true,
  "name": "Hitmonchan",
  "nationalPokedexNumber": 107,
  "primaryType": "fighting",
  "abilities": [
    "keeneye",
    "ironfist",
    "h:innerfocus"
  ],
  "baseStats": {
    "hp": 50,
    "attack": 105,
    "defence": 79,
    "special_attack": 35,
    "special_defence": 110,
    "speed": 76
  },
  "catchRate": 45,
  "maleRatio": 1,
  "shoulderMountable": false,
  "baseExperienceYield": 159,
  "experienceGroup": "medium_fast",
  "eggCycles": 25,
  "eggGroups": [
    "human_like"
  ],
  "behaviour": {
    "resting": {
      "canSleep": true,
      "willSleepOnBed": false,
      "depth": "normal",
      "light": "0-4"
    }
  },
  "drops": {
    "amount": 2,
    "entries": [
      {
        "item": "cobblemon:black_belt",
        "percentage": 5.0
      },
      {
        "item": "cobblemon:payapa_berry",
        "percentage": 5.0
      }
    ]
  },
  "moves": [
    "1:bulletpunch",
    "1:cometpunch",
    "1:fakeout",
    "1:feint",
    "1:focusenergy",
    "1:helpinghand",
    "1:pursuit",
    "1:tackle",
    "1:vacuumwave",
    "4:machpunch",
    "8:poweruppunch",
    "8:vacuumwave",
    "12:detect",
    "16:bulletpunch",
    "16:revenge",
    "21:quickguard",
    "24:firepunch",
    "24:icepunch",
    "24:thunderpunch",
    "28:agility",
    "32:megapunch",
    "36:closecombat",
    "40:counter",
    "41:skyuppercut",
    "44:focuspunch",
    "tm:agility",
    "tm:attract",
    "tm:aurasphere",
    "tm:batonpass",
    "tm:bodyslam",
    "tm:brickbreak",
    "tm:bulkup",
    "tm:bulldoze",
    "tm:captivate",
    "tm:closecombat",
    "tm:coaching",
    "tm:confide",
    "tm:doubleedge",
    "tm:doubleteam",
    "tm:drainpunch",
    "tm:earthquake",
    "tm:encore",
    "tm:endeavor",
    "tm:endure",
    "tm:facade",
    "tm:firepunch",
    "tm:fling",
    "tm:focusblast",
    "tm:focusenergy",
    "tm:focuspunch",
    "tm:frustration",
    "tm:gigaimpact",
    "tm:helpinghand",
    "tm:hiddenpower",
    "tm:icepunch",
    "tm:knockoff",
    "tm:lowkick",
    "tm:lowsweep",
    "tm:megakick",
    "tm:megapunch",
    "tm:metronome",
    "tm:mudslap",
    "tm:naturalgift",
    "tm:poisonjab",
    "tm:poweruppunch",
    "tm:protect",
    "tm:raindance",
    "tm:rest",
    "tm:retaliate",
    "tm:return",
    "tm:revenge",
    "tm:reversal",
    "tm:rockclimb",
    "tm:rockslide",
    "tm:rocksmash",
    "tm:rocktomb",
    "tm:round",
    "tm:scaryface",
    "tm:secretpower",
    "tm:sleeptalk",
    "tm:snore",
    "tm:stoneedge",
    "tm:strength",
    "tm:substitute",
    "tm:sunnyday",
    "tm:swagger",
    "tm:swift",
    "tm:swordsdance",
    "tm:takedown",
    "tm:taunt",
    "tm:terablast",
    "tm:thief",
    "tm:throatchop",
    "tm:thunderpunch",
    "tm:toxic",
    "tm:trailblaze",
    "tm:upperhand",
    "tm:uproar",
    "tm:vacuumwave",
    "tm:workup",
    "tutor:agility",
    "tutor:attract",
    "tutor:bide",
    "tutor:bodyslam",
    "tutor:brickbreak",
    "tutor:bulkup",
    "tutor:coaching",
    "tutor:cometpunch",
    "tutor:counter",
    "tutor:covet",
    "tutor:curse",
    "tutor:detect",
    "tutor:dizzypunch",
    "tutor:doubleedge",
    "tutor:doubleteam",
    "tutor:drainpunch",
    "tutor:dynamicpunch",
    "tutor:earthquake",
    "tutor:endure",
    "tutor:facade",
    "tutor:feint",
    "tutor:firepunch",
    "tutor:focusenergy",
    "tutor:focuspunch",
    "tutor:frustration",
    "tutor:headbutt",
    "tutor:helpinghand",
    "tutor:hiddenpower",
    "tutor:icepunch",
    "tutor:laserfocus",
    "tutor:leer",
    "tutor:lowkick",
    "tutor:machpunch",
    "tutor:megakick",
    "tutor:megapunch",
    "tutor:metronome",
    "tutor:mimic",
    "tutor:mindreader",
    "tutor:mudslap",
    "tutor:protect",
    "tutor:pursuit",
    "tutor:rage",
    "tutor:rest",
    "tutor:return",
    "tutor:rockslide",
    "tutor:rocksmash",
    "tutor:roleplay",
    "tutor:seismictoss",
    "tutor:skullbash",
    "tutor:skyuppercut",
    "tutor:sleeptalk",
    "tutor:snore",
    "tutor:strength",
    "tutor:submission",
    "tutor:substitute",
    "tutor:sunnyday",
    "tutor:swagger",
    "tutor:swift",
    "tutor:takedown",
    "tutor:thief",
    "tutor:throatchop",
    "tutor:thunderpunch",
    "tutor:toxic",
    "tutor:vacuumwave"
  ],
  "labels": [
    "gen1",
    "fighting"
  ],
  "pokedex": [
    "cobblemon.species.hitmonchan.desc"
  ],
  "preEvolution": "tyrogue",
  "evolutions": [],
  "baseScale": 1.05,
  "hitbox": {
    "width": 0.65,
    "height": 1.6,
    "fixed": false
  },
  "baseFriendship": 50,
  "evYield": {
    "hp": 0,
    "attack": 0,
    "defence": 0,
    "special_attack": 0,
    "special_defence": 2,
    "speed": 0
  },
  "height": 14,
  "weight": 502,
  "aspects": [],
  "cannotDynamax": false
}