{
  "implemented": true,
  "name": "Horsea",
  "nationalPokedexNumber": 116,
  "primaryType": "water",
  "abilities": [
    "swiftswim",
    "sniper",
    "h:damp"
  ],
  "baseStats": {
    "hp": 30,
    "attack": 40,
    "defence": 70,
    "special_attack": 70,
    "special_defence": 25,
    "speed": 60
  },
  "catchRate": 225,
  "maleRatio": 0.5,
  "shoulderMountable": false,
  "baseExperienceYield": 59,
  "experienceGroup": "medium_fast",
  "eggCycles": 20,
  "eggGroups": [
    "water_1",
    "dragon"
  ],
  "behaviour": {
    "moving": {
      "swim": {
        "canSwimInWater": true,
        "canBreatheUnderwater": true
      }
    }
  },
  "drops": {
    "amount": 2,
    "entries": [
      {
        "item": "minecraft:prismarine_shard",
        "quantityRange": "0-1"
      },
      {
        "item": "cobblemon:dragon_scale",
        "percentage": 2.5
      }
    ]
  },
  "moves": [
    "1:bubble",
    "1:leer",
    "1:watergun",
    "5:smokescreen",
    "10:twister",
    "15:focusenergy",
    "20:dragonbreath",
    "25:bubblebeam",
    "30:agility",
    "31:brine",
    "35:laserfocus",
    "35:waterpulse",
    "40:dragonpulse",
    "45:hydropump",
    "50:dragondance",
    "55:raindance",
    "egg:aurorabeam",
    "egg:clearsmog",
    "egg:disable",
    "egg:dragonbreath",
    "egg:dragonrage",
    "egg:flail",
    "egg:muddywater",
    "egg:octazooka",
    "egg:outrage",
    "egg:razorwind",
    "egg:signalbeam",
    "egg:splash",
    "egg:waterpulse",
    "tm:agility",
    "tm:attract",
    "tm:blizzard",
    "tm:bounce",
    "tm:brine",
    "tm:captivate",
    "tm:chillingwater",
    "tm:confide",
    "tm:dive",
    "tm:doubleteam",
    "tm:dragondance",
    "tm:dragonpulse",
    "tm:endure",
    "tm:facade",
    "tm:flashcannon",
    "tm:flipturn",
    "tm:focusenergy",
    "tm:frustration",
    "tm:hail",
    "tm:hiddenpower",
    "tm:hydropump",
    "tm:icebeam",
    "tm:icywind",
    "tm:liquidation",
    "tm:muddywater",
    "tm:naturalgift",
    "tm:outrage",
    "tm:protect",
    "tm:raindance",
    "tm:rest",
    "tm:return",
    "tm:round",
    "tm:scald",
    "tm:scaleshot",
    "tm:secretpower",
    "tm:sleeptalk",
    "tm:snore",
    "tm:substitute",
    "tm:surf",
    "tm:swagger",
    "tm:swift",
    "tm:terablast",
    "tm:toxic",
    "tm:waterfall",
    "tm:waterpulse",
    "tm:weatherball",
    "tm:whirlpool",
    "tutor:agility",
    "tutor:attract",
    "tutor:aurorabeam",
    "tutor:bide",
    "tutor:blizzard",
    "tutor:bounce",
    "tutor:brine",
    "tutor:bubble",
    "tutor:bubblebeam",
    "tutor:curse",
    "tutor:disable",
    "tutor:dive",
    "tutor:doubleedge",
    "tutor:doubleteam",
    "tutor:dragonbreath",
    "tutor:dragonpulse",
    "tutor:dragonrage",
    "tutor:endure",
    "tutor:facade",
    "tutor:flail",
    "tutor:flashcannon",
    "tutor:flipturn",
    "tutor:focusenergy",
    "tutor:frustration",
    "tutor:headbutt",
    "tutor:hiddenpower",
    "tutor:hydropump",
    "tutor:icebeam",
    "tutor:icywind",
    "tutor:leer",
    "tutor:mimic",
    "tutor:octazooka",
    "tutor:outrage",
    "tutor:protect",
    "tutor:rage",
    "tutor:raindance",
    "tutor:rest",
    "tutor:return",
    "tutor:scald",
    "tutor:scaleshot",
    "tutor:signalbeam",
    "tutor:skullbash",
    "tutor:sleeptalk",
    "tutor:smokescreen",
    "tutor:snore",
    "tutor:splash",
    "tutor:substitute",
    "tutor:surf",
    "tutor:swagger",
    "tutor:swift",
    "tutor:takedown",
    "tutor:toxic",
    "tutor:twister",
    "tutor:waterfall",
    "tutor:watergun",
    "tutor:waterpulse",
    "tutor:whirlpool"
  ],
  "labels": [
    "gen1",
    "water"
  ],
  "pokedex": [
    "cobblemon.species.horsea.desc"
  ],
  "evolutions": [
    {
      "id": "horsea_seadra",
      "variant": "level_up",
      "result": "seadra",
      "consumeHeldItem": false,
      "learnableMoves": [],
      "requirements": [
        {
          "variant": "level",
          "minLevel": 32
        }
      ]
    }
  ],
  "baseScale": 0.7,
  "hitbox": {
    "width": 0.5,
    "height": 1.1,
    "fixed": false
  },
  "baseFriendship": 50,
  "evYield": {
    "hp": 0,
    "attack": 0,
    "defence": 0,
    "special_attack": 1,
    "special_defence": 0,
    "speed": 0
  },
  "height": 4,
  "weight": 80,
  "aspects": [],
  "cannotDynamax": false
}