{
  "implemented": true,
  "name": "Ivysaur",
  "nationalPokedexNumber": 2,
  "primaryType": "grass",
  "secondaryType": "poison",
  "abilities": [
    "overgrow",
    "h:chlorophyll"
  ],
  "baseStats": {
    "hp": 60,
    "attack": 62,
    "defence": 63,
    "special_attack": 80,
    "special_defence": 80,
    "speed": 60
  },
  "behaviour": {
    "resting": {
      "canSleep": true,
      "depth": "normal",
      "light": "0-4"
    }
  },
  "catchRate": 45,
  "maleRatio": 0.875,
  "shoulderMountable": false,
  "baseExperienceYield": 142,
  "experienceGroup": "medium_slow",
  "eggCycles": 20,
  "eggGroups": [
    "monster",
    "grass"
  ],
  "drops": {
    "amount": 3,
    "entries": [
      {
        "item": "minecraft:melon_seeds",
        "quantityRange": "0-2"
      },
      {
        "item": "cobblemon:miracle_seed",
        "percentage": 10.0
      }
    ]
  },
  "moves": [
    "1:growl",
    "1:growth",
    "1:tackle",
    "1:vinewhip",
    "9:leechseed",
    "12:razorleaf",
    "15:poisonpowder",
    "15:sleeppowder",
    "20:seedbomb",
    "25:takedown",
    "30:sweetscent",
    "35:synthesis",
    "40:worryseed",
    "45:doubleedge",
    "45:powerwhip",
    "50:solarbeam",
    "tm:acidspray",
    "tm:amnesia",
    "tm:attract",
    "tm:bodyslam",
    "tm:bulletseed",
    "tm:captivate",
    "tm:charm",
    "tm:confide",
    "tm:curse",
    "tm:cut",
    "tm:doubleedge",
    "tm:doubleteam",
    "tm:echoedvoice",
    "tm:endure",
    "tm:energyball",
    "tm:facade",
    "tm:falseswipe",
    "tm:flash",
    "tm:frustration",
    "tm:gigadrain",
    "tm:grassknot",
    "tm:grasspledge",
    "tm:grassyglide",
    "tm:grassyterrain",
    "tm:helpinghand",
    "tm:hiddenpower",
    "tm:knockoff",
    "tm:leafstorm",
    "tm:lightscreen",
    "tm:magicalleaf",
    "tm:naturalgift",
    "tm:naturepower",
    "tm:powerwhip",
    "tm:protect",
    "tm:rest",
    "tm:return",
    "tm:roar",
    "tm:rocksmash",
    "tm:round",
    "tm:safeguard",
    "tm:secretpower",
    "tm:seedbomb",
    "tm:sleeptalk",
    "tm:sludgebomb",
    "tm:snore",
    "tm:solarbeam",
    "tm:strength",
    "tm:substitute",
    "tm:sunnyday",
    "tm:swagger",
    "tm:swordsdance",
    "tm:takedown",
    "tm:terablast",
    "tm:toxic",
    "tm:trailblaze",
    "tm:venoshock",
    "tm:weatherball",
    "tm:workup",
    "tutor:attract",
    "tutor:bide",
    "tutor:bind",
    "tutor:bodyslam",
    "tutor:curse",
    "tutor:cut",
    "tutor:defensecurl",
    "tutor:doubleedge",
    "tutor:doubleteam",
    "tutor:endure",
    "tutor:facade",
    "tutor:flash",
    "tutor:frustration",
    "tutor:furycutter",
    "tutor:gigadrain",
    "tutor:grasspledge",
    "tutor:grassyglide",
    "tutor:growl",
    "tutor:growth",
    "tutor:headbutt",
    "tutor:hiddenpower",
    "tutor:knockoff",
    "tutor:leechseed",
    "tutor:lightscreen",
    "tutor:megadrain",
    "tutor:mimic",
    "tutor:mudslap",
    "tutor:outrage",
    "tutor:poisonpowder",
    "tutor:protect",
    "tutor:rage",
    "tutor:razorleaf",
    "tutor:reflect",
    "tutor:rest",
    "tutor:return",
    "tutor:seedbomb",
    "tutor:sleeppowder",
    "tutor:sleeptalk",
    "tutor:sludgebomb",
    "tutor:snore",
    "tutor:solarbeam",
    "tutor:stringshot",
    "tutor:substitute",
    "tutor:sunnyday",
    "tutor:swagger",
    "tutor:sweetscent",
    "tutor:swordsdance",
    "tutor:synthesis",
    "tutor:tackle",
    "tutor:takedown",
    "tutor:toxic",
    "tutor:vinewhip",
    "tutor:worryseed"
  ],
  "labels": [
    "gen1",
    "grass",
    "poison"
  ],
  "pokedex": [
    "cobblemon.species.ivysaur.desc"
  ],
  "preEvolution": "bulbasaur",
  "evolutions": [
    {
      "id": "ivysaur_venusaur",
      "variant": "level_up",
      "result": "venusaur",
      "consumeHeldItem": false,
      "learnableMoves": [
        "petalblizzard"
      ],
      "requirements": [
        {
          "variant": "level",
          "minLevel": 32
        }
      ]
    }
  ],
  "baseScale": 1,
  "hitbox": {
    "width": 0.7,
    "height": 1,
    "fixed": false
  },
  "baseFriendship": 50,
  "evYield": {
    "hp": 0,
    "attack": 0,
    "defence": 0,
    "special_attack": 1,
    "special_defence": 1,
    "speed": 0
  },
  "height": 10,
  "weight": 130,
  "aspects": [],
  "cannotDynamax": false
}