{
  "implemented": true,
  "name": "Jigglypuff",
  "nationalPokedexNumber": 39,
  "primaryType": "normal",
  "secondaryType": "fairy",
  "abilities": [
    "cutecharm",
    "competitive",
    "h:friendguard"
  ],
  "drops": {
    "amount": 3,
    "entries": [
      {
        "item": "cobblemon:moon_stone",
        "percentage": 5.0
      },
      {
        "item": "cobblemon:air_balloon",
        "percentage": 5.0
      },
      {
        "item": "cobblemon:oran_berry",
        "percentage": 5.0
      }
    ]
  },
  "baseStats": {
    "hp": 115,
    "attack": 45,
    "defence": 20,
    "special_attack": 45,
    "special_defence": 25,
    "speed": 20
  },
  "behaviour": {
    "resting": {
      "canSleep": true,
      "willSleepOnBed": true,
      "depth": "normal",
      "light": "0-4"
    }
  },
  "catchRate": 170,
  "maleRatio": 0.25,
  "shoulderMountable": false,
  "baseExperienceYield": 95,
  "experienceGroup": "fast",
  "eggCycles": 10,
  "eggGroups": [
    "fairy"
  ],
  "moves": [
    "1:charm",
    "1:copycat",
    "1:defensecurl",
    "1:disable",
    "1:disarmingvoice",
    "1:pound",
    "1:sing",
    "1:sweetkiss",
    "4:echoedvoice",
    "8:covet",
    "9:playnice",
    "12:spitup",
    "12:stockpile",
    "12:swallow",
    "16:round",
    "17:doubleslap",
    "20:rest",
    "20:rollout",
    "24:bodyslam",
    "27:wakeupslap",
    "28:mimic",
    "32:gyroball",
    "36:hypervoice",
    "40:playrough",
    "44:doubleedge",
    "tm:alluringvoice",
    "tm:allyswitch",
    "tm:amnesia",
    "tm:attract",
    "tm:batonpass",
    "tm:blizzard",
    "tm:bodypress",
    "tm:bodyslam",
    "tm:bounce",
    "tm:brickbreak",
    "tm:calmmind",
    "tm:captivate",
    "tm:chargebeam",
    "tm:charm",
    "tm:chillingwater",
    "tm:confide",
    "tm:darkpulse",
    "tm:dazzlinggleam",
    "tm:dig",
    "tm:disarmingvoice",
    "tm:doubleedge",
    "tm:doubleteam",
    "tm:drainingkiss",
    "tm:drainpunch",
    "tm:dreameater",
    "tm:echoedvoice",
    "tm:encore",
    "tm:endeavor",
    "tm:endure",
    "tm:energyball",
    "tm:facade",
    "tm:faketears",
    "tm:fireblast",
    "tm:firepunch",
    "tm:flamethrower",
    "tm:flash",
    "tm:fling",
    "tm:focuspunch",
    "tm:frustration",
    "tm:grassknot",
    "tm:gravity",
    "tm:gyroball",
    "tm:helpinghand",
    "tm:hiddenpower",
    "tm:hypervoice",
    "tm:icebeam",
    "tm:icepunch",
    "tm:icespinner",
    "tm:icywind",
    "tm:incinerate",
    "tm:knockoff",
    "tm:lightscreen",
    "tm:magicalleaf",
    "tm:megakick",
    "tm:megapunch",
    "tm:metronome",
    "tm:mistyexplosion",
    "tm:mistyterrain",
    "tm:nastyplot",
    "tm:naturalgift",
    "tm:painsplit",
    "tm:playrough",
    "tm:poweruppunch",
    "tm:protect",
    "tm:psychic",
    "tm:psychicnoise",
    "tm:psychup",
    "tm:psyshock",
    "tm:raindance",
    "tm:recycle",
    "tm:reflect",
    "tm:rest",
    "tm:retaliate",
    "tm:return",
    "tm:round",
    "tm:safeguard",
    "tm:sandstorm",
    "tm:screech",
    "tm:secretpower",
    "tm:selfdestruct",
    "tm:shadowball",
    "tm:shockwave",
    "tm:skillswap",
    "tm:sleeptalk",
    "tm:snatch",
    "tm:snore",
    "tm:solarbeam",
    "tm:stealthrock",
    "tm:storedpower",
    "tm:strength",
    "tm:substitute",
    "tm:sunnyday",
    "tm:swagger",
    "tm:swift",
    "tm:takedown",
    "tm:taunt",
    "tm:terablast",
    "tm:thief",
    "tm:thunder",
    "tm:thunderbolt",
    "tm:thunderpunch",
    "tm:thunderwave",
    "tm:toxic",
    "tm:trailblaze",
    "tm:triattack",
    "tm:uproar",
    "tm:waterpulse",
    "tm:wildcharge",
    "tm:workup",
    "tm:zenheadbutt",
    "tutor:allyswitch",
    "tutor:attract",
    "tutor:bide",
    "tutor:blizzard",
    "tutor:bodyslam",
    "tutor:bounce",
    "tutor:brickbreak",
    "tutor:bubblebeam",
    "tutor:counter",
    "tutor:covet",
    "tutor:curse",
    "tutor:dazzlinggleam",
    "tutor:defensecurl",
    "tutor:detect",
    "tutor:dig",
    "tutor:disable",
    "tutor:doubleedge",
    "tutor:doubleslap",
    "tutor:doubleteam",
    "tutor:drainpunch",
    "tutor:dreameater",
    "tutor:dynamicpunch",
    "tutor:endeavor",
    "tutor:endure",
    "tutor:facade",
    "tutor:fireblast",
    "tutor:firepunch",
    "tutor:flamethrower",
    "tutor:flash",
    "tutor:focuspunch",
    "tutor:frustration",
    "tutor:gravity",
    "tutor:headbutt",
    "tutor:healbell",
    "tutor:helpinghand",
    "tutor:hiddenpower",
    "tutor:hypervoice",
    "tutor:icebeam",
    "tutor:icepunch",
    "tutor:icywind",
    "tutor:knockoff",
    "tutor:lastresort",
    "tutor:lightscreen",
    "tutor:magiccoat",
    "tutor:megakick",
    "tutor:megapunch",
    "tutor:mimic",
    "tutor:mistyexplosion",
    "tutor:mudslap",
    "tutor:nightmare",
    "tutor:painsplit",
    "tutor:playrough",
    "tutor:pound",
    "tutor:protect",
    "tutor:psychic",
    "tutor:psychup",
    "tutor:psywave",
    "tutor:rage",
    "tutor:raindance",
    "tutor:recycle",
    "tutor:reflect",
    "tutor:rest",
    "tutor:return",
    "tutor:roleplay",
    "tutor:rollout",
    "tutor:seismictoss",
    "tutor:shadowball",
    "tutor:shockwave",
    "tutor:sing",
    "tutor:skullbash",
    "tutor:sleeptalk",
    "tutor:snatch",
    "tutor:snore",
    "tutor:solarbeam",
    "tutor:stealthrock",
    "tutor:steelroller",
    "tutor:strength",
    "tutor:submission",
    "tutor:substitute",
    "tutor:sunnyday",
    "tutor:swagger",
    "tutor:takedown",
    "tutor:telekinesis",
    "tutor:teleport",
    "tutor:thunder",
    "tutor:thunderbolt",
    "tutor:thunderpunch",
    "tutor:thunderwave",
    "tutor:toxic",
    "tutor:triattack",
    "tutor:watergun",
    "tutor:waterpulse",
    "tutor:zapcannon"
  ],
  "labels": [
    "gen1",
    "normal",
    "fairy"
  ],
  "pokedex": [
    "cobblemon.species.jigglypuff.desc"
  ],
  "preEvolution": "igglybuff",
  "evolutions": [
    {
      "id": "jigglypuff_wigglytuff",
      "variant": "item_interact",
      "result": "wigglytuff",
      "consumeHeldItem": false,
      "learnableMoves": [],
      "requirements": [],
      "requiredContext": "cobblemon:moon_stone"
    }
  ],
  "baseScale": 1,
  "hitbox": {
    "width": 0.6,
    "height": 0.7,
    "fixed": false
  },
  "baseFriendship": 50,
  "evYield": {
    "hp": 2,
    "attack": 0,
    "defence": 0,
    "special_attack": 0,
    "special_defence": 0,
    "speed": 0
  },
  "height": 5,
  "weight": 55,
  "aspects": [],
  "cannotDynamax": false
}