{
  "implemented": true,
  "name": "Jolteon",
  "nationalPokedexNumber": 135,
  "primaryType": "electric",
  "abilities": [
    "voltabsorb",
    "h:quickfeet"
  ],
  "drops": {
    "amount": 2,
    "entries": [
      {
        "item": "cobblemon:thunder_stone",
        "percentage": 25.0
      },
      {
        "item": "cobblemon:magnet",
        "percentage": 10.0
      }
    ]
  },
  "baseStats": {
    "hp": 65,
    "attack": 65,
    "defence": 60,
    "special_attack": 110,
    "special_defence": 95,
    "speed": 130
  },
  "catchRate": 45,
  "maleRatio": 0.875,
  "shoulderMountable": false,
  "baseExperienceYield": 184,
  "experienceGroup": "medium_fast",
  "eggCycles": 35,
  "eggGroups": [
    "field"
  ],
  "moves": [
    "1:batonpass",
    "1:bite",
    "1:charm",
    "1:copycat",
    "1:covet",
    "1:doubleedge",
    "1:growl",
    "1:helpinghand",
    "1:swift",
    "1:tackle",
    "1:tailwhip",
    "1:takedown",
    "1:thundershock",
    "5:sandattack",
    "10:quickattack",
    "15:babydolleyes",
    "20:thunderwave",
    "25:doublekick",
    "30:thunderfang",
    "35:pinmissile",
    "40:discharge",
    "45:agility",
    "50:thunder",
    "55:lastresort",
    "tm:agility",
    "tm:alluringvoice",
    "tm:attract",
    "tm:batonpass",
    "tm:bodyslam",
    "tm:calmmind",
    "tm:captivate",
    "tm:charge",
    "tm:chargebeam",
    "tm:charm",
    "tm:confide",
    "tm:curse",
    "tm:dig",
    "tm:doubleedge",
    "tm:doubleteam",
    "tm:echoedvoice",
    "tm:eerieimpulse",
    "tm:electricterrain",
    "tm:electroball",
    "tm:electroweb",
    "tm:endure",
    "tm:facade",
    "tm:faketears",
    "tm:falseswipe",
    "tm:flash",
    "tm:focusenergy",
    "tm:frustration",
    "tm:gigaimpact",
    "tm:helpinghand",
    "tm:hiddenpower",
    "tm:hyperbeam",
    "tm:hypervoice",
    "tm:irontail",
    "tm:lightscreen",
    "tm:metalsound",
    "tm:mudslap",
    "tm:naturalgift",
    "tm:payday",
    "tm:pinmissile",
    "tm:protect",
    "tm:raindance",
    "tm:rest",
    "tm:retaliate",
    "tm:return",
    "tm:roar",
    "tm:rocksmash",
    "tm:round",
    "tm:secretpower",
    "tm:shadowball",
    "tm:shockwave",
    "tm:sleeptalk",
    "tm:snore",
    "tm:storedpower",
    "tm:strength",
    "tm:substitute",
    "tm:sunnyday",
    "tm:swagger",
    "tm:swift",
    "tm:takedown",
    "tm:terablast",
    "tm:thunder",
    "tm:thunderbolt",
    "tm:thunderfang",
    "tm:thunderwave",
    "tm:toxic",
    "tm:trailblaze",
    "tm:voltswitch",
    "tm:weatherball",
    "tm:wildcharge",
    "tm:workup",
    "tutor:agility",
    "tutor:attract",
    "tutor:bide",
    "tutor:bodyslam",
    "tutor:celebrate",
    "tutor:covet",
    "tutor:curse",
    "tutor:detect",
    "tutor:dig",
    "tutor:doubleedge",
    "tutor:doublekick",
    "tutor:doubleteam",
    "tutor:endure",
    "tutor:facade",
    "tutor:flash",
    "tutor:frustration",
    "tutor:growl",
    "tutor:headbutt",
    "tutor:healbell",
    "tutor:helpinghand",
    "tutor:hiddenpower",
    "tutor:hyperbeam",
    "tutor:hypervoice",
    "tutor:irontail",
    "tutor:laserfocus",
    "tutor:lastresort",
    "tutor:lightscreen",
    "tutor:magnetrise",
    "tutor:mimic",
    "tutor:mudslap",
    "tutor:payday",
    "tutor:pinmissile",
    "tutor:protect",
    "tutor:quickattack",
    "tutor:rage",
    "tutor:raindance",
    "tutor:reflect",
    "tutor:rest",
    "tutor:return",
    "tutor:risingvoltage",
    "tutor:roar",
    "tutor:sandattack",
    "tutor:shadowball",
    "tutor:shockwave",
    "tutor:signalbeam",
    "tutor:skullbash",
    "tutor:sleeptalk",
    "tutor:snore",
    "tutor:substitute",
    "tutor:sunnyday",
    "tutor:swagger",
    "tutor:swift",
    "tutor:tackle",
    "tutor:tailwhip",
    "tutor:takedown",
    "tutor:thunder",
    "tutor:thunderbolt",
    "tutor:thundershock",
    "tutor:thunderwave",
    "tutor:toxic",
    "tutor:voltswitch",
    "tutor:yawn",
    "tutor:zapcannon"
  ],
  "labels": [
    "gen1",
    "electric"
  ],
  "pokedex": [
    "cobblemon.species.jolteon.desc"
  ],
  "preEvolution": "eevee",
  "evolutions": [],
  "baseScale": 0.8,
  "hitbox": {
    "width": 0.9,
    "height": 1,
    "fixed": false
  },
  "baseFriendship": 50,
  "evYield": {
    "hp": 0,
    "attack": 0,
    "defence": 0,
    "special_attack": 0,
    "special_defence": 0,
    "speed": 2
  },
  "height": 8,
  "weight": 245,
  "aspects": [],
  "cannotDynamax": false
}