{
  "implemented": true,
  "name": "Jynx",
  "nationalPokedexNumber": 124,
  "primaryType": "ice",
  "secondaryType": "psychic",
  "abilities": [
    "oblivious",
    "forewarn",
    "h:dryskin"
  ],
  "drops": {
    "amount": 1,
    "entries": [
      {
        "item": "cobblemon:aspear_berry",
        "percentage": 5.0
      }
    ]
  },
  "baseStats": {
    "hp": 65,
    "attack": 50,
    "defence": 35,
    "special_attack": 115,
    "special_defence": 95,
    "speed": 95
  },
  "catchRate": 45,
  "maleRatio": 0,
  "shoulderMountable": false,
  "baseExperienceYield": 159,
  "experienceGroup": "medium_fast",
  "eggCycles": 25,
  "eggGroups": [
    "human_like"
  ],
  "moves": [
    "1:copycat",
    "1:drainingkiss",
    "1:lick",
    "1:pound",
    "1:powdersnow",
    "1:sweetkiss",
    "12:confusion",
    "15:doubleslap",
    "16:covet",
    "20:sing",
    "21:heartstamp",
    "24:faketears",
    "28:icepunch",
    "33:wakeupslap",
    "34:psychic",
    "39:avalanche",
    "40:lovelykiss",
    "44:bodyslam",
    "46:meanlook",
    "49:wringout",
    "52:perishsong",
    "58:blizzard",
    "tm:allyswitch",
    "tm:attract",
    "tm:auroraveil",
    "tm:avalanche",
    "tm:blizzard",
    "tm:bodyslam",
    "tm:brickbreak",
    "tm:calmmind",
    "tm:captivate",
    "tm:charm",
    "tm:confide",
    "tm:doubleteam",
    "tm:drainingkiss",
    "tm:drainpunch",
    "tm:dreameater",
    "tm:echoedvoice",
    "tm:encore",
    "tm:endure",
    "tm:energyball",
    "tm:facade",
    "tm:faketears",
    "tm:flash",
    "tm:fling",
    "tm:focusblast",
    "tm:focuspunch",
    "tm:frostbreath",
    "tm:frustration",
    "tm:futuresight",
    "tm:gigaimpact",
    "tm:grassknot",
    "tm:hail",
    "tm:helpinghand",
    "tm:hiddenpower",
    "tm:hyperbeam",
    "tm:hypervoice",
    "tm:icebeam",
    "tm:icepunch",
    "tm:iciclespear",
    "tm:icywind",
    "tm:lightscreen",
    "tm:magicroom",
    "tm:megakick",
    "tm:megapunch",
    "tm:metronome",
    "tm:nastyplot",
    "tm:naturalgift",
    "tm:payback",
    "tm:poweruppunch",
    "tm:protect",
    "tm:psychic",
    "tm:psychicterrain",
    "tm:psychocut",
    "tm:psychup",
    "tm:psyshock",
    "tm:raindance",
    "tm:recycle",
    "tm:reflect",
    "tm:rest",
    "tm:return",
    "tm:round",
    "tm:secretpower",
    "tm:shadowball",
    "tm:skillswap",
    "tm:sleeptalk",
    "tm:snore",
    "tm:storedpower",
    "tm:substitute",
    "tm:swagger",
    "tm:taunt",
    "tm:telekinesis",
    "tm:thief",
    "tm:torment",
    "tm:toxic",
    "tm:trick",
    "tm:trickroom",
    "tm:uproar",
    "tm:waterpulse",
    "tm:wonderroom",
    "tm:zenheadbutt",
    "tutor:allyswitch",
    "tutor:attract",
    "tutor:bide",
    "tutor:blizzard",
    "tutor:bodyslam",
    "tutor:brickbreak",
    "tutor:bubblebeam",
    "tutor:calmmind",
    "tutor:confusion",
    "tutor:counter",
    "tutor:covet",
    "tutor:curse",
    "tutor:doubleedge",
    "tutor:doubleslap",
    "tutor:doubleteam",
    "tutor:drainpunch",
    "tutor:dreameater",
    "tutor:dynamicpunch",
    "tutor:endure",
    "tutor:expandingforce",
    "tutor:facade",
    "tutor:focuspunch",
    "tutor:frustration",
    "tutor:headbutt",
    "tutor:healbell",
    "tutor:helpinghand",
    "tutor:hiddenpower",
    "tutor:hyperbeam",
    "tutor:hypervoice",
    "tutor:icebeam",
    "tutor:icepunch",
    "tutor:icywind",
    "tutor:lick",
    "tutor:lightscreen",
    "tutor:lovelykiss",
    "tutor:magiccoat",
    "tutor:magicroom",
    "tutor:meanlook",
    "tutor:megakick",
    "tutor:megapunch",
    "tutor:metronome",
    "tutor:mimic",
    "tutor:mudslap",
    "tutor:nightmare",
    "tutor:perishsong",
    "tutor:pound",
    "tutor:powdersnow",
    "tutor:protect",
    "tutor:psychic",
    "tutor:psychup",
    "tutor:psywave",
    "tutor:rage",
    "tutor:raindance",
    "tutor:recycle",
    "tutor:reflect",
    "tutor:rest",
    "tutor:return",
    "tutor:roleplay",
    "tutor:screech",
    "tutor:seismictoss",
    "tutor:shadowball",
    "tutor:signalbeam",
    "tutor:skillswap",
    "tutor:skullbash",
    "tutor:sleeptalk",
    "tutor:snore",
    "tutor:submission",
    "tutor:substitute",
    "tutor:swagger",
    "tutor:sweetscent",
    "tutor:takedown",
    "tutor:taunt",
    "tutor:telekinesis",
    "tutor:teleport",
    "tutor:thief",
    "tutor:thrash",
    "tutor:toxic",
    "tutor:trick",
    "tutor:tripleaxel",
    "tutor:watergun",
    "tutor:waterpulse",
    "tutor:wonderroom",
    "tutor:zenheadbutt"
  ],
  "labels": [
    "gen1",
    "ice",
    "psychic"
  ],
  "pokedex": [
    "cobblemon.species.jynx.desc"
  ],
  "preEvolution": "smoochum",
  "evolutions": [],
  "baseScale": 1.3,
  "hitbox": {
    "width": 0.9,
    "height": 1.2,
    "fixed": false
  },
  "baseFriendship": 50,
  "evYield": {
    "hp": 0,
    "attack": 0,
    "defence": 0,
    "special_attack": 2,
    "special_defence": 0,
    "speed": 0
  },
  "height": 14,
  "weight": 406,
  "aspects": [],
  "cannotDynamax": false
}