{
  "implemented": true,
  "name": "Kabuto",
  "nationalPokedexNumber": 140,
  "primaryType": "rock",
  "secondaryType": "water",
  "abilities": [
    "swiftswim",
    "battlearmor",
    "h:weakarmor"
  ],
  "baseStats": {
    "hp": 30,
    "attack": 80,
    "defence": 90,
    "special_attack": 55,
    "special_defence": 45,
    "speed": 55
  },
  "behaviour": {
    "moving": {
      "swim": {
        "swimSpeed": 0.2,
        "canSwimInWater": true,
        "canBreatheUnderwater": true
      }
    },
    "resting": {
      "canSleep": true,
      "willSleepOnBed": false,
      "depth": "normal",
      "light": "0-4"
    }
  },
  "catchRate": 45,
  "maleRatio": 0.875,
  "shoulderMountable": false,
  "baseExperienceYield": 71,
  "experienceGroup": "medium_fast",
  "eggCycles": 30,
  "eggGroups": [
    "water_1",
    "water_3"
  ],
  "drops": {
    "amount": 3,
    "entries": [
      {
        "item": "minecraft:scute",
        "quantityRange": "0-2"
      },
      {
        "item": "minecraft:bone_meal",
        "percentage": 5.0
      }
    ]
  },
  "moves": [
    "1:absorb",
    "1:harden",
    "5:scratch",
    "10:sandattack",
    "15:aquajet",
    "20:leer",
    "25:mudshot",
    "26:endure",
    "30:ancientpower",
    "35:brine",
    "36:megadrain",
    "41:protect",
    "45:leechlife",
    "50:liquidation",
    "50:wringout",
    "55:metalsound",
    "60:stoneedge",
    "egg:aurorabeam",
    "egg:bubblebeam",
    "egg:confuseray",
    "egg:dig",
    "egg:flail",
    "egg:foresight",
    "egg:gigadrain",
    "egg:icywind",
    "egg:knockoff",
    "egg:megadrain",
    "egg:mudshot",
    "egg:rapidspin",
    "egg:screech",
    "egg:takedown",
    "tm:aerialace",
    "tm:attract",
    "tm:blizzard",
    "tm:bodyslam",
    "tm:brine",
    "tm:captivate",
    "tm:confide",
    "tm:dig",
    "tm:doubleteam",
    "tm:earthpower",
    "tm:endure",
    "tm:facade",
    "tm:frustration",
    "tm:gigadrain",
    "tm:hail",
    "tm:hiddenpower",
    "tm:honeclaws",
    "tm:hydropump",
    "tm:icebeam",
    "tm:icywind",
    "tm:irondefense",
    "tm:leechlife",
    "tm:liquidation",
    "tm:mudshot",
    "tm:naturalgift",
    "tm:protect",
    "tm:raindance",
    "tm:rest",
    "tm:return",
    "tm:rockblast",
    "tm:rockpolish",
    "tm:rockslide",
    "tm:rocksmash",
    "tm:rocktomb",
    "tm:round",
    "tm:sandstorm",
    "tm:scald",
    "tm:screech",
    "tm:secretpower",
    "tm:sleeptalk",
    "tm:smackdown",
    "tm:snore",
    "tm:stealthrock",
    "tm:stoneedge",
    "tm:substitute",
    "tm:surf",
    "tm:swagger",
    "tm:thief",
    "tm:toxic",
    "tm:waterfall",
    "tm:waterpulse",
    "tm:whirlpool",
    "tutor:absorb",
    "tutor:ancientpower",
    "tutor:aquajet",
    "tutor:attract",
    "tutor:aurorabeam",
    "tutor:bide",
    "tutor:blizzard",
    "tutor:bodyslam",
    "tutor:bubblebeam",
    "tutor:confuseray",
    "tutor:curse",
    "tutor:dig",
    "tutor:doubleedge",
    "tutor:doubleteam",
    "tutor:earthpower",
    "tutor:endure",
    "tutor:facade",
    "tutor:flail",
    "tutor:frustration",
    "tutor:gigadrain",
    "tutor:harden",
    "tutor:headbutt",
    "tutor:hiddenpower",
    "tutor:hydropump",
    "tutor:icebeam",
    "tutor:icywind",
    "tutor:irondefense",
    "tutor:knockoff",
    "tutor:leechlife",
    "tutor:leer",
    "tutor:megadrain",
    "tutor:meteorbeam",
    "tutor:mimic",
    "tutor:mudslap",
    "tutor:protect",
    "tutor:rage",
    "tutor:raindance",
    "tutor:rapidspin",
    "tutor:reflect",
    "tutor:rest",
    "tutor:return",
    "tutor:rockslide",
    "tutor:rocksmash",
    "tutor:rockthrow",
    "tutor:rollout",
    "tutor:sandattack",
    "tutor:sandstorm",
    "tutor:scald",
    "tutor:scratch",
    "tutor:slash",
    "tutor:sleeptalk",
    "tutor:snore",
    "tutor:stealthrock",
    "tutor:substitute",
    "tutor:surf",
    "tutor:swagger",
    "tutor:takedown",
    "tutor:thief",
    "tutor:toxic",
    "tutor:waterfall",
    "tutor:watergun",
    "tutor:waterpulse"
  ],
  "labels": [
    "gen1",
    "rock",
    "water"
  ],
  "pokedex": [
    "cobblemon.species.kabuto.desc"
  ],
  "evolutions": [
    {
      "id": "kabuto_kabutops",
      "variant": "level_up",
      "result": "kabutops",
      "consumeHeldItem": false,
      "learnableMoves": [
        "slash"
      ],
      "requirements": [
        {
          "variant": "level",
          "minLevel": 40
        }
      ]
    }
  ],
  "baseScale": 1.1,
  "hitbox": {
    "width": 0.5,
    "height": 0.4,
    "fixed": false
  },
  "baseFriendship": 50,
  "evYield": {
    "hp": 0,
    "attack": 0,
    "defence": 1,
    "special_attack": 0,
    "special_defence": 0,
    "speed": 0
  },
  "height": 5,
  "weight": 115,
  "aspects": [],
  "cannotDynamax": false
}