{
  "implemented": true,
  "name": "Kabutops",
  "nationalPokedexNumber": 141,
  "primaryType": "rock",
  "secondaryType": "water",
  "abilities": [
    "swiftswim",
    "battlearmor",
    "h:weakarmor"
  ],
  "baseStats": {
    "hp": 60,
    "attack": 115,
    "defence": 105,
    "special_attack": 65,
    "special_defence": 70,
    "speed": 80
  },
  "behaviour": {
    "moving": {
      "swim": {
        "canSwimInWater": true,
        "canBreatheUnderwater": true
      },
      "walk": {
        "walkSpeed": 0.35
      }
    },
    "resting": {
      "canSleep": true,
      "willSleepOnBed": false,
      "depth": "normal",
      "light": "0-4"
    }
  },
  "catchRate": 45,
  "maleRatio": 0.875,
  "shoulderMountable": false,
  "baseExperienceYield": 173,
  "experienceGroup": "medium_fast",
  "eggCycles": 30,
  "eggGroups": [
    "water_1",
    "water_3"
  ],
  "drops": {
    "amount": 4,
    "entries": [
      {
        "item": "minecraft:scute",
        "quantityRange": "0-3"
      },
      {
        "item": "minecraft:bone_meal",
        "percentage": 10.0
      }
    ]
  },
  "moves": [
    "1:absorb",
    "1:feint",
    "1:furycutter",
    "1:harden",
    "1:nightslash",
    "1:sandattack",
    "1:scratch",
    "1:slash",
    "15:aquajet",
    "20:leer",
    "25:mudshot",
    "26:endure",
    "30:ancientpower",
    "35:brine",
    "36:megadrain",
    "43:protect",
    "49:leechlife",
    "56:liquidation",
    "63:metalsound",
    "63:wringout",
    "70:stoneedge",
    "tm:aerialace",
    "tm:attract",
    "tm:blizzard",
    "tm:bodyslam",
    "tm:brickbreak",
    "tm:brine",
    "tm:captivate",
    "tm:confide",
    "tm:crosspoison",
    "tm:cut",
    "tm:dig",
    "tm:dive",
    "tm:doubleteam",
    "tm:earthpower",
    "tm:endure",
    "tm:facade",
    "tm:frustration",
    "tm:gigadrain",
    "tm:gigaimpact",
    "tm:hail",
    "tm:hiddenpower",
    "tm:honeclaws",
    "tm:hydropump",
    "tm:hyperbeam",
    "tm:icebeam",
    "tm:icywind",
    "tm:irondefense",
    "tm:leechlife",
    "tm:liquidation",
    "tm:lowkick",
    "tm:megakick",
    "tm:mudshot",
    "tm:naturalgift",
    "tm:naturepower",
    "tm:protect",
    "tm:psychocut",
    "tm:raindance",
    "tm:razorshell",
    "tm:rest",
    "tm:return",
    "tm:rockblast",
    "tm:rockclimb",
    "tm:rockpolish",
    "tm:rockslide",
    "tm:rocksmash",
    "tm:rocktomb",
    "tm:round",
    "tm:sandstorm",
    "tm:scald",
    "tm:screech",
    "tm:secretpower",
    "tm:sleeptalk",
    "tm:smackdown",
    "tm:snore",
    "tm:stealthrock",
    "tm:stoneedge",
    "tm:substitute",
    "tm:superpower",
    "tm:surf",
    "tm:swagger",
    "tm:swordsdance",
    "tm:thief",
    "tm:toxic",
    "tm:waterfall",
    "tm:waterpulse",
    "tm:whirlpool",
    "tm:xscissor",
    "tutor:absorb",
    "tutor:ancientpower",
    "tutor:aquajet",
    "tutor:aquatail",
    "tutor:attract",
    "tutor:bide",
    "tutor:blizzard",
    "tutor:bodyslam",
    "tutor:brickbreak",
    "tutor:bubblebeam",
    "tutor:confuseray",
    "tutor:curse",
    "tutor:cut",
    "tutor:dig",
    "tutor:dive",
    "tutor:doubleedge",
    "tutor:doubleteam",
    "tutor:earthpower",
    "tutor:endure",
    "tutor:facade",
    "tutor:feint",
    "tutor:flipturn",
    "tutor:frustration",
    "tutor:furycutter",
    "tutor:gigadrain",
    "tutor:harden",
    "tutor:headbutt",
    "tutor:hiddenpower",
    "tutor:hydropump",
    "tutor:hyperbeam",
    "tutor:icebeam",
    "tutor:icywind",
    "tutor:irondefense",
    "tutor:knockoff",
    "tutor:leechlife",
    "tutor:leer",
    "tutor:liquidation",
    "tutor:lowkick",
    "tutor:megadrain",
    "tutor:megakick",
    "tutor:meteorbeam",
    "tutor:mimic",
    "tutor:mudslap",
    "tutor:protect",
    "tutor:rage",
    "tutor:raindance",
    "tutor:razorwind",
    "tutor:reflect",
    "tutor:rest",
    "tutor:return",
    "tutor:rockslide",
    "tutor:rocksmash",
    "tutor:rockthrow",
    "tutor:rollout",
    "tutor:sandattack",
    "tutor:sandstorm",
    "tutor:scald",
    "tutor:scratch",
    "tutor:screech",
    "tutor:seismictoss",
    "tutor:skullbash",
    "tutor:slash",
    "tutor:sleeptalk",
    "tutor:snore",
    "tutor:stealthrock",
    "tutor:submission",
    "tutor:substitute",
    "tutor:superpower",
    "tutor:surf",
    "tutor:swagger",
    "tutor:swordsdance",
    "tutor:takedown",
    "tutor:thief",
    "tutor:toxic",
    "tutor:waterfall",
    "tutor:watergun",
    "tutor:waterpulse",
    "tutor:whirlpool",
    "tutor:xscissor"
  ],
  "labels": [
    "gen1",
    "rock",
    "water"
  ],
  "pokedex": [
    "cobblemon.species.kabutops.desc"
  ],
  "preEvolution": "kabuto",
  "evolutions": [],
  "baseScale": 0.9,
  "hitbox": {
    "width": 1.2,
    "height": 1.72,
    "fixed": false
  },
  "baseFriendship": 50,
  "evYield": {
    "hp": 0,
    "attack": 2,
    "defence": 0,
    "special_attack": 0,
    "special_defence": 0,
    "speed": 0
  },
  "height": 13,
  "weight": 405,
  "aspects": [],
  "cannotDynamax": false
}