{
  "implemented": true,
  "name": "Kadabra",
  "nationalPokedexNumber": 64,
  "primaryType": "psychic",
  "abilities": [
    "synchronize",
    "innerfocus",
    "h:magicguard"
  ],
  "baseStats": {
    "hp": 40,
    "attack": 35,
    "defence": 30,
    "special_attack": 120,
    "special_defence": 70,
    "speed": 105
  },
  "behaviour": {},
  "catchRate": 100,
  "maleRatio": 0.75,
  "shoulderMountable": false,
  "baseExperienceYield": 140,
  "experienceGroup": "medium_slow",
  "eggCycles": 20,
  "eggGroups": [
    "human_like"
  ],
  "drops": {
    "amount": 4,
    "entries": [
      {
        "item": "minecraft:ender_pearl",
        "quantityRange": "0-2"
      },
      {
        "item": "cobblemon:twisted_spoon",
        "percentage": 5.0
      },
      {
        "item": "cobblemon:kasib_berry",
        "percentage": 5.0
      }
    ]
  },
  "moves": [
    "1:confusion",
    "1:disable",
    "1:kinesis",
    "1:teleport",
    "5:psybeam",
    "10:reflect",
    "15:allyswitch",
    "20:psychocut",
    "23:miracleeye",
    "25:recover",
    "30:psyshock",
    "33:telekinesis",
    "35:psychic",
    "40:roleplay",
    "45:futuresight",
    "46:trick",
    "50:calmmind",
    "tm:allyswitch",
    "tm:attract",
    "tm:bodyslam",
    "tm:calmmind",
    "tm:captivate",
    "tm:chargebeam",
    "tm:confide",
    "tm:dazzlinggleam",
    "tm:doubleteam",
    "tm:drainpunch",
    "tm:dreameater",
    "tm:embargo",
    "tm:encore",
    "tm:endure",
    "tm:energyball",
    "tm:facade",
    "tm:firepunch",
    "tm:flash",
    "tm:fling",
    "tm:focuspunch",
    "tm:foulplay",
    "tm:frustration",
    "tm:futuresight",
    "tm:grassknot",
    "tm:guardswap",
    "tm:hiddenpower",
    "tm:icepunch",
    "tm:irontail",
    "tm:lightscreen",
    "tm:magicroom",
    "tm:megakick",
    "tm:megapunch",
    "tm:metronome",
    "tm:naturalgift",
    "tm:powerswap",
    "tm:protect",
    "tm:psychic",
    "tm:psychicterrain",
    "tm:psychocut",
    "tm:psychup",
    "tm:psyshock",
    "tm:raindance",
    "tm:recycle",
    "tm:reflect",
    "tm:rest",
    "tm:return",
    "tm:round",
    "tm:safeguard",
    "tm:secretpower",
    "tm:shadowball",
    "tm:shockwave",
    "tm:skillswap",
    "tm:sleeptalk",
    "tm:snatch",
    "tm:snore",
    "tm:speedswap",
    "tm:substitute",
    "tm:sunnyday",
    "tm:swagger",
    "tm:swift",
    "tm:taunt",
    "tm:telekinesis",
    "tm:thief",
    "tm:thunderpunch",
    "tm:thunderwave",
    "tm:torment",
    "tm:toxic",
    "tm:triattack",
    "tm:trick",
    "tm:trickroom",
    "tm:wonderroom",
    "tm:zenheadbutt",
    "tutor:allyswitch",
    "tutor:attract",
    "tutor:bide",
    "tutor:bodyslam",
    "tutor:calmmind",
    "tutor:confusion",
    "tutor:counter",
    "tutor:curse",
    "tutor:dazzlinggleam",
    "tutor:dig",
    "tutor:disable",
    "tutor:doubleedge",
    "tutor:doubleteam",
    "tutor:drainpunch",
    "tutor:dreameater",
    "tutor:dynamicpunch",
    "tutor:endure",
    "tutor:expandingforce",
    "tutor:facade",
    "tutor:firepunch",
    "tutor:flash",
    "tutor:focuspunch",
    "tutor:foulplay",
    "tutor:frustration",
    "tutor:futuresight",
    "tutor:gravity",
    "tutor:headbutt",
    "tutor:hiddenpower",
    "tutor:icepunch",
    "tutor:irontail",
    "tutor:kinesis",
    "tutor:knockoff",
    "tutor:lightscreen",
    "tutor:magiccoat",
    "tutor:magicroom",
    "tutor:megakick",
    "tutor:megapunch",
    "tutor:metronome",
    "tutor:mimic",
    "tutor:nightmare",
    "tutor:nightshade",
    "tutor:protect",
    "tutor:psybeam",
    "tutor:psychic",
    "tutor:psychup",
    "tutor:psywave",
    "tutor:rage",
    "tutor:raindance",
    "tutor:recover",
    "tutor:recycle",
    "tutor:reflect",
    "tutor:rest",
    "tutor:return",
    "tutor:roleplay",
    "tutor:seismictoss",
    "tutor:shadowball",
    "tutor:shockwave",
    "tutor:signalbeam",
    "tutor:skillswap",
    "tutor:skullbash",
    "tutor:sleeptalk",
    "tutor:snatch",
    "tutor:snore",
    "tutor:submission",
    "tutor:substitute",
    "tutor:sunnyday",
    "tutor:swagger",
    "tutor:takedown",
    "tutor:taunt",
    "tutor:telekinesis",
    "tutor:teleport",
    "tutor:thief",
    "tutor:thunderpunch",
    "tutor:thunderwave",
    "tutor:toxic",
    "tutor:triattack",
    "tutor:trick",
    "tutor:wonderroom",
    "tutor:zapcannon",
    "tutor:zenheadbutt"
  ],
  "labels": [
    "gen1",
    "psychic"
  ],
  "pokedex": [
    "cobblemon.species.kadabra.desc"
  ],
  "preEvolution": "abra",
  "evolutions": [
    {
      "id": "kadabra_alakazam",
      "variant": "trade",
      "result": "alakazam",
      "consumeHeldItem": false,
      "learnableMoves": [],
      "requirements": []
    }
  ],
  "baseScale": 0.85,
  "hitbox": {
    "width": 1,
    "height": 1.4,
    "fixed": false
  },
  "baseFriendship": 50,
  "evYield": {
    "hp": 0,
    "attack": 0,
    "defence": 0,
    "special_attack": 2,
    "special_defence": 0,
    "speed": 0
  },
  "height": 13,
  "weight": 565,
  "aspects": [],
  "cannotDynamax": false
}