{
  "implemented": true,
  "name": "Kangaskhan",
  "nationalPokedexNumber": 115,
  "primaryType": "normal",
  "abilities": [
    "earlybird",
    "scrappy",
    "h:innerfocus"
  ],
  "drops": {
    "amount": 1,
    "entries": [
      {
        "item": "cobblemon:chilan_berry",
        "percentage": 5.0
      }
    ]
  },
  "baseStats": {
    "hp": 105,
    "attack": 95,
    "defence": 80,
    "special_attack": 40,
    "special_defence": 80,
    "speed": 90
  },
  "catchRate": 45,
  "maleRatio": 0,
  "shoulderMountable": false,
  "baseExperienceYield": 172,
  "experienceGroup": "medium_fast",
  "eggCycles": 20,
  "eggGroups": [
    "monster"
  ],
  "moves": [
    "1:cometpunch",
    "1:leer",
    "1:pound",
    "1:tailwhip",
    "4:growl",
    "8:fakeout",
    "12:bite",
    "16:stomp",
    "20:focusenergy",
    "22:rage",
    "24:headbutt",
    "25:megapunch",
    "28:suckerpunch",
    "31:chipaway",
    "32:doublehit",
    "34:dizzypunch",
    "36:crunch",
    "40:endure",
    "44:reversal",
    "48:outrage",
    "52:lastresort",
    "egg:circlethrow",
    "egg:counter",
    "egg:crushclaw",
    "egg:disable",
    "egg:doubleedge",
    "egg:endeavor",
    "egg:focusenergy",
    "egg:focuspunch",
    "egg:foresight",
    "egg:hammerarm",
    "egg:safeguard",
    "egg:stomp",
    "egg:substitute",
    "egg:trumpcard",
    "egg:uproar",
    "tm:aerialace",
    "tm:assurance",
    "tm:attract",
    "tm:avalanche",
    "tm:beatup",
    "tm:blizzard",
    "tm:bodyslam",
    "tm:brickbreak",
    "tm:bulldoze",
    "tm:captivate",
    "tm:confide",
    "tm:crunch",
    "tm:cut",
    "tm:dig",
    "tm:doubleteam",
    "tm:drainpunch",
    "tm:earthquake",
    "tm:endure",
    "tm:facade",
    "tm:fireblast",
    "tm:firepunch",
    "tm:flamethrower",
    "tm:fling",
    "tm:focusblast",
    "tm:focusenergy",
    "tm:focuspunch",
    "tm:frustration",
    "tm:gigaimpact",
    "tm:hail",
    "tm:helpinghand",
    "tm:hiddenpower",
    "tm:hydropump",
    "tm:hyperbeam",
    "tm:icebeam",
    "tm:icepunch",
    "tm:icywind",
    "tm:incinerate",
    "tm:irontail",
    "tm:lowkick",
    "tm:megakick",
    "tm:megapunch",
    "tm:naturalgift",
    "tm:outrage",
    "tm:poweruppunch",
    "tm:protect",
    "tm:raindance",
    "tm:rest",
    "tm:retaliate",
    "tm:return",
    "tm:reversal",
    "tm:roar",
    "tm:rockclimb",
    "tm:rockslide",
    "tm:rocksmash",
    "tm:rocktomb",
    "tm:round",
    "tm:safeguard",
    "tm:sandstorm",
    "tm:secretpower",
    "tm:shadowball",
    "tm:shadowclaw",
    "tm:shockwave",
    "tm:sleeptalk",
    "tm:snore",
    "tm:solarbeam",
    "tm:strength",
    "tm:substitute",
    "tm:sunnyday",
    "tm:surf",
    "tm:swagger",
    "tm:thief",
    "tm:thunder",
    "tm:thunderbolt",
    "tm:thunderpunch",
    "tm:toxic",
    "tm:uproar",
    "tm:waterpulse",
    "tm:whirlpool",
    "tm:workup",
    "tutor:aquatail",
    "tutor:attract",
    "tutor:bide",
    "tutor:bite",
    "tutor:blizzard",
    "tutor:bodyslam",
    "tutor:brickbreak",
    "tutor:bubblebeam",
    "tutor:cometpunch",
    "tutor:counter",
    "tutor:covet",
    "tutor:crunch",
    "tutor:curse",
    "tutor:dig",
    "tutor:disable",
    "tutor:dizzypunch",
    "tutor:doubleedge",
    "tutor:doubleteam",
    "tutor:drainpunch",
    "tutor:dynamicpunch",
    "tutor:earthquake",
    "tutor:endeavor",
    "tutor:endure",
    "tutor:facade",
    "tutor:fakeout",
    "tutor:fireblast",
    "tutor:firepunch",
    "tutor:fissure",
    "tutor:flamethrower",
    "tutor:focusenergy",
    "tutor:focuspunch",
    "tutor:foresight",
    "tutor:frustration",
    "tutor:furycutter",
    "tutor:headbutt",
    "tutor:helpinghand",
    "tutor:hiddenpower",
    "tutor:hyperbeam",
    "tutor:icebeam",
    "tutor:icepunch",
    "tutor:icywind",
    "tutor:irontail",
    "tutor:leer",
    "tutor:lowkick",
    "tutor:megakick",
    "tutor:megapunch",
    "tutor:mimic",
    "tutor:mudslap",
    "tutor:outrage",
    "tutor:protect",
    "tutor:rage",
    "tutor:raindance",
    "tutor:rest",
    "tutor:return",
    "tutor:reversal",
    "tutor:roar",
    "tutor:rockslide",
    "tutor:rocksmash",
    "tutor:safeguard",
    "tutor:sandstorm",
    "tutor:seismictoss",
    "tutor:shadowball",
    "tutor:shockwave",
    "tutor:sing",
    "tutor:skullbash",
    "tutor:sleeptalk",
    "tutor:snore",
    "tutor:solarbeam",
    "tutor:spite",
    "tutor:stomp",
    "tutor:strength",
    "tutor:submission",
    "tutor:substitute",
    "tutor:suckerpunch",
    "tutor:sunnyday",
    "tutor:surf",
    "tutor:swagger",
    "tutor:tailwhip",
    "tutor:takedown",
    "tutor:terrainpulse",
    "tutor:thunder",
    "tutor:thunderbolt",
    "tutor:thunderpunch",
    "tutor:toxic",
    "tutor:uproar",
    "tutor:watergun",
    "tutor:waterpulse",
    "tutor:wish",
    "tutor:yawn",
    "tutor:zapcannon"
  ],
  "labels": [
    "gen1",
    "normal"
  ],
  "pokedex": [
    "cobblemon.species.kangaskhan.desc"
  ],
  "evolutions": [],
  "baseScale": 1.4,
  "hitbox": {
    "width": 1.2,
    "height": 1.9,
    "fixed": false
  },
  "baseFriendship": 50,
  "evYield": {
    "hp": 2,
    "attack": 0,
    "defence": 0,
    "special_attack": 0,
    "special_defence": 0,
    "speed": 0
  },
  "height": 22,
  "weight": 800,
  "aspects": [],
  "cannotDynamax": false
}