{
  "implemented": true,
  "name": "Kingler",
  "nationalPokedexNumber": 99,
  "primaryType": "water",
  "abilities": [
    "hypercutter",
    "shellarmor",
    "h:sheerforce"
  ],
  "baseStats": {
    "hp": 55,
    "attack": 130,
    "defence": 115,
    "special_attack": 50,
    "special_defence": 50,
    "speed": 75
  },
  "catchRate": 60,
  "maleRatio": 0.5,
  "shoulderMountable": false,
  "forms": [
    {
      "name": "Gmax",
      "primaryType": "water",
      "abilities": [
        "hypercutter",
        "shellarmor",
        "h:sheerforce"
      ],
      "baseStats": {
        "hp": 55,
        "attack": 130,
        "defence": 115,
        "special_attack": 50,
        "special_defence": 50,
        "speed": 75
      },
      "catchRate": 60,
      "maleRatio": 0.5,
      "baseExperienceYield": 166,
      "baseFriendship": 50,
      "evYield": {
        "hp": 0,
        "attack": 2,
        "defence": 0,
        "special_attack": 0,
        "special_defence": 0,
        "speed": 0
      },
      "experienceGroup": "medium_fast",
      "eggCycles": 20,
      "eggGroups": [
        "water_3"
      ],
      "labels": [
        "gen8",
        "gmax"
      ],
      "aspects": [
        "gmax"
      ],
      "height": 190,
      "weight": 0,
      "cannotDynamax": false,
      "battleOnly": false
    }
  ],
  "baseExperienceYield": 166,
  "experienceGroup": "medium_fast",
  "eggCycles": 20,
  "eggGroups": [
    "water_3"
  ],
  "behaviour": {
    "moving": {
      "swim": {
        "swimSpeed": 0.1,
        "canSwimInWater": false,
        "canBreatheUnderwater": true
      }
    }
  },
  "drops": {
    "amount": 2,
    "entries": [
      {
        "item": "cobblemon:kings_rock",
        "percentage": 5.0
      },
      {
        "item": "cobblemon:pinap_berry",
        "percentage": 5.0
      }
    ]
  },
  "moves": [
    "1:bubble",
    "1:hammerarm",
    "1:harden",
    "1:leer",
    "1:metalclaw",
    "1:mudsport",
    "1:visegrip",
    "1:watergun",
    "1:wideguard",
    "12:mudshot",
    "16:protect",
    "20:bubblebeam",
    "24:stomp",
    "31:flail",
    "36:razorshell",
    "42:slam",
    "48:swordsdance",
    "51:brine",
    "54:crabhammer",
    "60:guillotine",
    "tm:agility",
    "tm:allyswitch",
    "tm:amnesia",
    "tm:attract",
    "tm:blizzard",
    "tm:bodyslam",
    "tm:brickbreak",
    "tm:brine",
    "tm:brutalswing",
    "tm:captivate",
    "tm:confide",
    "tm:cut",
    "tm:dig",
    "tm:dive",
    "tm:doubleteam",
    "tm:endure",
    "tm:facade",
    "tm:falseswipe",
    "tm:fling",
    "tm:frustration",
    "tm:gigaimpact",
    "tm:hail",
    "tm:hiddenpower",
    "tm:highhorsepower",
    "tm:honeclaws",
    "tm:hydropump",
    "tm:hyperbeam",
    "tm:icebeam",
    "tm:icywind",
    "tm:irondefense",
    "tm:liquidation",
    "tm:mudshot",
    "tm:naturalgift",
    "tm:protect",
    "tm:quash",
    "tm:raindance",
    "tm:razorshell",
    "tm:rest",
    "tm:return",
    "tm:rockslide",
    "tm:rocksmash",
    "tm:rocktomb",
    "tm:round",
    "tm:scald",
    "tm:secretpower",
    "tm:sleeptalk",
    "tm:snore",
    "tm:stompingtantrum",
    "tm:strength",
    "tm:substitute",
    "tm:superpower",
    "tm:surf",
    "tm:swagger",
    "tm:swordsdance",
    "tm:thief",
    "tm:toxic",
    "tm:waterpulse",
    "tm:whirlpool",
    "tm:xscissor",
    "tutor:agility",
    "tutor:allyswitch",
    "tutor:amnesia",
    "tutor:ancientpower",
    "tutor:attract",
    "tutor:bide",
    "tutor:blizzard",
    "tutor:bodyslam",
    "tutor:brickbreak",
    "tutor:bubble",
    "tutor:bubblebeam",
    "tutor:crabhammer",
    "tutor:curse",
    "tutor:cut",
    "tutor:dig",
    "tutor:dive",
    "tutor:doubleedge",
    "tutor:doubleteam",
    "tutor:endure",
    "tutor:facade",
    "tutor:frustration",
    "tutor:furycutter",
    "tutor:guillotine",
    "tutor:harden",
    "tutor:headbutt",
    "tutor:hiddenpower",
    "tutor:hyperbeam",
    "tutor:icebeam",
    "tutor:icywind",
    "tutor:irondefense",
    "tutor:knockoff",
    "tutor:leer",
    "tutor:liquidation",
    "tutor:mimic",
    "tutor:mudslap",
    "tutor:protect",
    "tutor:rage",
    "tutor:raindance",
    "tutor:rest",
    "tutor:return",
    "tutor:rockslide",
    "tutor:rocksmash",
    "tutor:scald",
    "tutor:slam",
    "tutor:sleeptalk",
    "tutor:snore",
    "tutor:stomp",
    "tutor:stompingtantrum",
    "tutor:strength",
    "tutor:substitute",
    "tutor:superpower",
    "tutor:surf",
    "tutor:swagger",
    "tutor:swordsdance",
    "tutor:takedown",
    "tutor:thief",
    "tutor:toxic",
    "tutor:visegrip",
    "tutor:watergun",
    "tutor:waterpulse",
    "tutor:whirlpool",
    "tutor:xscissor"
  ],
  "labels": [
    "gen1",
    "water"
  ],
  "pokedex": [
    "cobblemon.species.kingler.desc"
  ],
  "preEvolution": "krabby",
  "evolutions": [],
  "baseScale": 1,
  "hitbox": {
    "width": 1,
    "height": 1,
    "fixed": false
  },
  "baseFriendship": 50,
  "evYield": {
    "hp": 0,
    "attack": 2,
    "defence": 0,
    "special_attack": 0,
    "special_defence": 0,
    "speed": 0
  },
  "height": 13,
  "weight": 600,
  "aspects": [],
  "cannotDynamax": false
}