{
  "implemented": true,
  "name": "Krabby",
  "nationalPokedexNumber": 98,
  "primaryType": "water",
  "abilities": [
    "hypercutter",
    "shellarmor",
    "h:sheerforce"
  ],
  "baseStats": {
    "hp": 30,
    "attack": 105,
    "defence": 90,
    "special_attack": 25,
    "special_defence": 25,
    "speed": 50
  },
  "catchRate": 225,
  "maleRatio": 0.5,
  "shoulderMountable": false,
  "baseExperienceYield": 65,
  "experienceGroup": "medium_fast",
  "eggCycles": 20,
  "eggGroups": [
    "water_3"
  ],
  "behaviour": {
    "moving": {
      "swim": {
        "swimSpeed": 0.1,
        "canSwimInWater": false,
        "canBreatheUnderwater": true
      }
    }
  },
  "drops": {
    "amount": 2,
    "entries": [
      {
        "item": "cobblemon:kings_rock",
        "percentage": 2.5
      },
      {
        "item": "cobblemon:pinap_berry",
        "percentage": 2.5
      }
    ]
  },
  "moves": [
    "1:bubble",
    "1:leer",
    "1:mudsport",
    "1:watergun",
    "4:harden",
    "5:visegrip",
    "8:metalclaw",
    "12:mudshot",
    "16:protect",
    "20:bubblebeam",
    "24:stomp",
    "29:flail",
    "32:razorshell",
    "36:slam",
    "39:brine",
    "40:swordsdance",
    "44:crabhammer",
    "48:guillotine",
    "egg:agility",
    "egg:allyswitch",
    "egg:amnesia",
    "egg:ancientpower",
    "egg:bide",
    "egg:chipaway",
    "egg:dig",
    "egg:endure",
    "egg:flail",
    "egg:hammerarm",
    "egg:haze",
    "egg:knockoff",
    "egg:nightslash",
    "egg:slam",
    "egg:slash",
    "egg:swordsdance",
    "egg:tickle",
    "tm:agility",
    "tm:allyswitch",
    "tm:amnesia",
    "tm:attract",
    "tm:blizzard",
    "tm:bodyslam",
    "tm:brickbreak",
    "tm:brine",
    "tm:captivate",
    "tm:confide",
    "tm:cut",
    "tm:dig",
    "tm:dive",
    "tm:doubleteam",
    "tm:endure",
    "tm:facade",
    "tm:falseswipe",
    "tm:fling",
    "tm:frustration",
    "tm:hail",
    "tm:hiddenpower",
    "tm:honeclaws",
    "tm:icebeam",
    "tm:icywind",
    "tm:irondefense",
    "tm:liquidation",
    "tm:mudshot",
    "tm:naturalgift",
    "tm:protect",
    "tm:raindance",
    "tm:razorshell",
    "tm:rest",
    "tm:return",
    "tm:rockslide",
    "tm:rocksmash",
    "tm:rocktomb",
    "tm:round",
    "tm:scald",
    "tm:secretpower",
    "tm:sleeptalk",
    "tm:snore",
    "tm:strength",
    "tm:substitute",
    "tm:superpower",
    "tm:surf",
    "tm:swagger",
    "tm:swordsdance",
    "tm:thief",
    "tm:toxic",
    "tm:waterpulse",
    "tm:whirlpool",
    "tm:xscissor",
    "tutor:allyswitch",
    "tutor:amnesia",
    "tutor:ancientpower",
    "tutor:attract",
    "tutor:bide",
    "tutor:blizzard",
    "tutor:bodyslam",
    "tutor:brickbreak",
    "tutor:bubble",
    "tutor:bubblebeam",
    "tutor:crabhammer",
    "tutor:curse",
    "tutor:cut",
    "tutor:dig",
    "tutor:dive",
    "tutor:doubleedge",
    "tutor:doubleteam",
    "tutor:endure",
    "tutor:facade",
    "tutor:flail",
    "tutor:frustration",
    "tutor:furycutter",
    "tutor:guillotine",
    "tutor:harden",
    "tutor:haze",
    "tutor:headbutt",
    "tutor:hiddenpower",
    "tutor:icebeam",
    "tutor:icywind",
    "tutor:irondefense",
    "tutor:knockoff",
    "tutor:leer",
    "tutor:liquidation",
    "tutor:mimic",
    "tutor:mudslap",
    "tutor:protect",
    "tutor:rage",
    "tutor:raindance",
    "tutor:rest",
    "tutor:return",
    "tutor:rockslide",
    "tutor:rocksmash",
    "tutor:scald",
    "tutor:secretpower",
    "tutor:slam",
    "tutor:sleeptalk",
    "tutor:snore",
    "tutor:stomp",
    "tutor:strength",
    "tutor:substitute",
    "tutor:superpower",
    "tutor:surf",
    "tutor:swagger",
    "tutor:swordsdance",
    "tutor:takedown",
    "tutor:thief",
    "tutor:toxic",
    "tutor:visegrip",
    "tutor:watergun",
    "tutor:waterpulse",
    "tutor:whirlpool",
    "tutor:xscissor"
  ],
  "labels": [
    "gen1",
    "water"
  ],
  "pokedex": [
    "cobblemon.species.krabby.desc"
  ],
  "evolutions": [
    {
      "id": "krabby_kingler",
      "variant": "level_up",
      "result": "kingler",
      "consumeHeldItem": false,
      "learnableMoves": [],
      "requirements": [
        {
          "variant": "level",
          "minLevel": 28
        }
      ]
    }
  ],
  "baseScale": 0.7,
  "hitbox": {
    "width": 1,
    "height": 0.7,
    "fixed": false
  },
  "baseFriendship": 50,
  "evYield": {
    "hp": 0,
    "attack": 1,
    "defence": 0,
    "special_attack": 0,
    "special_defence": 0,
    "speed": 0
  },
  "height": 4,
  "weight": 65,
  "aspects": [],
  "cannotDynamax": false
}