{
  "implemented": true,
  "name": "Lapras",
  "nationalPokedexNumber": 131,
  "primaryType": "water",
  "secondaryType": "ice",
  "abilities": [
    "waterabsorb",
    "shellarmor",
    "h:hydration"
  ],
  "baseStats": {
    "hp": 130,
    "attack": 85,
    "defence": 80,
    "special_attack": 85,
    "special_defence": 95,
    "speed": 60
  },
  "catchRate": 45,
  "maleRatio": 0.5,
  "shoulderMountable": false,
  "forms": [
    {
      "name": "Gmax",
      "primaryType": "water",
      "secondaryType": "ice",
      "abilities": [
        "waterabsorb",
        "shellarmor",
        "h:hydration"
      ],
      "baseStats": {
        "hp": 130,
        "attack": 85,
        "defence": 80,
        "special_attack": 85,
        "special_defence": 95,
        "speed": 60
      },
      "catchRate": 45,
      "maleRatio": 0.5,
      "baseExperienceYield": 187,
      "baseFriendship": 50,
      "evYield": {
        "hp": 2,
        "attack": 0,
        "defence": 0,
        "special_attack": 0,
        "special_defence": 0,
        "speed": 0
      },
      "experienceGroup": "slow",
      "eggCycles": 40,
      "eggGroups": [
        "monster",
        "water_1"
      ],
      "labels": [
        "gen8",
        "gmax"
      ],
      "aspects": [
        "gmax"
      ],
      "height": 240,
      "weight": 0,
      "cannotDynamax": false,
      "battleOnly": false
    }
  ],
  "baseExperienceYield": 187,
  "experienceGroup": "slow",
  "eggCycles": 40,
  "eggGroups": [
    "monster",
    "water_1"
  ],
  "behaviour": {
    "moving": {
      "swim": {
        "canSwimInWater": true,
        "canBreatheUnderwater": true,
        "canWalkOnWater": true,
        "swimSpeed": 0.3
      },
      "walk": {
        "walkSpeed": 0.15
      }
    },
    "resting": {
      "canSleep": true,
      "willSleepOnBed": false,
      "depth": "normal",
      "light": "0-4"
    }
  },
  "drops": {
    "amount": 4,
    "entries": [
      {
        "item": "cobblemon:mystic_water",
        "percentage": 5.0
      },
      {
        "item": "cobblemon:never_melt_ice",
        "percentage": 5.0
      },
      {
        "item": "minecraft:heart_of_the_sea",
        "percentage": 5.0
      },
      {
        "item": "cobblemon:aspear_berry",
        "percentage": 5.0
      }
    ]
  },
  "moves": [
    "1:growl",
    "1:watergun",
    "5:sing",
    "10:mist",
    "15:lifedew",
    "20:iceshard",
    "25:confuseray",
    "30:waterpulse",
    "35:brine",
    "40:bodyslam",
    "43:safeguard",
    "45:icebeam",
    "50:raindance",
    "55:hydropump",
    "60:perishsong",
    "65:sheercold",
    "egg:ancientpower",
    "egg:avalanche",
    "egg:curse",
    "egg:dragondance",
    "egg:dragonpulse",
    "egg:fissure",
    "egg:foresight",
    "egg:freezedry",
    "egg:futuresight",
    "egg:horndrill",
    "egg:refresh",
    "egg:sleeptalk",
    "egg:sparklingaria",
    "egg:substitute",
    "egg:tickle",
    "egg:whirlpool",
    "tm:alluringvoice",
    "tm:attract",
    "tm:avalanche",
    "tm:blizzard",
    "tm:bodypress",
    "tm:bodyslam",
    "tm:brine",
    "tm:bulldoze",
    "tm:captivate",
    "tm:charm",
    "tm:chillingwater",
    "tm:confide",
    "tm:confuseray",
    "tm:curse",
    "tm:disarmingvoice",
    "tm:dive",
    "tm:doubleedge",
    "tm:doubleteam",
    "tm:dragoncheer",
    "tm:dragondance",
    "tm:dragonpulse",
    "tm:dreameater",
    "tm:drillrun",
    "tm:earthquake",
    "tm:echoedvoice",
    "tm:endure",
    "tm:facade",
    "tm:frostbreath",
    "tm:frustration",
    "tm:futuresight",
    "tm:gigaimpact",
    "tm:hail",
    "tm:haze",
    "tm:helpinghand",
    "tm:hiddenpower",
    "tm:hydropump",
    "tm:hyperbeam",
    "tm:hypervoice",
    "tm:icebeam",
    "tm:iciclespear",
    "tm:icywind",
    "tm:ironhead",
    "tm:irontail",
    "tm:liquidation",
    "tm:megahorn",
    "tm:muddywater",
    "tm:naturalgift",
    "tm:outrage",
    "tm:protect",
    "tm:psychic",
    "tm:psychicnoise",
    "tm:raindance",
    "tm:reflect",
    "tm:rest",
    "tm:return",
    "tm:roar",
    "tm:rocksmash",
    "tm:round",
    "tm:safeguard",
    "tm:secretpower",
    "tm:shockwave",
    "tm:sleeptalk",
    "tm:smartstrike",
    "tm:snore",
    "tm:snowscape",
    "tm:strength",
    "tm:substitute",
    "tm:surf",
    "tm:swagger",
    "tm:takedown",
    "tm:terablast",
    "tm:thunder",
    "tm:thunderbolt",
    "tm:toxic",
    "tm:waterfall",
    "tm:waterpulse",
    "tm:weatherball",
    "tm:whirlpool",
    "tm:zenheadbutt",
    "tutor:ancientpower",
    "tutor:aquatail",
    "tutor:attract",
    "tutor:aurorabeam",
    "tutor:bide",
    "tutor:blizzard",
    "tutor:block",
    "tutor:bodyslam",
    "tutor:bubblebeam",
    "tutor:confuseray",
    "tutor:curse",
    "tutor:dive",
    "tutor:doubleedge",
    "tutor:doubleteam",
    "tutor:dragonbreath",
    "tutor:dragonpulse",
    "tutor:dragonrage",
    "tutor:dreameater",
    "tutor:drillrun",
    "tutor:endure",
    "tutor:facade",
    "tutor:foresight",
    "tutor:frustration",
    "tutor:growl",
    "tutor:headbutt",
    "tutor:healbell",
    "tutor:hiddenpower",
    "tutor:horndrill",
    "tutor:hydropump",
    "tutor:hyperbeam",
    "tutor:hypervoice",
    "tutor:icebeam",
    "tutor:iceshard",
    "tutor:icywind",
    "tutor:ironhead",
    "tutor:irontail",
    "tutor:megahorn",
    "tutor:mimic",
    "tutor:mist",
    "tutor:nightmare",
    "tutor:outrage",
    "tutor:perishsong",
    "tutor:protect",
    "tutor:psychic",
    "tutor:psywave",
    "tutor:rage",
    "tutor:raindance",
    "tutor:reflect",
    "tutor:rest",
    "tutor:return",
    "tutor:rocksmash",
    "tutor:safeguard",
    "tutor:shockwave",
    "tutor:signalbeam",
    "tutor:sing",
    "tutor:skullbash",
    "tutor:sleeptalk",
    "tutor:snore",
    "tutor:solarbeam",
    "tutor:strength",
    "tutor:substitute",
    "tutor:surf",
    "tutor:swagger",
    "tutor:takedown",
    "tutor:thunder",
    "tutor:thunderbolt",
    "tutor:toxic",
    "tutor:waterfall",
    "tutor:watergun",
    "tutor:waterpulse",
    "tutor:whirlpool",
    "tutor:zapcannon",
    "tutor:zenheadbutt"
  ],
  "labels": [
    "gen1",
    "water",
    "ice"
  ],
  "pokedex": [
    "cobblemon.species.lapras.desc"
  ],
  "evolutions": [],
  "baseScale": 1.1,
  "hitbox": {
    "width": 2.4,
    "height": 2.8,
    "fixed": false
  },
  "baseFriendship": 50,
  "evYield": {
    "hp": 2,
    "attack": 0,
    "defence": 0,
    "special_attack": 0,
    "special_defence": 0,
    "speed": 0
  },
  "height": 25,
  "weight": 2200,
  "aspects": [],
  "cannotDynamax": false
}