{
  "implemented": true,
  "name": "Lickitung",
  "nationalPokedexNumber": 108,
  "primaryType": "normal",
  "abilities": [
    "owntempo",
    "oblivious",
    "h:cloudnine"
  ],
  "baseStats": {
    "hp": 90,
    "attack": 55,
    "defence": 75,
    "special_attack": 60,
    "special_defence": 75,
    "speed": 30
  },
  "behaviour": {
    "moving": {
      "walk": {
        "walkSpeed": 0.2
      }
    }
  },
  "catchRate": 45,
  "maleRatio": 0.5,
  "shoulderMountable": false,
  "baseExperienceYield": 77,
  "experienceGroup": "medium_fast",
  "eggCycles": 20,
  "eggGroups": [
    "monster"
  ],
  "drops": {
    "amount": 2,
    "entries": [
      {
        "item": "minecraft:slime_ball",
        "quantityRange": "0-1"
      },
      {
        "item": "cobblemon:oran_berry",
        "percentage": 2.5
      }
    ]
  },
  "moves": [
    "1:defensecurl",
    "1:lick",
    "6:rollout",
    "12:supersonic",
    "18:wrap",
    "24:disable",
    "30:stomp",
    "36:knockoff",
    "37:chipaway",
    "41:mefirst",
    "42:screech",
    "45:refresh",
    "48:slam",
    "54:powerwhip",
    "57:wringout",
    "60:bellydrum",
    "egg:amnesia",
    "egg:belch",
    "egg:bellydrum",
    "egg:bodyslam",
    "egg:curse",
    "egg:hammerarm",
    "egg:magnitude",
    "egg:muddywater",
    "egg:sleeptalk",
    "egg:smellingsalts",
    "egg:snore",
    "egg:substitute",
    "egg:thrash",
    "egg:zenheadbutt",
    "tm:amnesia",
    "tm:attract",
    "tm:blizzard",
    "tm:bodypress",
    "tm:bodyslam",
    "tm:brickbreak",
    "tm:brutalswing",
    "tm:bulldoze",
    "tm:captivate",
    "tm:confide",
    "tm:cut",
    "tm:dig",
    "tm:doubleteam",
    "tm:dragontail",
    "tm:dreameater",
    "tm:earthquake",
    "tm:endure",
    "tm:facade",
    "tm:fireblast",
    "tm:firepunch",
    "tm:flamethrower",
    "tm:fling",
    "tm:focuspunch",
    "tm:frustration",
    "tm:gigaimpact",
    "tm:helpinghand",
    "tm:hiddenpower",
    "tm:hydropump",
    "tm:hyperbeam",
    "tm:icebeam",
    "tm:icepunch",
    "tm:icywind",
    "tm:incinerate",
    "tm:irontail",
    "tm:megakick",
    "tm:megapunch",
    "tm:muddywater",
    "tm:naturalgift",
    "tm:poweruppunch",
    "tm:powerwhip",
    "tm:protect",
    "tm:psychup",
    "tm:raindance",
    "tm:rest",
    "tm:retaliate",
    "tm:return",
    "tm:rockclimb",
    "tm:rockslide",
    "tm:rocksmash",
    "tm:rocktomb",
    "tm:round",
    "tm:sandstorm",
    "tm:screech",
    "tm:secretpower",
    "tm:shadowball",
    "tm:shockwave",
    "tm:sleeptalk",
    "tm:snore",
    "tm:solarbeam",
    "tm:stompingtantrum",
    "tm:strength",
    "tm:substitute",
    "tm:sunnyday",
    "tm:surf",
    "tm:swagger",
    "tm:swordsdance",
    "tm:thief",
    "tm:thunder",
    "tm:thunderbolt",
    "tm:thunderpunch",
    "tm:toxic",
    "tm:waterpulse",
    "tm:whirlpool",
    "tm:workup",
    "tm:zenheadbutt",
    "tutor:acid",
    "tutor:aquatail",
    "tutor:attract",
    "tutor:bellydrum",
    "tutor:bide",
    "tutor:bind",
    "tutor:blizzard",
    "tutor:bodyslam",
    "tutor:brickbreak",
    "tutor:bubblebeam",
    "tutor:counter",
    "tutor:curse",
    "tutor:cut",
    "tutor:defensecurl",
    "tutor:dig",
    "tutor:disable",
    "tutor:doubleedge",
    "tutor:doubleteam",
    "tutor:dragontail",
    "tutor:dreameater",
    "tutor:dynamicpunch",
    "tutor:earthquake",
    "tutor:endure",
    "tutor:facade",
    "tutor:fireblast",
    "tutor:firepunch",
    "tutor:fissure",
    "tutor:flamethrower",
    "tutor:focuspunch",
    "tutor:frustration",
    "tutor:headbutt",
    "tutor:healbell",
    "tutor:helpinghand",
    "tutor:hiddenpower",
    "tutor:hyperbeam",
    "tutor:icebeam",
    "tutor:icepunch",
    "tutor:icywind",
    "tutor:irontail",
    "tutor:knockoff",
    "tutor:lick",
    "tutor:magnitude",
    "tutor:megakick",
    "tutor:megapunch",
    "tutor:mimic",
    "tutor:mudslap",
    "tutor:nightmare",
    "tutor:powerwhip",
    "tutor:protect",
    "tutor:psychup",
    "tutor:rage",
    "tutor:raindance",
    "tutor:rest",
    "tutor:return",
    "tutor:rockclimb",
    "tutor:rockslide",
    "tutor:rocksmash",
    "tutor:rollout",
    "tutor:sandstorm",
    "tutor:screech",
    "tutor:seismictoss",
    "tutor:shadowball",
    "tutor:shockwave",
    "tutor:skullbash",
    "tutor:slam",
    "tutor:sleeptalk",
    "tutor:snore",
    "tutor:solarbeam",
    "tutor:steelroller",
    "tutor:stomp",
    "tutor:stompingtantrum",
    "tutor:strength",
    "tutor:submission",
    "tutor:substitute",
    "tutor:sunnyday",
    "tutor:supersonic",
    "tutor:surf",
    "tutor:swagger",
    "tutor:swordsdance",
    "tutor:takedown",
    "tutor:terrainpulse",
    "tutor:thief",
    "tutor:thrash",
    "tutor:thunder",
    "tutor:thunderbolt",
    "tutor:thunderpunch",
    "tutor:toxic",
    "tutor:watergun",
    "tutor:waterpulse",
    "tutor:wish",
    "tutor:wrap",
    "tutor:zenheadbutt"
  ],
  "labels": [
    "gen1",
    "normal"
  ],
  "pokedex": [
    "cobblemon.species.lickitung.desc"
  ],
  "evolutions": [
    {
      "id": "lickitung_lickilicky",
      "variant": "level_up",
      "result": "lickilicky",
      "consumeHeldItem": false,
      "learnableMoves": [],
      "requirements": [
        {
          "variant": "has_move",
          "move": "rollout"
        }
      ]
    }
  ],
  "baseScale": 1,
  "hitbox": {
    "width": 1,
    "height": 1.3,
    "fixed": false
  },
  "baseFriendship": 50,
  "evYield": {
    "hp": 2,
    "attack": 0,
    "defence": 0,
    "special_attack": 0,
    "special_defence": 0,
    "speed": 0
  },
  "height": 12,
  "weight": 655,
  "aspects": [],
  "cannotDynamax": false
}