{
  "implemented": true,
  "name": "Machamp",
  "nationalPokedexNumber": 68,
  "primaryType": "fighting",
  "abilities": [
    "guts",
    "noguard",
    "h:steadfast"
  ],
  "baseStats": {
    "hp": 90,
    "attack": 130,
    "defence": 80,
    "special_attack": 65,
    "special_defence": 85,
    "speed": 55
  },
  "catchRate": 45,
  "maleRatio": 0.75,
  "shoulderMountable": false,
  "forms": [
    {
      "name": "Gmax",
      "primaryType": "fighting",
      "abilities": [
        "guts",
        "noguard",
        "h:steadfast"
      ],
      "baseStats": {
        "hp": 90,
        "attack": 130,
        "defence": 80,
        "special_attack": 65,
        "special_defence": 85,
        "speed": 55
      },
      "catchRate": 45,
      "maleRatio": 0.75,
      "baseExperienceYield": 253,
      "baseFriendship": 50,
      "evYield": {
        "hp": 0,
        "attack": 3,
        "defence": 0,
        "special_attack": 0,
        "special_defence": 0,
        "speed": 0
      },
      "experienceGroup": "medium_slow",
      "eggCycles": 20,
      "eggGroups": [
        "human_like"
      ],
      "labels": [
        "gen8",
        "gmax"
      ],
      "aspects": [
        "gmax"
      ],
      "height": 250,
      "weight": 0,
      "cannotDynamax": false,
      "battleOnly": false
    }
  ],
  "baseExperienceYield": 253,
  "experienceGroup": "medium_slow",
  "eggCycles": 20,
  "eggGroups": [
    "human_like"
  ],
  "drops": {
    "amount": 3,
    "entries": [
      {
        "item": "cobblemon:focus_band",
        "percentage": 10.0
      },
      {
        "item": "cobblemon:muscle_band",
        "percentage": 10.0
      },
      {
        "item": "cobblemon:wepear_berry",
        "percentage": 10.0
      }
    ]
  },
  "moves": [
    "1:focusenergy",
    "1:karatechop",
    "1:leer",
    "1:lowkick",
    "1:revenge",
    "1:wideguard",
    "9:foresight",
    "12:lowsweep",
    "16:knockoff",
    "20:scaryface",
    "24:vitalthrow",
    "27:wakeupslap",
    "31:strength",
    "36:dualchop",
    "37:submission",
    "42:bulkup",
    "48:seismictoss",
    "54:dynamicpunch",
    "60:crosschop",
    "66:doubleedge",
    "tm:assurance",
    "tm:attract",
    "tm:bodyslam",
    "tm:brickbreak",
    "tm:bulkup",
    "tm:bulldoze",
    "tm:captivate",
    "tm:closecombat",
    "tm:confide",
    "tm:crosspoison",
    "tm:darkestlariat",
    "tm:dig",
    "tm:doubleteam",
    "tm:earthquake",
    "tm:encore",
    "tm:endure",
    "tm:facade",
    "tm:fireblast",
    "tm:firepunch",
    "tm:flamethrower",
    "tm:fling",
    "tm:focusblast",
    "tm:focusenergy",
    "tm:focuspunch",
    "tm:frustration",
    "tm:gigaimpact",
    "tm:heavyslam",
    "tm:helpinghand",
    "tm:hiddenpower",
    "tm:highhorsepower",
    "tm:hyperbeam",
    "tm:icepunch",
    "tm:incinerate",
    "tm:lightscreen",
    "tm:lowkick",
    "tm:lowsweep",
    "tm:megakick",
    "tm:megapunch",
    "tm:metronome",
    "tm:naturalgift",
    "tm:payback",
    "tm:poisonjab",
    "tm:poweruppunch",
    "tm:protect",
    "tm:raindance",
    "tm:rest",
    "tm:retaliate",
    "tm:return",
    "tm:revenge",
    "tm:reversal",
    "tm:rockblast",
    "tm:rockclimb",
    "tm:rockslide",
    "tm:rocksmash",
    "tm:rocktomb",
    "tm:round",
    "tm:scaryface",
    "tm:secretpower",
    "tm:sleeptalk",
    "tm:smackdown",
    "tm:snore",
    "tm:stompingtantrum",
    "tm:stoneedge",
    "tm:strength",
    "tm:substitute",
    "tm:sunnyday",
    "tm:superpower",
    "tm:swagger",
    "tm:thief",
    "tm:throatchop",
    "tm:thunderpunch",
    "tm:toxic",
    "tm:workup",
    "tutor:attract",
    "tutor:bide",
    "tutor:bodyslam",
    "tutor:brickbreak",
    "tutor:bulkup",
    "tutor:coaching",
    "tutor:counter",
    "tutor:crosschop",
    "tutor:curse",
    "tutor:detect",
    "tutor:dig",
    "tutor:doubleedge",
    "tutor:doubleteam",
    "tutor:dualchop",
    "tutor:dynamicpunch",
    "tutor:earthquake",
    "tutor:encore",
    "tutor:endure",
    "tutor:facade",
    "tutor:fireblast",
    "tutor:firepunch",
    "tutor:fissure",
    "tutor:flamethrower",
    "tutor:focusenergy",
    "tutor:focuspunch",
    "tutor:foresight",
    "tutor:frustration",
    "tutor:headbutt",
    "tutor:helpinghand",
    "tutor:hiddenpower",
    "tutor:hyperbeam",
    "tutor:icepunch",
    "tutor:karatechop",
    "tutor:knockoff",
    "tutor:leer",
    "tutor:lightscreen",
    "tutor:lowkick",
    "tutor:megakick",
    "tutor:megapunch",
    "tutor:metronome",
    "tutor:mimic",
    "tutor:mudslap",
    "tutor:poisonjab",
    "tutor:protect",
    "tutor:quickguard",
    "tutor:rage",
    "tutor:rest",
    "tutor:return",
    "tutor:revenge",
    "tutor:rockslide",
    "tutor:rocksmash",
    "tutor:roleplay",
    "tutor:scaryface",
    "tutor:seismictoss",
    "tutor:skullbash",
    "tutor:sleeptalk",
    "tutor:snore",
    "tutor:stompingtantrum",
    "tutor:stoneedge",
    "tutor:strength",
    "tutor:submission",
    "tutor:substitute",
    "tutor:sunnyday",
    "tutor:superpower",
    "tutor:swagger",
    "tutor:takedown",
    "tutor:thief",
    "tutor:throatchop",
    "tutor:thunderpunch",
    "tutor:toxic",
    "tutor:vacuumwave",
    "tutor:vitalthrow",
    "tutor:wideguard"
  ],
  "labels": [
    "gen1",
    "fighting"
  ],
  "pokedex": [
    "cobblemon.species.machamp.desc"
  ],
  "preEvolution": "machoke",
  "evolutions": [],
  "baseScale": 1.2,
  "hitbox": {
    "width": 1,
    "height": 1.8,
    "fixed": false
  },
  "baseFriendship": 50,
  "evYield": {
    "hp": 0,
    "attack": 3,
    "defence": 0,
    "special_attack": 0,
    "special_defence": 0,
    "speed": 0
  },
  "height": 16,
  "weight": 1300,
  "aspects": [],
  "cannotDynamax": false
}