{
  "implemented": true,
  "name": "Machop",
  "nationalPokedexNumber": 66,
  "primaryType": "fighting",
  "abilities": [
    "guts",
    "noguard",
    "h:steadfast"
  ],
  "baseStats": {
    "hp": 70,
    "attack": 80,
    "defence": 50,
    "special_attack": 35,
    "special_defence": 35,
    "speed": 35
  },
  "catchRate": 180,
  "maleRatio": 0.75,
  "shoulderMountable": false,
  "baseExperienceYield": 61,
  "experienceGroup": "medium_slow",
  "eggCycles": 20,
  "eggGroups": [
    "human_like"
  ],
  "drops": {
    "amount": 3,
    "entries": [
      {
        "item": "cobblemon:focus_band",
        "percentage": 2.5
      },
      {
        "item": "cobblemon:muscle_band",
        "percentage": 2.5
      },
      {
        "item": "cobblemon:wepear_berry",
        "percentage": 2.5
      }
    ]
  },
  "moves": [
    "1:leer",
    "1:lowkick",
    "4:focusenergy",
    "7:karatechop",
    "8:revenge",
    "9:foresight",
    "12:lowsweep",
    "16:knockoff",
    "20:scaryface",
    "24:vitalthrow",
    "27:wakeupslap",
    "29:strength",
    "32:dualchop",
    "33:submission",
    "36:bulkup",
    "40:seismictoss",
    "44:dynamicpunch",
    "48:crosschop",
    "52:doubleedge",
    "egg:bulletpunch",
    "egg:closecombat",
    "egg:counter",
    "egg:encore",
    "egg:firepunch",
    "egg:heavyslam",
    "egg:icepunch",
    "egg:knockoff",
    "egg:lightscreen",
    "egg:meditate",
    "egg:powertrick",
    "egg:quickguard",
    "egg:rockslide",
    "egg:rollingkick",
    "egg:smellingsalts",
    "egg:submission",
    "egg:thunderpunch",
    "egg:tickle",
    "tm:attract",
    "tm:bodyslam",
    "tm:brickbreak",
    "tm:bulkup",
    "tm:bulldoze",
    "tm:captivate",
    "tm:closecombat",
    "tm:confide",
    "tm:dig",
    "tm:doubleteam",
    "tm:earthquake",
    "tm:encore",
    "tm:endure",
    "tm:facade",
    "tm:fireblast",
    "tm:firepunch",
    "tm:flamethrower",
    "tm:fling",
    "tm:focusblast",
    "tm:focusenergy",
    "tm:focuspunch",
    "tm:frustration",
    "tm:heavyslam",
    "tm:helpinghand",
    "tm:hiddenpower",
    "tm:icepunch",
    "tm:incinerate",
    "tm:lightscreen",
    "tm:lowkick",
    "tm:lowsweep",
    "tm:megakick",
    "tm:megapunch",
    "tm:metronome",
    "tm:naturalgift",
    "tm:payback",
    "tm:poisonjab",
    "tm:poweruppunch",
    "tm:protect",
    "tm:raindance",
    "tm:rest",
    "tm:retaliate",
    "tm:return",
    "tm:revenge",
    "tm:reversal",
    "tm:rockclimb",
    "tm:rockslide",
    "tm:rocksmash",
    "tm:rocktomb",
    "tm:round",
    "tm:scaryface",
    "tm:secretpower",
    "tm:sleeptalk",
    "tm:smackdown",
    "tm:snore",
    "tm:strength",
    "tm:substitute",
    "tm:sunnyday",
    "tm:superpower",
    "tm:swagger",
    "tm:thief",
    "tm:thunderpunch",
    "tm:toxic",
    "tm:workup",
    "tutor:attract",
    "tutor:bide",
    "tutor:bodyslam",
    "tutor:brickbreak",
    "tutor:bulkup",
    "tutor:bulletpunch",
    "tutor:coaching",
    "tutor:counter",
    "tutor:crosschop",
    "tutor:curse",
    "tutor:detect",
    "tutor:dig",
    "tutor:doubleedge",
    "tutor:doubleteam",
    "tutor:dualchop",
    "tutor:dynamicpunch",
    "tutor:earthquake",
    "tutor:encore",
    "tutor:endure",
    "tutor:facade",
    "tutor:fireblast",
    "tutor:firepunch",
    "tutor:fissure",
    "tutor:flamethrower",
    "tutor:focusenergy",
    "tutor:focuspunch",
    "tutor:foresight",
    "tutor:frustration",
    "tutor:headbutt",
    "tutor:helpinghand",
    "tutor:hiddenpower",
    "tutor:icepunch",
    "tutor:karatechop",
    "tutor:knockoff",
    "tutor:leer",
    "tutor:lightscreen",
    "tutor:lowkick",
    "tutor:meditate",
    "tutor:megakick",
    "tutor:megapunch",
    "tutor:metronome",
    "tutor:mimic",
    "tutor:mudslap",
    "tutor:poisonjab",
    "tutor:protect",
    "tutor:rage",
    "tutor:rest",
    "tutor:return",
    "tutor:rockslide",
    "tutor:rocksmash",
    "tutor:roleplay",
    "tutor:rollingkick",
    "tutor:scaryface",
    "tutor:seismictoss",
    "tutor:skullbash",
    "tutor:sleeptalk",
    "tutor:snore",
    "tutor:strength",
    "tutor:submission",
    "tutor:substitute",
    "tutor:sunnyday",
    "tutor:superpower",
    "tutor:swagger",
    "tutor:takedown",
    "tutor:thief",
    "tutor:thunderpunch",
    "tutor:toxic",
    "tutor:vacuumwave",
    "tutor:vitalthrow"
  ],
  "labels": [
    "gen1",
    "fighting"
  ],
  "pokedex": [
    "cobblemon.species.machop.desc"
  ],
  "evolutions": [
    {
      "id": "machop_machoke",
      "variant": "level_up",
      "result": "machoke",
      "consumeHeldItem": false,
      "learnableMoves": [],
      "requirements": [
        {
          "variant": "level",
          "minLevel": 28
        }
      ]
    }
  ],
  "baseScale": 0.8,
  "hitbox": {
    "width": 0.7,
    "height": 1.4,
    "fixed": false
  },
  "baseFriendship": 50,
  "evYield": {
    "hp": 0,
    "attack": 1,
    "defence": 0,
    "special_attack": 0,
    "special_defence": 0,
    "speed": 0
  },
  "height": 8,
  "weight": 195,
  "aspects": [],
  "cannotDynamax": false
}