{
  "implemented": true,
  "name": "Magmar",
  "nationalPokedexNumber": 126,
  "primaryType": "fire",
  "abilities": [
    "flamebody",
    "h:vitalspirit"
  ],
  "baseStats": {
    "hp": 65,
    "attack": 95,
    "defence": 57,
    "special_attack": 100,
    "special_defence": 85,
    "speed": 93
  },
  "catchRate": 45,
  "maleRatio": 0.75,
  "shoulderMountable": false,
  "baseExperienceYield": 173,
  "experienceGroup": "medium_fast",
  "eggCycles": 25,
  "eggGroups": [
    "human_like"
  ],
  "drops": {
    "amount": 3,
    "entries": [
      {
        "item": "minecraft:blaze_powder",
        "percentage": 5.0
      },
      {
        "item": "cobblemon:magmarizer",
        "percentage": 5.0
      },
      {
        "item": "cobblemon:rawst_berry",
        "percentage": 5.0
      }
    ]
  },
  "moves": [
    "1:ember",
    "1:leer",
    "1:smog",
    "1:smokescreen",
    "12:clearsmog",
    "12:feintattack",
    "15:firespin",
    "16:flamewheel",
    "20:confuseray",
    "22:flameburst",
    "24:scaryface",
    "28:firepunch",
    "34:lavaplume",
    "40:lowkick",
    "46:flamethrower",
    "52:sunnyday",
    "58:fireblast",
    "64:hyperbeam",
    "tm:attract",
    "tm:acidspray",
    "tm:bodyslam",
    "tm:brickbreak",
    "tm:burningjealousy",
    "tm:captivate",
    "tm:confide",
    "tm:confuseray",
    "tm:curse",
    "tm:doubleedge",
    "tm:doubleteam",
    "tm:endure",
    "tm:facade",
    "tm:fireblast",
    "tm:firepunch",
    "tm:firespin",
    "tm:flamecharge",
    "tm:flamethrower",
    "tm:flareblitz",
    "tm:fling",
    "tm:focusblast",
    "tm:focusenergy",
    "tm:focuspunch",
    "tm:frustration",
    "tm:gigaimpact",
    "tm:heatcrash",
    "tm:heatwave",
    "tm:helpinghand",
    "tm:hiddenpower",
    "tm:hyperbeam",
    "tm:incinerate",
    "tm:irontail",
    "tm:knockoff",
    "tm:lowkick",
    "tm:lowsweep",
    "tm:megakick",
    "tm:megapunch",
    "tm:metronome",
    "tm:naturalgift",
    "tm:overheat",
    "tm:poisonjab",
    "tm:powerswap",
    "tm:poweruppunch",
    "tm:protect",
    "tm:psychic",
    "tm:rest",
    "tm:return",
    "tm:rockclimb",
    "tm:rocksmash",
    "tm:roar",
    "tm:round",
    "tm:scaryface",
    "tm:scorchingsands",
    "tm:screech",
    "tm:secretpower",
    "tm:sleeptalk",
    "tm:snore",
    "tm:strength",
    "tm:substitute",
    "tm:sunnyday",
    "tm:swagger",
    "tm:takedown",
    "tm:taunt",
    "tm:temperflare",
    "tm:terablast",
    "tm:thief",
    "tm:thunderpunch",
    "tm:toxic",
    "tm:uproar",
    "tm:willowisp",
    "tutor:attract",
    "tutor:bide",
    "tutor:bodyslam",
    "tutor:brickbreak",
    "tutor:burningjealousy",
    "tutor:clearsmog",
    "tutor:confuseray",
    "tutor:counter",
    "tutor:covet",
    "tutor:crosschop",
    "tutor:curse",
    "tutor:detect",
    "tutor:doubleedge",
    "tutor:doubleteam",
    "tutor:dualchop",
    "tutor:dynamicpunch",
    "tutor:ember",
    "tutor:endure",
    "tutor:facade",
    "tutor:feintattack",
    "tutor:fireblast",
    "tutor:firepunch",
    "tutor:firespin",
    "tutor:flamethrower",
    "tutor:focuspunch",
    "tutor:followme",
    "tutor:frustration",
    "tutor:headbutt",
    "tutor:heatwave",
    "tutor:helpinghand",
    "tutor:hiddenpower",
    "tutor:hyperbeam",
    "tutor:irontail",
    "tutor:leer",
    "tutor:lowkick",
    "tutor:megakick",
    "tutor:megapunch",
    "tutor:metronome",
    "tutor:mimic",
    "tutor:mudslap",
    "tutor:protect",
    "tutor:psychic",
    "tutor:psywave",
    "tutor:rage",
    "tutor:rest",
    "tutor:return",
    "tutor:rocksmash",
    "tutor:scorchingsands",
    "tutor:seismictoss",
    "tutor:skullbash",
    "tutor:sleeptalk",
    "tutor:smog",
    "tutor:smokescreen",
    "tutor:snore",
    "tutor:strength",
    "tutor:submission",
    "tutor:substitute",
    "tutor:sunnyday",
    "tutor:swagger",
    "tutor:takedown",
    "tutor:taunt",
    "tutor:teleport",
    "tutor:thief",
    "tutor:thunderpunch",
    "tutor:toxic",
    "tutor:willowisp"
  ],
  "labels": [
    "gen1",
    "fire"
  ],
  "pokedex": [
    "cobblemon.species.magmar.desc"
  ],
  "preEvolution": "magby",
  "evolutions": [
    {
      "id": "magmar_magmortar",
      "variant": "trade",
      "result": "magmortar",
      "consumeHeldItem": true,
      "learnableMoves": [],
      "requirements": [
        {
          "variant": "held_item",
          "itemCondition": "cobblemon:magmarizer"
        }
      ]
    }
  ],
  "baseScale": 0.8,
  "hitbox": {
    "width": 0.7,
    "height": 1.5,
    "fixed": false
  },
  "baseFriendship": 50,
  "evYield": {
    "hp": 0,
    "attack": 0,
    "defence": 0,
    "special_attack": 2,
    "special_defence": 0,
    "speed": 0
  },
  "height": 13,
  "weight": 445,
  "aspects": [],
  "cannotDynamax": false
}