{
  "implemented": true,
  "name": "Mankey",
  "nationalPokedexNumber": 56,
  "primaryType": "fighting",
  "abilities": [
    "vitalspirit",
    "angerpoint",
    "h:defiant"
  ],
  "baseStats": {
    "hp": 40,
    "attack": 80,
    "defence": 35,
    "special_attack": 35,
    "special_defence": 45,
    "speed": 70
  },
  "behaviour": {
    "resting": {
      "canSleep": true,
      "willSleepOnBed": false,
      "depth": "normal",
      "light": "0-4"
    }
  },
  "catchRate": 190,
  "maleRatio": 0.5,
  "shoulderMountable": false,
  "baseExperienceYield": 61,
  "experienceGroup": "medium_fast",
  "eggCycles": 20,
  "eggGroups": [
    "field"
  ],
  "drops": {
    "amount": 2,
    "entries": [
      {
        "item": "cobblemon:muscle_band",
        "percentage": 2.5
      },
      {
        "item": "cobblemon:payapa_berry",
        "percentage": 2.5
      }
    ]
  },
  "moves": [
    "1:covet",
    "1:focusenergy",
    "1:leer",
    "1:scratch",
    "5:furyswipes",
    "8:karatechop",
    "8:lowkick",
    "12:pursuit",
    "12:seismictoss",
    "17:swagger",
    "22:crosschop",
    "26:assurance",
    "29:punishment",
    "29:thrash",
    "33:closecombat",
    "36:screech",
    "40:stompingtantrum",
    "44:outrage",
    "48:finalgambit",
    "egg:beatup",
    "egg:closecombat",
    "egg:counter",
    "egg:curse",
    "egg:encore",
    "egg:focuspunch",
    "egg:foresight",
    "egg:meditate",
    "egg:nightslash",
    "egg:powertrip",
    "egg:revenge",
    "egg:reversal",
    "egg:rockslide",
    "egg:sleeptalk",
    "egg:smellingsalts",
    "egg:spite",
    "tm:acrobatics",
    "tm:aerialace",
    "tm:attract",
    "tm:bodyslam",
    "tm:brickbreak",
    "tm:bulkup",
    "tm:bulldoze",
    "tm:captivate",
    "tm:closecombat",
    "tm:confide",
    "tm:curse",
    "tm:dig",
    "tm:doubleedge",
    "tm:doubleteam",
    "tm:drainpunch",
    "tm:earthquake",
    "tm:encore",
    "tm:endeavor",
    "tm:endure",
    "tm:facade",
    "tm:firepunch",
    "tm:fling",
    "tm:focusblast",
    "tm:focuspunch",
    "tm:frustration",
    "tm:gunkshot",
    "tm:helpinghand",
    "tm:hiddenpower",
    "tm:honeclaws",
    "tm:icepunch",
    "tm:irontail",
    "tm:lashout",
    "tm:lowkick",
    "tm:lowsweep",
    "tm:metronome",
    "tm:naturalgift",
    "tm:outrage",
    "tm:overheat",
    "tm:payback",
    "tm:poisonjab",
    "tm:poweruppunch",
    "tm:protect",
    "tm:raindance",
    "tm:rest",
    "tm:retaliate",
    "tm:return",
    "tm:reversal",
    "tm:rockclimb",
    "tm:rockslide",
    "tm:rocksmash",
    "tm:rocktomb",
    "tm:round",
    "tm:scaryface",
    "tm:secretpower",
    "tm:seedbomb",
    "tm:shadowclaw",
    "tm:sleeptalk",
    "tm:smackdown",
    "tm:spite",
    "tm:stompingtantrum",
    "tm:stoneedge",
    "tm:strength",
    "tm:substitute",
    "tm:sunnyday",
    "tm:swagger",
    "tm:swift",
    "tm:takedown",
    "tm:taunt",
    "tm:terablast",
    "tm:thief",
    "tm:throatchop",
    "tm:thunder",
    "tm:thunderbolt",
    "tm:thunderpunch",
    "tm:toxic",
    "tm:uproar",
    "tm:uturn",
    "tm:workup",
    "tutor:attract",
    "tutor:beatup",
    "tutor:bide",
    "tutor:bodyslam",
    "tutor:brickbreak",
    "tutor:bulkup",
    "tutor:counter",
    "tutor:covet",
    "tutor:crosschop",
    "tutor:curse",
    "tutor:defensecurl",
    "tutor:detect",
    "tutor:dig",
    "tutor:doubleedge",
    "tutor:doubleteam",
    "tutor:dualchop",
    "tutor:dynamicpunch",
    "tutor:earthquake",
    "tutor:endeavor",
    "tutor:endure",
    "tutor:facade",
    "tutor:firepunch",
    "tutor:focusenergy",
    "tutor:focuspunch",
    "tutor:foresight",
    "tutor:frustration",
    "tutor:furyswipes",
    "tutor:gunkshot",
    "tutor:headbutt",
    "tutor:helpinghand",
    "tutor:hiddenpower",
    "tutor:icepunch",
    "tutor:irontail",
    "tutor:karatechop",
    "tutor:leer",
    "tutor:lowkick",
    "tutor:meditate",
    "tutor:megakick",
    "tutor:megapunch",
    "tutor:metronome",
    "tutor:mimic",
    "tutor:mudslap",
    "tutor:outrage",
    "tutor:payday",
    "tutor:poisonjab",
    "tutor:protect",
    "tutor:psychup",
    "tutor:rage",
    "tutor:rest",
    "tutor:return",
    "tutor:reversal",
    "tutor:rockslide",
    "tutor:rocksmash",
    "tutor:roleplay",
    "tutor:scratch",
    "tutor:screech",
    "tutor:seedbomb",
    "tutor:seismictoss",
    "tutor:skullbash",
    "tutor:sleeptalk",
    "tutor:snore",
    "tutor:spite",
    "tutor:stompingtantrum",
    "tutor:strength",
    "tutor:submission",
    "tutor:substitute",
    "tutor:sunnyday",
    "tutor:swagger",
    "tutor:swift",
    "tutor:takedown",
    "tutor:taunt",
    "tutor:thief",
    "tutor:thrash",
    "tutor:thunder",
    "tutor:thunderbolt",
    "tutor:thunderpunch",
    "tutor:toxic",
    "tutor:uproar",
    "tutor:uturn",
    "tutor:vacuumwave"
  ],
  "labels": [
    "gen1",
    "fighting"
  ],
  "pokedex": [
    "cobblemon.species.mankey.desc"
  ],
  "evolutions": [
    {
      "id": "mankey_primeape",
      "variant": "level_up",
      "result": "primeape",
      "consumeHeldItem": false,
      "learnableMoves": [],
      "requirements": [
        {
          "variant": "level",
          "minLevel": 28
        }
      ]
    }
  ],
  "baseScale": 0.85,
  "hitbox": {
    "width": 0.6,
    "height": 0.8,
    "fixed": false
  },
  "baseFriendship": 70,
  "evYield": {
    "hp": 0,
    "attack": 1,
    "defence": 0,
    "special_attack": 0,
    "special_defence": 0,
    "speed": 0
  },
  "height": 5,
  "weight": 280,
  "aspects": [],
  "cannotDynamax": false
}