{
  "implemented": true,
  "name": "Marowak",
  "nationalPokedexNumber": 105,
  "primaryType": "ground",
  "abilities": [
    "rockhead",
    "lightningrod",
    "h:battlearmor"
  ],
  "baseStats": {
    "hp": 60,
    "attack": 80,
    "defence": 110,
    "special_attack": 50,
    "special_defence": 80,
    "speed": 45
  },
  "features": [
    "alolan"
  ],
  "catchRate": 75,
  "maleRatio": 0.5,
  "shoulderMountable": false,
  "forms": [
    {
      "name": "Alola",
      "primaryType": "fire",
      "secondaryType": "ghost",
      "abilities": [
        "cursedbody",
        "lightningrod",
        "h:rockhead"
      ],
      "baseStats": {
        "hp": 60,
        "attack": 80,
        "defence": 110,
        "special_attack": 50,
        "special_defence": 80,
        "speed": 45
      },
      "catchRate": 75,
      "maleRatio": 0.5,
      "baseExperienceYield": 149,
      "baseFriendship": 50,
      "evYield": {
        "hp": 0,
        "attack": 0,
        "defence": 2,
        "special_attack": 0,
        "special_defence": 0,
        "speed": 0
      },
      "experienceGroup": "medium_fast",
      "eggCycles": 20,
      "eggGroups": [
        "monster"
      ],
      "moves": [
        "1:boneclub",
        "1:doubleedge",
        "1:falseswipe",
        "1:firespin",
        "1:focusenergy",
        "1:growl",
        "1:headbutt",
        "1:mudslap",
        "1:retaliate",
        "1:tailwhip",
        "12:flamewheel",
        "13:leer",
        "16:hex",
        "20:fling",
        "24:stompingtantrum",
        "27:shadowbone",
        "31:bonerush",
        "36:willowisp",
        "42:endeavor",
        "48:bonemerang",
        "54:thrash",
        "60:flareblitz",
        "tm:aerialace",
        "tm:allyswitch",
        "tm:attract",
        "tm:blizzard",
        "tm:bodyslam",
        "tm:brickbreak",
        "tm:brutalswing",
        "tm:bulldoze",
        "tm:confide",
        "tm:darkpulse",
        "tm:dig",
        "tm:doubleteam",
        "tm:dreameater",
        "tm:earthpower",
        "tm:earthquake",
        "tm:echoedvoice",
        "tm:endure",
        "tm:facade",
        "tm:falseswipe",
        "tm:fireblast",
        "tm:firepunch",
        "tm:firespin",
        "tm:flamecharge",
        "tm:flamethrower",
        "tm:flareblitz",
        "tm:fling",
        "tm:focusblast",
        "tm:focusenergy",
        "tm:frustration",
        "tm:gigaimpact",
        "tm:heatwave",
        "tm:hex",
        "tm:hiddenpower",
        "tm:hyperbeam",
        "tm:icebeam",
        "tm:icywind",
        "tm:imprison",
        "tm:irondefense",
        "tm:ironhead",
        "tm:irontail",
        "tm:lowkick",
        "tm:megakick",
        "tm:megapunch",
        "tm:outrage",
        "tm:protect",
        "tm:raindance",
        "tm:rest",
        "tm:retaliate",
        "tm:return",
        "tm:rockslide",
        "tm:rocktomb",
        "tm:round",
        "tm:sandstorm",
        "tm:screech",
        "tm:shadowball",
        "tm:sleeptalk",
        "tm:smackdown",
        "tm:snore",
        "tm:stealthrock",
        "tm:stompingtantrum",
        "tm:stoneedge",
        "tm:substitute",
        "tm:sunnyday",
        "tm:swagger",
        "tm:swift",
        "tm:swordsdance",
        "tm:thief",
        "tm:throatchop",
        "tm:thunder",
        "tm:thunderbolt",
        "tm:thunderpunch",
        "tm:toxic",
        "tm:uproar",
        "tm:willowisp",
        "tutor:allyswitch",
        "tutor:blizzard",
        "tutor:boneclub",
        "tutor:bonemerang",
        "tutor:brickbreak",
        "tutor:burningjealousy",
        "tutor:darkpulse",
        "tutor:dig",
        "tutor:dreameater",
        "tutor:earthpower",
        "tutor:earthquake",
        "tutor:endeavor",
        "tutor:facade",
        "tutor:fireblast",
        "tutor:firepunch",
        "tutor:firespin",
        "tutor:flamethrower",
        "tutor:flareblitz",
        "tutor:focuspunch",
        "tutor:growl",
        "tutor:headbutt",
        "tutor:heatwave",
        "tutor:hyperbeam",
        "tutor:icebeam",
        "tutor:icywind",
        "tutor:irondefense",
        "tutor:ironhead",
        "tutor:irontail",
        "tutor:knockoff",
        "tutor:laserfocus",
        "tutor:leer",
        "tutor:lowkick",
        "tutor:outrage",
        "tutor:painsplit",
        "tutor:poltergeist",
        "tutor:protect",
        "tutor:rage",
        "tutor:rest",
        "tutor:rockslide",
        "tutor:scorchingsands",
        "tutor:screech",
        "tutor:seismictoss",
        "tutor:shadowball",
        "tutor:snore",
        "tutor:spite",
        "tutor:stealthrock",
        "tutor:stompingtantrum",
        "tutor:substitute",
        "tutor:swordsdance",
        "tutor:tailwhip",
        "tutor:thrash",
        "tutor:throatchop",
        "tutor:thunder",
        "tutor:thunderbolt",
        "tutor:thunderpunch",
        "tutor:toxic",
        "tutor:uproar",
        "tutor:willowisp"
      ],
      "labels": [
        "gen7",
        "alola_regional"
      ],
      "aspects": [
        "alolan"
      ],
      "height": 10,
      "weight": 340,
      "preEvolution": "cubone",
      "cannotDynamax": false,
      "battleOnly": false,
      "drops": {
        "amount": 1,
        "entries": [
          {
            "item": "minecraft:bone"
          }
        ]
      }
    },
    {
      "name": "Alola-Totem",
      "primaryType": "fire",
      "secondaryType": "ghost",
      "abilities": [
        "rockhead"
      ],
      "baseStats": {
        "hp": 60,
        "attack": 80,
        "defence": 110,
        "special_attack": 50,
        "special_defence": 80,
        "speed": 45
      },
      "catchRate": 75,
      "maleRatio": 0.5,
      "baseExperienceYield": 149,
      "baseFriendship": 50,
      "evYield": {
        "hp": 0,
        "attack": 0,
        "defence": 2,
        "special_attack": 0,
        "special_defence": 0,
        "speed": 0
      },
      "experienceGroup": "medium_fast",
      "eggCycles": 20,
      "eggGroups": [
        "monster"
      ],
      "moves": [
        "1:boneclub",
        "1:flamewheel",
        "1:growl",
        "1:tailwhip",
        "13:leer",
        "17:hex",
        "21:bonemerang",
        "23:willowisp",
        "27:shadowbone",
        "33:thrash",
        "37:fling",
        "43:stompingtantrum",
        "49:endeavor",
        "53:flareblitz",
        "59:retaliate",
        "65:bonerush",
        "tm:aerialace",
        "tm:attract",
        "tm:blizzard",
        "tm:brickbreak",
        "tm:brutalswing",
        "tm:bulldoze",
        "tm:confide",
        "tm:darkpulse",
        "tm:doubleteam",
        "tm:dreameater",
        "tm:earthquake",
        "tm:echoedvoice",
        "tm:facade",
        "tm:falseswipe",
        "tm:fireblast",
        "tm:flamecharge",
        "tm:flamethrower",
        "tm:fling",
        "tm:focusblast",
        "tm:frustration",
        "tm:gigaimpact",
        "tm:hiddenpower",
        "tm:hyperbeam",
        "tm:icebeam",
        "tm:protect",
        "tm:raindance",
        "tm:rest",
        "tm:return",
        "tm:rockslide",
        "tm:rocktomb",
        "tm:round",
        "tm:sandstorm",
        "tm:shadowball",
        "tm:sleeptalk",
        "tm:smackdown",
        "tm:stoneedge",
        "tm:substitute",
        "tm:sunnyday",
        "tm:swagger",
        "tm:swordsdance",
        "tm:thief",
        "tm:thunder",
        "tm:thunderbolt",
        "tm:toxic",
        "tm:willowisp",
        "tutor:allyswitch",
        "tutor:bonemerang",
        "tutor:earthpower",
        "tutor:endeavor",
        "tutor:firepunch",
        "tutor:focuspunch",
        "tutor:heatwave",
        "tutor:hex",
        "tutor:icywind",
        "tutor:irondefense",
        "tutor:ironhead",
        "tutor:irontail",
        "tutor:knockoff",
        "tutor:laserfocus",
        "tutor:leer",
        "tutor:lowkick",
        "tutor:outrage",
        "tutor:painsplit",
        "tutor:snore",
        "tutor:spite",
        "tutor:stealthrock",
        "tutor:stompingtantrum",
        "tutor:throatchop",
        "tutor:thunderpunch",
        "tutor:uproar",
        "tutor:willowisp"
      ],
      "labels": [
        "gen7",
        "totem"
      ],
      "aspects": [
        "alola-totem"
      ],
      "height": 17,
      "weight": 980,
      "cannotDynamax": false,
      "battleOnly": false
    }
  ],
  "baseExperienceYield": 149,
  "experienceGroup": "medium_fast",
  "eggCycles": 20,
  "eggGroups": [
    "monster"
  ],
  "drops": {
    "amount": 2,
    "entries": [
      {
        "item": "minecraft:bone"
      },
      {
        "item": "cobblemon:nanab_berry",
        "percentage": 5.0
      }
    ]
  },
  "moves": [
    "1:boneclub",
    "1:falseswipe",
    "1:growl",
    "1:mudslap",
    "1:tailwhip",
    "12:headbutt",
    "13:leer",
    "16:retaliate",
    "20:fling",
    "23:rage",
    "24:stompingtantrum",
    "31:bonerush",
    "36:focusenergy",
    "42:endeavor",
    "48:bonemerang",
    "54:thrash",
    "60:doubleedge",
    "tm:aerialace",
    "tm:attract",
    "tm:blizzard",
    "tm:bodyslam",
    "tm:brickbreak",
    "tm:brutalswing",
    "tm:bulldoze",
    "tm:captivate",
    "tm:confide",
    "tm:dig",
    "tm:doubleteam",
    "tm:earthpower",
    "tm:earthquake",
    "tm:echoedvoice",
    "tm:endure",
    "tm:facade",
    "tm:falseswipe",
    "tm:fireblast",
    "tm:firepunch",
    "tm:flamethrower",
    "tm:fling",
    "tm:focusblast",
    "tm:focusenergy",
    "tm:focuspunch",
    "tm:frustration",
    "tm:gigaimpact",
    "tm:hiddenpower",
    "tm:hyperbeam",
    "tm:icebeam",
    "tm:icywind",
    "tm:incinerate",
    "tm:irondefense",
    "tm:ironhead",
    "tm:irontail",
    "tm:lowkick",
    "tm:megakick",
    "tm:megapunch",
    "tm:naturalgift",
    "tm:outrage",
    "tm:poweruppunch",
    "tm:protect",
    "tm:rest",
    "tm:retaliate",
    "tm:return",
    "tm:rockclimb",
    "tm:rockslide",
    "tm:rocksmash",
    "tm:rocktomb",
    "tm:round",
    "tm:sandstorm",
    "tm:screech",
    "tm:secretpower",
    "tm:sleeptalk",
    "tm:smackdown",
    "tm:snore",
    "tm:stealthrock",
    "tm:stompingtantrum",
    "tm:stoneedge",
    "tm:strength",
    "tm:substitute",
    "tm:sunnyday",
    "tm:swagger",
    "tm:swift",
    "tm:swordsdance",
    "tm:thief",
    "tm:throatchop",
    "tm:thunderpunch",
    "tm:toxic",
    "tm:uproar",
    "tutor:attract",
    "tutor:bide",
    "tutor:blizzard",
    "tutor:bodyslam",
    "tutor:boneclub",
    "tutor:bonemerang",
    "tutor:bonerush",
    "tutor:brickbreak",
    "tutor:bubblebeam",
    "tutor:counter",
    "tutor:curse",
    "tutor:detect",
    "tutor:dig",
    "tutor:doubleedge",
    "tutor:doubleteam",
    "tutor:dynamicpunch",
    "tutor:earthpower",
    "tutor:earthquake",
    "tutor:endeavor",
    "tutor:endure",
    "tutor:facade",
    "tutor:falseswipe",
    "tutor:fireblast",
    "tutor:firepunch",
    "tutor:fissure",
    "tutor:flamethrower",
    "tutor:focusenergy",
    "tutor:focuspunch",
    "tutor:frustration",
    "tutor:furycutter",
    "tutor:growl",
    "tutor:headbutt",
    "tutor:hiddenpower",
    "tutor:hyperbeam",
    "tutor:icebeam",
    "tutor:icywind",
    "tutor:irondefense",
    "tutor:ironhead",
    "tutor:irontail",
    "tutor:knockoff",
    "tutor:laserfocus",
    "tutor:leer",
    "tutor:lowkick",
    "tutor:megakick",
    "tutor:megapunch",
    "tutor:mimic",
    "tutor:mudslap",
    "tutor:outrage",
    "tutor:protect",
    "tutor:rage",
    "tutor:rest",
    "tutor:return",
    "tutor:rockslide",
    "tutor:rocksmash",
    "tutor:sandstorm",
    "tutor:scorchingsands",
    "tutor:screech",
    "tutor:seismictoss",
    "tutor:sing",
    "tutor:skullbash",
    "tutor:sleeptalk",
    "tutor:snore",
    "tutor:stealthrock",
    "tutor:stompingtantrum",
    "tutor:strength",
    "tutor:submission",
    "tutor:substitute",
    "tutor:sunnyday",
    "tutor:swagger",
    "tutor:swordsdance",
    "tutor:tailwhip",
    "tutor:takedown",
    "tutor:thief",
    "tutor:thrash",
    "tutor:throatchop",
    "tutor:thunderpunch",
    "tutor:toxic",
    "tutor:uproar",
    "tutor:watergun"
  ],
  "labels": [
    "gen1",
    "kanto_regional",
    "ground",
    "fire",
    "ghost"
  ],
  "pokedex": [
    "cobblemon.species.marowak.desc"
  ],
  "preEvolution": "cubone",
  "evolutions": [],
  "baseScale": 0.85,
  "hitbox": {
    "width": 0.85,
    "height": 1.3,
    "fixed": false
  },
  "baseFriendship": 50,
  "evYield": {
    "hp": 0,
    "attack": 0,
    "defence": 2,
    "special_attack": 0,
    "special_defence": 0,
    "speed": 0
  },
  "height": 10,
  "weight": 450,
  "aspects": [],
  "cannotDynamax": false
}