{
  "implemented": true,
  "name": "Meowth",
  "nationalPokedexNumber": 52,
  "primaryType": "normal",
  "abilities": [
    "pickup",
    "technician",
    "h:unnerve"
  ],
  "baseStats": {
    "hp": 40,
    "attack": 45,
    "defence": 35,
    "special_attack": 40,
    "special_defence": 40,
    "speed": 90
  },
  "features": [
    "galarian",
    "alolan"
  ],
  "behaviour": {
    "resting": {
      "canSleep": true,
      "willSleepOnBed": false,
      "depth": "normal",
      "light": "0-4"
    }
  },
  "catchRate": 255,
  "maleRatio": 0.5,
  "shoulderMountable": false,
  "forms": [
    {
      "name": "Alola",
      "primaryType": "dark",
      "abilities": [
        "pickup",
        "technician",
        "h:rattled"
      ],
      "baseStats": {
        "hp": 40,
        "attack": 35,
        "defence": 35,
        "special_attack": 50,
        "special_defence": 40,
        "speed": 90
      },
      "catchRate": 255,
      "maleRatio": 0.5,
      "baseExperienceYield": 58,
      "baseFriendship": 50,
      "evYield": {
        "hp": 0,
        "attack": 0,
        "defence": 0,
        "special_attack": 0,
        "special_defence": 0,
        "speed": 1
      },
      "experienceGroup": "medium_fast",
      "eggCycles": 20,
      "eggGroups": [
        "field"
      ],
      "moves": [
        "1:fakeout",
        "1:growl",
        "4:feint",
        "8:scratch",
        "12:payday",
        "16:bite",
        "20:taunt",
        "22:feintattack",
        "24:assurance",
        "29:furyswipes",
        "32:screech",
        "33:slash",
        "36:nightslash",
        "40:nastyplot",
        "44:playrough",
        "46:captivate",
        "55:darkpulse",
        "egg:amnesia",
        "egg:assist",
        "egg:charm",
        "egg:covet",
        "egg:flail",
        "egg:flatter",
        "egg:foulplay",
        "egg:hypnosis",
        "egg:partingshot",
        "egg:punishment",
        "egg:snatch",
        "egg:spite",
        "tm:aerialace",
        "tm:agility",
        "tm:amnesia",
        "tm:assurance",
        "tm:attract",
        "tm:bodyslam",
        "tm:charm",
        "tm:chillingwater",
        "tm:confide",
        "tm:confuseray",
        "tm:curse",
        "tm:darkpulse",
        "tm:dig",
        "tm:doubleedge",
        "tm:doubleteam",
        "tm:dreameater",
        "tm:echoedvoice",
        "tm:embargo",
        "tm:endeavor",
        "tm:endure",
        "tm:facade",
        "tm:faketears",
        "tm:foulplay",
        "tm:frustration",
        "tm:gunkshot",
        "tm:helpinghand",
        "tm:hiddenpower",
        "tm:hypervoice",
        "tm:icywind",
        "tm:irontail",
        "tm:knockoff",
        "tm:lashout",
        "tm:metalclaw",
        "tm:nastyplot",
        "tm:payback",
        "tm:payday",
        "tm:playrough",
        "tm:powergem",
        "tm:protect",
        "tm:psychup",
        "tm:quash",
        "tm:raindance",
        "tm:rest",
        "tm:retaliate",
        "tm:return",
        "tm:round",
        "tm:screech",
        "tm:seedbomb",
        "tm:shadowball",
        "tm:shadowclaw",
        "tm:sleeptalk",
        "tm:snarl",
        "tm:snore",
        "tm:spite",
        "tm:substitute",
        "tm:sunnyday",
        "tm:swagger",
        "tm:swift",
        "tm:takedown",
        "tm:taunt",
        "tm:terablast",
        "tm:thief",
        "tm:throatchop",
        "tm:thunder",
        "tm:thunderbolt",
        "tm:thunderwave",
        "tm:torment",
        "tm:toxic",
        "tm:trailblaze",
        "tm:uproar",
        "tm:uturn",
        "tm:workup",
        "tutor:bite",
        "tutor:covet",
        "tutor:darkpulse",
        "tutor:dreameater",
        "tutor:facade",
        "tutor:fakeout",
        "tutor:feint",
        "tutor:foulplay",
        "tutor:furyswipes",
        "tutor:growl",
        "tutor:gunkshot",
        "tutor:headbutt",
        "tutor:hypervoice",
        "tutor:icywind",
        "tutor:irontail",
        "tutor:knockoff",
        "tutor:lashout",
        "tutor:lastresort",
        "tutor:nastyplot",
        "tutor:payday",
        "tutor:playrough",
        "tutor:protect",
        "tutor:rest",
        "tutor:scratch",
        "tutor:screech",
        "tutor:seedbomb",
        "tutor:shadowball",
        "tutor:shockwave",
        "tutor:slash",
        "tutor:snatch",
        "tutor:snore",
        "tutor:spite",
        "tutor:substitute",
        "tutor:taunt",
        "tutor:throatchop",
        "tutor:thunder",
        "tutor:thunderbolt",
        "tutor:toxic",
        "tutor:uproar",
        "tutor:uturn",
        "tutor:waterpulse"
      ],
      "labels": [
        "gen7",
        "alola_regional"
      ],
      "aspects": [
        "alolan"
      ],
      "height": 4,
      "weight": 42,
      "evolutions": [
        {
          "id": "meowth_persian",
          "variant": "level_up",
          "result": "persian alolan",
          "consumeHeldItem": false,
          "learnableMoves": [
            "powergem"
          ],
          "requirements": [
            {
              "variant": "friendship",
              "amount": 160
            }
          ]
        }
      ],
      "cannotDynamax": false,
      "battleOnly": false,
      "drops": {
        "amount": 3,
        "entries": [
          {
            "item": "minecraft:gold_nugget",
            "quantityRange": "0-1"
          },
          {
            "item": "cobblemon:quick_claw",
            "percentage": 2.5
          },
          {
            "item": "cobblemon:bluk_berry",
            "percentage": 2.5
          }
        ]
      }
    },
    {
      "name": "Galar",
      "primaryType": "steel",
      "abilities": [
        "pickup",
        "toughclaws",
        "h:unnerve"
      ],
      "baseStats": {
        "hp": 50,
        "attack": 65,
        "defence": 55,
        "special_attack": 40,
        "special_defence": 40,
        "speed": 40
      },
      "catchRate": 255,
      "maleRatio": 0.5,
      "baseExperienceYield": 58,
      "baseFriendship": 50,
      "evYield": {
        "hp": 0,
        "attack": 1,
        "defence": 0,
        "special_attack": 0,
        "special_defence": 0,
        "speed": 0
      },
      "experienceGroup": "medium_fast",
      "eggCycles": 20,
      "eggGroups": [
        "field"
      ],
      "behaviour": {
        "moving": {
          "walk": {
            "walkSpeed": 0.2
          }
        },
        "resting": {
          "canSleep": true,
          "willSleepOnBed": true,
          "depth": "normal",
          "light": "0-4"
        }
      },
      "moves": [
        "1:fakeout",
        "1:growl",
        "4:honeclaws",
        "8:scratch",
        "12:payday",
        "16:metalclaw",
        "20:taunt",
        "24:swagger",
        "29:furyswipes",
        "32:screech",
        "36:slash",
        "40:metalsound",
        "44:thrash",
        "egg:covet",
        "egg:curse",
        "egg:doubleedge",
        "egg:flail",
        "egg:nightslash",
        "egg:spite",
        "tm:aerialace",
        "tm:amnesia",
        "tm:assurance",
        "tm:attract",
        "tm:bodyslam",
        "tm:brickbreak",
        "tm:charm",
        "tm:crunch",
        "tm:curse",
        "tm:darkpulse",
        "tm:dig",
        "tm:doubleedge",
        "tm:endeavor",
        "tm:endure",
        "tm:facade",
        "tm:faketears",
        "tm:falseswipe",
        "tm:flashcannon",
        "tm:fling",
        "tm:foulplay",
        "tm:gunkshot",
        "tm:gyroball",
        "tm:helpinghand",
        "tm:hypervoice",
        "tm:irondefense",
        "tm:ironhead",
        "tm:irontail",
        "tm:knockoff",
        "tm:lashout",
        "tm:metalclaw",
        "tm:metalsound",
        "tm:metronome",
        "tm:nastyplot",
        "tm:payback",
        "tm:payday",
        "tm:playrough",
        "tm:protect",
        "tm:raindance",
        "tm:rest",
        "tm:retaliate",
        "tm:round",
        "tm:screech",
        "tm:seedbomb",
        "tm:shadowball",
        "tm:shadowclaw",
        "tm:sleeptalk",
        "tm:snore",
        "tm:spite",
        "tm:stealthrock",
        "tm:steelbeam",
        "tm:substitute",
        "tm:sunnyday",
        "tm:swordsdance",
        "tm:takedown",
        "tm:taunt",
        "tm:terablast",
        "tm:thief",
        "tm:throatchop",
        "tm:thunder",
        "tm:thunderbolt",
        "tm:trailblaze",
        "tm:uproar",
        "tm:uturn",
        "tm:workup",
        "tm:xscissor",
        "tutor:fakeout",
        "tutor:growl",
        "tutor:honeclaws",
        "tutor:lashout",
        "tutor:payday",
        "tutor:steelbeam"
      ],
      "labels": [
        "gen8",
        "galar_regional"
      ],
      "aspects": [
        "galarian"
      ],
      "height": 4,
      "weight": 75,
      "evolutions": [
        {
          "id": "meowth_perrserker",
          "variant": "level_up",
          "result": "perrserker",
          "consumeHeldItem": false,
          "learnableMoves": [],
          "requirements": [
            {
              "variant": "level",
              "minLevel": 28
            }
          ]
        }
      ],
      "cannotDynamax": false,
      "battleOnly": false,
      "drops": {
        "amount": 2,
        "entries": [
          {
            "item": "cobblemon:razor_claw",
            "percentage": 2.5
          },
          {
            "item": "cobblemon:wepear_berry",
            "percentage": 2.5
          }
        ]
      }
    },
    {
      "name": "Gmax",
      "primaryType": "normal",
      "abilities": [
        "pickup",
        "technician",
        "h:unnerve"
      ],
      "baseStats": {
        "hp": 40,
        "attack": 45,
        "defence": 35,
        "special_attack": 40,
        "special_defence": 40,
        "speed": 90
      },
      "catchRate": 255,
      "maleRatio": 0.5,
      "baseExperienceYield": 58,
      "baseFriendship": 50,
      "evYield": {
        "hp": 0,
        "attack": 0,
        "defence": 0,
        "special_attack": 0,
        "special_defence": 0,
        "speed": 1
      },
      "experienceGroup": "medium_fast",
      "eggCycles": 20,
      "eggGroups": [
        "field"
      ],
      "labels": [
        "gen8",
        "gmax"
      ],
      "aspects": [
        "gmax"
      ],
      "height": 330,
      "weight": 0,
      "cannotDynamax": false,
      "battleOnly": false
    }
  ],
  "baseExperienceYield": 58,
  "experienceGroup": "medium_fast",
  "eggCycles": 20,
  "eggGroups": [
    "field"
  ],
  "drops": {
    "amount": 3,
    "entries": [
      {
        "item": "minecraft:gold_nugget",
        "quantityRange": "0-1"
      },
      {
        "item": "cobblemon:quick_claw",
        "percentage": 2.5
      },
      {
        "item": "cobblemon:pinap_berry",
        "percentage": 2.5
      }
    ]
  },
  "moves": [
    "1:fakeout",
    "1:growl",
    "4:feint",
    "8:scratch",
    "12:payday",
    "16:bite",
    "20:taunt",
    "22:feintattack",
    "24:assurance",
    "29:furyswipes",
    "32:screech",
    "36:slash",
    "40:nastyplot",
    "44:playrough",
    "45:swagger",
    "46:captivate",
    "49:nightslash",
    "egg:amnesia",
    "egg:assist",
    "egg:charm",
    "egg:covet",
    "egg:flail",
    "egg:foulplay",
    "egg:hypnosis",
    "egg:irontail",
    "egg:lastresort",
    "egg:odorsleuth",
    "egg:psychup",
    "egg:punishment",
    "egg:snatch",
    "egg:spite",
    "egg:tailwhip",
    "tm:aerialace",
    "tm:agility",
    "tm:amnesia",
    "tm:assurance",
    "tm:attract",
    "tm:bodyslam",
    "tm:captivate",
    "tm:charm",
    "tm:chillingwater",
    "tm:confide",
    "tm:cut",
    "tm:darkpulse",
    "tm:dig",
    "tm:doubleedge",
    "tm:doubleteam",
    "tm:dreameater",
    "tm:echoedvoice",
    "tm:endeavor",
    "tm:endure",
    "tm:facade",
    "tm:faketears",
    "tm:falseswipe",
    "tm:flash",
    "tm:foulplay",
    "tm:frustration",
    "tm:gunkshot",
    "tm:helpinghand",
    "tm:hiddenpower",
    "tm:honeclaws",
    "tm:hypervoice",
    "tm:icywind",
    "tm:irontail",
    "tm:knockoff",
    "tm:lashout",
    "tm:metalclaw",
    "tm:nastyplot",
    "tm:naturalgift",
    "tm:painsplit",
    "tm:payback",
    "tm:payday",
    "tm:playrough",
    "tm:powergem",
    "tm:protect",
    "tm:psychup",
    "tm:raindance",
    "tm:rest",
    "tm:retaliate",
    "tm:return",
    "tm:round",
    "tm:screech",
    "tm:secretpower",
    "tm:seedbomb",
    "tm:shadowball",
    "tm:shadowclaw",
    "tm:shockwave",
    "tm:sleeptalk",
    "tm:snarl",
    "tm:snatch",
    "tm:snore",
    "tm:spite",
    "tm:substitute",
    "tm:sunnyday",
    "tm:swagger",
    "tm:swift",
    "tm:takedown",
    "tm:taunt",
    "tm:terablast",
    "tm:thief",
    "tm:throatchop",
    "tm:thunder",
    "tm:thunderbolt",
    "tm:thunderwave",
    "tm:torment",
    "tm:toxic",
    "tm:trailblaze",
    "tm:uproar",
    "tm:uturn",
    "tm:waterpulse",
    "tm:workup",
    "tutor:amnesia",
    "tutor:assist",
    "tutor:attract",
    "tutor:bide",
    "tutor:bite",
    "tutor:bodyslam",
    "tutor:bubblebeam",
    "tutor:charm",
    "tutor:covet",
    "tutor:curse",
    "tutor:darkpulse",
    "tutor:defensecurl",
    "tutor:detect",
    "tutor:dig",
    "tutor:doubleedge",
    "tutor:doubleteam",
    "tutor:dreameater",
    "tutor:endure",
    "tutor:facade",
    "tutor:fakeout",
    "tutor:feint",
    "tutor:feintattack",
    "tutor:foulplay",
    "tutor:frustration",
    "tutor:furyswipes",
    "tutor:growl",
    "tutor:gunkshot",
    "tutor:happyhour",
    "tutor:headbutt",
    "tutor:hiddenpower",
    "tutor:hypervoice",
    "tutor:hypnosis",
    "tutor:icywind",
    "tutor:irontail",
    "tutor:knockoff",
    "tutor:lashout",
    "tutor:lastresort",
    "tutor:mimic",
    "tutor:mudslap",
    "tutor:nastyplot",
    "tutor:nightmare",
    "tutor:payday",
    "tutor:petaldance",
    "tutor:playrough",
    "tutor:protect",
    "tutor:psychup",
    "tutor:rage",
    "tutor:rest",
    "tutor:return",
    "tutor:scratch",
    "tutor:screech",
    "tutor:secretpower",
    "tutor:seedbomb",
    "tutor:shadowball",
    "tutor:shockwave",
    "tutor:sing",
    "tutor:skullbash",
    "tutor:slash",
    "tutor:sleeptalk",
    "tutor:snatch",
    "tutor:snore",
    "tutor:spite",
    "tutor:substitute",
    "tutor:sunnyday",
    "tutor:swagger",
    "tutor:swift",
    "tutor:takedown",
    "tutor:taunt",
    "tutor:thief",
    "tutor:throatchop",
    "tutor:thunder",
    "tutor:thunderbolt",
    "tutor:toxic",
    "tutor:uproar",
    "tutor:uturn",
    "tutor:watergun",
    "tutor:waterpulse",
    "tutor:zapcannon"
  ],
  "labels": [
    "gen1",
    "kanto_regional",
    "kanto_regional",
    "normal",
    "dark",
    "steel"
  ],
  "pokedex": [
    "cobblemon.species.meowth.desc"
  ],
  "baseScale": 0.7,
  "hitbox": {
    "width": 0.6,
    "height": 1.1,
    "fixed": false
  },
  "baseFriendship": 50,
  "evYield": {
    "hp": 0,
    "attack": 0,
    "defence": 0,
    "special_attack": 0,
    "special_defence": 0,
    "speed": 1
  },
  "height": 4,
  "weight": 42,
  "evolutions": [
    {
      "id": "meowth_persian",
      "variant": "level_up",
      "result": "persian",
      "consumeHeldItem": false,
      "learnableMoves": [
        "powergem"
      ],
      "requirements": [
        {
          "variant": "level",
          "minLevel": 28
        }
      ]
    }
  ],
  "aspects": [],
  "cannotDynamax": false
}