{"format_version":"1.8.0","animations":{"animation.scovillain.ground_idle":{"loop":true,"animation_length":1.28,"bones":{"head_left":{"rotation":{"0.0":{"post":[25.43039,14.85384,-6.67139],"lerp_mode":"catmullrom"},"0.64":{"post":[23.41673,17.95909,-13.78959],"lerp_mode":"catmullrom"},"1.28":{"post":[25.43039,14.85384,-6.67139],"lerp_mode":"catmullrom"}}},"head_right":{"rotation":{"0.0":{"post":[25.43039,-14.85384,6.67139],"lerp_mode":"catmullrom"},"0.32":{"post":[30.43039,-14.85384,6.67139],"lerp_mode":"catmullrom"},"0.44":{"post":[22.74972,-14.85384,6.67139],"lerp_mode":"catmullrom"},"0.56":{"post":[45.11238,-14.85384,6.67139],"lerp_mode":"catmullrom"},"0.68":{"post":[22.74972,-14.85384,6.67139],"lerp_mode":"catmullrom"},"0.8":{"post":[45.11238,-14.85384,6.67139],"lerp_mode":"catmullrom"},"1.04":{"post":[30.43039,-14.85384,6.67139],"lerp_mode":"catmullrom"},"1.28":{"post":[25.43039,-14.85384,6.67139],"lerp_mode":"catmullrom"}}},"all":{"rotation":{"0.0":{"post":[-2.5,0,0],"lerp_mode":"catmullrom"},"0.64":{"post":[-2.5,0,0],"lerp_mode":"catmullrom"},"1.28":{"post":[-2.5,0,0],"lerp_mode":"catmullrom"}},"position":{"0.0":{"post":[0,-0.35,-0.2],"lerp_mode":"catmullrom"},"0.64":{"post":[0,-0.25,-0.5],"lerp_mode":"catmullrom"},"1.28":{"post":[0,-0.35,-0.2],"lerp_mode":"catmullrom"}}},"neck_left":{"rotation":{"0.0":{"post":[21.29896,68.60168,49.44761],"lerp_mode":"catmullrom"},"0.44":{"post":[13.0257,71.57363,47.37871],"lerp_mode":"catmullrom"},"0.84":{"post":[16.29896,68.60168,49.44761],"lerp_mode":"catmullrom"},"1.16":{"post":[20.21429,68.47108,49.53853],"lerp_mode":"catmullrom"},"1.28":{"post":[21.29896,68.60168,49.44761],"lerp_mode":"catmullrom"}}},"tongue_left":{"rotation":{"0.0":{"post":[0,0,22.5],"lerp_mode":"catmullrom"}}},"neck_right":{"rotation":{"0.0":{"post":[21.29896,-68.60168,-49.44761],"lerp_mode":"catmullrom"},"0.24":{"post":[36.65067,-64.93165,-66.12736],"lerp_mode":"catmullrom"},"0.56":{"post":[45.21029,-60.84624,-75.79019],"lerp_mode":"catmullrom"},"0.92":{"post":[36.39793,-64.03795,-66.06707],"lerp_mode":"catmullrom"},"1.16":{"post":[26.97451,-67.578,-55.56397],"lerp_mode":"catmullrom"},"1.28":{"post":[21.29896,-68.60168,-49.44761],"lerp_mode":"catmullrom"}}},"tongue_right":{"rotation":{"0.0":{"post":[0,0,-22.5],"lerp_mode":"catmullrom"}}},"body":{"rotation":{"0.0":{"post":[-7.5,0,0],"lerp_mode":"catmullrom"},"0.64":{"post":[-5,0,0],"lerp_mode":"catmullrom"},"1.28":{"post":[-7.5,0,0],"lerp_mode":"catmullrom"}}},"leaf_front_right":{"rotation":{"0.0":{"post":[55,0,0],"lerp_mode":"catmullrom"},"0.2":{"post":[55,0,0],"lerp_mode":"catmullrom"},"0.8":{"post":[65,0,0],"lerp_mode":"catmullrom"},"1.28":{"post":[55,0,0],"lerp_mode":"catmullrom"}}},"leaf_back_right":{"rotation":{"0.0":{"post":[-55,0,0],"lerp_mode":"catmullrom"},"0.64":{"post":[-62.5,0,0],"lerp_mode":"catmullrom"},"1.28":{"post":[-55,0,0],"lerp_mode":"catmullrom"}}},"leaf_front_left":{"rotation":{"0.0":{"post":[55,0,0],"lerp_mode":"catmullrom"},"0.64":{"post":[65,0,0],"lerp_mode":"catmullrom"},"1.28":{"post":[55,0,0],"lerp_mode":"catmullrom"}}},"leaf_back_left":{"rotation":{"0.0":{"post":[-55,0,0],"lerp_mode":"catmullrom"},"0.2":{"post":[-55,0,0],"lerp_mode":"catmullrom"},"0.8":{"post":[-62.5,0,0],"lerp_mode":"catmullrom"},"1.28":{"post":[-55,0,0],"lerp_mode":"catmullrom"}}},"leg_right":{"rotation":{"0.0":{"post":[10,0,0],"lerp_mode":"catmullrom"},"0.64":{"post":[7.5,0,0],"lerp_mode":"catmullrom"},"1.28":{"post":[10,0,0],"lerp_mode":"catmullrom"}}},"leg_left":{"rotation":{"0.0":{"post":[10,0,0],"lerp_mode":"catmullrom"},"0.64":{"post":[7.5,0,0],"lerp_mode":"catmullrom"},"1.28":{"post":[10,0,0],"lerp_mode":"catmullrom"}}},"tail_1":{"rotation":{"0.0":{"post":[-25.18908,6.79382,-3.18458],"lerp_mode":"catmullrom"},"0.64":{"post":[-31.5667,-17.2294,10.3141],"lerp_mode":"catmullrom"},"1.28":{"post":[-25.18908,6.79382,-3.18458],"lerp_mode":"catmullrom"}}},"tail_2":{"rotation":{"0.0":{"post":[20,0,0],"lerp_mode":"catmullrom"},"0.24":{"post":[19.33352,17.1029,6.42296],"lerp_mode":"catmullrom"},"0.84":{"post":[14.73977,-24.27357,-6.17275],"lerp_mode":"catmullrom"},"1.28":{"post":[20,0,0],"lerp_mode":"catmullrom"}}}}},"animation.scovillain.ground_walk":{"loop":true,"animation_length":1.12,"bones":{"all":{"position":[0,0.4,0]},"neck_left":{"rotation":{"0.0":{"post":[0,47.5,25],"lerp_mode":"catmullrom"},"0.16":{"post":[4.79692,42.78511,28.11707],"lerp_mode":"catmullrom"},"0.36":{"post":[0,47.5,25],"lerp_mode":"catmullrom"},"0.56":{"post":[0,47.5,25],"lerp_mode":"catmullrom"},"0.72":{"post":[4.79692,42.78511,28.11707],"lerp_mode":"catmullrom"},"0.92":{"post":[0,47.5,25],"lerp_mode":"catmullrom"},"1.12":{"post":[0,47.5,25],"lerp_mode":"catmullrom"}},"position":{"0.0":{"post":[0,0,0],"lerp_mode":"catmullrom"},"0.08":{"post":[0,-0.2,0],"lerp_mode":"catmullrom"},"0.32":{"post":[0,0,0],"lerp_mode":"catmullrom"},"0.56":{"post":[0,0,0],"lerp_mode":"catmullrom"},"0.64":{"post":[0,-0.2,0],"lerp_mode":"catmullrom"},"0.88":{"post":[0,0,0],"lerp_mode":"catmullrom"},"1.12":{"post":[0,0,0],"lerp_mode":"catmullrom"}}},"head_left":{"rotation":{"0.0":{"post":[26.10019,31.60176,6.92517],"lerp_mode":"catmullrom"},"0.28":{"post":[31.02373,26.80687,16.98737],"lerp_mode":"catmullrom"},"0.56":{"post":[29.38442,25.90376,13.17305],"lerp_mode":"catmullrom"},"0.84":{"post":[24.59704,30.45535,3.06377],"lerp_mode":"catmullrom"},"1.12":{"post":[26.10019,31.60176,6.92517],"lerp_mode":"catmullrom"}}},"neck_right":{"rotation":{"0.0":{"post":[0,-47.5,-25],"lerp_mode":"catmullrom"},"0.16":{"post":[4.79692,-42.78511,-28.11707],"lerp_mode":"catmullrom"},"0.36":{"post":[0,-47.5,-25],"lerp_mode":"catmullrom"},"0.56":{"post":[0,-47.5,-25],"lerp_mode":"catmullrom"},"0.72":{"post":[4.79692,-42.78511,-28.11707],"lerp_mode":"catmullrom"},"0.92":{"post":[0,-47.5,-25],"lerp_mode":"catmullrom"},"1.12":{"post":[0,-47.5,-25],"lerp_mode":"catmullrom"}},"position":{"0.0":{"post":[0,0,0],"lerp_mode":"catmullrom"},"0.08":{"post":[0,-0.2,0],"lerp_mode":"catmullrom"},"0.32":{"post":[0,0,0],"lerp_mode":"catmullrom"},"0.56":{"post":[0,0,0],"lerp_mode":"catmullrom"},"0.64":{"post":[0,-0.2,0],"lerp_mode":"catmullrom"},"0.88":{"post":[0,0,0],"lerp_mode":"catmullrom"},"1.12":{"post":[0,0,0],"lerp_mode":"catmullrom"}}},"head_right":{"rotation":{"0.0":{"post":[21.10019,-31.60176,-6.92517],"lerp_mode":"catmullrom"},"0.16":{"post":[38.6,-31.6,-6.93],"lerp_mode":"catmullrom"},"0.32":{"post":[21.02321,-26.80517,-16.99206],"lerp_mode":"catmullrom"},"0.56":{"post":[33.6,-31.6,-6.93],"lerp_mode":"catmullrom"},"0.72":{"post":[18.6,-31.6,-6.93],"lerp_mode":"catmullrom"},"0.88":{"post":[38.52321,-26.80517,-16.99206],"lerp_mode":"catmullrom"},"1.12":{"post":[21.10019,-31.60176,-6.92517],"lerp_mode":"catmullrom"}}},"body":{"rotation":[12.5,0,0],"position":{"0.0":{"post":[0,0,0],"lerp_mode":"catmullrom"},"0.08":{"post":[0,-0.2,0],"lerp_mode":"catmullrom"},"0.32":{"post":[0,0,0],"lerp_mode":"catmullrom"},"0.56":{"post":[0,0,0],"lerp_mode":"catmullrom"},"0.64":{"post":[0,-0.2,0],"lerp_mode":"catmullrom"},"0.88":{"post":[0,0,0],"lerp_mode":"catmullrom"},"1.12":{"post":[0,0,0],"lerp_mode":"catmullrom"}}},"arm_left":{"rotation":{"0.0":{"post":[10.26899,-39.87727,-9.95822],"lerp_mode":"catmullrom"},"0.16":{"post":[5.50966,-33.12716,-2.52829],"lerp_mode":"catmullrom"},"0.32":{"post":[10.26899,-39.87727,-9.95822],"lerp_mode":"catmullrom"},"0.56":{"post":[10.26899,-39.87727,-9.95822],"lerp_mode":"catmullrom"},"0.72":{"post":[5.50966,-33.12716,-2.52829],"lerp_mode":"catmullrom"},"0.88":{"post":[10.26899,-39.87727,-9.95822],"lerp_mode":"catmullrom"},"1.12":{"post":[10.26899,-39.87727,-9.95822],"lerp_mode":"catmullrom"}}},"arm_right":{"rotation":{"0.0":{"post":[10.26899,39.87727,9.95822],"lerp_mode":"catmullrom"},"0.16":{"post":[5.50966,33.12716,2.52829],"lerp_mode":"catmullrom"},"0.32":{"post":[10.26899,39.87727,9.95822],"lerp_mode":"catmullrom"},"0.56":{"post":[10.26899,39.87727,9.95822],"lerp_mode":"catmullrom"},"0.72":{"post":[5.50966,33.12716,2.52829],"lerp_mode":"catmullrom"},"0.88":{"post":[10.26899,39.87727,9.95822],"lerp_mode":"catmullrom"},"1.12":{"post":[10.26899,39.87727,9.95822],"lerp_mode":"catmullrom"}}},"leg_right":{"rotation":{"0.0":{"post":[-17.5,0,0],"lerp_mode":"catmullrom"},"0.28":{"post":[7.5,0,0],"lerp_mode":"catmullrom"},"0.56":{"post":[27.5,0,0],"lerp_mode":"catmullrom"},"0.84":{"post":[-32.5,0,0],"lerp_mode":"catmullrom"},"1.12":{"post":[-17.5,0,0],"lerp_mode":"catmullrom"}},"position":{"0.0":{"post":[0,0,-1],"lerp_mode":"catmullrom"},"0.28":{"post":[0,0,0],"lerp_mode":"catmullrom"},"0.56":{"post":[0,0,1],"lerp_mode":"catmullrom"},"0.84":{"post":[0,1,0],"lerp_mode":"catmullrom"},"1.12":{"post":[0,0,-1],"lerp_mode":"catmullrom"}}},"leg_left":{"rotation":{"0.0":{"post":[27.5,0,0],"lerp_mode":"catmullrom"},"0.28":{"post":[-32.5,0,0],"lerp_mode":"catmullrom"},"0.56":{"post":[-17.5,0,0],"lerp_mode":"catmullrom"},"0.84":{"post":[7.5,0,0],"lerp_mode":"catmullrom"},"1.12":{"post":[27.5,0,0],"lerp_mode":"catmullrom"}},"position":{"0.0":{"post":[0,0,1],"lerp_mode":"catmullrom"},"0.28":{"post":[0,1,0],"lerp_mode":"catmullrom"},"0.56":{"post":[0,0,-1],"lerp_mode":"catmullrom"},"0.84":{"post":[0,0,0],"lerp_mode":"catmullrom"},"1.12":{"post":[0,0,1],"lerp_mode":"catmullrom"}}},"tail_1":{"rotation":{"0.0":{"post":[-22.5,0,0],"lerp_mode":"catmullrom"},"0.16":{"post":[-27.5,0,0],"lerp_mode":"catmullrom"},"0.36":{"post":[-22.5,0,0],"lerp_mode":"catmullrom"},"0.56":{"post":[-22.5,0,0],"lerp_mode":"catmullrom"},"0.72":{"post":[-27.5,0,0],"lerp_mode":"catmullrom"},"0.92":{"post":[-22.5,0,0],"lerp_mode":"catmullrom"},"1.12":{"post":[-22.5,0,0],"lerp_mode":"catmullrom"}}},"tail_2":{"rotation":{"0.0":{"post":[12.5,0,0],"lerp_mode":"catmullrom"},"0.16":{"post":[10,0,0],"lerp_mode":"catmullrom"},"0.36":{"post":[12.5,0,0],"lerp_mode":"catmullrom"},"0.56":{"post":[12.5,0,0],"lerp_mode":"catmullrom"},"0.72":{"post":[10,0,0],"lerp_mode":"catmullrom"},"0.92":{"post":[12.5,0,0],"lerp_mode":"catmullrom"},"1.12":{"post":[12.5,0,0],"lerp_mode":"catmullrom"}}}}},"animation.scovillain.faint":{"loop":true,"animation_length":2.886,"bones":{"all":{"rotation":{"0.0":{"post":[-2.5,0,0],"lerp_mode":"catmullrom"},"0.24":{"post":[-15,0,0],"lerp_mode":"catmullrom"},"0.44":{"post":[-67.5,0,0],"lerp_mode":"catmullrom"},"0.68":{"post":[-82.5,0,0],"lerp_mode":"catmullrom"}},"position":{"0.0":{"post":[0,-0.35,-0.2],"lerp_mode":"catmullrom"},"0.44":{"post":[0,-0.35,-0.2],"lerp_mode":"catmullrom"},"0.68":{"post":[0,1.15,-0.2],"lerp_mode":"catmullrom"}}},"neck_left":{"rotation":{"0.0":{"post":[13.95311,56.65984,41.22357],"lerp_mode":"catmullrom"},"0.24":{"post":[54.62343,54.04495,86.83831],"lerp_mode":"catmullrom"},"0.44":{"post":[58.16348,49.87786,91.32923],"lerp_mode":"catmullrom"},"0.68":{"post":[-55.62704,52.9799,-34.63209],"lerp_mode":"catmullrom"},"0.76":{"post":[-62.67824,42.21676,-44.12906],"lerp_mode":"catmullrom"},"0.88":{"post":[-55.62704,52.9799,-34.63209],"lerp_mode":"catmullrom"}}},"head_left":{"rotation":{"0.0":{"post":[25.43039,14.85384,-6.67139],"lerp_mode":"catmullrom"},"0.24":{"post":[25.16943,12.59357,-7.7711],"lerp_mode":"catmullrom"},"0.4":{"post":[24.64784,-5.57881,-16.17511],"lerp_mode":"catmullrom"},"0.56":{"post":[36.01868,-45.10311,-40.8704],"lerp_mode":"catmullrom"},"0.68":{"post":[58.35887,-40.98988,-36.97708],"lerp_mode":"catmullrom"},"0.8":{"post":[68.50062,-33.11156,-52.34877],"lerp_mode":"catmullrom"},"0.96":{"post":[58.35887,-40.98988,-36.97708],"lerp_mode":"catmullrom"}}},"jaw_green":{"rotation":{"0.68":{"pre":[0,0,0],"post":[0,0,0],"lerp_mode":"catmullrom"},"0.8":{"post":[0,0,-25],"lerp_mode":"catmullrom"},"1.0":{"post":[0,0,10],"lerp_mode":"catmullrom"}}},"tongue_left":{"rotation":{"0.0":{"post":[0,0,22.5],"lerp_mode":"catmullrom"},"0.76":{"post":[0,0,22.5],"lerp_mode":"catmullrom"},"0.88":{"post":[26.03345,-50.33155,-9.89769],"lerp_mode":"catmullrom"},"0.96":{"post":[23.69191,-45.7935,-6.75275],"lerp_mode":"catmullrom"},"1.04":{"post":[26.03345,-50.33155,-9.89769],"lerp_mode":"catmullrom"}}},"neck_right":{"rotation":{"0.0":{"post":[12.37193,-51.79058,-39.27649],"lerp_mode":"catmullrom"},"0.24":{"post":[60.95175,-45.56519,-95.09447],"lerp_mode":"catmullrom"},"0.44":{"post":[62.12145,-43.36719,-96.76394],"lerp_mode":"catmullrom"},"0.68":{"post":[-45.89857,-60.76105,23.05355],"lerp_mode":"catmullrom"},"0.76":{"post":[-55.62704,-52.9799,34.63209],"lerp_mode":"catmullrom"},"0.88":{"post":[-51.37747,-57.00297,29.44814],"lerp_mode":"catmullrom"}}},"head_right":{"rotation":{"0.0":{"post":[25.43039,-14.85384,6.67139],"lerp_mode":"catmullrom"},"0.24":{"post":[24.5727,-3.51681,12.01437],"lerp_mode":"catmullrom"},"0.4":{"post":[37.00644,-1.52114,13.52167],"lerp_mode":"catmullrom"},"0.56":{"post":[42.81256,27.70412,37.9693],"lerp_mode":"catmullrom"},"0.68":{"post":[60.08521,42.0408,55.25006],"lerp_mode":"catmullrom"},"0.8":{"post":[45.21421,33.78801,43.31255],"lerp_mode":"catmullrom"},"0.96":{"post":[60.08521,42.0408,55.25006],"lerp_mode":"catmullrom"}}},"jaw_red":{"rotation":{"0.52":{"pre":[0,0,0],"post":[0,0,0],"lerp_mode":"catmullrom"},"0.84":{"post":[0,0,17.5],"lerp_mode":"catmullrom"}}},"tongue_right":{"rotation":{"0.0":{"post":[0,0,-22.5],"lerp_mode":"catmullrom"},"0.76":{"post":[0,0,-22.5],"lerp_mode":"catmullrom"},"0.88":{"post":[26.03345,50.33155,9.89769],"lerp_mode":"catmullrom"},"0.96":{"post":[23.69191,45.7935,6.75275],"lerp_mode":"catmullrom"},"1.04":{"post":[26.03345,50.33155,9.89769],"lerp_mode":"catmullrom"}}},"body":{"rotation":{"0.0":{"post":[-7.5,0,0],"lerp_mode":"catmullrom"}}},"leaf_front_right":{"rotation":{"0.0":{"post":[55,0,0],"lerp_mode":"catmullrom"},"0.48":{"post":[55,0,0],"lerp_mode":"catmullrom"},"0.72":{"post":[75,0,0],"lerp_mode":"catmullrom"}}},"leaf_back_right":{"rotation":{"0.0":{"post":[-55,0,0],"lerp_mode":"catmullrom"}}},"leaf_front_left":{"rotation":{"0.0":{"post":[55,0,0],"lerp_mode":"catmullrom"},"0.48":{"post":[55,0,0],"lerp_mode":"catmullrom"},"0.72":{"post":[75,0,0],"lerp_mode":"catmullrom"}}},"leaf_back_left":{"rotation":{"0.0":{"post":[-55,0,0],"lerp_mode":"catmullrom"}}},"arm_left":{"rotation":{"0.0":{"post":[0,0,0],"lerp_mode":"catmullrom"},"0.24":{"post":[-127.5,0,0],"lerp_mode":"catmullrom"},"0.44":{"post":[-97.5,0,0],"lerp_mode":"catmullrom"},"0.6":{"post":[-97.5,0,0],"lerp_mode":"catmullrom"},"0.76":{"post":[-217.5,0,0],"lerp_mode":"catmullrom"},"0.88":{"post":[-205,0,0],"lerp_mode":"catmullrom"},"1.04":{"post":[-217.5,0,0],"lerp_mode":"catmullrom"}}},"arm_right":{"rotation":{"0.0":{"post":[0,0,0],"lerp_mode":"catmullrom"},"0.24":{"post":[-127.5,0,0],"lerp_mode":"catmullrom"},"0.44":{"post":[-97.5,0,0],"lerp_mode":"catmullrom"},"0.6":{"post":[-97.5,0,0],"lerp_mode":"catmullrom"},"0.76":{"post":[-217.5,0,0],"lerp_mode":"catmullrom"},"0.88":{"post":[-205,0,0],"lerp_mode":"catmullrom"},"1.04":{"post":[-217.5,0,0],"lerp_mode":"catmullrom"}}},"leg_right":{"rotation":{"0.0":{"post":[10,0,0],"lerp_mode":"catmullrom"},"0.44":{"post":[-22.5,0,0],"lerp_mode":"catmullrom"},"0.68":{"post":[25,0,0],"lerp_mode":"catmullrom"},"0.8":{"post":[20,0,0],"lerp_mode":"catmullrom"},"0.96":{"post":[25,0,0],"lerp_mode":"catmullrom"}},"position":{"0.44":{"pre":[0,0,0],"post":[0,0,0],"lerp_mode":"catmullrom"},"0.68":{"post":[0,0,-0.3],"lerp_mode":"catmullrom"}}},"leg_left":{"rotation":{"0.0":{"post":[10,0,0],"lerp_mode":"catmullrom"},"0.24":{"post":[-35,0,0],"lerp_mode":"catmullrom"},"0.44":{"post":[-60,0,0],"lerp_mode":"catmullrom"},"0.68":{"post":[25,0,0],"lerp_mode":"catmullrom"},"0.8":{"post":[17.5,0,0],"lerp_mode":"catmullrom"},"0.96":{"post":[25,0,0],"lerp_mode":"catmullrom"}},"position":{"0.44":{"pre":[0,0,0],"post":[0,0,0],"lerp_mode":"catmullrom"},"0.68":{"post":[0,0,-0.3],"lerp_mode":"catmullrom"}}},"tail_1":{"rotation":{"0.0":{"post":[-25.18908,6.79382,-3.18458],"lerp_mode":"catmullrom"},"0.24":{"post":[-10.18908,6.79382,-3.18458],"lerp_mode":"catmullrom"},"0.44":{"post":[64.81092,6.79382,-3.18458],"lerp_mode":"catmullrom"}}},"tail_2":{"rotation":{"0.0":{"post":[20,0,0],"lerp_mode":"catmullrom"},"0.24":{"post":[42.5,0,0],"lerp_mode":"catmullrom"},"0.44":{"post":[27.5,0,0],"lerp_mode":"catmullrom"}}}}},"animation.scovillain.sleep":{"loop":true,"animation_length":1.28,"bones":{"all":{"position":{"0.0":[0,-4,0],"0.64":[0,-4,-0.35],"1.28":[0,-4,0]}},"neck_left":{"rotation":{"0.0":{"post":[11.21792,41.26755,16.7357],"lerp_mode":"catmullrom"},"0.64":{"post":[9.04107,41.70738,13.4502],"lerp_mode":"catmullrom"},"1.28":{"post":[11.21792,41.26755,16.7357],"lerp_mode":"catmullrom"}}},"head_left":{"rotation":{"0.0":{"post":[0,0,22.5],"lerp_mode":"catmullrom"},"0.64":{"post":[0,0,17.5],"lerp_mode":"catmullrom"},"1.28":{"post":[0,0,22.5],"lerp_mode":"catmullrom"}}},"tongue_left":{"rotation":{"0.0":{"post":[0,-27.5,0],"lerp_mode":"catmullrom"},"1.28":{"post":[0,-27.5,0],"lerp_mode":"catmullrom"}}},"neck_right":{"rotation":{"0.0":{"post":[11.21792,-41.26755,-16.7357],"lerp_mode":"catmullrom"},"0.32":{"post":[7.49344,-41.51495,-14.88761],"lerp_mode":"catmullrom"},"0.64":{"post":[9.04107,-41.70738,-13.4502],"lerp_mode":"catmullrom"},"0.96":{"post":[12.37695,-41.00939,-18.26421],"lerp_mode":"catmullrom"},"1.28":{"post":[11.21792,-41.26755,-16.7357],"lerp_mode":"catmullrom"}}},"head_right":{"rotation":{"0.0":{"post":[12.5,0,-22.5],"lerp_mode":"catmullrom"},"0.32":{"post":[2.5,0,-18.28125],"lerp_mode":"catmullrom"},"0.64":{"post":[7.5,0,-15],"lerp_mode":"catmullrom"},"0.96":{"post":[0.46875,0,-18.54492],"lerp_mode":"catmullrom"},"1.28":{"post":[12.5,0,-22.5],"lerp_mode":"catmullrom"}}},"tongue_right":{"rotation":{"0.0":{"post":[0,27.5,0],"lerp_mode":"catmullrom"},"1.28":{"post":[0,27.5,0],"lerp_mode":"catmullrom"}}},"body":{"rotation":{"0.0":[0,0,0],"0.64":[2.5,0,0],"1.28":[0,0,0]}},"leaf_front_right":{"rotation":{"0.0":{"post":[62.5,0,0],"lerp_mode":"catmullrom"},"0.64":{"post":[67.5,0,0],"lerp_mode":"catmullrom"},"1.28":{"post":[62.5,0,0],"lerp_mode":"catmullrom"}}},"leaf_back_right":{"rotation":{"0.0":{"post":[-67.5,0,0],"lerp_mode":"catmullrom"},"0.64":{"post":[-62.5,0,0],"lerp_mode":"catmullrom"},"1.28":{"post":[-67.5,0,0],"lerp_mode":"catmullrom"}}},"leaf_front_left":{"rotation":{"0.0":{"post":[62.5,0,0],"lerp_mode":"catmullrom"},"0.64":{"post":[67.5,0,0],"lerp_mode":"catmullrom"},"1.28":{"post":[62.5,0,0],"lerp_mode":"catmullrom"}}},"leaf_back_left":{"rotation":{"0.0":{"post":[-67.5,0,0],"lerp_mode":"catmullrom"},"0.64":{"post":[-62.5,0,0],"lerp_mode":"catmullrom"},"1.28":{"post":[-67.5,0,0],"lerp_mode":"catmullrom"}}},"arm_left":{"rotation":{"0.0":{"post":[-14.87739,1.93597,7.24721],"lerp_mode":"catmullrom"},"1.28":{"post":[-14.87739,1.93597,7.24721],"lerp_mode":"catmullrom"}}},"arm_right":{"rotation":{"0.0":{"post":[-14.87739,-1.93597,-7.24721],"lerp_mode":"catmullrom"},"1.28":{"post":[-14.87739,-1.93597,-7.24721],"lerp_mode":"catmullrom"}}},"leg_right":{"rotation":{"0.0":{"post":[-90,30,0],"lerp_mode":"catmullrom"},"0.64":{"post":[-92.5,30,0],"lerp_mode":"catmullrom"},"1.28":{"post":[-90,30,0],"lerp_mode":"catmullrom"}}},"leg_left":{"rotation":{"0.0":{"post":[-90,-30,0],"lerp_mode":"catmullrom"},"0.64":{"post":[-92.5,-30,0],"lerp_mode":"catmullrom"},"1.28":{"post":[-90,-30,0],"lerp_mode":"catmullrom"}}},"tail_1":{"rotation":{"0.0":{"post":[0,20,0],"lerp_mode":"catmullrom"},"0.64":{"post":[-5.90569,19.87119,-2.65585],"lerp_mode":"catmullrom"},"1.28":{"post":[0,20,0],"lerp_mode":"catmullrom"}}},"tail_2":{"rotation":{"0.0":{"post":[0,25,0],"lerp_mode":"catmullrom"},"0.64":{"post":[2.5,25,0],"lerp_mode":"catmullrom"},"1.28":{"post":[0,25,0],"lerp_mode":"catmullrom"}}}}}},"geckolib_format_version":2}