{"format_version":"1.8.0","animations":{"animation.drilbur.ground_idle":{"loop":true,"bones":{"left_arm":{"rotation":[0,0,"5*(math.sin(q.anim_time*90*1-90)*1+1)"]},"body":{"rotation":[2.5,0,0],"position":[0,"0.1*(math.sin(q.anim_time*90*4-90)*1+1)",0]},"left_elbow":{"rotation":[0,"5*(math.sin(q.anim_time*90*1-90)*1+1)",0]},"right_foot":{"rotation":["5*(math.sin(q.anim_time*90*4-90)*1+1)",0,0]},"left_foot":{"rotation":["5*(math.sin(q.anim_time*90*4-90)*1+1)",0,0]},"right_arm":{"rotation":[0,0,"-5*(math.sin(q.anim_time*90*1-90)*1+1)"]},"right_elbow":{"rotation":[0,"-5*(math.sin(q.anim_time*90*1-90)*1+1)",0]}}},"animation.drilbur.ground_walk":{"loop":true,"animation_length":1,"bones":{"body":{"rotation":{"0.0":[90,0,0],"0.1667":[115.83,0,0],"0.3333":[135,0,0],"0.5":[36.67,0,0],"0.6667":[36.67,0,0],"0.8333":[65,0,0],"1.0":[90,0,0]},"position":{"0.0":[0,3,0],"0.1667":[0,3,0],"0.25":[0,0.25,0],"0.3333":[0,-6,0],"0.5":[0,-16,0],"0.6667":[0,-12,0],"0.8333":[0,2,0],"1.0":[0,3,0]}},"head":{"rotation":[-57.5,0,0]},"left_arm":{"rotation":{"0.0":[0,0,-90],"0.1667":[0,10,-90],"1.0":[0,0,-90]}},"left_elbow":{"rotation":{"0.0":[0,0,-45],"0.6667":[0,-45,-45],"0.8333":[0,-15,-45],"1.0":[0,0,-45]}},"right_foot":{"rotation":{"0.0":[60,0,0],"0.1667":[135,0,0],"0.5":[60,0,0],"1.0":[60,0,0]}},"left_foot":{"rotation":{"0.0":[60,0,0],"0.1667":[135,0,0],"0.5":[60,0,0],"1.0":[60,0,0]}},"right_arm":{"rotation":{"0.0":[0,0,90],"0.1667":[0,-10,90],"1.0":[0,0,90]}},"right_elbow":{"rotation":{"0.0":[0,0,45],"0.6667":[0,45,45],"0.8333":[0,15,45],"1.0":[0,0,45]}}}}}}