{
    "format_version": "1.8.0",
    "animations": {
        "animation.corsola_galar.ground_idle": {
            "loop": true,
            "bones": {
                "corsola": {
                    "rotation": [
                        0,
                        0,
                        "(math.sin(q.anim_time*90*2)*2)"
                    ],
                    "position": [
                        "math.sin(q.anim_time*90*2)*0.5",
                        "-0.2+math.abs(math.sin(q.anim_time*90*2)*0.2)",
                        0
                    ]
                },
                "arm_right": {
                    "rotation": [
                        "1*math.sin(q.anim_time*90*2-60)",
                        "-(math.sin(q.anim_time*90-45)*3)*(math.sin(q.anim_time*90-90))",
                        "-(math.sin(q.anim_time*90-45)*3)*(math.sin(q.anim_time*90-90))"
                    ],
                    "scale": [
                        "1+math.sin(q.anim_time*90*4)*0.06",
                        1,
                        1
                    ]
                },
                "arm_left": {
                    "rotation": [
                        "1*math.sin(q.anim_time*90*2-60)",
                        "-(math.sin(q.anim_time*90-45)*3)*(math.sin(q.anim_time*90-90))",
                        "-(math.sin(q.anim_time*90-45)*3)*(math.sin(q.anim_time*90-90))"
                    ],
                    "scale": [
                        "1+math.sin(q.anim_time*90*4)*0.06",
                        1,
                        1
                    ]
                },
                "horn_mid": {
                    "rotation": [
                        "2*math.sin(q.anim_time*90*2-120)",
                        "-(math.sin(q.anim_time*90-45)*3)*(math.sin(q.anim_time*90-90))",
                        "-(math.sin(q.anim_time*90-45)*3)*(math.sin(q.anim_time*90-90))"
                    ],
                    "position": [
                        0,
                        0,
                        0
                    ],
                    "scale": [
                        "1+math.sin(q.anim_time*90*4)*0.06",
                        1,
                        1
                    ]
                },
                "rightfronthorn3": {
                    "rotation": [
                        "5*math.sin(q.anim_time*90*2-60)",
                        "-(math.sin(q.anim_time*90-45)*3)*(math.sin(q.anim_time*90-90))",
                        "-(math.sin(q.anim_time*90-45)*3)*(math.sin(q.anim_time*90-90))"
                    ],
                    "scale": [
                        "1+math.sin(q.anim_time*90*4)*0.06",
                        1,
                        1
                    ]
                },
                "leftfronthorn3": {
                    "rotation": [
                        "5*math.sin(q.anim_time*90*2-120)",
                        "-(math.sin(q.anim_time*90-45)*3)*(math.sin(q.anim_time*90-90))",
                        "-(math.sin(q.anim_time*90-45)*3)*(math.sin(q.anim_time*90-90))"
                    ],
                    "scale": [
                        "1+math.sin(q.anim_time*90*4)*0.06",
                        1,
                        1
                    ]
                },
                "leftfronthorn": {
                    "rotation": [
                        "5*math.sin(q.anim_time*90*2-60)",
                        "-(math.sin(q.anim_time*90-45)*3)*(math.sin(q.anim_time*90-90))",
                        "-(math.sin(q.anim_time*90-45)*3)*(math.sin(q.anim_time*90-90))"
                    ],
                    "scale": [
                        "1+math.sin(q.anim_time*90*4)*0.06",
                        1,
                        1
                    ]
                },
                "rightfronthorn": {
                    "rotation": [
                        "5*math.sin(q.anim_time*90*2-120)",
                        "-(math.sin(q.anim_time*90-45)*3)*(math.sin(q.anim_time*90-90))",
                        "-(math.sin(q.anim_time*90-45)*3)*(math.sin(q.anim_time*90-90))"
                    ],
                    "position": [
                        0,
                        0,
                        0
                    ],
                    "scale": [
                        "1+math.sin(q.anim_time*90*4)*0.06",
                        1,
                        1
                    ]
                }
            }
        },
        "animation.corsola_galar.blink": {
            "animation_length": 0.625,
            "bones": {
                "eyes_right": {
                    "scale": {
                        "0.0": [
                            1,
                            1,
                            1
                        ],
                        "0.2083": [
                            1,
                            1,
                            1
                        ],
                        "0.2917": [
                            1,
                            0,
                            1
                        ],
                        "0.375": [
                            1,
                            0,
                            1
                        ],
                        "0.4583": [
                            1,
                            1.1,
                            1
                        ],
                        "0.5": [
                            1,
                            1,
                            1
                        ],
                        "0.625": [
                            1,
                            1,
                            1
                        ]
                    }
                },
                "eyes_left": {
                    "scale": {
                        "0.0": [
                            1,
                            1,
                            1
                        ],
                        "0.2083": [
                            1,
                            1,
                            1
                        ],
                        "0.2917": [
                            1,
                            0,
                            1
                        ],
                        "0.375": [
                            1,
                            0,
                            1
                        ],
                        "0.4583": [
                            1,
                            1.1,
                            1
                        ],
                        "0.5": [
                            1,
                            1,
                            1
                        ],
                        "0.625": [
                            1,
                            1,
                            1
                        ]
                    }
                }
            }
        },
        "animation.corsola_galar.sleep": {
            "loop": true,
            "bones": {
                "leftfronthorn3": {
                    "scale": [
                        0.1,
                        0.1,
                        0
                    ]
                },
                "leftfronthorn": {
                    "scale": [
                        0.1,
                        0.1,
                        0
                    ]
                },
                "rightfronthorn": {
                    "scale": [
                        0.1,
                        0.1,
                        0
                    ]
                },
                "rightfronthorn3": {
                    "scale": [
                        0.1,
                        0.1,
                        0
                    ]
                },
                "horn_mid": {
                    "scale": [
                        0.1,
                        0.1,
                        0
                    ]
                },
                "arm_right": {
                    "scale": [
                        0.1,
                        0.1,
                        0
                    ]
                },
                "arm_left": {
                    "scale": [
                        0.1,
                        0.1,
                        0
                    ]
                },
                "eye_close": {
                    "position": [
                        0,
                        0,
                        -0.025
                    ]
                },
                "eye_open": {
                    "position": [
                        0,
                        0,
                        0.125
                    ]
                }
            }
        },
        "animation.corsola_galar.ground_walk": {
            "loop": true,
            "bones": {
                "corsola": {
                    "position": [
                        0,
                        5,
                        0
                    ]
                },
                "arm_right": {
                    "rotation": [
                        "(math.sin(q.anim_time*90)*3)*(math.sin(q.anim_time*90-90))",
                        "1*math.sin(q.anim_time*90*2-120)",
                        "-(math.sin(q.anim_time*90*2-90)*3)"
                    ],
                    "scale": [
                        1,
                        "1+math.sin(q.anim_time*90*4)*0.06",
                        1
                    ]
                },
                "arm_left": {
                    "rotation": [
                        "(math.sin(q.anim_time*90)*3)*(math.sin(q.anim_time*90-90))",
                        "1*math.sin(q.anim_time*90*2-120)",
                        "-(math.sin(q.anim_time*90*2-90)*3)"
                    ],
                    "scale": [
                        1,
                        "1+math.sin(q.anim_time*90*4)*0.06",
                        1
                    ]
                },
                "horn_mid": {
                    "rotation": [
                        "(math.sin(q.anim_time*90)*3)*(math.sin(q.anim_time*90-90))",
                        "5*math.sin(q.anim_time*90*2-120)",
                        "-(math.sin(q.anim_time*90*2-90)*3)"
                    ],
                    "scale": [
                        1,
                        "1+math.sin(q.anim_time*90*4)*0.06",
                        1
                    ]
                },
                "rightfronthorn3": {
                    "rotation": [
                        "5*math.sin(q.anim_time*90*2-60)",
                        "-(math.sin(q.anim_time*90-45)*3)*(math.sin(q.anim_time*90-90))",
                        "-(math.sin(q.anim_time*90-45)*3)*(math.sin(q.anim_time*90-90))"
                    ],
                    "scale": [
                        "1+math.sin(q.anim_time*90*4)*0.06",
                        1,
                        1
                    ]
                },
                "leftfronthorn3": {
                    "rotation": [
                        "5*math.sin(q.anim_time*90*2-60)",
                        "-(math.sin(q.anim_time*90-45)*3)*(math.sin(q.anim_time*90-90))",
                        "-(math.sin(q.anim_time*90-45)*3)*(math.sin(q.anim_time*90-90))"
                    ],
                    "scale": [
                        "1+math.sin(q.anim_time*90*4)*0.06",
                        1,
                        1
                    ]
                },
                "leftfronthorn": {
                    "rotation": [
                        "5*math.sin(q.anim_time*90*2-120)",
                        "-(math.sin(q.anim_time*90-45)*3)*(math.sin(q.anim_time*90-90))",
                        "-(math.sin(q.anim_time*90-45)*3)*(math.sin(q.anim_time*90-90))"
                    ],
                    "scale": [
                        "1+math.sin(q.anim_time*90*4)*0.06",
                        1,
                        1
                    ]
                },
                "rightfronthorn": {
                    "rotation": [
                        "5*math.sin(q.anim_time*90*2-120)",
                        "-(math.sin(q.anim_time*90-45)*3)*(math.sin(q.anim_time*90-90))",
                        "-(math.sin(q.anim_time*90-45)*3)*(math.sin(q.anim_time*90-90))"
                    ],
                    "scale": [
                        "1+math.sin(q.anim_time*90*4)*0.06",
                        1,
                        1
                    ]
                },
                "swing": {
                    "rotation": [
                        "15+2.5*math.sin(q.anim_time*90*2)*0.75",
                        0,
                        "2.5*math.sin(q.anim_time*90*2+90)*0.75"
                    ],
                    "position": [
                        0,
                        "math.sin(q.anim_time*90*4)*0.75",
                        0
                    ]
                }
            }
        }
    }
}