{"format_version":"1.8.0","animations":{"animation.dustox.ground_idle":{"loop":true,"animation_length":3.5,"bones":{"dustox":{"rotation":{"0.0":{"post":[1.31845,9.91358,7.61435],"lerp_mode":"catmullrom"},"0.2917":{"post":[0.84364,-3.64142,-1.99151],"lerp_mode":"catmullrom"},"0.5":{"post":[0,-10,0],"lerp_mode":"catmullrom"},"0.8333":{"post":[0.62181,7.4239,5.11614],"lerp_mode":"catmullrom"},"1.0":{"post":[0,12.5,0],"lerp_mode":"catmullrom"},"1.375":{"post":[1.32817,-10.0477,-7.6867],"lerp_mode":"catmullrom"},"1.4583":{"post":[0,-12.5,0],"lerp_mode":"catmullrom"},"1.8333":{"post":[-0.20131,-0.77452,10.36988],"lerp_mode":"catmullrom"},"2.0833":{"post":[0,5,0],"lerp_mode":"catmullrom"},"2.3333":{"post":[0.04255,-0.65157,-3.22575],"lerp_mode":"catmullrom"},"2.6667":{"post":[0,-7.5,0],"lerp_mode":"catmullrom"},"2.875":{"post":[0.31131,-3.58932,-4.77349],"lerp_mode":"catmullrom"},"3.5":{"post":[1.31845,9.91358,7.61435],"lerp_mode":"catmullrom"}},"position":{"0.0":{"post":[0,11,0],"lerp_mode":"catmullrom"},"0.7917":{"post":[0,18,0],"lerp_mode":"catmullrom"},"1.7083":{"post":[0,14,0],"lerp_mode":"catmullrom"},"2.6667":{"post":[0,20,0],"lerp_mode":"catmullrom"},"3.5":{"post":[0,11,0],"lerp_mode":"catmullrom"}}},"wing_right":{"rotation":{"0.0":{"post":[0,50,0],"lerp_mode":"catmullrom"},"0.125":{"post":[0,0,0],"lerp_mode":"catmullrom"},"0.25":{"post":[0,50,0],"lerp_mode":"catmullrom"},"0.375":{"post":[0,0,0],"lerp_mode":"catmullrom"},"0.5":{"post":[0,50,0],"lerp_mode":"catmullrom"},"0.625":{"post":[0,0,0],"lerp_mode":"catmullrom"},"0.75":{"post":[0,50,0],"lerp_mode":"catmullrom"},"0.875":{"post":[0,0,0],"lerp_mode":"catmullrom"},"1.0":{"post":[0,50,0],"lerp_mode":"catmullrom"},"1.125":{"post":[0,0,0],"lerp_mode":"catmullrom"},"1.25":{"post":[0,50,0],"lerp_mode":"catmullrom"},"1.375":{"post":[0,0,0],"lerp_mode":"catmullrom"},"1.5":{"post":[0,50,0],"lerp_mode":"catmullrom"},"1.625":{"post":[0,0,0],"lerp_mode":"catmullrom"},"1.75":{"post":[0,50,0],"lerp_mode":"catmullrom"},"1.875":{"post":[0,0,0],"lerp_mode":"catmullrom"},"2.0":{"post":[0,50,0],"lerp_mode":"catmullrom"},"2.125":{"post":[0,0,0],"lerp_mode":"catmullrom"},"2.25":{"post":[0,50,0],"lerp_mode":"catmullrom"},"2.375":{"post":[0,0,0],"lerp_mode":"catmullrom"},"2.5":{"post":[0,50,0],"lerp_mode":"catmullrom"},"2.625":{"post":[0,0,0],"lerp_mode":"catmullrom"},"2.75":{"post":[0,50,0],"lerp_mode":"catmullrom"},"2.875":{"post":[0,0,0],"lerp_mode":"catmullrom"},"3.0":{"post":[0,50,0],"lerp_mode":"catmullrom"},"3.125":{"post":[0,0,0],"lerp_mode":"catmullrom"},"3.25":{"post":[0,50,0],"lerp_mode":"catmullrom"},"3.375":{"post":[0,0,0],"lerp_mode":"catmullrom"},"3.5":{"post":[0,50,0],"lerp_mode":"catmullrom"}}},"wing_left":{"rotation":{"0.0":{"post":[0,-50,0],"lerp_mode":"catmullrom"},"0.125":{"post":[0,0,0],"lerp_mode":"catmullrom"},"0.25":{"post":[0,-50,0],"lerp_mode":"catmullrom"},"0.375":{"post":[0,0,0],"lerp_mode":"catmullrom"},"0.5":{"post":[0,-50,0],"lerp_mode":"catmullrom"},"0.625":{"post":[0,0,0],"lerp_mode":"catmullrom"},"0.75":{"post":[0,-50,0],"lerp_mode":"catmullrom"},"0.875":{"post":[0,0,0],"lerp_mode":"catmullrom"},"1.0":{"post":[0,-50,0],"lerp_mode":"catmullrom"},"1.125":{"post":[0,0,0],"lerp_mode":"catmullrom"},"1.25":{"post":[0,-50,0],"lerp_mode":"catmullrom"},"1.375":{"post":[0,0,0],"lerp_mode":"catmullrom"},"1.5":{"post":[0,-50,0],"lerp_mode":"catmullrom"},"1.625":{"post":[0,0,0],"lerp_mode":"catmullrom"},"1.75":{"post":[0,-50,0],"lerp_mode":"catmullrom"},"1.875":{"post":[0,0,0],"lerp_mode":"catmullrom"},"2.0":{"post":[0,-50,0],"lerp_mode":"catmullrom"},"2.125":{"post":[0,0,0],"lerp_mode":"catmullrom"},"2.25":{"post":[0,-50,0],"lerp_mode":"catmullrom"},"2.375":{"post":[0,0,0],"lerp_mode":"catmullrom"},"2.5":{"post":[0,-50,0],"lerp_mode":"catmullrom"},"2.625":{"post":[0,0,0],"lerp_mode":"catmullrom"},"2.75":{"post":[0,-50,0],"lerp_mode":"catmullrom"},"2.875":{"post":[0,0,0],"lerp_mode":"catmullrom"},"3.0":{"post":[0,-50,0],"lerp_mode":"catmullrom"},"3.125":{"post":[0,0,0],"lerp_mode":"catmullrom"},"3.25":{"post":[0,-50,0],"lerp_mode":"catmullrom"},"3.375":{"post":[0,0,0],"lerp_mode":"catmullrom"},"3.5":{"post":[0,-50,0],"lerp_mode":"catmullrom"}}},"antenna_right":{"rotation":{"0.0":{"post":[40,0,0],"lerp_mode":"catmullrom"},"1.0":{"post":[-12.5,0,0],"lerp_mode":"catmullrom"},"2.0":{"post":[37.5,0,0],"lerp_mode":"catmullrom"},"3.0":{"post":[-2.5,0,0],"lerp_mode":"catmullrom"},"3.5":{"post":[40,0,0],"lerp_mode":"catmullrom"}}},"antenna_left":{"rotation":{"0.0":{"post":[20,0,0],"lerp_mode":"catmullrom"},"1.0":{"post":[-2.5,0,0],"lerp_mode":"catmullrom"},"2.0":{"post":[32.5,0,0],"lerp_mode":"catmullrom"},"3.0":{"post":[0,0,0],"lerp_mode":"catmullrom"},"3.5":{"post":[20,0,0],"lerp_mode":"catmullrom"}}},"leg_right_bottom":{"rotation":{"0.0":{"post":[0,25,0],"lerp_mode":"catmullrom"},"0.5":{"post":[0,-25,0],"lerp_mode":"catmullrom"},"1.0":{"post":[0,-45,0],"lerp_mode":"catmullrom"},"1.5":{"post":[0,25,0],"lerp_mode":"catmullrom"},"2.0":{"post":[0,-35,0],"lerp_mode":"catmullrom"},"2.5":{"post":[0,-45,0],"lerp_mode":"catmullrom"},"3.0":{"post":[0,-20,0],"lerp_mode":"catmullrom"},"3.5":{"post":[0,25,0],"lerp_mode":"catmullrom"}}},"leg_right_top":{"rotation":{"0.0":{"post":[0,-40,0],"lerp_mode":"catmullrom"},"0.5":{"post":[0,2.5,0],"lerp_mode":"catmullrom"},"1.0":{"post":[0,-42.5,0],"lerp_mode":"catmullrom"},"1.5":{"post":[0,25,0],"lerp_mode":"catmullrom"},"2.0":{"post":[0,7.5,0],"lerp_mode":"catmullrom"},"2.5":{"post":[0,50,0],"lerp_mode":"catmullrom"},"3.0":{"post":[0,-30,0],"lerp_mode":"catmullrom"},"3.5":{"post":[0,-40,0],"lerp_mode":"catmullrom"}}},"leg_left_bottom":{"rotation":{"0.0":{"post":[0,35,0],"lerp_mode":"catmullrom"},"0.5":{"post":[0,-12.5,0],"lerp_mode":"catmullrom"},"1.0":{"post":[0,35,0],"lerp_mode":"catmullrom"},"1.5":{"post":[0,-45,0],"lerp_mode":"catmullrom"},"2.0":{"post":[0,32.5,0],"lerp_mode":"catmullrom"},"2.5":{"post":[0,45,0],"lerp_mode":"catmullrom"},"3.0":{"post":[0,20,0],"lerp_mode":"catmullrom"},"3.5":{"post":[0,35,0],"lerp_mode":"catmullrom"}}},"leg_left_top":{"rotation":{"0.0":{"post":[0,-32.5,0],"lerp_mode":"catmullrom"},"0.5":{"post":[0,15,0],"lerp_mode":"catmullrom"},"1.0":{"post":[0,40,0],"lerp_mode":"catmullrom"},"1.5":{"post":[0,-40,0],"lerp_mode":"catmullrom"},"2.0":{"post":[0,-5,0],"lerp_mode":"catmullrom"},"2.5":{"post":[0,-52.5,0],"lerp_mode":"catmullrom"},"3.0":{"post":[0,25,0],"lerp_mode":"catmullrom"},"3.5":{"post":[0,-32.5,0],"lerp_mode":"catmullrom"}}}}},"animation.dustox.ground_walk":{"loop":true,"animation_length":3.5,"bones":{"dustox":{"rotation":{"0.0":{"post":[52.5,0,0],"lerp_mode":"catmullrom"},"1.0":{"post":[52.92277,-6.06809,-7.96341],"lerp_mode":"catmullrom"},"2.0":{"post":[52.73749,4.55749,5.96275],"lerp_mode":"catmullrom"},"2.8333":{"post":[52.60545,-3.04137,-3.9705],"lerp_mode":"catmullrom"},"3.5":{"post":[52.5,0,0],"lerp_mode":"catmullrom"}},"position":{"0.0":{"post":[0,19,0],"lerp_mode":"catmullrom"},"1.625":{"post":[0,16,0],"lerp_mode":"catmullrom"},"2.625":{"post":[0,20,0],"lerp_mode":"catmullrom"},"3.5":{"post":[0,19,0],"lerp_mode":"catmullrom"}}},"wing_right":{"rotation":{"0.0":{"post":[0,50,0],"lerp_mode":"catmullrom"},"0.125":{"post":[0,0,0],"lerp_mode":"catmullrom"},"0.25":{"post":[0,50,0],"lerp_mode":"catmullrom"},"0.375":{"post":[0,0,0],"lerp_mode":"catmullrom"},"0.5":{"post":[0,50,0],"lerp_mode":"catmullrom"},"0.625":{"post":[0,0,0],"lerp_mode":"catmullrom"},"0.75":{"post":[0,50,0],"lerp_mode":"catmullrom"},"0.875":{"post":[0,0,0],"lerp_mode":"catmullrom"},"1.0":{"post":[0,50,0],"lerp_mode":"catmullrom"},"1.125":{"post":[0,0,0],"lerp_mode":"catmullrom"},"1.25":{"post":[0,50,0],"lerp_mode":"catmullrom"},"1.375":{"post":[0,0,0],"lerp_mode":"catmullrom"},"1.5":{"post":[0,50,0],"lerp_mode":"catmullrom"},"1.625":{"post":[0,0,0],"lerp_mode":"catmullrom"},"1.75":{"post":[0,50,0],"lerp_mode":"catmullrom"},"1.875":{"post":[0,0,0],"lerp_mode":"catmullrom"},"2.0":{"post":[0,50,0],"lerp_mode":"catmullrom"},"2.125":{"post":[0,0,0],"lerp_mode":"catmullrom"},"2.25":{"post":[0,50,0],"lerp_mode":"catmullrom"},"2.375":{"post":[0,0,0],"lerp_mode":"catmullrom"},"2.5":{"post":[0,50,0],"lerp_mode":"catmullrom"},"2.625":{"post":[0,0,0],"lerp_mode":"catmullrom"},"2.75":{"post":[0,50,0],"lerp_mode":"catmullrom"},"2.875":{"post":[0,0,0],"lerp_mode":"catmullrom"},"3.0":{"post":[0,50,0],"lerp_mode":"catmullrom"},"3.125":{"post":[0,0,0],"lerp_mode":"catmullrom"},"3.25":{"post":[0,50,0],"lerp_mode":"catmullrom"},"3.375":{"post":[0,0,0],"lerp_mode":"catmullrom"},"3.5":{"post":[0,50,0],"lerp_mode":"catmullrom"}}},"wing_left":{"rotation":{"0.0":{"post":[0,-50,0],"lerp_mode":"catmullrom"},"0.125":{"post":[0,0,0],"lerp_mode":"catmullrom"},"0.25":{"post":[0,-50,0],"lerp_mode":"catmullrom"},"0.375":{"post":[0,0,0],"lerp_mode":"catmullrom"},"0.5":{"post":[0,-50,0],"lerp_mode":"catmullrom"},"0.625":{"post":[0,0,0],"lerp_mode":"catmullrom"},"0.75":{"post":[0,-50,0],"lerp_mode":"catmullrom"},"0.875":{"post":[0,0,0],"lerp_mode":"catmullrom"},"1.0":{"post":[0,-50,0],"lerp_mode":"catmullrom"},"1.125":{"post":[0,0,0],"lerp_mode":"catmullrom"},"1.25":{"post":[0,-50,0],"lerp_mode":"catmullrom"},"1.375":{"post":[0,0,0],"lerp_mode":"catmullrom"},"1.5":{"post":[0,-50,0],"lerp_mode":"catmullrom"},"1.625":{"post":[0,0,0],"lerp_mode":"catmullrom"},"1.75":{"post":[0,-50,0],"lerp_mode":"catmullrom"},"1.875":{"post":[0,0,0],"lerp_mode":"catmullrom"},"2.0":{"post":[0,-50,0],"lerp_mode":"catmullrom"},"2.125":{"post":[0,0,0],"lerp_mode":"catmullrom"},"2.25":{"post":[0,-50,0],"lerp_mode":"catmullrom"},"2.375":{"post":[0,0,0],"lerp_mode":"catmullrom"},"2.5":{"post":[0,-50,0],"lerp_mode":"catmullrom"},"2.625":{"post":[0,0,0],"lerp_mode":"catmullrom"},"2.75":{"post":[0,-50,0],"lerp_mode":"catmullrom"},"2.875":{"post":[0,0,0],"lerp_mode":"catmullrom"},"3.0":{"post":[0,-50,0],"lerp_mode":"catmullrom"},"3.125":{"post":[0,0,0],"lerp_mode":"catmullrom"},"3.25":{"post":[0,-50,0],"lerp_mode":"catmullrom"},"3.375":{"post":[0,0,0],"lerp_mode":"catmullrom"},"3.5":{"post":[0,-50,0],"lerp_mode":"catmullrom"}}},"antenna_right":{"rotation":{"0.0":{"post":[-10,0,0],"lerp_mode":"catmullrom"},"0.5":{"post":[-25,0,0],"lerp_mode":"catmullrom"},"1.0":{"post":[-20,0,0],"lerp_mode":"catmullrom"},"1.4167":{"post":[-32.5,0,0],"lerp_mode":"catmullrom"},"1.7917":{"post":[-20,0,0],"lerp_mode":"catmullrom"},"2.2083":{"post":[-37.5,0,0],"lerp_mode":"catmullrom"},"2.5833":{"post":[-30,0,0],"lerp_mode":"catmullrom"},"3.0":{"post":[-25,0,0],"lerp_mode":"catmullrom"},"3.5":{"post":[-10,0,0],"lerp_mode":"catmullrom"}}},"antenna_left":{"rotation":{"0.0":{"post":[-17.5,0,0],"lerp_mode":"catmullrom"},"0.5":{"post":[-20,0,0],"lerp_mode":"catmullrom"},"1.0":{"post":[-17.5,0,0],"lerp_mode":"catmullrom"},"1.4167":{"post":[-37.5,0,0],"lerp_mode":"catmullrom"},"1.7917":{"post":[-30,0,0],"lerp_mode":"catmullrom"},"2.2083":{"post":[-45,0,0],"lerp_mode":"catmullrom"},"2.5833":{"post":[-35,0,0],"lerp_mode":"catmullrom"},"3.0":{"post":[-25,0,0],"lerp_mode":"catmullrom"},"3.5":{"post":[-17.5,0,0],"lerp_mode":"catmullrom"}}},"leg_right_bottom":{"rotation":{"0.0":{"post":[0,-12.5,0],"lerp_mode":"catmullrom"},"1.0":{"post":[0,-12.5,0],"lerp_mode":"catmullrom"},"1.75":{"post":[0,2.5,0],"lerp_mode":"catmullrom"},"2.5":{"post":[0,1.72,0],"lerp_mode":"catmullrom"},"3.5":{"post":[0,-12.5,0],"lerp_mode":"catmullrom"}}},"leg_right_top":{"rotation":{"0.0":{"post":[0,19.82169,0],"lerp_mode":"catmullrom"},"1.0":{"post":[0,-20.18,0],"lerp_mode":"catmullrom"},"1.75":{"post":[0,2.9,0],"lerp_mode":"catmullrom"},"2.5":{"post":[0,2.09,0],"lerp_mode":"catmullrom"},"3.5":{"post":[0,19.82169,0],"lerp_mode":"catmullrom"}}},"leg_left_bottom":{"rotation":{"0.0":{"post":[0,10,0],"lerp_mode":"catmullrom"},"1.0":{"post":[0,-2.5,0],"lerp_mode":"catmullrom"},"2.125":{"post":[0,-9.97,0],"lerp_mode":"catmullrom"},"3.125":{"post":[0,6.06,0],"lerp_mode":"catmullrom"},"3.5":{"post":[0,11,0],"lerp_mode":"catmullrom"}}},"leg_left_top":{"rotation":{"0.0":{"post":[0,-10,0],"lerp_mode":"catmullrom"},"1.0":{"post":[0,5,0],"lerp_mode":"catmullrom"},"2.125":{"post":[0,-8.03,0],"lerp_mode":"catmullrom"},"3.125":{"post":[0,5.21,0],"lerp_mode":"catmullrom"},"3.5":{"post":[0,-11,0],"lerp_mode":"catmullrom"}}}}},"animation.dustox.faint":{"loop":"hold_on_last_frame","animation_length":5.5,"bones":{"body":{"rotation":{"0.3333":{"pre":[-20,0,0],"post":[-20,0,0],"lerp_mode":"catmullrom"},"0.875":{"post":[97.24721,1.93597,-14.87739],"lerp_mode":"catmullrom"},"1.2083":{"post":[97.47178,0.65182,-4.95744],"lerp_mode":"catmullrom"},"1.6667":{"post":[97.15656,2.24944,-17.35932],"lerp_mode":"catmullrom"},"1.9583":{"post":[97.47178,0.65182,-4.95744],"lerp_mode":"catmullrom"},"2.25":{"post":[97.15656,2.24944,-17.35932],"lerp_mode":"catmullrom"},"2.5417":{"post":[97.47178,0.65182,-4.95744],"lerp_mode":"catmullrom"},"3.125":{"post":[97.24721,1.93597,-14.87739],"lerp_mode":"catmullrom"},"3.5":[97.43656,0.9762,-7.43656]},"position":{"0.3333":{"pre":[0,21,0],"post":[0,21,0],"lerp_mode":"catmullrom"},"1.7917":{"post":[0,15.14,7],"lerp_mode":"catmullrom"},"3.5":[0,8,0]}},"wing_right":{"rotation":{"0.0":{"post":[0,50,0],"lerp_mode":"catmullrom"},"0.6667":{"post":[0,0,0],"lerp_mode":"catmullrom"},"3.5":[0,-5,0]}},"wing_left":{"rotation":{"0.0":{"post":[0,-50,0],"lerp_mode":"catmullrom"},"0.6667":{"post":[0,0,0],"lerp_mode":"catmullrom"},"3.5":[0,5,0]}},"antenna_right":{"rotation":{"0.0":{"post":[40,0,0],"lerp_mode":"catmullrom"},"0.375":{"post":[0,0,0],"lerp_mode":"catmullrom"},"0.5417":[62.5,0,0]}},"antenna_left":{"rotation":{"0.0":{"post":[20,0,0],"lerp_mode":"catmullrom"},"0.375":{"post":[0,0,0],"lerp_mode":"catmullrom"},"0.5417":[57.5,0,0]}},"leg_right_bottom":{"rotation":{"0.0":{"post":[0,25,0],"lerp_mode":"catmullrom"},"0.375":{"post":[0,-52.5,0],"lerp_mode":"catmullrom"},"0.4167":{"post":[0,45,0],"lerp_mode":"catmullrom"},"0.4583":{"post":[0,-5,0],"lerp_mode":"catmullrom"},"0.5":{"post":[0,-52.5,0],"lerp_mode":"catmullrom"},"0.5417":{"post":[0,45,0],"lerp_mode":"catmullrom"},"0.5833":{"post":[0,-5,0],"lerp_mode":"catmullrom"},"0.625":{"post":[0,-52.5,0],"lerp_mode":"catmullrom"},"0.6667":{"post":[0,45,0],"lerp_mode":"catmullrom"},"0.7083":{"post":[0,-5,0],"lerp_mode":"catmullrom"},"0.8333":[0,-65,0]}},"leg_right_top":{"rotation":{"0.0":{"post":[0,-40,0],"lerp_mode":"catmullrom"},"0.375":{"post":[0,42.5,0],"lerp_mode":"catmullrom"},"0.4167":{"post":[0,-37.5,0],"lerp_mode":"catmullrom"},"0.4583":{"post":[0,52.5,0],"lerp_mode":"catmullrom"},"0.5":{"post":[0,42.5,0],"lerp_mode":"catmullrom"},"0.5417":{"post":[0,-37.5,0],"lerp_mode":"catmullrom"},"0.5833":{"post":[0,52.5,0],"lerp_mode":"catmullrom"},"0.625":{"post":[0,42.5,0],"lerp_mode":"catmullrom"},"0.6667":{"post":[0,-37.5,0],"lerp_mode":"catmullrom"},"0.7083":{"post":[0,52.5,0],"lerp_mode":"catmullrom"},"0.8333":[0,-67.5,0]}},"leg_left_bottom":{"rotation":{"0.0":{"post":[0,35,0],"lerp_mode":"catmullrom"},"0.375":{"post":[0,-37.5,0],"lerp_mode":"catmullrom"},"0.4167":{"post":[0,47.5,0],"lerp_mode":"catmullrom"},"0.4583":{"post":[0,-22.5,0],"lerp_mode":"catmullrom"},"0.5":{"post":[0,-37.5,0],"lerp_mode":"catmullrom"},"0.5417":{"post":[0,47.5,0],"lerp_mode":"catmullrom"},"0.5833":{"post":[0,-22.5,0],"lerp_mode":"catmullrom"},"0.625":{"post":[0,42.5,0],"lerp_mode":"catmullrom"},"0.6667":{"post":[0,-37.5,0],"lerp_mode":"catmullrom"},"0.7083":{"post":[0,32.5,0],"lerp_mode":"catmullrom"},"0.8333":[0,52.5,0]}},"leg_left_top":{"rotation":{"0.0":{"post":[0,-32.5,0],"lerp_mode":"catmullrom"},"0.375":{"post":[0,42.5,0],"lerp_mode":"catmullrom"},"0.4167":{"post":[0,-37.5,0],"lerp_mode":"catmullrom"},"0.4583":{"post":[0,32.5,0],"lerp_mode":"catmullrom"},"0.5":{"post":[0,42.5,0],"lerp_mode":"catmullrom"},"0.5417":{"post":[0,-37.5,0],"lerp_mode":"catmullrom"},"0.5833":{"post":[0,32.5,0],"lerp_mode":"catmullrom"},"0.625":{"post":[0,42.5,0],"lerp_mode":"catmullrom"},"0.6667":{"post":[0,-37.5,0],"lerp_mode":"catmullrom"},"0.7083":{"post":[0,32.5,0],"lerp_mode":"catmullrom"},"0.8333":[0,65,0]}}},"sound_effects":{"0.4167":{"effect":"dustox_cry"}}}}}