{"format_version":"1.8.0","animations":{"animation.capsakid.ground_idle":{"loop":true,"animation_length":0.96,"bones":{"head":{"rotation":{"0.0":{"post":[5,0,0],"lerp_mode":"catmullrom"},"0.48":{"post":[-5,0,0],"lerp_mode":"catmullrom"},"0.96":{"post":[5,0,0],"lerp_mode":"catmullrom"}}},"arm_left":{"rotation":[0,0,22.5]},"arm_right":{"rotation":[0,0,-22.5]},"leg_right":{"rotation":{"0.0":{"post":[-7.5,0,0],"lerp_mode":"catmullrom"},"0.24":{"post":[0,0,0],"lerp_mode":"catmullrom"},"0.48":{"post":[7.5,0,0],"lerp_mode":"catmullrom"},"0.72":{"post":[0,0,0],"lerp_mode":"catmullrom"},"0.96":{"post":[-7.5,0,0],"lerp_mode":"catmullrom"}}},"leg_left":{"rotation":{"0.0":{"post":[-7.5,0,0],"lerp_mode":"catmullrom"},"0.24":{"post":[0,0,0],"lerp_mode":"catmullrom"},"0.48":{"post":[7.5,0,0],"lerp_mode":"catmullrom"},"0.72":{"post":[0,0,0],"lerp_mode":"catmullrom"},"0.96":{"post":[-7.5,0,0],"lerp_mode":"catmullrom"}}},"all":{"position":{"0.0":{"post":[0,0,0.25],"lerp_mode":"catmullrom"},"0.24":{"post":[0,0,0],"lerp_mode":"catmullrom"},"0.48":{"post":[0,0,-0.25],"lerp_mode":"catmullrom"},"0.72":{"post":[0,0,0],"lerp_mode":"catmullrom"},"0.96":{"post":[0,0,0.25],"lerp_mode":"catmullrom"}}}}},"animation.capsakid.ground_walk":{"loop":true,"animation_length":0.64,"bones":{"head":{"rotation":{"0.0":{"post":[-7.5,0,0],"lerp_mode":"catmullrom"},"0.16":{"post":[-5,0,0],"lerp_mode":"catmullrom"},"0.24":{"post":[-5,0,0],"lerp_mode":"catmullrom"},"0.32":{"post":[-7.5,0,0],"lerp_mode":"catmullrom"},"0.48":{"post":[-5,0,0],"lerp_mode":"catmullrom"},"0.56":{"post":[-5,0,0],"lerp_mode":"catmullrom"},"0.64":{"post":[-7.5,0,0],"lerp_mode":"catmullrom"}}},"arm_left":{"rotation":{"0.0":{"post":[0,0,22.5],"lerp_mode":"catmullrom"},"0.16":{"post":[0,0,35],"lerp_mode":"catmullrom"},"0.32":{"post":[0,0,22.5],"lerp_mode":"catmullrom"},"0.48":{"post":[0,0,35],"lerp_mode":"catmullrom"},"0.64":{"post":[0,0,22.5],"lerp_mode":"catmullrom"}}},"arm_right":{"rotation":{"0.0":{"post":[0,0,-22.5],"lerp_mode":"catmullrom"},"0.16":{"post":[0,0,-35],"lerp_mode":"catmullrom"},"0.32":{"post":[0,0,-22.5],"lerp_mode":"catmullrom"},"0.48":{"post":[0,0,-35],"lerp_mode":"catmullrom"},"0.64":{"post":[0,0,-22.5],"lerp_mode":"catmullrom"}}},"leg_right":{"rotation":{"0.0":{"post":[30,0,0],"lerp_mode":"catmullrom"},"0.16":{"post":[0,0,0],"lerp_mode":"catmullrom"},"0.32":{"post":[-30,0,0],"lerp_mode":"catmullrom"},"0.48":{"post":[0,0,0],"lerp_mode":"catmullrom"},"0.64":{"post":[30,0,0],"lerp_mode":"catmullrom"}}},"leg_left":{"rotation":{"0.0":{"post":[-30,0,0],"lerp_mode":"catmullrom"},"0.16":{"post":[0,0,0],"lerp_mode":"catmullrom"},"0.32":{"post":[30,0,0],"lerp_mode":"catmullrom"},"0.48":{"post":[0,0,0],"lerp_mode":"catmullrom"},"0.64":{"post":[-30,0,0],"lerp_mode":"catmullrom"}}},"all":{"rotation":{"0.0":{"post":[7.5,0,0],"lerp_mode":"catmullrom"},"0.64":{"post":[7.5,0,0],"lerp_mode":"catmullrom"}},"position":{"0.0":{"post":[0,0.25,0],"lerp_mode":"catmullrom"},"0.16":{"post":[0,0,0],"lerp_mode":"catmullrom"},"0.32":{"post":[0,0.25,0],"lerp_mode":"catmullrom"},"0.48":{"post":[0,0,0],"lerp_mode":"catmullrom"},"0.64":{"post":[0,0.25,0],"lerp_mode":"catmullrom"}}}}},"animation.capsakid.faint":{"loop":true,"animation_length":2.886,"bones":{"head":{"rotation":{"0.0":{"post":[0,0,0],"lerp_mode":"catmullrom"},"0.16":{"post":[-7.5,0,0],"lerp_mode":"catmullrom"},"0.4":{"post":[-35,0,0],"lerp_mode":"catmullrom"},"0.48":{"post":[-40,0,0],"lerp_mode":"catmullrom"},"0.56":{"post":[-35,0,0],"lerp_mode":"catmullrom"}}},"body":{"rotation":{"0.0":{"post":[0,0,0],"lerp_mode":"catmullrom"},"0.16":{"post":[7.5,0,0],"lerp_mode":"catmullrom"}}},"arm_left":{"rotation":{"0.0":{"post":[0,0,27.5],"lerp_mode":"catmullrom"}}},"arm_right":{"rotation":{"0.0":{"post":[0,0,-27.5],"lerp_mode":"catmullrom"}}},"leg_right":{"rotation":{"0.0":{"post":[0,0,0],"lerp_mode":"catmullrom"},"0.24":{"post":[15,0,0],"lerp_mode":"catmullrom"},"0.44":{"post":[0,0,0],"lerp_mode":"catmullrom"}}},"leg_left":{"rotation":{"0.0":{"post":[0,0,0],"lerp_mode":"catmullrom"},"0.24":{"post":[32.5,0,0],"lerp_mode":"catmullrom"},"0.44":{"post":[0,0,0],"lerp_mode":"catmullrom"}}},"eyelid_left":{"position":{"0.4":[0,0,0],"0.44":[1,0,-1]}},"eyelid_right":{"position":{"0.4":[0,0,0],"0.44":[-1,0,-1]}},"all":{"rotation":{"0.0":{"post":[0,0,0],"lerp_mode":"catmullrom"},"0.16":{"post":[0,0,0],"lerp_mode":"catmullrom"},"0.4":{"post":[62.5,0,0],"lerp_mode":"catmullrom"}},"position":{"0.0":{"post":[0,0,0],"lerp_mode":"catmullrom"},"0.16":{"post":[0,0,-0.5],"lerp_mode":"catmullrom"},"0.4":{"post":[0,0,-0.5],"lerp_mode":"catmullrom"},"0.56":{"post":[0,0,-0.75],"lerp_mode":"catmullrom"}}}}},"animation.capsakid.blink":{"loop":true,"animation_length":0.2,"bones":{"eyelid_left":{"position":{"0.0":[0,0,0],"0.04":[1,0,-1],"0.16":[1,0,-1],"0.2":[0,0,0]}},"eyelid_right":{"position":{"0.0":[0,0,0],"0.04":[-1,0,-1],"0.16":[-1,0,-1],"0.2":[0,0,0]}}}},"animation.capsakid.sleep":{"loop":true,"animation_length":1.12,"bones":{"head":{"rotation":{"0.0":{"post":[12.5,0,0],"lerp_mode":"catmullrom"},"0.56":{"post":[7.5,0,0],"lerp_mode":"catmullrom"},"1.12":{"post":[12.5,0,0],"lerp_mode":"catmullrom"}}},"arm_left":{"rotation":{"0.0":{"post":[0,0,32.5],"lerp_mode":"catmullrom"},"0.56":{"post":[0,0,45],"lerp_mode":"catmullrom"},"1.12":{"post":[0,0,32.5],"lerp_mode":"catmullrom"}}},"arm_right":{"rotation":{"0.0":{"post":[0,0,-32.5],"lerp_mode":"catmullrom"},"0.56":{"post":[0,0,-45],"lerp_mode":"catmullrom"},"1.12":{"post":[0,0,-32.5],"lerp_mode":"catmullrom"}}},"leg_right":{"rotation":[-90,25,0],"position":[0,0.5,-1]},"leg_left":{"rotation":[-90,-25,0],"position":[0,0.5,-1]},"eyelid_left":{"position":[1,0,-1]},"eyelid_right":{"position":[-1,0,-1]},"all":{"position":[0,-1,0]}}}},"geckolib_format_version":2}