{"format_version":"1.8.0","animations":{"animation.crimsonparasect.ground_idle":{"loop":true,"bones":{"body":{"position":[0,"(math.sin(q.anim_time*90*4*1)*1)*0.2",0]},"mushroom":{"rotation":["1*(math.sin(q.anim_time*90*4*1-90-45)*1-1)",0,0]},"arm_left":{"rotation":[0,"math.sin(q.anim_time*90*4*1+90)*2","-2*(math.sin(q.anim_time*90*4*1-90-45)*1-1)"]},"hand_left":{"rotation":[0,"-math.sin(q.anim_time*90*4*1+90)*2","2*(math.sin(q.anim_time*90*4*1-45)*1-1)"]},"claw_left":{"rotation":[0,0,"3*(math.sin(q.anim_time*90*4*1-90-45)*1-1)"]},"arm_right":{"rotation":[0,"-math.sin(q.anim_time*90*4*1+90)*2","2*(math.sin(q.anim_time*90*4*1-90-45)*1-1)"]},"hand_right":{"rotation":[0,"math.sin(q.anim_time*90*4*1+90)*2","-2*(math.sin(q.anim_time*90*4*1-45)*1-1)"]},"claw_right":{"rotation":[0,0,"-3*(math.sin(q.anim_time*90*4*1-90-45)*1-1)"]},"leg_right_front":{"rotation":[0,"1*(math.sin(q.anim_time*90*4*1)*1-1)","-4*(math.sin(q.anim_time*90*4*1)*1-1)"]},"leg_left_front":{"rotation":[0,"-1*(math.sin(q.anim_time*90*4*1)*1-1)","4*(math.sin(q.anim_time*90*4*1)*1-1)"]},"leg_right_back":{"rotation":[0,"-1*(math.sin(q.anim_time*90*4*1)*1-1)","-2.5*(math.sin(q.anim_time*90*4*1)*1-1)"]},"leg_left_back":{"rotation":[0,"1*(math.sin(q.anim_time*90*4*1)*1-1)","2.5*(math.sin(q.anim_time*90*4*1)*1-1)"]},"leg_right_front2":{"rotation":[0,0,"4.5*(math.sin(q.anim_time*90*4*1)*1-1)"]},"leg_right_front3":{"rotation":[0,0,"-1.5*(math.sin(q.anim_time*90*4*1)*1-1)"]},"leg_right_front4":{"rotation":[0,0,"-1*(math.sin(q.anim_time*90*4*1)*1-1)"]},"leg_left_front2":{"rotation":[0,0,"-4.5*(math.sin(q.anim_time*90*4*1)*1-1)"]},"leg_left_front3":{"rotation":[0,0,"1.5*(math.sin(q.anim_time*90*4*1)*1-1)"]},"leg_left_front4":{"rotation":[0,0,"1*(math.sin(q.anim_time*90*4*1)*1-1)"]},"leg_right_back2":{"rotation":[0,0,"2*(math.sin(q.anim_time*90*4*1)*1-1)"]},"leg_right_back3":{"rotation":[0,0,"-0.5*(math.sin(q.anim_time*90*4*1)*1-1)"]},"leg_right_back4":{"rotation":[0,0,"1*(math.sin(q.anim_time*90*4*1)*1-1)"]},"leg_left_back2":{"rotation":[0,0,"-2*(math.sin(q.anim_time*90*4*1)*1-1)"]},"leg_left_back3":{"rotation":[0,0,"0.5*(math.sin(q.anim_time*90*4*1)*1-1)"]},"leg_left_back4":{"rotation":[0,0,"-1*(math.sin(q.anim_time*90*4*1)*1-1)"]}}},"animation.crimsonparasect.ground_walk":{"loop":true,"bones":{"body":{"rotation":[0,0,0],"position":[0,"(math.sin(q.anim_time*90*4*4)*1)*0.4+0.2","math.sin(q.anim_time*90*4*1)*0.5"]},"arm_left":{"rotation":[0,"math.sin(q.anim_time*90*4*1+90)*4","-2*(math.sin(q.anim_time*90*4*1-90-45)*1-1)"]},"hand_left":{"rotation":[0,"-math.sin(q.anim_time*90*4*1+90)*4",0]},"arm_right":{"rotation":[0,"-math.sin(q.anim_time*90*4*1+90)*4","2*(math.sin(q.anim_time*90*4*1-90-45)*1-1)"]},"hand_right":{"rotation":[0,"math.sin(q.anim_time*90*4*1+90)*4",0]},"leg_right_front":{"rotation":[0,"-math.sin(q.anim_time*90*4*2+90+180)*15","math.clamp(math.sin(q.anim_time*90*4*2+180*2)*20,0,15)"],"position":[0,"-(math.sin(q.anim_time*90*4*2*2)*1)*0.25",0]},"leg_left_front":{"rotation":[0,"math.sin(q.anim_time*90*4*2+90)*15","-math.clamp(math.sin(q.anim_time*90*4*2+180)*20,0,15)"],"position":[0,"-(math.sin(q.anim_time*90*4*2*2)*1)*0.25",0]},"leg_right_back":{"rotation":[0,"-math.sin(q.anim_time*90*4*2+90)*15","math.clamp(math.sin(q.anim_time*90*4*2+180)*20,0,15)"],"position":[0,"-(math.sin(q.anim_time*90*4*2*2)*1)*0.25",0]},"leg_left_back":{"rotation":[0,"math.sin(q.anim_time*90*4*2+90+180)*15","-math.clamp(math.sin(q.anim_time*90*4*2+180*2)*20,0,15)"],"position":[0,"-(math.sin(q.anim_time*90*4*2*2)*1)*0.25",0]},"mushroom":{"rotation":["2*(math.sin(q.anim_time*90*4*1)*1-1)",0,0]},"leg_right_front2":{"rotation":[0,0,"-math.clamp(math.sin(q.anim_time*90*4*2+180*2)*20,0,15)"]},"leg_left_front2":{"rotation":[0,0,"math.clamp(math.sin(q.anim_time*90*4*2+180)*20,0,15)"]},"leg_right_back2":{"rotation":[0,0,"-math.clamp(math.sin(q.anim_time*90*4*2+180)*20,0,15)"]},"leg_left_back2":{"rotation":[0,0,"math.clamp(math.sin(q.anim_time*90*4*2+180*2)*20,0,15)"]}}},"animation.crimsonparasect.faint":{"loop":true,"animation_length":3,"bones":{"body":{"rotation":{"0.0":[7.5,0,0],"0.1":[-3.57,0,0],"0.25":[-17.77,0,0],"0.35":[-22.5,0,0],"0.7":[-29.5,0,0],"0.85":[-28.67,0,0],"1.15":[-22,0,0],"1.3":[-17,0,0],"1.5":[25,0,0],"1.6":[30,0,0],"1.75":[32.5,0,0],"2.15":[0,0,0],"2.25":[-2.5,0,0],"2.4":[0,0,0]},"position":{"0.0":[0,"(math.sin(q.anim_time*90*4*1)*1)*0.2",0],"0.25":[0,"0.9+(math.sin(q.anim_time*90*4*1)*1)*0.2",-0.8],"0.7":[0,0.58,0.83],"1.3":[0,0.58,0.33],"1.5":[0,-4.02,-1.37],"1.55":[0,-3.49,-1.49],"1.6":[0,-3.37,-1.62],"1.75":[0,-2.97,-1.82],"2.15":[0,-5.57,-1.82]}},"mushroom":{"rotation":{"0.0":["7.5+1*(math.sin(q.anim_time*90*4*1-90-45)*1-1)",0,0],"0.55":["-15+1*(math.sin(q.anim_time*90*4*1-90-45)*1-1)",0,0],"1.3":["2.5+1*(math.sin(q.anim_time*90*4*1-90-45)*1-1)",0,0],"1.5":["-5+1*(math.sin(q.anim_time*90*4*1-90-45)*1-1)",0,0],"1.7":["32.5+1*(math.sin(q.anim_time*90*4*1-90-45)*1-1)",0,0],"2.25":["-5+1*(math.sin(q.anim_time*90*4*1-90-45)*1-1)",0,0],"2.9":["7.5+1*(math.sin(q.anim_time*90*4*1-90-45)*1-1)",0,0]},"position":[0,0,0]},"arm_left":{"rotation":{"0.0":[0,"math.sin(q.anim_time*90*4*1+90)*2","-2*(math.sin(q.anim_time*90*4*1-90-45)*1-1)"],"0.75":[-27.23,-11.18,-25.79],"0.85":[-28.93337,-11.92061,-27.47517],"1.75":[-28.93337,-11.92061,-27.47517],"2.2":[7.32326,7.95696,15.0382]},"position":{"0.0":[0,0,0],"0.6":[0,0,0]}},"hand_left":{"rotation":{"0.0":[0.76564,"0.1523-math.sin(q.anim_time*90*4*1+90)*2","-22.5123+2*(math.sin(q.anim_time*90*4*1-45)*1-1)"],"0.4":[-0.2224,"0.2978-math.sin(q.anim_time*90*4*1+90)*2","-52.5278+2*(math.sin(q.anim_time*90*4*1-45)*1-1)"],"0.85":[0.21643,"0.3327-math.sin(q.anim_time*90*4*1+90)*2",-58.9987],"1.35":[-0.31955,"0.2746-math.sin(q.anim_time*90*4*1+90)*2","-60.0271+2*(math.sin(q.anim_time*90*4*1-45)*1-1)"],"1.45":[0.31774,"0.283-math.sin(q.anim_time*90*4*1+90)*2","-37.5179+2*(math.sin(q.anim_time*90*4*1-45)*1-1)"],"1.5":[-1.06697,"-0.0156-math.sin(q.anim_time*90*4*1+90)*2","-65.0434+2*(math.sin(q.anim_time*90*4*1-45)*1-1)"],"1.55":[-0.4942,"0.261-math.sin(q.anim_time*90*4*1+90)*2","-60.0344+2*(math.sin(q.anim_time*90*4*1-45)*1-1)"],"1.75":[-0.4942,"0.261-math.sin(q.anim_time*90*4*1+90)*2","-60.0344+2*(math.sin(q.anim_time*90*4*1-45)*1-1)"]}},"claw_left":{"rotation":[0,0,"3*(math.sin(q.anim_time*90*4*1-90-45)*1-1)"]},"arm_right":{"rotation":{"0.0":[0,"-math.sin(q.anim_time*90*4*1+90)*2","2*(math.sin(q.anim_time*90*4*1-90-45)*1-1)"],"0.75":[-24.43,9.82,23.75],"0.85":[-25.95298,10.47649,25.30297],"1.75":[-25.95298,10.47649,25.30297],"2.2":[18.78877,-8.0714,-26.49799]},"position":{"0.0":[0,0,0],"0.6":[0,0,0]}},"hand_right":{"rotation":{"0.0":[0.6843,"-0.1206+math.sin(q.anim_time*90*4*1+90)*2","20.0113-2*(math.sin(q.anim_time*90*4*1-45)*1-1)"],"0.4":[-0.11485,"-0.2469+math.sin(q.anim_time*90*4*1+90)*2","45.0234-2*(math.sin(q.anim_time*90*4*1-45)*1-1)"],"0.85":[0.57825,"-0.426+math.sin(q.anim_time*90*4*1+90)*2","65.0205-2*(math.sin(q.anim_time*90*4*1-45)*1-1)"],"1.35":[-0.32877,"-0.2151+math.sin(q.anim_time*90*4*1+90)*2","57.5242-2*(math.sin(q.anim_time*90*4*1-45)*1-1)"],"1.45":[0.248,-0.2347,35.0166],"1.5":[0.08305,-0.33119,67.51687],"1.55":[0.05387,-0.33717,72.51695],"1.75":[0.05387,-0.33717,72.51695]}},"claw_right":{"rotation":[0,0,"-3*(math.sin(q.anim_time*90*4*1-90-45)*1-1)"]},"leg_right_front":{"rotation":{"0.0":[0,"1*(math.sin(q.anim_time*90*4*1)*1-1)","-4*(math.sin(q.anim_time*90*4*1)*1-1)"],"0.2":[3.05024,"0.4697+1*(math.sin(q.anim_time*90*4*1)*1-1)","-17.7556-4*(math.sin(q.anim_time*90*4*1)*1-1)"],"0.75":[4.05489,"0.7798+1*(math.sin(q.anim_time*90*4*1)*1-1)","-22.846-4*(math.sin(q.anim_time*90*4*1)*1-1)"],"1.5":[2.67327,"0.3391+1*(math.sin(q.anim_time*90*4*1)*1-1)","-15.2327-4*(math.sin(q.anim_time*90*4*1)*1-1)"],"2.3":[2.67,"0.3391+1*(math.sin(q.anim_time*90*4*1)*1-1)","-15.2327-4*(math.sin(q.anim_time*90*4*1)*1-1)"],"2.5":[2.19734,"0.2329+1*(math.sin(q.anim_time*90*4*1)*1-1)","-12.6906-4*(math.sin(q.anim_time*90*4*1)*1-1)"],"2.7":[2.71307,"0.34+1*(math.sin(q.anim_time*90*4*1)*1-1)","-15.241-4*(math.sin(q.anim_time*90*4*1)*1-1)"]},"position":[0,0,0]},"leg_left_front":{"rotation":{"0.0":[0,"-1*(math.sin(q.anim_time*90*4*1)*1-1)","4*(math.sin(q.anim_time*90*4*1)*1-1)"],"0.2":[4.28295,-0.90098,25.14524],"1.5":[3.05025,-0.42064,17.55993],"2.3":[3.05,-0.42,17.56],"2.5":[2.62573,-0.2962,15.02728]},"position":[0,0,0]},"leg_right_back":{"rotation":{"0.0":[-4.74943,"-0.5204-1*(math.sin(q.anim_time*90*4*1)*1-1)","-13.3584-2.5*(math.sin(q.anim_time*90*4*1)*1-1)"],"0.3":[23.59643,"19.9985-1*(math.sin(q.anim_time*90*4*1)*1-1)","6.7623-2.5*(math.sin(q.anim_time*90*4*1)*1-1)"],"0.7":[30.98466,"15.3946-1*(math.sin(q.anim_time*90*4*1)*1-1)","18.309-2.5*(math.sin(q.anim_time*90*4*1)*1-1)"],"1.3":[20.38534,"9.1497-1*(math.sin(q.anim_time*90*4*1)*1-1)","-0.6127-2.5*(math.sin(q.anim_time*90*4*1)*1-1)"],"1.4":[5.38534,"9.1497-1*(math.sin(q.anim_time*90*4*1)*1-1)","-0.6127-2.5*(math.sin(q.anim_time*90*4*1)*1-1)"],"2.0":[13.60707,"6.6547-1*(math.sin(q.anim_time*90*4*1)*1-1)","16.2997-2.5*(math.sin(q.anim_time*90*4*1)*1-1)"],"2.1":[-3.0481,"9.5093-1*(math.sin(q.anim_time*90*4*1)*1-1)","-17.8047-2.5*(math.sin(q.anim_time*90*4*1)*1-1)"],"2.25":[1.21373,"9.6297-1*(math.sin(q.anim_time*90*4*1)*1-1)","-9.1807-2.5*(math.sin(q.anim_time*90*4*1)*1-1)"]}},"leg_left_back":{"rotation":{"0.0":[-5.6738,"0.7475+1*(math.sin(q.anim_time*90*4*1)*1-1)","16.0141+2.5*(math.sin(q.anim_time*90*4*1)*1-1)"],"0.3":[29.3017,"-9.7919+1*(math.sin(q.anim_time*90*4*1)*1-1)","-1.319+2.5*(math.sin(q.anim_time*90*4*1)*1-1)"],"0.7":[32.98393,"-5.907+1*(math.sin(q.anim_time*90*4*1)*1-1)","-8.7161+2.5*(math.sin(q.anim_time*90*4*1)*1-1)"],"1.3":[15.19783,"-11.1117+1*(math.sin(q.anim_time*90*4*1)*1-1)","1.1747+2.5*(math.sin(q.anim_time*90*4*1)*1-1)"],"1.4":[2.69783,"-11.1117+1*(math.sin(q.anim_time*90*4*1)*1-1)","1.1747+2.5*(math.sin(q.anim_time*90*4*1)*1-1)"],"2.0":[11.7569,"-9.2079+1*(math.sin(q.anim_time*90*4*1)*1-1)","-16.2323+2.5*(math.sin(q.anim_time*90*4*1)*1-1)"],"2.1":[-3.25092,"-11.1082+1*(math.sin(q.anim_time*90*4*1)*1-1)","12.8041+2.5*(math.sin(q.anim_time*90*4*1)*1-1)"],"2.25":[-0.22383,"-11.26+1*(math.sin(q.anim_time*90*4*1)*1-1)","6.9616+2.5*(math.sin(q.anim_time*90*4*1)*1-1)"]}},"leg_right_front2":{"rotation":{"0.0":[0,0,"4.5*(math.sin(q.anim_time*90*4*1)*1-1)"],"0.35":[0,0,"-20+4.5*(math.sin(q.anim_time*90*4*1)*1-1)"],"0.75":[0,0,"-20+4.5*(math.sin(q.anim_time*90*4*1)*1-1)"],"1.5":[0,0,"60+4.5*(math.sin(q.anim_time*90*4*1)*1-1)"]}},"leg_right_front3":{"rotation":{"0.0":[0,0,"-1.5*(math.sin(q.anim_time*90*4*1)*1-1)"],"0.75":[0,0,"-30-1.5*(math.sin(q.anim_time*90*4*1)*1-1)"],"1.3":[0,0,"-30-1.5*(math.sin(q.anim_time*90*4*1)*1-1)"],"1.5":[0,0,"52.5-1.5*(math.sin(q.anim_time*90*4*1)*1-1)"],"1.95":[0,0,"52.5-1.5*(math.sin(q.anim_time*90*4*1)*1-1)"],"2.25":[0,0,"45-1.5*(math.sin(q.anim_time*90*4*1)*1-1)"]},"position":{"0.0":[0,0,0],"1.4":[0,0,0],"1.5":[0.25,-0.02,0],"1.75":[0.27,-0.02,0],"1.95":[0.27,-0.02,0],"2.15":[0,0,0]}},"leg_right_front4":{"rotation":[0,0,"-1*(math.sin(q.anim_time*90*4*1)*1-1)"]},"leg_left_front2":{"rotation":{"0.0":[0,0,"-4.5*(math.sin(q.anim_time*90*4*1)*1-1)"],"0.35":[0,0,"20-4.5*(math.sin(q.anim_time*90*4*1)*1-1)"],"1.3":[0,0,"20-4.5*(math.sin(q.anim_time*90*4*1)*1-1)"],"1.5":[0,0,"-77.5-4.5*(math.sin(q.anim_time*90*4*1)*1-1)"]},"position":{"0.0":[0,0,0],"1.4":[0,0,0],"1.5":[-0.3,0,0],"2.3":[-0.4,0,0],"2.5":[-0.3,0,0]}},"leg_left_front3":{"rotation":{"0.0":[0,0,"1.5*(math.sin(q.anim_time*90*4*1)*1-1)"],"0.75":[0,0,"27.5+1.5*(math.sin(q.anim_time*90*4*1)*1-1)"],"1.5":[0,0,"-45+1.5*(math.sin(q.anim_time*90*4*1)*1-1)"],"1.95":[0,0,"-45+1.5*(math.sin(q.anim_time*90*4*1)*1-1)"],"2.25":[0,0,"-30+1.5*(math.sin(q.anim_time*90*4*1)*1-1)"]}},"leg_left_front4":{"rotation":[0,0,"1*(math.sin(q.anim_time*90*4*1)*1-1)"]},"leg_right_back2":{"rotation":{"0.0":[0,0,"2*(math.sin(q.anim_time*90*4*1)*1-1)"],"1.3":[0,0,"2*(math.sin(q.anim_time*90*4*1)*1-1)"],"1.4":[0,0,"2.5+2*(math.sin(q.anim_time*90*4*1)*1-1)"],"1.65":[0,0,"47.5+2*(math.sin(q.anim_time*90*4*1)*1-1)"],"2.0":[0,0,"55+2*(math.sin(q.anim_time*90*4*1)*1-1)"],"2.6":[0,0,"50+2*(math.sin(q.anim_time*90*4*1)*1-1)"]},"position":{"1.75":[0,0,0],"2.0":[0.15,0,0]}},"leg_right_back3":{"rotation":{"0.0":[0,0,"-0.5*(math.sin(q.anim_time*90*4*1)*1-1)"],"1.3":[0,0,"-0.5*(math.sin(q.anim_time*90*4*1)*1-1)"],"1.4":[0,0,"-10-0.5*(math.sin(q.anim_time*90*4*1)*1-1)"],"1.75":[0,0,"60-0.5*(math.sin(q.anim_time*90*4*1)*1-1)"],"2.1":[0,0,"52.5-0.5*(math.sin(q.anim_time*90*4*1)*1-1)"]},"position":{"0.0":[0,0,0],"1.75":[0.1,0,0],"1.95":[0,0,0]}},"leg_right_back4":{"rotation":{"0.0":[0,0,"1*(math.sin(q.anim_time*90*4*1)*1-1)"],"1.4":[0,0,"1*(math.sin(q.anim_time*90*4*1)*1-1)"],"1.9":[0,0,"50+1*(math.sin(q.anim_time*90*4*1)*1-1)"],"2.1":[0,0,"50+1*(math.sin(q.anim_time*90*4*1)*1-1)"],"2.2":[0,0,"2.5+1*(math.sin(q.anim_time*90*4*1)*1-1)"]},"position":{"1.8":[0,0,0],"1.9":[0.15,0,0],"2.1":[0.15,0,0],"2.15":[0,0,0]}},"leg_left_back2":{"rotation":{"0.0":[0,0,"-2*(math.sin(q.anim_time*90*4*1)*1-1)"],"1.3":[0,0,"-2*(math.sin(q.anim_time*90*4*1)*1-1)"],"1.4":[0,0,"-5-2*(math.sin(q.anim_time*90*4*1)*1-1)"],"1.65":[0,0,"-42.5-2*(math.sin(q.anim_time*90*4*1)*1-1)"],"2.0":[0,0,"-50-2*(math.sin(q.anim_time*90*4*1)*1-1)"],"2.6":[0,0,"-45-2*(math.sin(q.anim_time*90*4*1)*1-1)"]},"position":{"1.9":[0,0,0],"2.05":[-0.05,0,0],"2.25":[-0.05,0,0],"2.4":[0,0,0]}},"leg_left_back3":{"rotation":{"0.0":[0,0,"0.5*(math.sin(q.anim_time*90*4*1)*1-1)"],"1.3":[0,0,"0.5*(math.sin(q.anim_time*90*4*1)*1-1)"],"1.4":[0,0,"12.5+0.5*(math.sin(q.anim_time*90*4*1)*1-1)"],"1.75":[0,0,"-60+0.5*(math.sin(q.anim_time*90*4*1)*1-1)"],"2.1":[0,0,"-52.5+0.5*(math.sin(q.anim_time*90*4*1)*1-1)"]},"position":{"0.0":[0,0,0],"1.7":[0,0,0],"1.75":[-0.1,0,0],"1.9":[0,0,0]}},"leg_left_back4":{"rotation":{"0.0":[0,0,"-1*(math.sin(q.anim_time*90*4*1)*1-1)"],"1.4":[0,0,"-1*(math.sin(q.anim_time*90*4*1)*1-1)"],"1.9":[0,0,"-55-1*(math.sin(q.anim_time*90*4*1)*1-1)"],"2.1":[0,0,"-55-1*(math.sin(q.anim_time*90*4*1)*1-1)"],"2.2":[0,0,"-5-1*(math.sin(q.anim_time*90*4*1)*1-1)"]},"position":{"0.0":[0,0,0],"1.7":[0,0,0],"1.75":[0,0,0],"1.9":[-0.25,0,0],"2.1":[-0.25,0,0],"2.15":[0,0,0]}},"head":{"rotation":{"0.0":[12.5,0,0],"0.85":[27.5,0,0],"1.2":[12.5,0,0],"1.35":[2.5,0,0],"1.5":[-5,0,0],"1.6":[-12.5,0,0],"1.7":[15,0,0]}}}},"animation.crimsonparasect.sleep":{"loop":true,"bones":{"body":{"rotation":[-5,0,0],"position":[0,-5.25,0]},"head":{"rotation":[25,0,0]},"mushroom":{"rotation":[-4.98848,0.54094,-2.55919]},"arm_right":{"rotation":[-4.71374,-13.10686,-61.2244]},"hand_right":{"rotation":[2.47864,0.32621,-7.49294]},"arm_left":{"rotation":[46.77311,11.5328,88.58523]},"hand_left":{"rotation":[-30,0,-35]},"leg_right_front":{"rotation":[-6.92546,-43.42114,51.30836]},"leg_left_front":{"rotation":[-37.55945,40.39543,-62.55466]},"leg_right_back":{"rotation":[69.87065,-41.90314,7.26404]},"leg_left_back":{"rotation":[71.04314,36.95106,-6.92164]}}}}}