{
  "implemented": true,
  "nationalPokedexNumber": 742,
  "name": "Cutiefly",
  "primaryType": "bug",
  "secondaryType": "fairy",
  "maleRatio": 0.5,
  "height": 1,
  "weight": 2,
  "pokedex": [
    "cobblemon.species.cutiefly.desc"
  ],
  "labels": [
    "gen7"
  ],
  "aspects": [],
  "abilities": [
    "honeygather",
    "shielddust",
    "h:sweetveil"
  ],
  "eggGroups": [
    "bug",
    "fairy"
  ],
  "baseStats": {
    "hp": 40,
    "attack": 45,
    "defence": 40,
    "special_attack": 55,
    "special_defence": 40,
    "speed": 84
  },
  "evYield": {
    "hp": 0,
    "attack": 0,
    "defence": 0,
    "special_attack": 0,
    "special_defence": 0,
    "speed": 1
  },
  "baseExperienceYield": 61,
  "experienceGroup": "medium_fast",
  "catchRate": 190,
  "eggCycles": 20,
  "baseFriendship": 50,
  "shoulderMountable": true,
  "baseScale": 0.3,
  "hitbox": {
    "width": 0.9,
    "height": 2,
    "fixed": false
  },
  "behaviour": {
    "moving": {
      "swim": {
        "canWalkOnWater": true
      },
      "fly": {
        "canFly": true
      }
    },
    "resting": {
      "canSleep": true,
      "light": "0-4"
    }
  },
  "drops": {
    "amount": 2,
    "entries": [
      {
        "item": "minecraft:honey_bottle",
        "quantityRange": "0-1"
      },
      {
        "item": "cobblemon:cheri_berry",
        "percentage": 2.5
      }
    ]
  },
  "moves": [
    "1:absorb",
    "1:fairywind",
    "6:stunspore",
    "12:sweetscent",
    "18:drainingkiss",
    "24:strugglebug",
    "30:aromatherapy",
    "36:switcheroo",
    "42:dazzlinggleam",
    "48:bugbuzz",
    "54:quiverdance",
    "egg:aromaticmist",
    "egg:bestow",
    "egg:moonblast",
    "egg:powder",
    "egg:stickyweb",
    "tm:acrobatics",
    "tm:afteryou",
    "tm:allyswitch",
    "tm:batonpass",
    "tm:bugbite",
    "tm:bugbuzz",
    "tm:calmmind",
    "tm:charm",
    "tm:covet",
    "tm:dazzlinggleam",
    "tm:defog",
    "tm:drainingkiss",
    "tm:dreameater",
    "tm:endure",
    "tm:energyball",
    "tm:facade",
    "tm:faketears",
    "tm:grassknot",
    "tm:helpinghand",
    "tm:imprison",
    "tm:infestation",
    "tm:lastresort",
    "tm:leechlife",
    "tm:lightscreen",
    "tm:magicalleaf",
    "tm:magicroom",
    "tm:playrough",
    "tm:pollenpuff",
    "tm:pounce",
    "tm:protect",
    "tm:psychic",
    "tm:psychup",
    "tm:reflect",
    "tm:rest",
    "tm:roost",
    "tm:safeguard",
    "tm:signalbeam",
    "tm:silverwind",
    "tm:skillswap",
    "tm:skittersmack",
    "tm:sleeptalk",
    "tm:speedswap",
    "tm:strugglebug",
    "tm:substitute",
    "tm:sunnyday",
    "tm:swift",
    "tm:tailwind",
    "tm:telekinesis",
    "tm:terablast",
    "tm:thief",
    "tm:trailblaze",
    "tm:trick",
    "tm:uturn",
    "tm:wonderroom",
    "tutor:afteryou",
    "tutor:allyswitch",
    "tutor:bugbite",
    "tutor:calmmind",
    "tutor:covet",
    "tutor:dazzlinggleam",
    "tutor:defog",
    "tutor:energyball",
    "tutor:helpinghand",
    "tutor:lastresort",
    "tutor:leechlife",
    "tutor:magicalleaf",
    "tutor:magicroom",
    "tutor:playrough",
    "tutor:psychic",
    "tutor:rest",
    "tutor:roost",
    "tutor:signalbeam",
    "tutor:skillswap",
    "tutor:skittersmack",
    "tutor:sleeptalk",
    "tutor:swift",
    "tutor:tailwind",
    "tutor:telekinesis",
    "tutor:trick",
    "tutor:wonderroom"
  ],
  "evolutions": [
    {
      "id": "cutiefly_ribombee",
      "variant": "level_up",
      "result": "ribombee",
      "consumeHeldItem": false,
      "learnableMoves": [
        "pollenpuff"
      ],
      "requirements": [
        {
          "variant": "level",
          "minLevel": 25
        }
      ]
    },
    {
      "id": "cafe_cutiefly_cutiefly",
      "variant": "item_interact",
      "result": "cutiefly",
      "consumeHeldItem": false,
      "learnableMoves": [],
      "requirements": [],
      "requiredContext": "minecraft:shears"
    }
  ]
}
