{
  "implemented": true,
  "name": "Tinkaton",
  "nationalPokedexNumber": 959,
  "primaryType": "fairy",
  "secondaryType": "steel",
  "abilities": [
    "moldbreaker",
    "owntempo",
    "h:pickpocket"
  ],
  "drops": {
    "amount": 4,
    "entries": [
      {
        "item": "minecraft:raw_iron",
        "quantityRange": "0-3"
      },
      {
        "item": "cobblemon:razz_berry",
        "percentage": 10.0
      }
    ]
  },
  "baseStats": {
    "hp": 85,
    "attack": 75,
    "defence": 77,
    "special_attack": 70,
    "special_defence": 105,
    "speed": 94
  },
  "catchRate": 45,
  "maleRatio": 0,
  "baseExperienceYield": 253,
  "baseFriendship": 50,
  "evYield": {
    "hp": 0,
    "attack": 0,
    "defence": 0,
    "special_attack": 0,
    "special_defence": 3,
    "speed": 0
  },
  "experienceGroup": "medium_slow",
  "eggCycles": 20,
  "eggGroups": [
    "fairy"
  ],
  "behaviour": {
    "resting": {
      "canSleep": true,
      "willSleepOnBed": false,
      "depth": "normal",
      "light": "0-4"
    }
  },
  "moves": [
    "1:astonish",
    "1:fairywind",
    "1:gigatonhammer",
    "5:babydolleyes",
    "8:metalclaw",
    "11:covet",
    "14:rocksmash",
    "17:drainingkiss",
    "21:sweetkiss",
    "24:brutalswing",
    "27:slam",
    "31:flashcannon",
    "35:playrough",
    "39:fakeout",
    "43:flatter",
    "47:skittersmack",
    "52:knockoff",
    "tm:brickbreak",
    "tm:bulldoze",
    "tm:drainingkiss",
    "tm:encore",
    "tm:endeavor",
    "tm:endure",
    "tm:facade",
    "tm:faketears",
    "tm:flashcannon",
    "tm:fling",
    "tm:foulplay",
    "tm:hardpress",
    "tm:heavyslam",
    "tm:helpinghand",
    "tm:knockoff",
    "tm:lightscreen",
    "tm:metalclaw",
    "tm:metalsound",
    "tm:metronome",
    "tm:playrough",
    "tm:pounce",
    "tm:protect",
    "tm:reflect",
    "tm:rest",
    "tm:rockslide",
    "tm:rocktomb",
    "tm:skillswap",
    "tm:skittersmack",
    "tm:sleeptalk",
    "tm:smackdown",
    "tm:stealthrock",
    "tm:steelbeam",
    "tm:stoneedge",
    "tm:substitute",
    "tm:swordsdance",
    "tm:terablast",
    "tm:thief",
    "tm:thunderwave"
  ],
  "labels": [
    "gen9"
  ],
  "aspects": [],
  "height": 7,
  "weight": 1128,
  "preEvolution": "tinkatuff",
  "evolutions": [
{
      "id": "cafe_tinkaton_tinkaton",
      "variant": "item_interact",
      "result": "tinkaton",
      "consumeHeldItem": false,
      "learnableMoves": [],
      "requirements": [],
      "requiredContext": "minecraft:shears"
    }
],
  "baseScale": 1.2,
  "hitbox": {
    "width": 0.85,
    "height": 0.95,
    "fixed": false
  },
  "cannotDynamax": false,
  "pokedex": [
    "cobblemon.species.tinkaton.desc"
  ]
}
