{
  "implemented": true,
  "nationalPokedexNumber": 655,
  "name": "Delphox",
  "primaryType": "fire",
  "secondaryType": "psychic",
  "maleRatio": 0.875,
  "height": 15,
  "weight": 390,
  "pokedex": [
    "cobblemon.species.delphox.desc"
  ],
  "labels": [
    "gen6"
  ],
  "aspects": [],
  "abilities": [
    "blaze",
    "h:magician"
  ],
  "eggGroups": [
    "field"
  ],
  "baseStats": {
    "hp": 75,
    "attack": 69,
    "defence": 72,
    "special_attack": 114,
    "special_defence": 100,
    "speed": 104
  },
  "evYield": {
    "hp": 0,
    "attack": 0,
    "defence": 0,
    "special_attack": 3,
    "special_defence": 0,
    "speed": 0
  },
  "baseExperienceYield": 267,
  "experienceGroup": "medium_slow",
  "catchRate": 45,
  "eggCycles": 20,
  "baseFriendship": 50,
  "baseScale": 0.7,
  "hitbox": {
    "width": 1.15,
    "height": 3.35,
    "fixed": false
  },
  "behaviour": {
    "moving": {
      "walk": {
        "walkSpeed": 0.4
      }
    }
  },
  "drops": {
    "amount": 5,
    "entries": [
      {
        "item": "minecraft:stick"
      },
      {
        "item": "minecraft:blaze_powder",
        "quantityRange": "0-3"
      },
      {
        "item": "cobblemon:charcoal_stick",
        "percentage": 25.0
      }
    ]
  },
  "moves": [
    "1:futuresight",
    "1:roleplay",
    "1:switcheroo",
    "1:shadowball",
    "1:scratch",
    "1:tailwhip",
    "1:ember",
    "1:howl",
    "1:luckychant",
    "1:mysticalfire",
    "14:flamecharge",
    "18:psybeam",
    "22:firespin",
    "28:lightscreen",
    "38:psyshock",
    "45:flamethrower",
    "51:willowisp",
    "57:psychic",
    "62:sunnyday",
    "68:magicroom",
    "74:fireblast",
    "egg:copycat",
    "egg:heatwave",
    "egg:hypnosis",
    "egg:magicroom",
    "egg:wish",
    "tm:agility",
    "tm:allyswitch",
    "tm:blastburn",
    "tm:burningjealousy",
    "tm:calmmind",
    "tm:charm",
    "tm:confuseray",
    "tm:covet",
    "tm:cut",
    "tm:dazzlinggleam",
    "tm:dreameater",
    "tm:echoedvoice",
    "tm:embargo",
    "tm:encore",
    "tm:endure",
    "tm:expandingforce",
    "tm:facade",
    "tm:fireblast",
    "tm:firepledge",
    "tm:firepunch",
    "tm:firespin",
    "tm:flamecharge",
    "tm:flamethrower",
    "tm:flareblitz",
    "tm:focusblast",
    "tm:foulplay",
    "tm:futuresight",
    "tm:gigaimpact",
    "tm:grassknot",
    "tm:heatwave",
    "tm:helpinghand",
    "tm:hex",
    "tm:hyperbeam",
    "tm:hypervoice",
    "tm:imprison",
    "tm:incinerate",
    "tm:irontail",
    "tm:laserfocus",
    "tm:lightscreen",
    "tm:lowkick",
    "tm:magiccoat",
    "tm:magicroom",
    "tm:metronome",
    "tm:mudshot",
    "tm:mudslap",
    "tm:mysticalfire",
    "tm:nastyplot",
    "tm:nightshade",
    "tm:overheat",
    "tm:poweruppunch",
    "tm:protect",
    "tm:psybeam",
    "tm:psychic",
    "tm:psychicnoise",
    "tm:psychicterrain",
    "tm:psychup",
    "tm:psyshock",
    "tm:raindance",
    "tm:recycle",
    "tm:reflect",
    "tm:rest",
    "tm:roleplay",
    "tm:safeguard",
    "tm:scorchingsands",
    "tm:shadowball",
    "tm:shockwave",
    "tm:signalbeam",
    "tm:skillswap",
    "tm:sleeptalk",
    "tm:snatch",
    "tm:solarbeam",
    "tm:storedpower",
    "tm:substitute",
    "tm:sunnyday",
    "tm:swift",
    "tm:takedown",
    "tm:telekinesis",
    "tm:terablast",
    "tm:thief",
    "tm:thunderpunch",
    "tm:trick",
    "tm:trickroom",
    "tm:willowisp",
    "tm:wonderroom",
    "tm:workup",
    "tm:zenheadbutt",
    "tutor:allyswitch",
    "tutor:blastburn",
    "tutor:burningjealousy",
    "tutor:calmmind",
    "tutor:covet",
    "tutor:dazzlinggleam",
    "tutor:expandingforce",
    "tutor:firepledge",
    "tutor:firepunch",
    "tutor:flamethrower",
    "tutor:foulplay",
    "tutor:gigaimpact",
    "tutor:heatwave",
    "tutor:helpinghand",
    "tutor:hyperbeam",
    "tutor:hypervoice",
    "tutor:irontail",
    "tutor:laserfocus",
    "tutor:lowkick",
    "tutor:magiccoat",
    "tutor:magicroom",
    "tutor:mudslap",
    "tutor:mysticalfire",
    "tutor:psychic",
    "tutor:recycle",
    "tutor:rest",
    "tutor:roleplay",
    "tutor:scorchingsands",
    "tutor:shadowball",
    "tutor:shockwave",
    "tutor:signalbeam",
    "tutor:skillswap",
    "tutor:sleeptalk",
    "tutor:snatch",
    "tutor:swift",
    "tutor:telekinesis",
    "tutor:thunderpunch",
    "tutor:trick",
    "tutor:wonderroom",
    "tutor:zenheadbutt"
  ],
  "preEvolution": "braixen",
  "evolutions": [ 
{
      "id": "cafe_delphox_delphox",
      "variant": "item_interact",
      "result": "delphox",
      "consumeHeldItem": false,
      "learnableMoves": [],
      "requirements": [],
      "requiredContext": "minecraft:shears"
    }
]
}