{
    "implemented": true,
    "nationalPokedexNumber": 113,
    "name": "Chansey",
    "primaryType": "normal",
    "maleRatio": 0,
    "height": 11,
    "weight": 346,
    "pokedex": [
        "cobblemon.species.chansey.desc"
    ],
    "labels": [
        "gen1"
    ],
    "aspects": [],
    "abilities": [
   "naturalcure",
    "serenegrace",
    "h:healer"
    ],
    "eggGroups": [
        "fairy"
    ],
    "baseStats": {
        "hp": 250,
        "attack": 5,
        "defence": 20,
        "special_attack": 35,
        "special_defence": 105,
        "speed": 50
    },
    "evYield": {
        "hp": 2,
        "attack": 0,
        "defence": 0,
        "special_attack": 0,
        "special_defence": 0,
        "speed": 0
    },
    "baseExperienceYield": 260,
    "experienceGroup": "fast",
    "catchRate": 30,
    "eggCycles": 40,
    "baseFriendship": 150,
    "baseScale": 1,
    "hitbox": {
        "width": 1.2,
        "height": 1.4,
        "fixed": false
    },
    "behaviour": {
        "resting": {
            "canSleep": true,
            "light": "0-4"
        },
        "moving": {
            "fly": {
                "canFly": false
            }
        }
    },
    "drops": {
        "amount": 5,
        "entries": [
            {
                "item": "cobblemon:lucky_egg",
                "quantityRange": "1-3"
            },
            {
                "item": "cobblemon:oval_stone",
                "percentage": 10
            },
            {
                "item": "minecraft:egg",
                "percentage": 10
            }
        ]
    },
    "moves": [
        "1:pound",
    "1:growl",
    "1:refresh",
    "1:doubleslap",
    "1:minimize",
    "1:defensecurl",
    "1:eggbomb",
    "1:covet",
    "1:sweetkiss",
    "1:disarmingvoice",
    "1:charm",
    "1:copycat",
    "4:tailwhip",
    "8:echoedvoice",
    "12:lifedew",
    "16:sing",
    "20:bestow",
    "24:takedown",
    "28:healpulse",
    "32:helpinghand",
    "36:lightscreen",
    "40:doubleedge",
    "44:softboiled",
    "48:lastresort",
    "52:healingwish",
    "egg:aromatherapy",
    "egg:counter",
    "egg:gravity",
    "egg:healbell",
    "egg:mudbomb",
    "egg:naturalgift",
    "egg:present",
    "egg:seismictoss",
    "tm:allyswitch",
    "tm:babydolleyes",
    "tm:blizzard",
    "tm:bodyslam",
    "tm:brickbreak",
    "tm:bulldoze",
    "tm:calmmind",
    "tm:charm",
    "tm:chillingwater",
    "tm:covet",
    "tm:dazzlinggleam",
    "tm:disarmingvoice",
    "tm:doubleedge",
    "tm:drainpunch",
    "tm:dreameater",
    "tm:earthquake",
    "tm:echoedvoice",
    "tm:electricterrain",
    "tm:endeavor",
    "tm:endure",
    "tm:facade",
    "tm:fireblast",
    "tm:firepunch",
    "tm:flamethrower",
    "tm:flash",
    "tm:fling",
    "tm:focusblast",
    "tm:gigaimpact",
    "tm:grassknot",
    "tm:gravity",
    "tm:hail",
    "tm:headbutt",
    "tm:healbell",
    "tm:helpinghand",
    "tm:hyperbeam",
    "tm:hypervoice",
    "tm:icebeam",
    "tm:icepunch",
    "tm:icywind",
    "tm:incinerate",
    "tm:irontail",
    "tm:laserfocus",
    "tm:lastresort",
    "tm:lightscreen",
    "tm:megakick",
    "tm:megapunch",
    "tm:metronome",
    "tm:naturalgift",
    "tm:poweruppunch",
    "tm:protect",
    "tm:psychic",
    "tm:raindance",
    "tm:recycle",
    "tm:rest",
    "tm:retaliate",
    "tm:rockclimb",
    "tm:rockslide",
    "tm:rocksmash",
    "tm:rocktomb",
    "tm:rollout",
    "tm:safeguard",
    "tm:sandstorm",
    "tm:shadowball",
    "tm:shockwave",
    "tm:skillswap",
    "tm:sleeptalk",
    "tm:snatch",
    "tm:snowscape",
    "tm:solarbeam",
    "tm:stealthrock",
    "tm:stompingtantrum",
    "tm:storedpower",
    "tm:strength",
    "tm:substitute",
    "tm:sunnyday",
    "tm:swift",
    "tm:takedown",
    "tm:telekinesis",
    "tm:terablast",
    "tm:thief",
    "tm:thunder",
    "tm:thunderbolt",
    "tm:thunderpunch",
    "tm:thunderwave",
    "tm:trailblaze",
    "tm:triattack",
    "tm:waterpulse",
    "tm:wildcharge",
    "tm:workup",
    "tm:zenheadbutt",
    "tutor:allyswitch",
    "tutor:babydolleyes",
    "tutor:bulldoze",
    "tutor:calmmind",
    "tutor:covet",
    "tutor:dazzlinggleam",
    "tutor:drainpunch",
    "tutor:endeavor",
    "tutor:firepunch",
    "tutor:flamethrower",
    "tutor:gigaimpact",
    "tutor:gravity",
    "tutor:healbell",
    "tutor:helpinghand",
    "tutor:hyperbeam",
    "tutor:hypervoice",
    "tutor:icebeam",
    "tutor:icepunch",
    "tutor:icywind",
    "tutor:irontail",
    "tutor:laserfocus",
    "tutor:lastresort",
    "tutor:psychic",
    "tutor:recycle",
    "tutor:rest",
    "tutor:rockslide",
    "tutor:rocksmash",
    "tutor:rollout",
    "tutor:shadowball",
    "tutor:shockwave",
    "tutor:skillswap",
    "tutor:sleeptalk",
    "tutor:snatch",
    "tutor:stealthrock",
    "tutor:stompingtantrum",
    "tutor:swift",
    "tutor:telekinesis",
    "tutor:thunderbolt",
    "tutor:thunderpunch",
    "tutor:waterpulse",
    "tutor:wildcharge",
    "tutor:zenheadbutt"
    ],
    "preEvolution": "happiny",
    "evolutions": [
             {
            "id": "cafe_chansey_chansey",
            "variant": "item_interact",
            "result": "chansey",
            "consumeHeldItem": false,
            "learnableMoves": [],
            "requirements": [],
            "requiredContext": "minecraft:shears"
        }
    ]
}