{
    "implemented": true,
    "name": "missingno",
    "nationalPokedexNumber": 1026,
    "primaryType": "normal",
    "secondaryType": "flying",
    "abilities": [
        "download",
        "pickup"
    ],
    "baseStats": {
        "hp": 33,
        "attack": 136,
        "defence": 1,
        "special_attack": 6,
        "special_defence": 23,
        "speed": 29
    },
    "behaviour": {
        "resting": {
            "canSleep": true,
            "depth": "normal",
            "light": "0-7"
        },
        "moving": {
            "canLook": false,
            "walk": {
                "canWalk": true,
                "avoidsLand": false
            },
            "swim": {
                "swimSpeed": 0.1,
                "canSwimInWater": true,
                "canBreatheUnderwater": false
            }
        }
    },
    "catchRate": 1,
    "maleRatio": -1,
    "shoulderMountable": false,
    
    "baseExperienceYield": 100,
    "experienceGroup": "slow",
    "eggCycles": 10000000,
    "eggGroups": [
        "undiscovered"
        
    ],
    
    "moves": [
        "1:watergun",
        "1:skyattack",
        "1:payday",
        "1:bind",
        "5:gust",
        "8:pound",
        "11:aircutter",
        "15:assist",
        "18:glare",
        "25:reflect",
        "30:scaryface",
        "35:wish",
        "38:thrash",
        "40:facade",
        "45:recover",
        "50:hyperbeam",
        "53:gigaimpact",
        "64:dragonascent",
        "tm:megapunch",
        "tm:razorwind",
        "tm:swordsdance",
        "tm:megakick",
        "tm:toxic",
        "tm:takedown",
        "tm:doubleedge",
        "tm:bubblebeam",
        "tm:icebeam",
        "tm:blizzard",
        "tm:submission",
        "tm:seismictoss",
        "tm:rage",
        "tm:thunder",
        "tm:earthquake",
        "tm:fissure",
        "tm:psychic",
        "tm:teleport",
        "tm:skyattack",
        "tm:rest",
        "tm:thunderwave",
        "tm:triattack",
        "tm:substitute",
        "tm:cut",
        "tm:fly"
    ],
    "labels": [
        "custom"
    ],
    "pokedex": [
        "cobblemon.species.missingno.desc"
    ],
    "evolutions": [
        {
        "id": "missingno_missingnoyellow",
        "variant": "level_up",
        "result": "missingnoyellow",
        "consumeHeldItem": false,
        "requirements": [
            {
              "variant": "level",
              "minLevel": 12
            }
          ],    
        "requiredContext": "cobblemon:thunder_stone"
      },
      {
        "id": "missingno_missingaerodactyl",
        "variant": "level_up",
        "result": "missingaerodactyl",
        "consumeHeldItem": false,
        "learnableMoves": [],
        "requirements": [
          {
            "variant": "damage_taken",
            "amount": 27
          }
        ]
      },
      {
        "id": "missingno_missingkabutops",
        "variant": "level_up",
        "result": "missingkabutops",
        "consumeHeldItem": false,
        "learnableMoves": [],
        "requirements": [
          {
            "variant": "friendship",
            "amount": 182
          }
        ]
      },
      {
        "id": "missingno_missingnoghost",
        "variant": "level_up",
        "result": "missingnoghost",
        "consumeHeldItem": false,
        "requirements": [
          {
            "variant": "party_member",
            "target": "lugia",
            "contains": true
          }
        ]
      }
    ],
    "baseScale": 1.0,
    "hitbox": {
        "width": 1.0,
        "height": 1.0,
        "fixed": false
    },
    "baseFriendship": 50,
    "evYield": {
        "hp": 1,
        "attack": 0,
        "defence": 0,
        "special_attack": 0,
        "special_defence": 0,
        "speed": 0
    },
    "height": 1,
    "weight": 1
}