{
  "implemented": true,
  "name": "palafinhero",
  "nationalPokedexNumber": 964,
  "primaryType": "water",
  "abilities": [
    "zerotohero"
  ],
  "baseStats": {
    "hp": 100,
    "attack": 135,
    "defence": 84,
    "special_attack": 80,
    "special_defence": 77,
    "speed": 100
  },
  "behaviour": {
    "resting": {
      "canSleep": true,
      "depth": "normal",
      "light": "0-4"
    },
    "moving": {
      "canLook": false,
      "walk": {
        "walkSpeed": 0.6,
        "canWalk": true,
        "avoidsLand": true
      },
      "swim": {
        "swimSpeed": 0.3,
        "canSwimInWater": true,
        "canBreatheUnderwater": true
      }
    }
  },
  "catchRate": 150,
  "maleRatio": 0.5,
  "shoulderMountable": false,
  "baseExperienceYield": 160,
  "experienceGroup": "slow",
  "eggCycles": 40,
  "eggGroups": [
    "water_2",
    "field"
  ],
  "moves": [
    "1:supersonic",
    "1:watergun",
    "7:astonish",
    "10:focusenergy",
    "13:aquajet",
    "17:doublehit",
    "21:dive",
    "25:charm",
    "29:acrobatics",
    "34:encore",
    "39:aquatail",
    "44:mist",
    "50:hydropump",
    "1:jetpunch",
    "55:focuspunch",
    "61:wavecrash"
  ],
  "labels": [
    "gen9",
    "water"
  ],
  "pokedex": [
    "cobblemon.species.palafinhero.desc1",
    "cobblemon.species.palafinhero.desc2"
  ],
  "preEvolution": "palafin",
  "evolutions": [
    {
      "id": "palafinhero_palafin",
      "variant": "level_up",
      "result": "palafin",
      "consumeHeldItem": false,
      "learnableMoves": [],
      "requirements": [
        {
          "variant": "level",
          "minLevel": 1
        }
      ]
    }
  ],
  "baseScale": 1.0,
  "hitbox": {
    "width": 0.5,
    "height": 1.6,
    "fixed": false
  },
  "baseFriendship": 50,
  "evYield": {
    "hp": 1,
    "attack": 0,
    "defence": 0,
    "special_attack": 0,
    "special_defence": 0,
    "speed": 0
  },
  "height": 1,
  "weight": 1
}