{
  "implemented": true,
  "name": "Zygardecell",
  "pokedex": [
   "cobblemon.species.zygardecell.desc"
  ],
  "nationalPokedexNumber": 718,
  "primaryType": "dragon",
  "secondaryType": "ground",
  "abilities": [
    "rattled"
  ],
  "baseStats": {
    "hp": 27,
    "attack": 50,
    "defence": 65,
    "special_attack": 30,
    "special_defence": 42,
    "speed": 27
  },
  "behaviour": {
    "moving": {
      "canLook": false,
      "walk": {
        "canWalk": true,
        "avoidsLand": false,
	"walkSpeed": 0.125
      },
      "swim": {
        "swimSpeed": 0.125,
        "canSwimInWater": true,
        "canBreatheUnderwater": false
      },
      "fly": {
        "canFly": false,
        "flySpeedHorizontal": 0.3
      },
      "wanderChance": 1
    }
  },
  "catchRate": 0,
  "maleRatio": -1,
  "shoulderMountable": false,
  "baseExperienceYield": 36,
  "experienceGroup": "slow",
  "eggCycles": 120,
  "eggGroups": [
    "undiscovered"
  ],
  "drops": {
    "amount": 1,
    "entries": [
      {
        "item": "myths_and_legends:zygarde_cell"
      }
    ]
  },
  "moves": [
    "1:bind",
    "1:haze"
  ],
  "labels": [
    "custom"
  ],
  "baseScale": 1,
  "hitbox": {
    "width": 1,
    "height": 1,
    "fixed": false
  },
  "baseFriendship": 50,
  "evYield": {
    "hp": 0,
    "attack": 0,
    "defence": 1,
    "special_attack": 0,
    "special_defence": 0,
    "speed": 0
  },
  "height": 0.001,
  "weight": 30,
  "evolutions": []
}