{"format_version":"1.8.0","animations":{"animation.cinccino.ground_idle":{"loop":true,"bones":{"head":{"rotation":["0+math.sin(q.anim_time*90*3-60)*2",0,0]},"arm_left":{"rotation":[0,"0- math.cos(query.anim_time * 90 * 3 - 90) * 12",37.5]},"arm_left2":{"rotation":[0,"math.clamp(math.sin(((query.anim_time) + (0.75/2)) * 90 * 2) * 4, 0, 4)",0]},"arm_right":{"rotation":[0,"0+math.cos(query.anim_time * 90 * 3 - 90) * 12",-37.5],"position":[0,0,0]},"arm_right2":{"rotation":[0,"0 - math.clamp(math.sin(((query.anim_time) - (0.75/2)) * 90 * 2) * 4, 0, 4)",0]},"torso2":{"rotation":[1,"0 - math.sin(((query.anim_time) - (0.5/2)) * 90 * 2) * 3",0]},"leg_left":{"rotation":["0 -math.sin((query.anim_time) * 90 * 2) * 0",0,"0 - 0 + (math.clamp((math.sin(((query.anim_time - (1.75 / 2))) * 180 * 2) * 1) - math.clamp((math.sin(((query.anim_time - (1.75 / 2))) * 90 * 2) * 2), 0, 1), 0, 1)) * 0"],"position":[0,"math.clamp(math.sin(((query.anim_time) + (1/2)) * 90 * 2) * 0, 0, 0)",0]},"leg_left2":{"rotation":["0 - math.clamp(math.sin(((query.anim_time) - (0.75/2)) * 90 * 2) * 0, -0, 0)",0,0]},"leg_right":{"rotation":["math.sin((query.anim_time) * 90 * 2) * 0",0,"0 - (math.clamp((math.sin(((query.anim_time + (0.25 / 2))) * 180 * 2) * 1) - math.clamp((math.sin(((query.anim_time + (0.25 / 2))) * 90 * 2) * 2), 0, 1), 0, 1)) * 0"],"position":[0,"math.clamp(math.sin(((query.anim_time) - (1/2)) * 90 * 2) * 0, 0, 0)",0]},"leg_right2":{"rotation":["math.clamp(math.sin(((query.anim_time) - (0.75/2)) * 90 * 2) * 0, 0, 0)",0,0]},"foot_left":{"rotation":["0 - math.clamp(math.sin(((query.anim_time) - (0.75/2)) * 90 * 2) * 0, -0, 0)",0,0]},"foot_right":{"rotation":["math.clamp(math.sin(((query.anim_time) - (0.75/2)) * 90 * 2) * 0, 0, 0)",0,0]},"hand_right":{"rotation":[0,0,0]},"hand_left":{"rotation":[0,0,0]},"tail":{"rotation":[0,"4*(math.sin(q.anim_time*90*3)*1)+0*(math.sin(q.anim_time*90*0/2)*1)",0]},"tail2":{"rotation":[0,"6*(math.sin(q.anim_time*90*3-90)*1)+0*(math.sin(q.anim_time*90*0/2-90)*1)",0]},"tail3":{"rotation":[0,"6*(math.sin(q.anim_time*90*3-90)*1)+0*(math.sin(q.anim_time*90*0/2-90)*1)",0]},"leftforearm":{"rotation":[0,70,0]},"rightforearm":{"rotation":[0,-70,0]},"body2":{"rotation":["01+math.sin(q.anim_time*90*3)*1",0,0],"position":[0,"0+math.sin(q.anim_time*90*3*2)*0.1",0]},"hair_1_r2":{"rotation":[0,0,"0+Math.cos((query.anim_time) * 90 * 3 - 160) * 2"]},"hair_3_r2":{"rotation":[0,0,"0+Math.cos((query.anim_time) * 90 * 3 - 130) * 5"]},"hair_4_r2":{"rotation":[0,0,"0+Math.cos((query.anim_time) * 90 * 2 - 110) * 6"]},"hair_1_r":{"rotation":[0,0,"0+Math.cos((query.anim_time) * 90 * 3 - 160) * -2"]},"hair_3_r":{"rotation":[0,0,"0+Math.cos((query.anim_time) * 90 * 3 - 130) * -5"]},"hair_4_r":{"rotation":[0,0,"0+Math.cos((query.anim_time) * 90 * 2 - 110) * -6"]},"ear_right":{"rotation":["0-math.sin(q.anim_time*90*3*1)*3",0,0]},"ear_left":{"rotation":["0-math.sin(q.anim_time*90*3*1)*3",0,0]},"bone3":{"rotation":[0,-20,"7.5+Math.cos((query.anim_time) * 90 * 2 - 160) * -2"],"position":[0,0.2,0]},"bone4":{"rotation":[0,0,"7.50+Math.cos((query.anim_time) * 90 * 2 - 145) * -3"]},"tail1":{"rotation":["0+math.sin(q.anim_time*90*3-60)*4",0,0]}}},"animation.cinccino.ground_walk":{"loop":true,"bones":{"head":{"rotation":["-2.5-math.cos(q.anim_time*90*4-30)*2","-math.sin(q.anim_time*90*4-30)*1","math.cos(q.anim_time*90*4-30)*3"]},"arm_left":{"rotation":[0,"0-5*math.sin(q.anim_time*90*3.5)*5",34.25]},"arm_left2":{"rotation":[0,"math.clamp(math.sin(((query.anim_time) + (0.75/3)) * 90 * 3) * 6, 0, 6)",0]},"arm_right":{"rotation":[0,"0-5*math.sin(q.anim_time*90*3.5)*5",-34.25]},"arm_right2":{"rotation":[0,"0 - math.clamp(math.sin(((query.anim_time) - (0.75/3)) * 90 * 3) * 6, 0, 6)",0]},"torso2":{"rotation":[3,"0 - math.sin(((query.anim_time) - (0.5/3)) * 90 * 3) * 3",0]},"leg_left":{"rotation":["-math.sin(q.anim_time*90*4+180)*3",-7.5,0],"position":[0,"0+math.clamp(math.cos(q.anim_time*90*4+180)*1,0,1)","0-math.sin(q.anim_time*90*4+180)*1"]},"leg_left2":{"rotation":["0 - math.clamp(math.sin(((query.anim_time) - (0.75/3)) * 90 * 3) * 0, -0, 0)",0,0]},"leg_right":{"rotation":["math.sin(q.anim_time*90*4+180)*3",7.5,0],"position":[0,"0+math.clamp(math.cos(q.anim_time*90*4)*1,0,1)","0-math.sin(q.anim_time*90*4)*1"]},"leg_right2":{"rotation":["math.clamp(math.sin(((query.anim_time) - (0.75/3)) * 90 * 3) * 0, 0, 0)",0,0]},"foot_left":{"rotation":["0 - math.clamp(math.sin(((query.anim_time) - (0.75/3)) * 90 * 3) * 8, -8, 0)",0,0]},"foot_right":{"rotation":["math.clamp(math.sin(((query.anim_time) - (0.75/3)) * 90 * 3) * 8, 0, 8)",0,0]},"hand_right":{"rotation":[0,-70,0]},"hand_left":{"rotation":[0,70,0]},"tail":{"rotation":[0,"4*(math.sin(q.anim_time*90*3)*1)+0*(math.sin(q.anim_time*90*0/2)*1)",0]},"tail2":{"rotation":[0,"math.cos(q.anim_time*90*8-30)*8",0]},"tail3":{"rotation":[0,"6*(math.sin(q.anim_time*90*3-90)*1)+0*(math.sin(q.anim_time*90*0/2-90)*1)",0]},"leftforearm":{"rotation":[0,70,0]},"rightforearm":{"rotation":[0,-70,0]},"body2":{"rotation":["5-math.cos(q.anim_time*90*4*2)*2","0-math.sin(q.anim_time*90*4)*3","0+math.cos(q.anim_time*90*4)*3"],"position":[0,"0.175+math.sin(q.anim_time*90*4*2)*0.2",0]},"hair_1_r2":{"rotation":[0,0,"0+Math.cos((query.anim_time) * 90 * 4 - 160) * 2"]},"hair_1_r":{"rotation":[0,0,"0+Math.cos((query.anim_time) * 90 * 4 - 160) * -2"]},"ear_right":{"rotation":[0,0,"math.cos(q.anim_time*90*4-30)*3"]},"ear_left":{"rotation":[0,0,"math.cos(q.anim_time*90*4-30)*3"]},"tail1":{"rotation":["-12.5+12*(math.sin(q.anim_time*90*4*2-240)*1+1)","0+10*(math.sin(q.anim_time*90*2*2-140))",0]},"bone3":{"rotation":[0,"-35+Math.cos((query.anim_time) * 90 * 3 - 110) * -6","Math.cos((query.anim_time) * 90 * 2 - 110) * -1"],"position":[0,0.175,-0.05]},"bone4":{"rotation":[0,"0+Math.cos((query.anim_time) * 90 * 3 - 110) * -3","0+Math.cos((query.anim_time) * 90 * 2 - 110) * -3"]}}},"animation.cinccino.blink":{"animation_length":0.16667,"bones":{"eyelid_right":{"position":{"0.0":[0,0,-0.1],"0.125":[0,0,-0.1],"0.1667":[0,0,0]}},"eyelid_left":{"position":{"0.0":[0,0,-0.1],"0.125":[0,0,-0.1],"0.1667":[0,0,0]}}}},"education":{"loop":true,"bones":{"pichu":{"position":[0,4,0]},"head":{"rotation":[5,0,0]},"arm_right":{"rotation":[90,-70,-90]},"arm_left":{"rotation":[90,70,90]},"leg_right":{"rotation":[-55,0,0],"position":[0,0,-2]},"leg_left":{"rotation":[-55,0,0],"position":[0,0,-2]}}},"render":{"loop":true,"bones":{"pichu":{"rotation":[0,12.5,0]},"torso":{"rotation":[0,2.5,0]},"head":{"rotation":[0,-12.5,0]},"eyelid_left":{"position":[0,0,-0.1]},"arm_right":{"rotation":[0,0,-37.5]},"arm_left":{"rotation":[0,0,40]},"tail1":{"rotation":[0,35,0]},"tail2":{"rotation":[0,0,0]},"leg_right":{"rotation":[0,17.5,0]},"leg_left":{"rotation":[0,-7.5,0]},"openmouth":{"position":[0,0,-0.1]}}}}}