{"format_version":"1.8.0","animations":{"animation.spheal.ground_walk":{"loop":true,"animation_length":1,"bones":{"body":{"rotation":{"0.0":{"post":[0,0,0],"lerp_mode":"catmullrom"},"1.0":{"post":[360,0,0],"lerp_mode":"catmullrom"}},"position":{"0.0":{"post":[0,0,0],"lerp_mode":"catmullrom"},"0.25":{"post":[0,3,2],"lerp_mode":"catmullrom"},"0.5":{"post":[0,7,0],"lerp_mode":"catmullrom"},"0.75":{"post":[0,3,-2],"lerp_mode":"catmullrom"},"1.0":{"post":[0,0,0],"lerp_mode":"catmullrom"}}},"tail":{"rotation":[-70,0,0]},"bone":{"rotation":[-85,0,0]},"seg3":{"rotation":[5,0,0]},"bone3":{"rotation":[-100,0,0]},"bone2":{"rotation":[-85,0,0]},"AltFace":{"position":[0,0,0]}}},"animation.spheal.ground_idle":{"loop":true,"animation_length":2,"bones":{"body":{"rotation":{"0.0":{"post":[0,0,-1],"lerp_mode":"catmullrom"},"0.5":{"post":[1,0,0],"lerp_mode":"catmullrom"},"1.0":{"post":[0,0,1],"lerp_mode":"catmullrom"},"1.5":{"post":[1,0,0],"lerp_mode":"catmullrom"},"2.0":{"post":[0,0,-1],"lerp_mode":"catmullrom"}}},"AltFace":{"position":[0,0,0]},"rightArm":{"rotation":{"0.0":{"post":[0,0,0],"lerp_mode":"catmullrom"},"0.5":{"post":[-5,0,0],"lerp_mode":"catmullrom"},"1.0":{"post":[0,0,0],"lerp_mode":"catmullrom"},"1.5":{"post":[-5,0,0],"lerp_mode":"catmullrom"},"2.0":{"post":[0,0,0],"lerp_mode":"catmullrom"}}},"leftArm":{"rotation":{"0.0":{"post":[0,0,0],"lerp_mode":"catmullrom"},"0.5":{"post":[-5,0,0],"lerp_mode":"catmullrom"},"1.0":{"post":[0,0,0],"lerp_mode":"catmullrom"},"1.5":{"post":[-5,0,0],"lerp_mode":"catmullrom"},"2.0":{"post":[0,0,0],"lerp_mode":"catmullrom"}}}}},"animation.spheal.faint":{"loop":"hold_on_last_frame","animation_length":0.5417,"bones":{"body":{"rotation":{"0.0":{"post":[10,0,0],"lerp_mode":"catmullrom"},"0.4167":{"post":[-5,0,0],"lerp_mode":"catmullrom"},"0.5417":[0,0,0]},"position":{"0.0":{"post":[0,0,0],"lerp_mode":"catmullrom"},"0.25":{"post":[0,1,0.4],"lerp_mode":"catmullrom"},"0.5":{"post":[0,0,1],"lerp_mode":"catmullrom"},"0.5417":[0,0,1]}},"AltFace":{"position":[0,0,-1]},"rightArm":{"rotation":{"0.0":{"post":[0,0,0],"lerp_mode":"catmullrom"},"0.2083":{"post":[0,-15,0],"lerp_mode":"catmullrom"},"0.375":{"post":[-25,-5,0],"lerp_mode":"catmullrom"},"0.5417":[0,10,0]}},"leftArm":{"rotation":{"0.0":{"post":[0,0,0],"lerp_mode":"catmullrom"},"0.2083":{"post":[0,15,0],"lerp_mode":"catmullrom"},"0.375":{"post":[-25,5,0],"lerp_mode":"catmullrom"},"0.5417":[0,-10,0]}}}}}}