{"format_version":"1.8.0","animations":{"animation.excadrill.ground_idle":{"loop":true,"bones":{"body":{"rotation":[2.5,0,0],"position":[0,"0.1*(math.sin(q.anim_time*90*4-90)*1+1)",0]},"right_arm":{"rotation":[0,0,"15-5*(math.sin(q.anim_time*90*1-90)*1+1)"]},"left_leg":{"rotation":["-2*(math.sin(q.anim_time*90*4-90)*1+1)",0,0]},"left_feet":{"rotation":["2*(math.sin(q.anim_time*90*4-90)*1+1)",0,0]},"right_leg":{"rotation":["-2*(math.sin(q.anim_time*90*4-90)*1+1)",0,0]},"right_feet":{"rotation":["2*(math.sin(q.anim_time*90*4-90)*1+1)",0,0]},"right_hand":{"rotation":["-5*(math.sin(q.anim_time*90*1-90)*1+1)","-5*(math.sin(q.anim_time*90*1-90)*1+1)",0]},"left_arm":{"rotation":[0,0,"-15+5*(math.sin(q.anim_time*90*1-90)*1+1)"]},"left_hand":{"rotation":["-5*(math.sin(q.anim_time*90*1-90)*1+1)","5*(math.sin(q.anim_time*90*1-90)*1+1)",0]}}},"animation.excadrill.ground_walk":{"loop":true,"animation_length":1,"bones":{"left_elbow":{"rotation":{"0.0":[0,0,-45],"0.6667":[0,-45,-45],"0.8333":[0,-15,-45],"1.0":[0,0,-45]}},"right_foot":{"rotation":{"0.0":[60,0,0],"0.1667":[135,0,0],"0.5":[60,0,0],"1.0":[60,0,0]}},"left_foot":{"rotation":{"0.0":[60,0,0],"0.1667":[135,0,0],"0.5":[60,0,0],"1.0":[60,0,0]}},"right_elbow":{"rotation":{"0.0":[0,0,45],"0.6667":[0,45,45],"0.8333":[0,15,45],"1.0":[0,0,45]}},"body":{"rotation":{"0.0":[90,0,0],"0.1667":[115.83,0,0],"0.3333":[135,0,0],"0.375":[135,0,0],"0.5":[36.67,0,0],"0.6667":[36.67,0,0],"0.8333":[60,0,0],"1.0":[90,0,0]},"position":{"0.0":[0,6,0],"0.1667":[0,4,0],"0.25":[0,2,0],"0.3333":[0,-6,0],"0.375":[0,-12,0],"0.5":[0,-32,0],"0.6667":[0,-12,0],"0.8333":[0,2,0],"1.0":[0,6,0]}},"right_arm":{"rotation":{"0.0":[-25,0,137.5],"0.1667":[-7.58385,-1.29876,144.88733],"1.0":[-25,0,137.5]}},"head":{"rotation":[-87.5,0,0]},"left_leg":{"rotation":{"0.0":[-42.5,0,0],"0.25":[32.5,0,0],"0.5833":[-42.5,0,0]}},"right_leg":{"rotation":{"0.0":[-42.5,0,0],"0.25":[32.5,0,0],"0.5833":[-42.5,0,0]}},"right_hand":{"rotation":[0,0,37.5]},"left_arm":{"rotation":{"0.0":[-25,0,-137.5],"0.1667":[-7.58385,1.29876,-144.88733],"1.0":[-25,0,-137.5]}},"left_hand":{"rotation":[0,0,-37.5]}}}}}