{"format_version":"1.8.0","animations":{"animation.mantyke.water_idle":{"loop":true,"animation_length":2,"bones":{"Body":{"rotation":["math.cos(q.anim_time*90*2)*2",0,0],"position":[0,"1/4+math.sin(q.anim_time*90*2)/4",0]},"LeftFin":{"rotation":[0,0,"math.cos(q.anim_time*90*2)*15"]},"LeftFin2":{"rotation":[0,0,"math.sin(q.anim_time*90*2)*15"]},"RightFin":{"rotation":[0,0,"-math.cos(q.anim_time*90*2)*15"]},"RightFin2":{"rotation":[0,0,"-math.sin(q.anim_time*90*2)*15"]},"AntennaLeft":{"rotation":["math.sin(q.anim_time*90*2)*2*2",0,0]},"AntennaLeft2":{"rotation":["-math.cos(q.anim_time*90*2)*2*4",0,0]},"AntennaRight":{"rotation":["math.sin(q.anim_time*90*2)*2*2",0,0]},"AntennaRight2":{"rotation":["-math.cos(q.anim_time*90*2)*2*4",0,0]}}},"animation.mantyke.water_swim":{"loop":true,"animation_length":1,"bones":{"Body":{"rotation":["math.cos(q.anim_time*90*4-90)*3",0,0],"position":[0,"1+math.cos(q.anim_time*90*4)",0]},"LeftFin":{"rotation":[0,0,"-math.sin(q.anim_time*90*4)*20"]},"LeftFin2":{"rotation":[0,0,"-math.sin(q.anim_time*90*4-90)*20"]},"RightFin":{"rotation":[0,0,"math.sin(q.anim_time*90*4)*20"]},"RightFin2":{"rotation":[0,0,"math.sin(q.anim_time*90*4-90)*20"]},"AntennaLeft":{"rotation":["math.sin(q.anim_time*90*4-90)*3*2",0,0]},"AntennaLeft2":{"rotation":["math.sin(q.anim_time*90*4-180)*3*4",0,0]},"AntennaRight":{"rotation":["math.sin(q.anim_time*90*4-90)*3*2",0,0]},"AntennaRight2":{"rotation":["math.sin(q.anim_time*90*4-180)*3*4",0,0]}}},"animation.mantyke.cry":{"animation_length":1,"bones":{"Body":{"rotation":{"0.0":{"post":[0,0,0],"lerp_mode":"catmullrom"},"0.0417":{"post":[5,0,0],"lerp_mode":"catmullrom"},"0.25":{"post":[5,0,0],"lerp_mode":"catmullrom"},"0.375":{"post":[-5,0,0],"lerp_mode":"catmullrom"},"1.0":{"post":[0,0,0],"lerp_mode":"catmullrom"}},"position":{"0.0":{"post":[0,0,0],"lerp_mode":"catmullrom"},"0.125":{"post":[0,0.25,-0.5],"lerp_mode":"catmullrom"},"0.25":{"post":[0,1,-1],"lerp_mode":"catmullrom"},"0.5":{"post":[0,1,-1],"lerp_mode":"catmullrom"},"0.75":{"post":[0,0.25,-0.5],"lerp_mode":"catmullrom"},"1.0":{"post":[0,0,0],"lerp_mode":"catmullrom"}}},"Mouth":{"position":{"0.0":[0,0,0],"0.0833":{"pre":[0,0,0],"post":[0,0,0.1]},"0.5":{"pre":[0,0,0.1],"post":[0,0,0.1]},"0.625":{"pre":[0,0,0.1],"post":[0,0,0]}}},"Mouth_open":{"position":{"0.0":[0,0,0],"0.0833":{"pre":[0,0,0],"post":[0,0,-0.2]},"0.5":{"pre":[0,0,-0.2],"post":[0,0,-0.2]},"0.625":{"pre":[0,0,-0.2],"post":[0,0,0]}}},"AntennaLeft":{"rotation":{"0.0":{"post":[0,0,0],"lerp_mode":"catmullrom"},"0.25":{"post":[10,0,0],"lerp_mode":"catmullrom"},"0.375":{"post":[10,0,0],"lerp_mode":"catmullrom"},"0.5":{"post":[-10,0,0],"lerp_mode":"catmullrom"},"1.0":{"post":[0,0,0],"lerp_mode":"catmullrom"}}},"AntennaRight":{"rotation":{"0.0":{"post":[0,0,0],"lerp_mode":"catmullrom"},"0.25":{"post":[10,0,0],"lerp_mode":"catmullrom"},"0.375":{"post":[10,0,0],"lerp_mode":"catmullrom"},"0.5":{"post":[-10,0,0],"lerp_mode":"catmullrom"},"1.0":{"post":[0,0,0],"lerp_mode":"catmullrom"}}}},"sound_effects":{"0.0":{"effect":"pokemon.mantyke.cry"}}}}}