{
	"format_version": "1.8.0",
	"animations": {
		"animation.flabebe.ground_idle": {
			"loop": true,
			"bones": {
				"body": {
					"rotation": [-14.55981, -10.63787, -2.45702],
					"position": [-1, -9, 1]
				},
				"arm_left": {
					"rotation": [25, 25, 0],
					"position": [0, 0, -0.5]
				},
				"neck": {
					"rotation": [7.5, 0, -7.5]
				},
				"head": {
					"rotation": [0, 10, 0]
				},
				"ear_left": {
					"rotation": [0, 0, 5]
				},
				"ear_right": {
					"rotation": [0, 0, -5]
				},
				"tail": {
					"rotation": [10, 0, -30]
				},
				"tail2": {
					"rotation": [7.24721, 1.93597, -14.87739]
				},
				"flower": {
					"rotation": [7.5, 0, 0],
					"position": [0, 1, 0]
				},
				"main_stem": {
					"rotation": [0, 0, -7.5]
				},
				"main_stem2": {
					"rotation": [0, 0, 10]
				},
				"main_stem3": {
					"rotation": [0, 0, 12.5]
				},
				"stem_back": {
					"rotation": [-37.5, 0, 0]
				},
				"stem_back2": {
					"rotation": [-50, 0, 0]
				},
				"stem_back3": {
					"rotation": [-45, 0, 0]
				},
				"stem_left": {
					"rotation": [37.5, -32.5, 0]
				},
				"stem_left2": {
					"rotation": [50, 0, 0]
				},
				"stem_left3": {
					"rotation": [35, 0, 0]
				},
				"stem_right": {
					"rotation": [37.5, 32.5, 0]
				},
				"stem_right2": {
					"rotation": [50, 0, 0]
				},
				"stem_right3": {
					"rotation": [35, 0, 0]
				},
				"root": {
					"rotation": [0, 0, -7.5]
				},
				"root2": {
					"rotation": [10, 0, -12.5]
				},
				"arm_left2": {
					"rotation": [0, 62.5, 0]
				},
				"arm_right": {
					"rotation": [49.04618, -49.85118, -56.44059],
					"position": [0, 0, -1]
				},
				"arm_right2": {
					"rotation": [0, -62.5, 0]
				}
			}
		},
		"animation.flabebe.blink": {
			"animation_length": 0.16667,
			"bones": {
				"eyelid_left": {
					"position": {
						"0.0": [0, 0, -0.1],
						"0.125": [0, 0, -0.1],
						"0.1667": [0, 0, 0]
					}
				},
				"eyelid_right": {
					"position": {
						"0.0": [0, 0, -0.1],
						"0.125": [0, 0, -0.1],
						"0.1667": [0, 0, 0]
					}
				}
			}
		}
	}
}