{
    "enabled": true,
    "neededInstalledMods": [],
    "neededUninstalledMods": [],
    "spawns": [
        {
            "id": "audino-1",
            "pokemon": "audino",
            "presets": [
                "natural",
                "village"
            ],
            "type": "pokemon",
            "context": "grounded",
            "bucket": "uncommon",
            "level": "20-30",
            "weight": 1,
            "condition": {
                "biomes": [
                    "#cobblemon:is_overworld"
                ]
            }
        }
    ]
}