{
    "enabled": true,
    "neededInstalledMods": [],
    "neededUninstalledMods": [],
    "spawns": [
        {
            "id": "azumarill-1",
            "pokemon": "azumarill",
            "presets": [
                "underwater"
                ],
            "type": "pokemon",
            "context": "submerged",
            "bucket": "rare",
            "level": "20-35",
            "weight": 2.5,
            "condition": {
                "canSeeSky": true,
                "biomes": [
                    "#minecraft:is_river"
                ]
            }
        },
        {
            "id": "azumarill-1",
            "pokemon": "azumarill",
            "type": "pokemon",
            "context": "submerged",
            "bucket": "rare",
            "level": "30-40",
            "weight": 3.0,
            "condition": {
                "canSeeSky": true,
                "biomes": [
                    "minecraft:warm_ocean",
                    "minecraft:lukewarm_ocean",
                    "minecraft:deep_lukewarm_ocean"
                ]
            }
        }
    ]
}