{
    "enabled": true,
    "neededInstalledMods": [],
    "neededUninstalledMods": [],
    "spawns": [
        {
            "id": "bombirdier-1",
            "pokemon": "bombirdier",
            "presets": [
                "wild",
                "natural"
            ],
            "type": "pokemon",
            "context": "grounded",
            "bucket": "uncommon",
            "level": "20-35",
            "weight": 2,
            "condition": {
                "timeRange": "night",
                "biomes": [
                    "#cobblemon:is_freshwater"
                ]
            }
        }
    ]
}