{
    "enabled": true,
    "neededInstalledMods": [],
    "neededUninstalledMods": [],
    "spawns": [
        {
            "id": "brambleghast-1",
            "pokemon": "brambleghast",
            "presets": [
                "wild",
                "natural"
            ],
            "type": "pokemon",
            "context": "grounded",
            "bucket": "uncommon",
            "level": "20-40",
            "weight": 1,
            "condition": {
                "timeRange": "night",
                "biomes": [
                    "#cobblemon:is_desert"
                ]
            }
        }
    ]
}