{
    "enabled": true,
    "neededInstalledMods": [],
    "neededUninstalledMods": [],
    "spawns": [
        {
            "id": "braviary-1",
            "pokemon": "braviary hisuian",
            "presets": [
                "wild",
                "natural"
            ],
            "type": "pokemon",
            "context": "grounded",
            "bucket": "uncommon",
            "level": "40-50",
            "weight": 2,
            "condition": {
                "biomes": [
                    "#minecraft:grove",
                    "minecraft:grove"
                ]
            }
        }
    ]
}