{
    "enabled": true,
    "neededInstalledMods": [],
    "neededUninstalledMods": [],
    "spawns": [
        {
            "id": "bronzong-1",
            "pokemon": "bronzong",
            "presets": [
                "ruins"
            ],
            "type": "pokemon",
            "context": "grounded",
            "bucket": "rare",
            "level": "40-50",
            "weight": 1,
            "condition": {
                "structures": [
                    "#cobblemon:ruin"
                ],
                "minY": 48,
                "biomes": [
                    "#cobblemon:is_overworld"
                ]
            }
        }
    ]
}