{
    "enabled": true,
    "neededInstalledMods": [],
    "neededUninstalledMods": [],
    "spawns": [
        {
            "id": "bronzor-1",
            "pokemon": "bronzor",
            "presets": [
                "ruins"
            ],
            "type": "pokemon",
            "context": "grounded",
            "bucket": "rare",
            "level": "20-40",
            "weight": 10,
            "condition": {
                "structures": [
                    "#cobblemon:ruin"
                ],
                "minY": 48,
                "biomes": [
                    "#cobblemon:is_overworld"
                ]
            }
        }
    ]
}