{
    "enabled": true,
    "neededInstalledMods": [],
    "neededUninstalledMods": [],
    "spawns": [
        {
            "id": "bruxish-1",
            "pokemon": "bruxish",
            "presets": [
                "underwater"
            ],
            "type": "pokemon",
            "context": "submerged",
            "bucket": "uncommon",
            "level": "20-30",
            "weight": 5,
            "condition": {
                "biomes": [
                    "#cobblemon:is_warm_ocean"
                ]
            }
        }
    ]
}