{
    "enabled": true,
    "neededInstalledMods": [],
    "neededUninstalledMods": [],
    "spawns": [
        {
            "id": "carkol-1",
            "pokemon": "carkol",
            "presets": [
                "wild"
            ],
            "type": "pokemon",
            "context": "surface",
            "bucket": "uncommon",
            "level": "20-40",
            "weight": 2,
            "condition": {
                "fluid": "#minecraft:lava",
                "maxY": "0",
                "biomes": [
                    "#cobblemon:is_overworld"
                ]
            }
        }
    ]
}