{
    "enabled": true,
    "neededInstalledMods": [],
    "neededUninstalledMods": [],
    "spawns": [
        {
            "id": "clauncher-1",
            "pokemon": "clauncher",
            "presets": [
                "wild",
                "natural"
            ],
            "type": "pokemon",
            "context": "grounded",
            "bucket": "rare",
            "level": "5-20",
            "weight": 10,
            "condition": {
                "biomes": [
                    "#cobblemon:is_beach"
                ]
            }
        }
    ]
}