{
    "enabled": true,
    "neededInstalledMods": [],
    "neededUninstalledMods": [],
    "spawns": [
        {
            "id": "clobbopus-1",
            "pokemon": "clobbopus",
            "presets": [
                "underwater"
            ],
            "type": "pokemon",
            "context": "submerged",
            "bucket": "common",
            "level": "10-30",
            "weight": 6,
            "condition": {
                "biomes": [
                    "#cobblemon:is_ocean"
                ]
            }
        }
    ]
}