{
    "enabled": true,
    "neededInstalledMods": [],
    "neededUninstalledMods": [],
    "spawns": [
        {
            "id": "coalossal-1",
            "pokemon": "coalossal",
            "presets": [
                "wild"
            ],
            "type": "pokemon",
            "context": "surface",
            "bucket": "uncommon",
            "level": "40-60",
            "weight": 0.5,
            "condition": {
                "fluid": "#minecraft:lava",
                "maxY": "0",
                "biomes": [
                    "#cobblemon:is_overworld"
                ]
            }
        }
    ]
}