{
    "enabled": true,
    "neededInstalledMods": [],
    "neededUninstalledMods": [],
    "spawns": [
        {
            "id": "dolliv-1",
            "pokemon": "dolliv",
            "presets": [
                "wild",
                "natural"
            ],
            "type": "pokemon",
            "context": "grounded",
            "bucket": "common",
            "level": "10-15",
            "weight": 2,
            "condition": {
                "biomes": [
                    "#cobblemon:is_floral"
                ]
            }
        }
    ]
}