{
    "enabled": true,
    "neededInstalledMods": [],
    "neededUninstalledMods": [],
    "spawns": [
        {
            "id": "drampa-1",
            "pokemon": "drampa",
            "presets": [
                "wild",
                "natural"
            ],
            "type": "pokemon",
            "context": "grounded",
            "bucket": "rare",
            "level": "50-60",
            "weight": 1,
            "condition": {
                "biomes": [
                    "#cobblemon:is_mountain"
                ]
            }
        }
    ]
}