{
    "enabled": true,
    "neededInstalledMods": [],
    "neededUninstalledMods": [],
    "spawns": [
        {
            "id": "eelektrik-1",
            "pokemon": "eelektrik",
            "presets": [
                "underwater"
            ],
            "type": "pokemon",
            "context": "submerged",
            "bucket": "rare",
            "level": "39-50",
            "weight": 1.0,
            "condition": {
                "canSeeSky": false,
                "biomes": [
                    "#cobblemon:is_cave"
                ]
            }
        },
        {
            "id": "eelektrik-2",
            "pokemon": "eelektrik",
            "presets": [
                "underwater"
            ],
            "type": "pokemon",
            "context": "submerged",
            "bucket": "uncommon",
            "level": "39-50",
            "weight": 1.0,
            "condition": {
                "canSeeSky": false,
                "biomes": [
                    "#cobblemon:is_lush"
                ]
            }
        }
    ]
}
       