{
    "enabled": true,
    "neededInstalledMods": [],
    "neededUninstalledMods": [],
    "spawns": [
        {
            "id": "flamigo-1",
            "pokemon": "flamigo",
            "presets": [
                "wild",
                "natural"
            ],
            "type": "pokemon",
            "context": "grounded",
            "bucket": "uncommon",
            "level": "20-35",
            "weight": 2,
            "condition": {
                "timeRange": "day",
                "biomes": [
                    "#cobblemon:is_freshwater"
                ]
            }
        }
    ]
}