{
    "enabled": true,
    "neededInstalledMods": [],
    "neededUninstalledMods": [],
    "spawns": [
        {
            "id": "florges-5",
            "pokemon": "florges white flower",
            "presets": [
                "wild",
                "natural"
            ],
            "type": "pokemon",
            "context": "grounded",
            "bucket": "rare",
            "level": "35-50",
            "weight": 5,
            "condition": {
                "biomes": [
                    "#cobblemon:is_floral"
                ]
            }
        }
    ]
}