{
    "enabled": true,
    "neededInstalledMods": [],
    "neededUninstalledMods": [],
    "spawns": [
        {
            "id": "furfrou-1",
            "pokemon": "furfrou",
            "presets": [
                "natural",
                "village"
            ],
            "type": "pokemon",
            "context": "grounded",
            "bucket": "uncommon",
            "level": "20-40",
            "weight": 1,
            "condition": {
                "biomes": [
                    "#cobblemon:is_overworld"
                ]
            }
        }
    ]
}