{
    "enabled": true,
    "neededInstalledMods": [],
    "neededUninstalledMods": [],
    "spawns": [
        {
            "id": "grapploct-1",
            "pokemon": "grapploct",
            "presets": [
                "underwater"
            ],
            "type": "pokemon",
            "context": "submerged",
            "bucket": "common",
            "level": "40-50",
            "weight": 1,
            "condition": {
                "biomes": [
                    "#cobblemon:is_ocean"
                ]
            }
        }
    ]
}