{
    "enabled": true,
    "neededInstalledMods": [],
    "neededUninstalledMods": [],
    "spawns": [
        {
            "id": "greedent-1",
            "pokemon": "greedent",
            "presets": [
                "wild",
                "natural"
            ],
            "type": "pokemon",
            "context": "grounded",
            "bucket": "common",
            "level": "20-30",
            "weight": 2,
            "condition": {
                "biomes": [
                    "#cobblemon:is_forest"
                ]
            }
        }
    ]
}