{
    "enabled": "true",
    "neededInstalledMods": [],
    "neededUninstalledMods": [],
    "spawns": [
        {
            "id": "growlithe-hisui-1",
            "pokemon": "growlithe hisuian",
            "presets": [
                "natural"
            ],
            "type": "pokemon",
            "context": "grounded",
            "bucket": "common",
            "level": "14-37",
            "weight": 10.0,
            "condition": {
                "canSeeSky": true,
                "biomes": [
                    "#cobblemon:is_peak"
                ]
            }
        },
        {
            "id": "growlithe-hisui-2",
            "pokemon": "growlithe hisuian",
            "presets": [
                "natural"
            ],
            "type": "pokemon",
            "context": "grounded",
            "bucket": "common",
            "level": "38-57",
            "weight": 8.1,
            "condition": {
                "canSeeSky": true,
                "biomes": [
                    "#cobblemon:nether/is_basalt"
                ]
            }
        }
    ]
}