{
    "enabled": true,
    "neededInstalledMods": [],
    "neededUninstalledMods": [],
    "spawns": [
        {
            "id": "grumpig-1",
            "pokemon": "grumpig",
            "presets": [],
            "type": "pokemon",
            "context": "grounded",
            "bucket": "uncommon",
            "level": "20-40",
            "weight": 1,
            "condition": {
                "biomes": [
                    "#minecraft:is_end"
                ]
            }
        }
    ]
}