{
    "enabled": true,
    "neededInstalledMods": [],
    "neededUninstalledMods": [],
    "spawns": [
        {
            "id": "hatterene-1",
            "pokemon": "hatterene",
            "presets": [
                "wild",
                "natural"
            ],
            "type": "pokemon",
            "context": "grounded",
            "bucket": "uncommon",
            "level": "40-50",
            "weight": 2,
            "condition": {
                "biomes": [
                    "#cobblemon:is_magical"
                ]
            }
        }
    ]
}