{
    "enabled": true,
    "neededInstalledMods": [],
    "neededUninstalledMods": [],
    "spawns": [
        {
            "id": "inkay-1",
            "pokemon": "inkay",
            "presets": [
                "underwater"
            ],
            "type": "pokemon",
            "context": "submerged",
            "bucket": "uncommon",
            "level": "10-40",
            "weight": 5,
            "condition": {
                "timeRange": "night",
                "biomes": [
                    "#cobblemon:is_deep_ocean"
                ]
            }
        }
    ]
}