{
    "enabled": true,
    "neededInstalledMods": [],
    "neededUninstalledMods": [],
    "spawns": [
        {
            "id": "ledian-1",
            "pokemon": "ledian",
            "type": "pokemon",
            "context": "grounded",
            "bucket": "uncommon",
            "level": "30-45",
            "weight": 4.8,
            "condition": {
                "canSeeSky": true,
                "biomes": [
                    "#cobblemon:is_floral"
                ]
            }
        }
    ]
}