{
    "enabled": true,
    "neededInstalledMods": [],
    "neededUninstalledMods": [],
    "spawns": [
        {
            "id": "ledyba-1",
            "pokemon": "ledyba",
            "type": "pokemon",
            "context": "grounded",
            "bucket": "common",
            "level": "8-20",
            "weight": 7.2,
            "condition": {
                "canSeeSky": true,
                "biomes": [
                    "#cobblemon:is_floral"
                ]
            }
        }
    ]
}