{
    "enabled": true,
    "neededInstalledMods": [],
    "neededUninstalledMods": [],
    "spawns": [
        {
            "id": "lumineon-1",
            "pokemon": "lumineon",
            "presets": [
                "underwater"
            ],
            "type": "pokemon",
            "context": "submerged",
            "bucket": "uncommon",
            "level": "20-30",
            "weight": 1,
            "condition": {
                "biomes": [
                    "#cobblemon:is_deep_ocean"
                ]
            }
        }
    ]
}