{
    "enabled": true,
    "neededInstalledMods": [],
    "neededUninstalledMods": [],
    "spawns": [
        {
            "id": "malamar-1",
            "pokemon": "malamar",
            "presets": [
                "underwater"
            ],
            "type": "pokemon",
            "context": "submerged",
            "bucket": "uncommon",
            "level": "30-50",
            "weight": 1,
            "condition": {
                "timeRange": "night",
                "biomes": [
                    "#cobblemon:is_deep_ocean"
                ]
            }
        }
    ]
}