{
    "enabled": true,
    "neededInstalledMods": [],
    "neededUninstalledMods": [],
    "spawns": [
        {
            "id": "mantine-1",
            "pokemon": "mantine",
            "presets": [
                "underwater"
            ],
            "type": "pokemon",
            "context": "submerged",
            "bucket": "rare",
            "level": "20-50",
            "weight": 10,
            "condition": {
                "biomes": [
                    "#minecraft:deep_ocean",
                    "minecraft:deep_ocean"
                ]
            }
        }
    ]
}