{
    "enabled": true,
    "neededInstalledMods": [],
    "neededUninstalledMods": [],
    "spawns": [
        {
            "id": "milotic-1",
            "pokemon": "milotic",
            "presets": [
                "freshwater",
                "underwater"
            ],
            "type": "pokemon",
            "context": "submerged",
            "bucket": "ultra-rare",
            "level": "30-45",
            "weight": 4.5,
            "condition": {
                "biomes": [
                    "#cobblemon:is_ocean"
                ]
            }
        }
    ]
}