{
    "enabled": true,
    "neededInstalledMods": [],
    "neededUninstalledMods": [],
    "spawns": [
        {
            "id": "missingno-1",
            "pokemon": "missingno",
            "type": "pokemon",
            "context": "grounded",
            "bucket": "ultra-rare",
            "level": "1-100",
            "weight": 0.1,
            "condition": {
				"minY": 127,
                "biomes": [
                    "#minecraft:is_nether"
                ]
            }
        }
    ]
}