{
    "enabled": true,
    "neededInstalledMods": [],
    "neededUninstalledMods": [],
    "spawns": [
        {
            "id": "pancham-1",
            "pokemon": "pancham",
            "presets": [
                "wild",
                "natural"
            ],
            "type": "pokemon",
            "context": "grounded",
            "bucket": "rare",
            "level": "20-40",
            "weight": 5,
            "condition": {
                "biomes": [
                    "#minecraft:bamboo_jungle",
                    "minecraft:bamboo_jungle"
                ]
            }
        }
    ]
}