{
    "enabled": true,
    "neededInstalledMods": [],
    "neededUninstalledMods": [],
    "spawns": [
        {
            "id": "pangoro-1",
            "pokemon": "pangoro",
            "presets": [
                "wild",
                "natural"
            ],
            "type": "pokemon",
            "context": "grounded",
            "bucket": "rare",
            "level": "35-50",
            "weight": 1,
            "condition": {
                "biomes": [
                    "#minecraft:bamboo_jungle",
                    "minecraft:bamboo_jungle"
                ]
            }
        }
    ]
}