{
    "enabled": true,
    "neededInstalledMods": [],
    "neededUninstalledMods": [],
    "spawns": [
        {
            "id": "passimian-1",
            "pokemon": "passimian",
            "presets": [
                "wild",
                "natural"
            ],
            "type": "pokemon",
            "context": "grounded",
            "bucket": "uncommon",
            "level": "25-40",
            "weight": 10,
            "condition": {
                "biomes": [
                    "#cobblemon:is_jungle"
                ]
            }
        }
    ]
}