{
    "enabled": true,
    "neededInstalledMods": [],
    "neededUninstalledMods": [],
    "spawns": [
        {
            "id": "remoraid-1",
            "pokemon": "remoraid",
            "presets": [
                "underwater"
            ],
            "type": "pokemon",
            "context": "submerged",
            "bucket": "uncommon",
            "level": "20-30",
            "weight": 10,
            "condition": {
                "biomes": [
                    "#minecraft:ocean",
                    "minecraft:ocean"
                ]
            }
        }
    ]
}