{
    "enabled": true,
    "neededInstalledMods": [],
    "neededUninstalledMods": [],
    "spawns": [
        {
            "id": "sandslash-1",
            "pokemon": "sandslash alolan",
            "presets": [
                "wild",
                "natural"
            ],
            "type": "pokemon",
            "context": "grounded",
            "bucket": "uncommon",
            "level": "20-50",
            "weight": 9,
            "condition": {
                "biomes": [
                    "#cobblemon:is_freezing"
                ]
            }
        }
    ]
}