{
    "enabled": true,
    "neededInstalledMods": [],
    "neededUninstalledMods": [],
    "spawns": [
        {
            "id": "sandshrew-1",
            "pokemon": "sandshrew alolan",
            "presets": [
                "wild",
                "natural"
            ],
            "type": "pokemon",
            "context": "grounded",
            "bucket": "common",
            "level": "5-30",
            "weight": 9,
            "condition": {
                "biomes": [
                    "#cobblemon:is_freezing"
                ]
            }
        }
    ]
}