{
    "enabled": true,
    "neededInstalledMods": [],
    "neededUninstalledMods": [],
    "spawns": [
        {
            "id": "seismitoad-1",
            "pokemon": "seismitoad",
            "presets": [
                "wild",
                "natural"
            ],
            "type": "pokemon",
            "context": "grounded",
            "bucket": "uncommon",
            "level": "30-50",
            "weight": 0.5,
            "condition": {
                "biomes": [
                    "#cobblemon:is_river"
                ]
            }
        }
    ]
}