{
    "enabled": true,
    "neededInstalledMods": [],
    "neededUninstalledMods": [],
    "spawns": [
        {
            "id": "shelmet-1",
            "pokemon": "shelmet",
            "presets": [
                "wild",
                "natural"
            ],
            "type": "pokemon",
            "context": "grounded",
            "bucket": "uncommon",
            "level": "10-30",
            "weight": 10,
            "condition": {
                "biomes": [
                    "#cobblemon:is_badlands"
                ]
            }
        }
    ]
}