{
    "enabled": true,
    "neededInstalledMods": [],
    "neededUninstalledMods": [],
    "spawns": [
        {
            "id": "silicobra-1",
            "pokemon": "silicobra",
            "presets": [
                "wild",
                "natural"
            ],
            "type": "pokemon",
            "context": "grounded",
            "bucket": "uncommon",
            "level": "10-30",
            "weight": 10,
            "condition": {
                "biomes": [
                    "#cobblemon:is_desert"
                ]
            }
        }
    ]
}