{
    "enabled": true,
    "neededInstalledMods": [],
    "neededUninstalledMods": [],
    "spawns": [
        {
            "id": "smoliv-1",
            "pokemon": "smoliv",
            "presets": [
                "wild",
                "natural"
            ],
            "type": "pokemon",
            "context": "grounded",
            "bucket": "common",
            "level": "45935",
            "weight": 10,
            "condition": {
                "biomes": [
                    "#cobblemon:is_floral"
                ]
            }
        }
    ]
}