{
    "enabled": true,
    "neededInstalledMods": [],
    "neededUninstalledMods": [],
    "spawns": [
        {
            "id": "spidops-1",
            "pokemon": "spidops",
            "presets": [
                "wild",
                "natural"
            ],
            "type": "pokemon",
            "context": "grounded",
            "bucket": "uncommon",
            "level": "30-40",
            "weight": 0.5,
            "condition": {
                "biomes": [
                    "#cobblemon:is_forest"
                ]
            }
        }
    ]
}