{
    "enabled": true,
    "neededInstalledMods": [],
    "neededUninstalledMods": [],
    "spawns": [
        {
            "id": "sunflora-1",
            "pokemon": "sunflora",
            "presets": [
                "wild",
                "natural"
            ],
            "type": "pokemon",
            "context": "grounded",
            "bucket": "common",
            "level": "5-15",
            "weight": 1,
            "condition": {
                "timeRange": "day",
                "biomes": [
                    "#cobblemon:is_plains"
                ]
            }
        }
    ]
}