{
    "enabled": true,
    "neededInstalledMods": [],
    "neededUninstalledMods": [],
    "spawns": [
        {
            "id": "tarountula-1",
            "pokemon": "tarountula",
            "presets": [
                "wild",
                "natural"
            ],
            "type": "pokemon",
            "context": "grounded",
            "bucket": "uncommon",
            "level": "15-25",
            "weight": 5,
            "condition": {
                "biomes": [
                    "#cobblemon:is_forest"
                ]
            }
        }
    ]
}