{
    "enabled": true,
    "neededInstalledMods": [],
    "neededUninstalledMods": [],
    "spawns": [
        {
            "id": "togepi-1",
            "pokemon": "togepi",
            "presets": [
                "wild",
                "natural"
            ],
            "type": "pokemon",
            "context": "grounded",
            "bucket": "rare",
            "level": "45935",
            "weight": 8.75,
            "condition": {
                "timeRange": "night",
                "biomes": [
                    "#cobblemon:is_floral"
                ]
            }
        }
    ]
}