{
    "enabled": true,
    "neededInstalledMods": [],
    "neededUninstalledMods": [],
    "spawns": [
        {
            "id": "togekiss-1",
            "pokemon": "togekiss",
            "presets": [
                "wild",
                "natural"
            ],
            "type": "pokemon",
            "context": "grounded",
            "bucket": "ultra-rare",
            "level": "50-80",
            "weight": 5,
            "condition": {
                "timeRange": "night",
                "biomes": [
                    "#cobblemon:is_floral"
                ]
            }
        }
    ]
}