{
    "enabled": true,
    "neededInstalledMods": [],
    "neededUninstalledMods": [],
    "spawns": [
        {
            "id": "toucannon-1",
            "pokemon": "toucannon",
            "presets": [
                "wild",
                "natural"
            ],
            "type": "pokemon",
            "context": "grounded",
            "bucket": "common",
            "level": "20-34",
            "weight": 0.5,
            "condition": {
                "biomes": [
                    "#cobblemon:is_beach"
                ]
            }
        }
    ]
}