{
    "enabled": true,
    "neededInstalledMods": [],
    "neededUninstalledMods": [],
    "spawns": [
        {
            "id": "tympole-1",
            "pokemon": "tympole",
            "presets": [
                "underwater"
            ],
            "type": "pokemon",
            "context": "submerged",
            "bucket": "uncommon",
            "level": "5-20",
            "weight": 10,
            "condition": {
                "biomes": [
                    "#cobblemon:is_river"
                ]
            }
        }
    ]
}