{
    "enabled": true,
    "neededInstalledMods": [],
    "neededUninstalledMods": [],
    "spawns": [
        {
            "id": "vanillish-1",
            "pokemon": "vanillish",
            "presets": [
                "wild",
                "natural"
            ],
            "type": "pokemon",
            "context": "grounded",
            "bucket": "uncommon",
            "level": "20-40",
            "weight": 5,
            "condition": {
                "biomes": [
                    "#cobblemon:is_glacial"
                ]
            }
        }
    ]
}