{
    "enabled": true,
    "neededInstalledMods": [],
    "neededUninstalledMods": [],
    "spawns": [
        {
            "id": "walrein-1",
            "pokemon": "walrein",
            "presets": [
                "wild",
                "natural"
            ],
            "type": "pokemon",
            "context": "grounded",
            "bucket": "uncommon",
            "level": "40-50",
            "weight": 1,
            "condition": {
                "biomes": [
                    "#cobblemon:is_frozen_ocean"
                ]
            }
        }
    ]
}