{
    "enabled": true,
    "neededInstalledMods": [],
    "neededUninstalledMods": [],
    "spawns": [
        {
            "id": "weezing-1",
            "pokemon": "weezing galarian",
            "presets": [],
            "type": "pokemon",
            "context": "grounded",
            "bucket": "uncommon",
            "level": "35-49",
            "weight": 5,
            "condition": {
                "biomes": [
                    "#cobblemon:nether/is_fungus"
                ]
            }
        }
    ]
}