{
    "enabled": true,
    "neededInstalledMods": [],
    "neededUninstalledMods": [],
    "spawns": [
        {
            "id": "wishiwashi-1",
            "pokemon": "wishiwashi solo",
            "presets": [
                "underwater"
            ],
            "type": "pokemon",
            "context": "submerged",
            "bucket": "common",
            "level": "45778",
            "weight": 10,
            "condition": {
                "biomes": [
                    "#cobblemon:is_river"
                ]
            }
        }
    ]
}