{
    "enabled": true,
    "neededInstalledMods": [],
    "neededUninstalledMods": [],
    "spawns": [
        {
            "id": "wobbuffet-1",
            "pokemon": "wobbuffet",
            "presets": [
                "wild",
                "natural"
            ],
            "type": "pokemon",
            "context": "grounded",
            "bucket": "rare",
            "level": "5-40",
            "weight": 1,
            "condition": {
                "biomes": [
                    "#cobblemon:is_overworld"
                ]
            }
        }
    ]
}