{"format_version":"1.8.0","animations":{"animation.absol_mega.cry":{"animation_length":2,"sound_effects":{"0.0417":{"effect":"pokemon.absol.cry"}},"bones":{"neck":{"rotation":{"0.0":[0,0,0],"0.5":[-15,0,0],"1.25":[-15,0,0],"2.0":[0,0,0]}}}},"animation.absol_mega.battle_idle":{"loop":true,"animation_length":1.08333,"bones":{"right_wing":{"rotation":[4.11405,-42.13991,-10.80524]},"tail":{"rotation":[0,42.5,0]},"side_hair_right":{"rotation":[0,0,7.5]},"side_hair_left2":{"rotation":[-7.5,0,0]},"chest_fur":{"rotation":[2.5,0,0]},"chest_fur_left":{"rotation":[12.5,0,0]},"chest_fur_right":{"rotation":[-15,0,0]},"chest_fur_1":{"rotation":[10,0,0]},"chest_fur_2":{"rotation":[-15,0,0]},"leg_back_left":{"rotation":[10,0,-5]},"leg_back_left3":{"rotation":[7.5,0,0]},"leg_back_right":{"rotation":[-7.5,0,0]},"leg_back_right3":{"rotation":[7.5,0,0]},"leg_front_right":{"rotation":[17.43745,1.50179,-4.76968]},"front_foot_right":{"rotation":[-10,0,0]},"leg_front_left":{"rotation":[-16.83457,-14.37593,4.11965],"position":[0,-1,0]},"leg_front_left2":{"rotation":[12.5,0,0],"position":[0,1,0]},"front_foot_left":{"rotation":[10,0,0]}}},"animation.absol_mega.ground_idle":{"loop":true,"bones":{"foot_front_left":{"rotation":["0+math.sin(q.anim_time*90*2)*3",0,0]},"foot_back_left":{"rotation":["0+math.sin(q.anim_time*90*2)*3",0,0]},"crest":{"rotation":["0+math.sin(q.anim_time*90*2-135)",0,0]},"foot_back_right":{"rotation":["0+math.sin(q.anim_time*90*2)*3",0,0]},"foot_front_right":{"rotation":["0+math.sin(q.anim_time*90*2)*3",0,0]},"body":{"position":[0,"0-math.sin(q.anim_time*90*2)*1/6",0]},"torso":{"position":[0,0,0]},"left_wing":{"rotation":["0+math.sin(q.anim_time*90*2-90)*2",0,0]},"right_wing":{"rotation":["0+math.sin(q.anim_time*90*2-90)*2",0,0]},"tail":{"rotation":["0-math.sin(q.anim_time*90*2-45)","0-math.sin(q.anim_time*90*2-90)*5",0]},"neck":{"rotation":["0+math.sin(q.anim_time*90*2-45)*2",0,0]},"head":{"rotation":["0+math.sin(q.anim_time*90*2-90)*2","0-math.sin(q.anim_time*90*2)*2",0]},"leg_back_left":{"rotation":["math.sin(q.anim_time*90*2)*3",0,0]},"leg_back_left2":{"rotation":["0-math.sin(q.anim_time*90*2)*6",0,0]},"leg_back_right":{"rotation":["math.sin(q.anim_time*90*2)*3",0,0]},"leg_back_right2":{"rotation":["0-math.sin(q.anim_time*90*2)*6",0,0]},"leg_front_right":{"rotation":["math.sin(q.anim_time*90*2)*3",0,0]},"leg_front_right2":{"rotation":["0-math.sin(q.anim_time*90*2)*6",0,0]},"leg_front_left":{"rotation":["math.sin(q.anim_time*90*2)*3",0,0]},"leg_front_left2":{"rotation":["0-math.sin(q.anim_time*90*2)*6",0,0]}}},"animation.absol_mega.ground_walk":{"loop":true,"animation_length":1.33333,"bones":{"neck_fur":{"rotation":["(math.sin((q.anim_time - 0.2) * 360 / (2/3)) * 2)",0,0]},"foot_front_left":{"rotation":{"0.0":[13.1875,0,0],"0.1667":[8.6875,0,0],"0.3333":[5,0,0],"0.5":[-8.75,0,0],"0.6667":[-12.5,0,0],"0.8333":[-1.25,0,0],"1.0":[44.5625,0,0],"1.1667":[21.25,0,0],"1.3333":[13.1875,0,0]},"position":{"0.0":[0,0,0],"0.1667":[0,-0.09375,0],"0.3333":[0,0,0],"0.6667":[0,0,0],"1.0":[0,0.3125,-0.09375],"1.3333":[0,0,0]}},"front_claws_left":{"rotation":{"0.0":[-2.4375,0,0],"0.1667":[3.55354,3.03607,1.02756],"0.3333":[0,0,0],"0.6667":[-5,0,0],"0.8333":[48.8125,0,0],"1.0":[67.5,0,0],"1.0833":[60.255,0,0],"1.1667":[44.96875,0,0],"1.3333":[-2.4375,0,0]}},"front_right_claw_left":{"rotation":{"0.0":[0,0,0],"0.1667":[0,5,0],"0.3333":[2.5,5,0],"0.5":[3.75,5,0],"0.6667":[0,5,0],"1.0":[0,10,0],"1.3333":[0,0,0]}},"front_left_claw_left":{"rotation":{"0.0":[0,0,0],"0.1667":[0,-5,0],"0.3333":[0.84375,-5,0],"0.5":[3.75,-5,0],"0.6667":[0,-5,0],"1.0":[0,-10,0],"1.3333":[0,0,0]}},"front_claw_back_left":{"rotation":{"0.0":[-9.53125,0,0],"0.1667":[1,0,0],"0.3333":[-0.09375,0,0],"0.6667":[-0.96875,0,0],"0.8333":[-45.28125,0,0],"1.0":[-60,0,0],"1.0833":[-49.9525,0,0],"1.1667":[-33.1875,0,0],"1.3333":[-9.53125,0,0]}},"foot_front_right":{"rotation":{"0.0":[-12.5,0,0],"0.1667":[-1.25,0,0],"0.3333":[44.5625,0,0],"0.5":[21.25,0,0],"0.6667":[13.1875,0,0],"0.8333":[8.6875,0,0],"1.0":[5,0,0],"1.1667":[-8.75,0,0],"1.3333":[-12.5,0,0]},"position":{"0.0":[0,0,0],"0.3333":[0,0.3125,-0.09375],"0.6667":[0,0,0],"0.8333":[0,-0.09375,0],"1.0":[0,0,0],"1.3333":[0,0,0]}},"front_claws_right":{"rotation":{"0.0":[-5,0,0],"0.1667":[48.8125,0,0],"0.3333":[67.5,0,0],"0.4167":[60.255,0,0],"0.5":[44.96875,0,0],"0.6667":[-2.4375,0,0],"0.8333":[3.55354,-3.03607,-1.02756],"1.0":[0,0,0],"1.3333":[-5,0,0]}},"front_left_claw_right":{"rotation":{"0.0":[0,-5,0],"0.3333":[0,-10,0],"0.6667":[0,0,0],"0.8333":[0,-5,0],"1.0":[2.5,-5,0],"1.1667":[3.75,-5,0],"1.3333":[0,-5,0]}},"front_right_claw_right":{"rotation":{"0.0":[0,5,0],"0.3333":[0,10,0],"0.6667":[0,0,0],"0.8333":[0,5,0],"1.0":[0.84375,5,0],"1.1667":[3.75,5,0],"1.3333":[0,5,0]}},"front_claw_back_right":{"rotation":{"0.0":[-0.96875,0,0],"0.1667":[-45.28125,0,0],"0.3333":[-60,0,0],"0.4167":[-49.9525,0,0],"0.5":[-33.1875,0,0],"0.6667":[-9.53125,0,0],"0.8333":[1,0,0],"1.0":[-0.09375,0,0],"1.3333":[-0.96875,0,0]}},"foot_back_left":{"rotation":{"0.0":[27.9375,0,0],"0.1667":[26.18875,0,0],"0.3333":[23.5,0,0],"0.5":[18.75,0,0],"0.6667":[7.15625,0,0],"0.8333":[-6.71875,0,0],"1.0":[-5.6875,0,0],"1.1667":[17.4375,0,0],"1.3333":[27.9375,0,0]},"position":{"0.0":[0,-0.1875,-0.6875],"0.3333":[0,0,-0.25],"0.5":[0,0,-0.21375],"0.6667":[0,0,0],"1.0":[0,0,0],"1.1667":[0,0,-0.21375],"1.3333":[0,-0.1875,-0.6875]}},"foot_back_right":{"rotation":{"0.0":[7.15625,0,0],"0.1667":[-6.71875,0,0],"0.3333":[-5.6875,0,0],"0.5":[17.4375,0,0],"0.6667":[27.9375,0,0],"0.8333":[26.18875,0,0],"1.0":[23.5,0,0],"1.1667":[18.75,0,0],"1.3333":[7.15625,0,0]},"position":{"0.0":[0,0,0],"0.3333":[0,0,0],"0.6667":[0,-0.1875,-0.6875],"1.0":[0,0,-0.25],"1.1667":[0,0,-0.21375],"1.3333":[0,0,0]}},"torso":{"rotation":["(math.sin((q.anim_time - 0) * 360 / (2/3)) * 2) - 1","-(math.sin((q.anim_time - 0) * 360 / (4/3)) * 1)","-(math.sin((q.anim_time - 0) * 360 / (4/3)) * 1)"],"position":[0,"-(math.sin((q.anim_time - 0.55 + (math.sin((q.anim_time - 0.55) * 360 / (2/3) ) * 0.05)) * 360 / (2/3) ) * 0.4) + 0.4 ",0]},"left_wing":{"rotation":["(math.sin((q.anim_time - 0.8 + (math.sin((q.anim_time - 0.3) * 360 / (2/3) ) * 0.05)) * 360 / (2/3) ) * 5) - 2",-5,0]},"right_wing":{"rotation":["(math.sin((q.anim_time - 0.8 + (math.sin((q.anim_time - 0.3) * 360 / (2/3) ) * 0.05)) * 360 / (2/3) ) * 5) - 2",-5,0]},"tail":{"rotation":["-(math.sin((q.anim_time - 0.1) * 360 / (1/3)) * 1)","(math.sin((q.anim_time - 0.2) * 360 / (2/3)) * 20)","(math.sin((q.anim_time - 0.1) * 360 / (2/3)) * 2)"]},"neck":{"rotation":["(math.sin((q.anim_time - 0.15 + (math.sin((q.anim_time - 0.15) * 360 / (2/3) ) * 0.05)) * 360 / (2/3) ) * 5) + 6",0,"-(math.sin((q.anim_time - 0.1) * 360 / (4/3)) * 1)"]},"head":{"rotation":["(math.sin((q.anim_time - 0.3 + (math.sin((q.anim_time - 0.3) * 360 / (2/3) ) * 0.05)) * 360 / (2/3) ) * 5) - 2",0,"(math.sin((q.anim_time - 0.2) * 360 / (4/3)) * 3)"]},"leg_back_left":{"rotation":{"0.0":[-7.5,0,0],"0.1667":[-20,0,0],"0.3333":[-27.5,0,0],"0.5":[-5.875,0,0],"0.6667":[5,0,0],"0.8333":[11.075,0,0],"1.0":[14.90625,0,0],"1.1667":[10.03125,0,0],"1.3333":[-7.5,0,0]},"position":{"0.0":[0,0.875,-0.4688],"0.1667":[0,0.07375,-1.265],"0.3333":[0,-0.875,-1.125],"0.5":[0,-0.495,-0.735],"0.6667":[0,-0.4375,-0.40625],"0.8333":[0,-0.62625,0.145],"1.0":[0,-0.495,0.5],"1.1667":[0,0.695,0.1262],"1.3333":[0,0.875,-0.4688]}},"leg_back_left2":{"rotation":{"0.0":[-11.84375,0,0],"0.1667":[-3.75,0,0],"0.3333":[2.5,0,0],"0.5":[-11.9375,0,0],"0.6667":[-12.5625,0,0],"0.8333":[-3.75,0,0],"1.0":[1.125,0,0],"1.1667":[-8.4375,0,0],"1.3333":[-11.84375,0,0]}},"leg_back_right":{"rotation":{"0.0":[5,0,0],"0.1667":[11.075,0,0],"0.3333":[14.90625,0,0],"0.5":[10.03125,0,0],"0.6667":[-7.5,0,0],"0.8333":[-20,0,0],"1.0":[-27.5,0,0],"1.1667":[-5.875,0,0],"1.3333":[5,0,0]},"position":{"0.0":[0,-0.4375,-0.40625],"0.1667":[0,-0.62625,0.145],"0.3333":[0,-0.495,0.5],"0.5":[0,0.695,0.1262],"0.6667":[0,0.875,-0.4688],"0.8333":[0,0.07375,-1.265],"1.0":[0,-0.875,-1.125],"1.1667":[0,-0.495,-0.735],"1.3333":[0,-0.4375,-0.40625]}},"leg_back_right2":{"rotation":{"0.0":[-12.5625,0,0],"0.1667":[-3.75,0,0],"0.3333":[1.125,0,0],"0.5":[-8.4375,0,0],"0.6667":[-11.84375,0,0],"1.0":[2.5,0,0],"1.1667":[-11.9375,0,0],"1.3333":[-12.5625,0,0]}},"leg_front_right":{"rotation":{"0.0":[16.125,0,0],"0.1667":[21.25,0,0],"0.2917":[12.0675,0,0],"0.3333":[0,0,0],"0.5":[-29.25,0,0],"0.6667":[-33.5938,0,0],"1.0":[0,0,0],"1.3333":[16.125,0,0]},"position":{"0.0":[0,0,2.15625],"0.1667":[0,0.87125,1.02875],"0.3333":[0,1.1875,0.8425],"0.5":[0,0.59,0.2825],"0.6667":[0,0,0],"0.8333":[0,-0.18812,0],"1.0":[0,-0.21875,0],"1.3333":[0,0,2.15625]}},"leg_front_right2":{"rotation":{"0.0":[10,0,0],"0.1667":[-26.1875,0,0],"0.2917":[-36.84625,0,0],"0.375":[-27.4375,0,0],"0.5":[5.75,0,0],"0.6667":[17.75,0,0],"0.8333":[3.63,0,0],"1.0":[-5,0,0],"1.3333":[10,0,0]}},"front_foot_right":{"rotation":{"0.0":[-12.5,0,0],"0.5833":[20,0,0],"1.3333":[-12.5,0,0]}},"leg_front_left":{"rotation":{"0.0":[-33.59375,0,0],"0.3333":[0,0,0],"0.6667":[16.125,0,0],"0.8333":[21.25,0,0],"0.9583":[12.0675,0,0],"1.0":[0,0,0],"1.1667":[-29.25,0,0],"1.3333":[-33.59375,0,0]},"position":{"0.0":[0,0,0],"0.1667":[0,-0.18812,0],"0.3333":[0,-0.21875,0],"0.6667":[0,0,2.15625],"0.8333":[0,0.87125,1.02875],"1.0":[0,1.1875,0.8425],"1.1667":[0,0.59,0.2825],"1.3333":[0,0,0]}},"leg_front_left2":{"rotation":{"0.0":[17.75,0,0],"0.1667":[3.63,0,0],"0.3333":[-5,0,0],"0.6667":[10,0,0],"0.8333":[-26.1875,0,0],"0.9583":[-36.84625,0,0],"1.0417":[-27.4375,0,0],"1.1667":[5.75,0,0],"1.3333":[17.75,0,0]}},"front_foot_left":{"rotation":{"0.0":[12.5,0,0],"0.5833":[-20,0,0],"1.3333":[12.5,0,0]}}}}}}