{"format_version":"1.8.0","animations":{"animation.accelgor.ground_idle":{"loop":true,"bones":{"body":{"rotation":["12.5+math.cos((q.anim_time -0.5)*360*0.5)*1",0,0]},"rig":{"rotation":["math.cos((q.anim_time -0.22)*360*1)*15",0,0]},"bone":{"rotation":["math.cos((q.anim_time -0.44)*360*1)*20",0,0]},"bone2":{"rotation":["math.cos((q.anim_time -0.66)*360*1)*25",0,0]},"rig2":{"rotation":["-math.cos((q.anim_time -0.22)*360*1)*15",0,0]},"bone3":{"rotation":["-math.cos((q.anim_time -0.44)*360*1)*20",0,0]},"bone4":{"rotation":["-math.cos((q.anim_time -0.66)*360*1)*25",0,0]},"left_arm":{"rotation":[0,90,0]},"left_arm2":{"rotation":[90,85,90]},"right_arm":{"rotation":[-26.00932,-84.42709,26.44392]},"right_arm2":{"rotation":[-116.74021,-78.83105,116.30249]},"underchest":{"rotation":["-12.5-math.cos((q.anim_time -0.5)*360*0.5)*2",0,0]},"underbody":{"rotation":[12.5,0,0]},"tail":{"rotation":[10,0,0]}}},"animation.accelgor.ground_walk":{"loop":true,"bones":{"body":{"rotation":[7.5,0,0]},"rig":{"rotation":["0.3172+math.cos((q.anim_time -0.22)*360*1)*15",1.29743,27.47176]},"bone":{"rotation":["math.cos((q.anim_time -0.44)*360*1)*20",0,0]},"bone2":{"rotation":["math.cos((q.anim_time -0.66)*360*1)*25",0,0]},"rig2":{"rotation":["0.5803-math.cos((q.anim_time -0.22)*360*1)*15",-1.71061,-37.4667]},"bone3":{"rotation":["-math.cos((q.anim_time -0.44)*360*1)*20",0,0]},"bone4":{"rotation":["-math.cos((q.anim_time -0.66)*360*1)*25",0,0]},"left_arm":{"rotation":[0,90,0]},"left_arm2":{"rotation":[90,85,90]},"right_arm":{"rotation":[-26.00932,-84.42709,26.44392]},"right_arm2":{"rotation":[-116.74021,-78.83105,116.30249]},"underchest":{"rotation":[0,0,0]},"underbody":{"rotation":[12.5,0,0]},"tail":{"rotation":[10,0,0]},"waist":{"rotation":["15+math.cos((q.anim_time -0.52)*360*1)*1",0,0],"position":[0,"-5+math.cos((q.anim_time -0.3)*360*1)*0.25",0]},"head":{"rotation":[-22.5,0,0]}}},"animation.accelgor.blink":{"animation_length":0.20833,"bones":{"right_eye":{"position":{"0.0":[0,0,0],"0.0833":[0,0,0],"0.125":[1,0,0],"0.1667":[0,0,0]}},"left_eye":{"position":{"0.0":[0,0,0],"0.0833":[0,0,0],"0.125":[-1,0,0],"0.1667":[0,0,0]}}}}}}