{
	"format_version": "1.8.0",
	"animations": {
		"animation.aggron_mega.ground_idle": {
			"loop": true,
			"animation_length": 4,
			"bones": {
				"torso": {
					"rotation": ["0+math.sin(query.anim_time*90*2-0)*2", "0+math.sin(query.anim_time*90*1-0)*2", 0]
				},
				"neck": {
					"rotation": ["0+math.sin(query.anim_time*90*2-40)*2", "0-math.sin(query.anim_time*90*1-40)*1", 0]
				},
				"skull": {
					"rotation": ["2.5-math.sin(query.anim_time*90*2-80)*3", 0, 0]
				},
				"jaw": {
					"rotation": ["-7.5+math.clamp(math.sin(query.anim_time*90*1-0)*10+0,0,10)", 0, 0]
				},
				"leftarm1": {
					"rotation": [0, "0+math.sin(query.anim_time*90*2-40)*2", "25+math.sin(query.anim_time*90*2-40)*2"]
				},
				"leftarm3": {
					"rotation": [0.25163, "22.4479+math.sin(query.anim_time*90*2-120)*4", "13.9231+math.sin(query.anim_time*90*2-120)*4"],
					"position": [-1, 0, 0.1]
				},
				"rightarm1": {
					"rotation": [0, "0-math.sin(query.anim_time*90*2-40)*2", "-25-math.sin(query.anim_time*90*2-40)*2"]
				},
				"rightarm3": {
					"rotation": [0.25163, "-22.4479-math.sin(query.anim_time*90*2-120)*4", "-13.9231-math.sin(query.anim_time*90*2-120)*4"],
					"position": [1, 0, 0.1]
				},
				"rightlegtop": {
					"position": [0, "-math.cos(query.anim_time*90*2-130)*0.15+0.15", 0]
				},
				"rightlegbottom": {
					"position": [0, "-math.cos(query.anim_time*90*2-130)*0.15+0.15", 0]
				},
				"leftlegtop": {
					"position": [0, "-math.cos(query.anim_time*90*2-130)*0.15+0.15", 0]
				},
				"leftlegbottom": {
					"position": [0, "-math.cos(query.anim_time*90*2-130)*0.15+0.15", 0]
				},
				"tail1": {
					"rotation": ["0-math.cos(query.anim_time*90*2-130)*4+4", 0, 0]
				},
				"tail2": {
					"rotation": ["0-math.cos(query.anim_time*90*2-170)*4+4", "0+math.sin(query.anim_time*90*1-80)*4", 0]
				},
				"tail3": {
					"rotation": ["0-math.cos(query.anim_time*90*2-210)*6+6", "0+math.sin(query.anim_time*90*1-120)*6", 0]
				},
				"tail4": {
					"rotation": ["0-math.cos(query.anim_time*90*2-270)*8+8", "0+math.sin(query.anim_time*90*1-160)*8", 0]
				},
				"body": {
					"position": [0, "math.cos(query.anim_time*90*2-130)*0.3-0.3", 0]
				},
				"leftarm2": {
					"rotation": [35.03142, "51.5738+math.sin(query.anim_time*90*2-80)*3", "47.2354+math.sin(query.anim_time*90*2-80)*3"],
					"position": [-2, 0, 1]
				},
				"rightarm2": {
					"rotation": [35.03142, "-51.5738-math.sin(query.anim_time*90*2-80)*3", "-47.2354-math.sin(query.anim_time*90*2-80)*3"],
					"position": [2, 0, 1]
				}
			}
		},
		"animation.aggron_mega.ground_walk": {
			"loop": true,
			"animation_length": 2,
			"bones": {
				"torso": {
					"rotation": ["0+math.sin(query.anim_time*90*4-0)*2", "0-math.sin(query.anim_time*90*2-0)*2", 0],
					"position": [0, "math.cos(query.anim_time*90*4)/2", 0]
				},
				"neck": {
					"rotation": ["0+math.sin(query.anim_time*90*4-40)*2", "0-math.sin(query.anim_time*90*2-40)*1", 0]
				},
				"skull": {
					"rotation": ["2.5-math.sin(query.anim_time*90*4-80)*3", 0, 0]
				},
				"jaw": {
					"rotation": ["math.sin(query.anim_time*90*4-0)*7.5", 0, 0]
				},
				"leftarm1": {
					"rotation": [0, "0+math.sin(query.anim_time*90*2)*20", 35]
				},
				"leftarm3": {
					"rotation": [0, 10, 0]
				},
				"rightarm1": {
					"rotation": [0, "0+math.sin(query.anim_time*90*2)*20", -35]
				},
				"rightarm3": {
					"rotation": [0, -10, 0]
				},
				"rightlegtop": {
					"rotation": ["-math.sin(q.anim_time*90*2)*20", 0, 0],
					"position": [0, "math.clamp(math.cos(q.anim_time*90*2)*2,0,2)", "-math.sin(q.anim_time*90*2)*2"]
				},
				"rightlegbottom": {
					"rotation": ["math.clamp(math.cos(q.anim_time*90*2)*20,0,20)", 0, 0]
				},
				"leftlegtop": {
					"rotation": ["math.sin(q.anim_time*90*2)*20", 0, 0],
					"position": [0, "math.clamp(-math.cos(q.anim_time*90*2)*2,0,2)", "math.sin(q.anim_time*90*2)*2"]
				},
				"leftlegbottom": {
					"rotation": ["math.clamp(-math.cos(q.anim_time*90*2)*20,0,20)", 0, 0]
				},
				"tail1": {
					"rotation": ["0-math.cos(query.anim_time*90*4-130)*4+4", "0+math.sin(query.anim_time*90*2-80+90)*6", 0]
				},
				"tail2": {
					"rotation": ["0-math.cos(query.anim_time*90*4-170)*4+4", "0+math.sin(query.anim_time*90*2-80)*4", 0]
				},
				"tail3": {
					"rotation": ["0-math.cos(query.anim_time*90*4-210)*6+6", "0+math.sin(query.anim_time*90*2-120)*6", 0]
				},
				"tail4": {
					"rotation": ["0-math.cos(query.anim_time*90*4-270)*8+8", "0+math.sin(query.anim_time*90*2-160)*8", 0]
				},
				"body": {
					"position": {
						"0.4583": {
							"pre": [0, 0, 0],
							"post": [0, 0, 0],
							"lerp_mode": "catmullrom"
						},
						"0.5": {
							"post": [0, -1, 0],
							"lerp_mode": "catmullrom"
						},
						"0.5417": {
							"post": [0, 0, 0],
							"lerp_mode": "catmullrom"
						},
						"0.625": {
							"post": [0, -0.5, 0],
							"lerp_mode": "catmullrom"
						},
						"0.7083": {
							"post": [0, 0, 0],
							"lerp_mode": "catmullrom"
						},
						"1.4583": {
							"post": [0, 0, 0],
							"lerp_mode": "catmullrom"
						},
						"1.5": {
							"post": [0, -1, 0],
							"lerp_mode": "catmullrom"
						},
						"1.5417": {
							"post": [0, 0, 0],
							"lerp_mode": "catmullrom"
						},
						"1.625": {
							"post": [0, -0.5, 0],
							"lerp_mode": "catmullrom"
						},
						"1.7083": {
							"post": [0, 0, 0],
							"lerp_mode": "catmullrom"
						}
					}
				},
				"leftarm2": {
					"rotation": [0, "15-math.cos(query.anim_time*90*2)*10", 0]
				},
				"rightarm2": {
					"rotation": [0, "-15-math.cos(query.anim_time*90*2)*10", 0]
				}
			}
		},
		"animation.aggron_mega.cry": {
			"animation_length": 4.25,
			"bones": {
				"arceus": {
					"rotation": {
						"0.0": [0, 0, 0],
						"3.0": [7.5, 0, 0]
					},
					"position": {
						"0.0": [0, 0, 0],
						"3.0": [0, -2.1, 0]
					}
				},
				"front_leg_left": {
					"rotation": {
						"0.0": [-15, 0, 0],
						"2.75": [-44.37, 0, 0],
						"3.0": [-22.5, 0, 0],
						"4.0": [-53.5, 0, 0]
					},
					"position": [0, 0, 0]
				},
				"BottomLegFL": {
					"rotation": {
						"0.0": [15, 0, 0],
						"4.0": [60, 0, 0]
					},
					"position": [0, 0, 0]
				},
				"front_leg_right": {
					"rotation": {
						"0.0": [2.5, 0, 0],
						"3.0": [-7.5, 0, 0],
						"4.0": [-27.5, 0, 0]
					},
					"position": [0, 0, 0]
				},
				"bottomLegFR": {
					"rotation": {
						"0.0": [7.5, 0, 0],
						"3.0": [20, 0, 0],
						"4.0": [46, 0, 0]
					},
					"position": [0, 0, 0]
				},
				"tail_piece_1": {
					"rotation": {
						"0.0": [0, 0, 0],
						"1.0": [7.5, 0, 0],
						"4.0": [-7.5, 0, 0]
					},
					"position": [0, 0, 0]
				},
				"tail_piece_2": {
					"rotation": {
						"0.0": [0, 0, 0],
						"1.0": [7.5, 0, 0],
						"4.0": [-12.5, 0, 0]
					},
					"position": [0, 0, 0]
				},
				"tail_piece_3": {
					"rotation": {
						"0.0": [0, 0, 0],
						"1.0": [10, 0, 0],
						"4.0": [-5, 0, 0]
					},
					"position": [0, 0, 0]
				},
				"ring": {
					"rotation": [0, 0, 0],
					"position": [0, 0, 0]
				},
				"back_leg_left": {
					"rotation": {
						"0.0": [5, 0, 0],
						"3.0": [-5, 0, 0]
					},
					"position": [0, 0, 0]
				},
				"BottomLegBL": {
					"rotation": [-5, 0, 0],
					"position": [0, 0, 0]
				},
				"back_leg_right": {
					"rotation": [5, 0, 0],
					"position": [0, 0, 0]
				},
				"BottomLegBR": {
					"rotation": [-5, 0, 0],
					"position": [0, 0, 0]
				},
				"neck_upper": {
					"rotation": {
						"0.0": [0, 0, 0],
						"4.0": [20, 0, 0]
					},
					"position": [0, 0, 0]
				},
				"head_tail": {
					"rotation": {
						"0.0": [0, 0, 0],
						"1.0": [15, 0, 0]
					},
					"position": {
						"0.0": [0, 0, 0],
						"1.0": [0, 0, -1.1]
					}
				},
				"head_tail_2": {
					"rotation": {
						"0.0": [0, 0, 0],
						"1.0": [12.5, 0, 0]
					},
					"position": {
						"0.0": [0, 0, 0],
						"1.0": [0, 0, -0.8]
					}
				},
				"head_tail_3": {
					"rotation": {
						"0.0": [0, 0, 0],
						"1.0": [10, 0, 0]
					},
					"position": {
						"0.0": [0, 0, 0],
						"1.0": [0, 0, -0.5]
					}
				},
				"head_tail_4": {
					"rotation": {
						"0.0": [0, 0, 0],
						"1.0": [10, 0, 0]
					},
					"position": [0, 0, 0]
				},
				"torso": {
					"rotation": [0, 0, 0],
					"position": [0, 0, 0]
				},
				"head": {
					"rotation": {
						"0.0": [0, 0, 0],
						"1.0": [-47.5, 0, 0],
						"2.0": [-67.5, 0, 0],
						"4.0": [30, 0, 0]
					},
					"position": {
						"0.0": [0, 0, 0],
						"4.0": [0, -2.1, 0.6]
					}
				},
				"neck": {
					"rotation": [0, 0, 0],
					"position": [0, 0, 0]
				},
				"tail": {
					"rotation": {
						"0.0": [0, 0, 0],
						"1.0": [15, 0, 0],
						"2.0": [62.5, 0, 0],
						"4.0": [-10, 0, 0]
					},
					"position": [0, 0, 0]
				}
			},
			"sound_effects": {
				"0.0": {
					"effect": "pokemon.aggron_mega.cry"
				}
			}
		}
	}
}