{"format_version":"1.8.0","animations":{"animation.altaria.ground_pose":{"loop":true,"bones":{"neck":{"rotation":[-12.5,0,0]},"head":{"rotation":[17.5,0,0]},"feather_right":{"rotation":[-40,-10,-10]},"feather_right_bend":{"rotation":[-50,0,0]},"feather_right_end":{"rotation":[-37.5,0,0]},"feather_left":{"rotation":[-40,10,10]},"feather_left_bend":{"rotation":[-50,0,0]},"feather_left_end":{"rotation":[-37.5,0,0]},"left_arm":{"rotation":[0,-55,0],"position":[-4,0,-5]},"left_elbow":{"rotation":[0,-117.5,0]},"right_foot":{"rotation":[0,10,0]},"left_foot":{"rotation":[0,-10,0]},"tail":{"rotation":[-20,0,0]},"right_arm":{"rotation":[0,55,0],"position":[4,0,-6]},"right_elbow":{"rotation":[0,117.5,0]},"feather_left_tip":{"rotation":[60,0,0]},"feather_right_tip":{"rotation":[60,0,0]},"tail_mid":{"rotation":[-10,0,0]},"tail_left":{"rotation":[-10,15,0]},"tail_left_bend":{"rotation":[10,0,0]},"tail_left_end":{"rotation":[32.5,0,0]},"tail_right":{"rotation":[-10,-15,0]},"tail_right_bend":{"rotation":[10,0,0]},"tail_right_end":{"rotation":[32.5,0,0]},"tail_mid_bend":{"rotation":[-2.5,0,0]},"tail_mid_end":{"rotation":[20,0,0]},"tail_mid_right":{"rotation":[-10,-5,0]},"tail_mid_right_bend":{"rotation":[-2.5,0,0]},"tail_mid_right_end":{"rotation":[20,0,0]},"tail_mid_left":{"rotation":[-10,5,0]},"tail_mid_left_bend":{"rotation":[-2.5,0,0]},"tail_mid_left_end":{"rotation":[20,0,0]}}},"animation.altaria.ground_idle":{"loop":true,"bones":{"altaria":{"position":[0,2,0]},"body":{"position":[0,-2,0]},"neck":{"rotation":["0+math.sin(q.anim_time*90*1.75-30)*1",0,0]},"head":{"rotation":[0,0,0]},"hair_left":{"rotation":[52.14231,"4.9182+math.sin(q.anim_time*90*1.75+120)*7.5",-51.31448]},"hair_left2":{"rotation":[0,"0+math.sin(q.anim_time*90*1.75+60)*5",0]},"hair_left3":{"rotation":[0,"0+math.sin(q.anim_time*90*1.75+120)*5",0]},"hair_left4":{"rotation":[0,"0+math.sin(q.anim_time*90*1.75+150)*5",0]},"hair_left5":{"rotation":[0,"0+math.sin(q.anim_time*90*1.75+180)*7.5",0]},"hair_left6":{"rotation":[0,"0+math.sin(q.anim_time*90*1.75+120)*7.5",0]},"hair_right":{"rotation":[52.14231,"-4.9182-math.sin(q.anim_time*90*1.75+60)*7.5",51.31448]},"hair_right8":{"rotation":[0,"0-math.sin(q.anim_time*90*1.75)*5",0]},"hair_right9":{"rotation":[0,"0-math.sin(q.anim_time*90*1.75+60)*5",0]},"hair_right10":{"rotation":[0,"0-math.sin(q.anim_time*90*1.75+90)*5",0]},"hair_right11":{"rotation":[0,"0-math.sin(q.anim_time*90*1.75+120)*7.5",0]},"hair_right1":{"rotation":[0,"0-math.sin(q.anim_time*90*1.75+60)*7.5",0]},"wing_left":{"rotation":[0,0,"0-math.sin(q.anim_time*90*1.75)*25"],"position":[1,0,0]},"wing_left2":{"rotation":[0,0,"0-math.sin(q.anim_time*90*1.75-15)*10"],"position":[0.25,0,0]},"wing_left3":{"rotation":[0,0,"0-math.sin(q.anim_time*90*1.75-30)*15"]},"wing_right":{"rotation":[0,0,"0+math.sin(q.anim_time*90*1.75)*25"],"position":[-1,0,0]},"wing_right2":{"rotation":[0,0,"0+math.sin(q.anim_time*90*1.75-15)*10"]},"wing_right3":{"rotation":[0,0,"0+math.sin(q.anim_time*90*1.75-30)*15"]},"tail":{"rotation":["0-math.sin(q.anim_time*90*1.75-30)*7.5",0,0]},"leg_right":{"rotation":["0-math.sin(q.anim_time*90*1.75-30)*7.5",0,"0+math.sin(q.anim_time*90*0.875-30)*7.5"]},"leg_left":{"rotation":["0-math.sin(q.anim_time*90*1.75-30)*7.5",0,"0+math.sin(q.anim_time*90*0.875-30)*7.5"]}}},"animation.altaria.ground_walk":{"loop":true,"bones":{"wing_right":{"rotation":[90,"80-math.sin(q.anim_time*90*6-40)*3",0],"position":[0,-0.5,-1]},"wing_right2":{"rotation":[0,"-30+math.sin(q.anim_time*90*6-20+180)*1.5",0]},"wing_right3":{"rotation":[-5.20853,"44.7724+math.sin(q.anim_time*90*6-40+180)*2",-7.21525]},"wing_left":{"rotation":[90,"-80+math.sin(q.anim_time*90*6-40)*3",0],"position":[0,-0.5,-1]},"wing_left2":{"rotation":[0,"30+math.sin(q.anim_time*90*6-20)*1.5",0]},"wing_left3":{"rotation":[-5.20853,"-44.7724+math.sin(q.anim_time*90*6-40)*2",7.21525]},"tail_left2":{"rotation":["2.5+math.sin(q.anim_time*90*6-50+180)*3","math.sin(q.anim_time*90*3-40+180)*1",0]},"tail_right2":{"rotation":["2.5+math.sin(q.anim_time*90*6-50+180)*3","math.sin(q.anim_time*90*3-40+180)*1",0]},"hair":{"rotation":["0+math.sin(q.anim_time*90*6-95+180)*3",0,0]},"hair2":{"rotation":["0+math.sin(q.anim_time*90*6-85+180)*5",0,0]},"hair_left":{"rotation":["0+math.sin(q.anim_time*90*6-90+180)*4",0,0]},"hair_right":{"rotation":["0+math.sin(q.anim_time*90*6-90+180)*4",0,0]},"hair_left2":{"rotation":["0+math.sin(q.anim_time*90*6-85+180)*3",0,0]},"hair_right2":{"rotation":["0+math.sin(q.anim_time*90*6-85+180)*3",0,0]},"toe_inner_left":{"rotation":["-1.5203+math.clamp(math.sin(query.anim_time*90*3*-1-300)*29.5,-27,0)+math.clamp(math.sin(query.anim_time*90*3*-1-300)*30,-0,27.5)",7.13182,-4.77156]},"toe_outer_left":{"rotation":["-1.5203+math.clamp(math.sin(query.anim_time*90*3*-1-300)*29.5,-27,0)+math.clamp(math.sin(query.anim_time*90*3*-1-300)*30,-0,27.5)",-7.13182,4.77156]},"toe_inner_right":{"rotation":["-1.3208+math.clamp(math.sin(query.anim_time*90*3*-1-300+180)*29.5,-27,0)+math.clamp(math.sin(query.anim_time*90*3*-1-300+180)*30,-0,27.5)",-2.79056,4.67594]},"toe_outer_right":{"rotation":["-1.3208+math.clamp(math.sin(query.anim_time*90*3*-1-300+180)*29.5,-27,0)+math.clamp(math.sin(query.anim_time*90*3*-1-300+180)*30,-0,27.5)",2.79056,-4.67594]},"foot_left":{"rotation":["-7.5+math.clamp(math.sin(query.anim_time*90*3*-1-175)*7.5,-7.5,0)+math.clamp(math.sin(query.anim_time*90*3*-1-175)*22.5,-0,20)",0,0]},"toe_back_left":{"rotation":["0+math.clamp(math.sin(query.anim_time*90*3*-1-300)*27.5,-0,25)+math.clamp(math.sin(query.anim_time*90*3*-1-300)*22.5,-20,0)",0,0]},"claw_back_left":{"rotation":["0+math.clamp(math.sin(query.anim_time*90*3*-1-330)*15,-12.5,0)",0,0]},"claw_inner_left":{"rotation":["0+math.clamp(math.sin(query.anim_time*90*3*-1-330)*15,-0,12.5)",0,0]},"toe_middle_left":{"rotation":["0+math.clamp(math.sin(query.anim_time*90*3*-1-300)*29.5,-27,0)+math.clamp(math.sin(query.anim_time*90*3*-1-300)*30,-0,27.5)",0,0]},"claw_middle_left":{"rotation":["0+math.clamp(math.sin(query.anim_time*90*3*-1-330)*15,-0,12.5)",0,0]},"claw_outer_left":{"rotation":["0+math.clamp(math.sin(query.anim_time*90*3*-1-330)*15,-0,12.5)",0,0]},"foot_right":{"rotation":["-7.5+math.clamp(math.sin(query.anim_time*90*3*-1-175+180)*7.5,-7.5,0)+math.clamp(math.sin(query.anim_time*90*3*-1-175+180)*22.5,-0,20)",0,0]},"toe_back_right":{"rotation":["0+math.clamp(math.sin(query.anim_time*90*3*-1-300+180)*27.5,-0,25)+math.clamp(math.sin(query.anim_time*90*3*-1-300+180)*22.5,-20,0)",0,0]},"claw_back_right":{"rotation":["0+math.clamp(math.sin(query.anim_time*90*3*-1-330+180)*15,-12.5,0)",0,0]},"claw_inner_right":{"rotation":["0+math.clamp(math.sin(query.anim_time*90*3*-1-330+180)*15,-0,12.5)",0,0]},"toe_middle_right":{"rotation":["0+math.clamp(math.sin(query.anim_time*90*3*-1-300+180)*29.5,-27,0)+math.clamp(math.sin(query.anim_time*90*3*-1-300+180)*30,-0,27.5)",0,0]},"claw_middle_right":{"rotation":["0+math.clamp(math.sin(query.anim_time*90*3*-1-330+180)*15,-0,12.5)",0,0]},"claw_outer_right":{"rotation":["0+math.clamp(math.sin(query.anim_time*90*3*-1-330+180)*15,-0,12.5)",0,0]},"body":{"position":[0,"0+math.clamp(math.sin(query.anim_time*90*6*-1-30)*1,-0,1)+math.clamp(math.sin(query.anim_time*90*6*-1-30)*1,-0.9,0)",0]},"torso":{"rotation":["7.5+math.sin(q.anim_time*90*6+0+180)*2","math.sin(q.anim_time*90*3-60+180)*2.5","math.sin(q.anim_time*90*3+0)*2.5"]},"neck":{"rotation":["-5+math.sin(q.anim_time*90*6-20+180)*3","0+math.sin(q.anim_time*90*3-80)*1.25","0+math.sin(q.anim_time*90*3-25+180)*3"]},"head":{"rotation":["2.5+math.sin(q.anim_time*90*6-40)*3",0,"math.sin(q.anim_time*90*3-50)*0.25"]},"right_leg":{"rotation":["0+math.clamp(math.sin(query.anim_time*90*3*-1-50+180)*17.5,-17.5,0)+math.clamp(math.sin(query.anim_time*90*3*-1-50+180)*22.5,-0,20)",0,0],"position":[0,"0+math.clamp(math.sin(query.anim_time*90*3*-1-60+180)*1,0.3,1)","-3-math.sin(q.anim_time*90*3-80)*2"]},"left_leg":{"rotation":["0+math.clamp(math.sin(query.anim_time*90*3*-1-50)*17.5,-17.5,0)+math.clamp(math.sin(query.anim_time*90*3*-1-50)*22.5,-0,20)",0,0],"position":[0,"0+math.clamp(math.sin(query.anim_time*90*3*-1-60)*1,0.3,1)","-3+math.sin(q.anim_time*90*3-80)*2"]},"tail":{"rotation":[50,0,0]},"tail_right":{"rotation":["2.5+math.sin(q.anim_time*90*6-25+180)*2","math.sin(q.anim_time*90*3-20+180)*0.75",0]},"tail_left":{"rotation":["2.5+math.sin(q.anim_time*90*6-25+180)*2","math.sin(q.anim_time*90*3-20+180)*0.75",0]},"right_leg2":{"rotation":["0+math.clamp(math.sin(query.anim_time*90*3*-1-150+180)*35.5,-32.5,0)+math.clamp(math.sin(query.anim_time*90*3*-1-150+180)*17.5,-0,15)",0,0]}}},"animation.altaria.air_pose":{"loop":true,"bones":{"neck":{"rotation":[15,0,0]},"head":{"rotation":[-15,0,0]},"feather_right":{"rotation":[-40,-10,-10]},"feather_right_bend":{"rotation":[-50,0,0]},"feather_right_end":{"rotation":[-37.5,0,0]},"feather_left":{"rotation":[-40,10,10]},"feather_left_bend":{"rotation":[-50,0,0]},"feather_left_end":{"rotation":[-37.5,0,0]},"right_foot":{"rotation":[25,10,0]},"left_foot":{"rotation":[25,-10,0]},"right_leg":{"rotation":[25,0,0]},"right_toes":{"rotation":[30,0,0]},"left_leg":{"rotation":[25,0,0]},"left_toes":{"rotation":[30,0,0]},"tail":{"rotation":[12.5,0,0]},"feather_left_tip":{"rotation":[60,0,0]},"feather_right_tip":{"rotation":[60,0,0]},"tail_left":{"rotation":[-37.5,15,0]},"tail_left_bend":{"rotation":[17.5,0,0]},"tail_left_end":{"rotation":[32.5,0,0]},"tail_right":{"rotation":[-37.5,-15,0]},"tail_right_bend":{"rotation":[17.5,0,0]},"tail_right_end":{"rotation":[32.5,0,0]},"tail_mid":{"rotation":[-42.5,0,0]},"tail_mid_bend":{"rotation":[17.5,0,0]},"tail_mid_end":{"rotation":[15,0,0]},"tail_mid_right":{"rotation":[-42.5,-5,0]},"tail_mid_right_bend":{"rotation":[17.5,0,0]},"tail_mid_right_end":{"rotation":[15,0,0]},"tail_mid_left":{"rotation":[-42.5,5,0]},"tail_mid_left_bend":{"rotation":[17.5,0,0]},"tail_mid_left_end":{"rotation":[15,0,0]}}},"animation.altaria.cry":{"animation_length":1},"animation.altaria.blink":{"animation_length":0.20833,"bones":{"right_eye_closed":{"position":{"0.0":[0,0,-0.1],"0.125":[0,0,-0.1],"0.2083":[0,0,0]}},"left_eye_closed":{"position":{"0.0":[0,0,-0.1],"0.125":[0,0,-0.1],"0.2083":[0,0,0]}}}}}}