{
	"format_version": "1.8.0",
	"animations": {
		"animation.altaria_mega.air_idle": {
			"loop": true,
			"animation_length": 2,
			"bones": {
				"body": {
					"rotation": [10, 0, 0],
					"position": [0, "8 - 0.5 * math.sin(q.anim_time * 6 * 30)", 0]
				},
				"neck": {
					"rotation": ["-7.5 + 2.5 * math.sin(q.anim_time * 6 * 30 - 30)", 0, 0]
				},
				"right_arm": {
					"rotation": [-10, 0, "10 + 10 * math.cos(q.anim_time * 6 * 30 - 30)"]
				},
				"right_elbow": {
					"rotation": [0, 0, "7.5 * math.cos(q.anim_time * 6 * 30 - 105)"]
				},
				"left_arm": {
					"rotation": [-10, 0, "- 10 - 10 * math.cos(q.anim_time * 6 * 30 - 30)"]
				},
				"left_elbow": {
					"rotation": [0, 0, "-7.5 * math.cos(q.anim_time * 6 * 30 - 105)"]
				},
				"cloud_cape": {
					"rotation": ["2.5 * math.sin(q.anim_time * 6 * 30)", 0, 0]
				},
				"right_bottom_cloud": {
					"rotation": [45, "-20 - 3.5 * math.sin(q.anim_time * 6 * 30 - 15)", -35]
				},
				"right__bottom_cloud_bend": {
					"rotation": [0, "5 * math.cos(q.anim_time * 6 * 30 - 35)", 0]
				},
				"left_bottom_cloud": {
					"rotation": [-45, "20 + 3.5 * math.sin(q.anim_time * 6 * 30 - 15)", 35]
				},
				"left_bottom_cloud_bend": {
					"rotation": [0, "- 5 * math.cos(q.anim_time * 6 * 30 - 35)", 0]
				},
				"right_cloud": {
					"rotation": [0, "-20 - 3.5 * math.sin(q.anim_time * 6 * 30 - 15)", 0]
				},
				"right_cloud_bend": {
					"rotation": [0, "5 * math.cos(q.anim_time * 6 * 30 - 35)", 0]
				},
				"left_cloud": {
					"rotation": [0, "20 + 3.5 * math.sin(q.anim_time * 6 * 30 - 15)", 0]
				},
				"left_cloud_bend": {
					"rotation": [0, "-2.5 - 5 * math.cos(q.anim_time * 6 * 30 - 35)", 0]
				},
				"cloud": {
					"rotation": [0, "20 + 3.5 * math.sin(q.anim_time * 6 * 30 - 15)", -90]
				},
				"cloud_bend": {
					"rotation": [0, "- 5 * math.cos(q.anim_time * 6 * 30 - 35)", 0]
				},
				"right_leg": {
					"rotation": ["22.5 + 5 * math.cos(q.anim_time * 6 * 30 - 40)", 0, 0]
				},
				"left_leg": {
					"rotation": ["22.5 + 5 * math.cos(q.anim_time * 6 * 30 - 50)", 0, 0]
				},
				"tail": {
					"rotation": ["5 * math.sin(q.anim_time * 6 * 30)", 0, 0]
				},
				"tail_right_bend": {
					"rotation": ["2.5 * math.sin(q.anim_time * 6 * 30 - 60)", -7.5, 0]
				},
				"tail_right_end": {
					"rotation": ["5 * math.sin(q.anim_time * 6 * 30 - 120)", -2.5, 0]
				},
				"tail_left_bend": {
					"rotation": ["2.5 * math.sin(q.anim_time * 6 * 30 - 60)", 7.5, 0]
				},
				"tail_left_end": {
					"rotation": ["5 * math.sin(q.anim_time * 6 * 30 - 120)", 2.5, 0]
				},
				"tail_mid": {
					"rotation": [0, 0, 0]
				},
				"tail_mid_bend": {
					"rotation": ["2.5 * math.sin(q.anim_time * 6 * 30 - 60)", 0, 0]
				},
				"tail_mid_end": {
					"rotation": ["5 * math.sin(q.anim_time * 6 * 30 - 120)", 0, 0]
				},
				"tail_mid_tip": {
					"rotation": ["7.5 * math.sin(q.anim_time * 6 * 30 - 180)", 0, 0]
				},
				"tail_mid_right_bend": {
					"rotation": ["2.5 * math.sin(q.anim_time * 6 * 30 - 60)", -2.5, 0]
				},
				"tail_mid_right_end": {
					"rotation": ["5 * math.sin(q.anim_time * 6 * 30 - 120)", 0, 0]
				},
				"tail_mid_right_tip": {
					"rotation": ["7.5 * math.sin(q.anim_time * 6 * 30 - 180)", 0, 0]
				},
				"tail_mid_left_bend": {
					"rotation": ["2.5 * math.sin(q.anim_time * 6 * 30 - 60)", 2.5, 0]
				},
				"tail_mid_left_end": {
					"rotation": ["5 * math.sin(q.anim_time * 6 * 30 - 120)", 0, 0]
				},
				"tail_mid_left_tip": {
					"rotation": ["7.5 * math.sin(q.anim_time * 6 * 30 - 180)", 0, 0]
				}
			}
		},
		"animation.altaria_mega.air_fly": {
			"loop": true,
			"animation_length": 1.3333,
			"bones": {
				"body": {
					"rotation": [10, 0, 0],
					"position": [0, "8 - 0.5 * math.sin(q.anim_time * 6 * 45)", "0.5 * math.sin(q.anim_time * 6 * 45)"]
				},
				"neck": {
					"rotation": ["-7.5 + 2.5 * math.sin(q.anim_time * 6 * 45 - 30)", 0, 0]
				},
				"right_arm": {
					"rotation": [15, 0, "12.5 * math.cos(q.anim_time * 6 * 45 - 30)"]
				},
				"right_elbow": {
					"rotation": [0, 0, "7.5 * math.cos(q.anim_time * 6 * 45 - 75)"]
				},
				"left_arm": {
					"rotation": [15, 0, "-12.5 * math.cos(q.anim_time * 6 * 45 - 30)"]
				},
				"left_elbow": {
					"rotation": [0, 0, "-7.5 * math.cos(q.anim_time * 6 * 45 - 75)"]
				},
				"cloud_cape": {
					"rotation": ["2.5 * math.sin(q.anim_time * 6 * 45)", 0, 0]
				},
				"right_bottom_cloud": {
					"rotation": [45, "-15 - 5 * math.sin(q.anim_time * 6 * 45 - 15)", -35]
				},
				"right__bottom_cloud_bend": {
					"rotation": [0, "5 * math.cos(q.anim_time * 6 * 45 - 35)", 0]
				},
				"left_bottom_cloud": {
					"rotation": [-45, "15 + 5 * math.sin(q.anim_time * 6 * 45 - 15)", 35]
				},
				"left_bottom_cloud_bend": {
					"rotation": [0, "- 5 * math.cos(q.anim_time * 6 * 45 - 35)", 0]
				},
				"right_cloud": {
					"rotation": [0, "-15 - 5 * math.sin(q.anim_time * 6 * 45 - 15)", 0]
				},
				"right_cloud_bend": {
					"rotation": [0, "5 * math.cos(q.anim_time * 6 * 45 - 35)", 0]
				},
				"left_cloud": {
					"rotation": [0, "15 + 5 * math.sin(q.anim_time * 6 * 45 - 15)", 0]
				},
				"left_cloud_bend": {
					"rotation": [0, "-2.5 - 5 * math.cos(q.anim_time * 6 * 45 - 35)", 0]
				},
				"cloud": {
					"rotation": [0, "15 + 5 * math.sin(q.anim_time * 6 * 45 - 15)", -90]
				},
				"cloud_bend": {
					"rotation": [0, "- 5 * math.cos(q.anim_time * 6 * 45 - 35)", 0]
				},
				"right_leg": {
					"rotation": ["22.5 + 5 * math.cos(q.anim_time * 6 * 45 - 40)", 0, 0]
				},
				"left_leg": {
					"rotation": ["22.5 + 5 * math.cos(q.anim_time * 6 * 45 - 50)", 0, 0]
				},
				"tail": {
					"rotation": ["5 * math.sin(q.anim_time * 6 * 45)", 0, 0]
				},
				"tail_right_bend": {
					"rotation": ["2.5 * math.sin(q.anim_time * 6 * 45 - 60)", -7.5, 0]
				},
				"tail_right_end": {
					"rotation": ["5 * math.sin(q.anim_time * 6 * 45 - 120)", -2.5, 0]
				},
				"tail_left_bend": {
					"rotation": ["2.5 * math.sin(q.anim_time * 6 * 45 - 60)", 7.5, 0]
				},
				"tail_left_end": {
					"rotation": ["5 * math.sin(q.anim_time * 6 * 45 - 120)", 2.5, 0]
				},
				"tail_mid": {
					"rotation": [0, 0, 0]
				},
				"tail_mid_bend": {
					"rotation": ["2.5 * math.sin(q.anim_time * 6 * 45 - 60)", 0, 0]
				},
				"tail_mid_end": {
					"rotation": ["5 * math.sin(q.anim_time * 6 * 45 - 120)", 0, 0]
				},
				"tail_mid_tip": {
					"rotation": ["7.5 * math.sin(q.anim_time * 6 * 45 - 180)", 0, 0]
				},
				"tail_mid_right_bend": {
					"rotation": ["2.5 * math.sin(q.anim_time * 6 * 45 - 60)", -2.5, 0]
				},
				"tail_mid_right_end": {
					"rotation": ["5 * math.sin(q.anim_time * 6 * 45 - 120)", 0, 0]
				},
				"tail_mid_right_tip": {
					"rotation": ["7.5 * math.sin(q.anim_time * 6 * 45 - 180)", 0, 0]
				},
				"tail_mid_left_bend": {
					"rotation": ["2.5 * math.sin(q.anim_time * 6 * 45 - 60)", 2.5, 0]
				},
				"tail_mid_left_end": {
					"rotation": ["5 * math.sin(q.anim_time * 6 * 45 - 120)", 0, 0]
				},
				"tail_mid_left_tip": {
					"rotation": ["7.5 * math.sin(q.anim_time * 6 * 45 - 180)", 0, 0]
				},
				"right_foot": {
					"rotation": ["6.5 * math.cos(q.anim_time * 6 * 45 - 65)", 0, 0]
				},
				"left_foot": {
					"rotation": ["6.5 * math.cos(q.anim_time * 6 * 45 - 65)", 0, 0]
				}
			}
		},
		"animation.altaria_mega.test": {
			"loop": true,
			"bones": {
				"body": {
					"position": [0, 0, "-q.anim_time * 90 * 0.2"]
				}
			}
		},
		"animation.altaria_mega.blink": {
			"animation_length": 0.1667,
			"bones": {
				"right_eye_closed": {
					"position": {
						"0.0": [0, 0, -0.1],
						"0.125": [0, 0, -0.1],
						"0.1667": [0, 0, 0]
					}
				},
				"left_eye_closed": {
					"position": {
						"0.0": [0, 0, -0.1],
						"0.125": [0, 0, -0.1],
						"0.1667": [0, 0, 0]
					}
				}
			}
		},
		"animation.altaria_mega.cry": {
			"animation_length": 4.25,
			"bones": {
				"arceus": {
					"rotation": {
						"0.0": [0, 0, 0],
						"3.0": [7.5, 0, 0]
					},
					"position": {
						"0.0": [0, 0, 0],
						"3.0": [0, -2.1, 0]
					}
				},
				"front_leg_left": {
					"rotation": {
						"0.0": [-15, 0, 0],
						"2.75": [-44.37, 0, 0],
						"3.0": [-22.5, 0, 0],
						"4.0": [-53.5, 0, 0]
					},
					"position": [0, 0, 0]
				},
				"BottomLegFL": {
					"rotation": {
						"0.0": [15, 0, 0],
						"4.0": [60, 0, 0]
					},
					"position": [0, 0, 0]
				},
				"front_leg_right": {
					"rotation": {
						"0.0": [2.5, 0, 0],
						"3.0": [-7.5, 0, 0],
						"4.0": [-27.5, 0, 0]
					},
					"position": [0, 0, 0]
				},
				"bottomLegFR": {
					"rotation": {
						"0.0": [7.5, 0, 0],
						"3.0": [20, 0, 0],
						"4.0": [46, 0, 0]
					},
					"position": [0, 0, 0]
				},
				"tail_piece_1": {
					"rotation": {
						"0.0": [0, 0, 0],
						"1.0": [7.5, 0, 0],
						"4.0": [-7.5, 0, 0]
					},
					"position": [0, 0, 0]
				},
				"tail_piece_2": {
					"rotation": {
						"0.0": [0, 0, 0],
						"1.0": [7.5, 0, 0],
						"4.0": [-12.5, 0, 0]
					},
					"position": [0, 0, 0]
				},
				"tail_piece_3": {
					"rotation": {
						"0.0": [0, 0, 0],
						"1.0": [10, 0, 0],
						"4.0": [-5, 0, 0]
					},
					"position": [0, 0, 0]
				},
				"ring": {
					"rotation": [0, 0, 0],
					"position": [0, 0, 0]
				},
				"back_leg_left": {
					"rotation": {
						"0.0": [5, 0, 0],
						"3.0": [-5, 0, 0]
					},
					"position": [0, 0, 0]
				},
				"BottomLegBL": {
					"rotation": [-5, 0, 0],
					"position": [0, 0, 0]
				},
				"back_leg_right": {
					"rotation": [5, 0, 0],
					"position": [0, 0, 0]
				},
				"BottomLegBR": {
					"rotation": [-5, 0, 0],
					"position": [0, 0, 0]
				},
				"neck_upper": {
					"rotation": {
						"0.0": [0, 0, 0],
						"4.0": [20, 0, 0]
					},
					"position": [0, 0, 0]
				},
				"head_tail": {
					"rotation": {
						"0.0": [0, 0, 0],
						"1.0": [15, 0, 0]
					},
					"position": {
						"0.0": [0, 0, 0],
						"1.0": [0, 0, -1.1]
					}
				},
				"head_tail_2": {
					"rotation": {
						"0.0": [0, 0, 0],
						"1.0": [12.5, 0, 0]
					},
					"position": {
						"0.0": [0, 0, 0],
						"1.0": [0, 0, -0.8]
					}
				},
				"head_tail_3": {
					"rotation": {
						"0.0": [0, 0, 0],
						"1.0": [10, 0, 0]
					},
					"position": {
						"0.0": [0, 0, 0],
						"1.0": [0, 0, -0.5]
					}
				},
				"head_tail_4": {
					"rotation": {
						"0.0": [0, 0, 0],
						"1.0": [10, 0, 0]
					},
					"position": [0, 0, 0]
				},
				"torso": {
					"rotation": [0, 0, 0],
					"position": [0, 0, 0]
				},
				"neck": {
					"rotation": [0, 0, 0],
					"position": [0, 0, 0]
				},
				"head": {
					"rotation": {
						"0.0": [0, 0, 0],
						"1.0": [-47.5, 0, 0],
						"2.0": [-67.5, 0, 0],
						"4.0": [30, 0, 0]
					},
					"position": {
						"0.0": [0, 0, 0],
						"4.0": [0, -2.1, 0.6]
					}
				},
				"tail": {
					"rotation": {
						"0.0": [0, 0, 0],
						"1.0": [15, 0, 0],
						"2.0": [62.5, 0, 0],
						"4.0": [-10, 0, 0]
					},
					"position": [0, 0, 0]
				}
			},
			"sound_effects": {
				"0.0": {
					"effect": "pokemon.altaria.cry"
				}
			}
		}
	}
}