{"format_version":"1.8.0","animations":{"animation.ampharos_mega.ground_idle":{"loop":true,"bones":{"chest":{"rotation":["2.5+math.cos(q.anim_time*90*2+90)*0.5",0,0]},"arm_left":{"rotation":[0,"-(math.sin(q.anim_time*90*2+180)*8)","40+math.sin(q.anim_time*90*4+90)*2"]},"arm_left2":{"rotation":[0,"10+math.cos(q.anim_time*90*2+240)*4",0]},"hand_left":{"rotation":[0,0,"10+math.cos(q.anim_time*90*1+90)*0.5"]},"arm_right":{"rotation":[0,"math.sin(q.anim_time*90*2+180)*8","-40+math.sin(q.anim_time*90*4+90)*-2"]},"arm_right2":{"rotation":[0,"-10+math.sin(q.anim_time*90*2+240)*4",0]},"hand_right":{"rotation":[0,0,"-10+math.cos(q.anim_time*90*1+90)*0.5"]},"neck":{"rotation":[0,0,0],"position":[0,0,0]},"head":{"rotation":["12.5+math.cos(q.anim_time*90*2+180)*1.5",0,0],"position":[0,"math.sin(q.anim_time*90*2+180)*0.05",0]},"tail":{"rotation":["1+math.sin(q.anim_time*90*2+140)*1.5","math.sin(q.anim_time*90*1+250)*6",0]},"tail2":{"rotation":["5+math.sin(q.anim_time*90*2+140)*1.5 ","math.sin(q.anim_time*90*1+140)*5",0]},"tail3":{"rotation":["1+math.sin(q.anim_time*90*2+90)*1","math.sin(q.anim_time*90*1+90)*5",0]},"tail4":{"rotation":[1,0,0]},"tail_end_unlit":{"rotation":["1-math.sin(q.anim_time*90*2+240)*5",0,0]},"leg_left":{"rotation":[0,"-10+math.sin(q.anim_time*90*2+140)*1",0],"position":[0,"math.sin(q.anim_time*90*2+140)*0.1",0]},"leg_right":{"rotation":[0,"10+math.sin(q.anim_time*90*2+140)*1",0],"position":[0,"math.sin(q.anim_time*90*2+140)*0.1",0]},"torso":{"position":[0,"math.sin(q.anim_time*90*2+90)*0.1","math.sin(q.anim_time*90*2+180)*0.05"]},"neck2":{"rotation":["2+math.sin(q.anim_time*90*2+90)*0.5 ",0,0]},"ear_left":{"rotation":["math.sin(q.anim_time*90*2+90)*0.1",0,"math.sin(q.anim_time*90*2+180)*1.5"]},"ear_right":{"rotation":["math.sin(q.anim_time*90*2+90)*0.1",0,"-(math.sin(q.anim_time*90*2+180)*1.5)"]},"leg_left2":{"position":[0,"-math.sin(q.anim_time*90*2+140)*0.1",0]},"foot_left":{"rotation":[0,"-math.sin(q.anim_time*90*2+140)*1",0],"position":["-math.sin(q.anim_time*90*2+140)*0.04",0,0]},"leg_right2":{"position":[0,"-math.sin(q.anim_time*90*2+140)*0.1",0]},"foot_right":{"rotation":[0,"NaN-math.sin(q.anim_time*90*2+140)*1",0],"position":["NaN-math.sin(q.anim_time*90*2+140)*0.04",0,0]}}},"animation.ampharos_mega.battle_idle":{"loop":true,"animation_length":2,"bones":{"chest":{"rotation":["-0.5+math.cos(query.anim_time*360-30)*1",0,"0-math.sin(query.anim_time*180-15)*5/2"]},"arm_left":{"rotation":[0,"-(((math.sin((query.anim_time-0.25)*180)*15)))","35+math.cos((query.anim_time-0.2)*180)*5"]},"arm_left2":{"rotation":[0,"-(((math.sin((query.anim_time-0.2)*180)*0.1)))","-13.1173+math.cos((query.anim_time-0.4)*180)*8"]},"hand_left":{"rotation":[0,"-(math.sin(q.anim_time*180+180)*0.5)","-10.0039-math.cos((query.anim_time-0.6)*180)*13"]},"arm_right":{"rotation":[0,"math.sin((query.anim_time-0.25)*180)*-15","-35+math.cos((query.anim_time-0.2)*180)*-5"]},"arm_right2":{"rotation":[0,"((math.sin((query.anim_time-0.2)*180)*0.1))","13.1173+math.cos((query.anim_time-0.4)*180)*8"]},"hand_right":{"rotation":[0,"math.sin(q.anim_time*180+180)*0.5","10.0039-math.cos((query.anim_time-0.6)*180)*13"]},"neck":{"rotation":["math.cos(query.anim_time*360-60)*2",0,"math.sin(query.anim_time*180-30)*2"],"position":[0,0,0]},"head":{"rotation":["15+math.cos(query.anim_time*360-260)*13/2",0,"math.sin(query.anim_time*180-90)*15/2"]},"tail":{"rotation":[2,"math.sin(query.anim_time*180-90)*2",0]},"tail2":{"rotation":[5.9642,"math.sin(query.anim_time*180-110)*5",0]},"tail3":{"rotation":[7.5,"math.sin(query.anim_time*180-130)*6",0]},"tail4":{"rotation":[1,"math.sin(query.anim_time*180-180)*10",0]},"tail_end_unlit":{"rotation":[4.3301,"math.sin(query.anim_time*180-190)*10",0]},"leg_left":{"rotation":[0,-9.35721,0],"position":[0,"0.5643-math.cos(query.anim_time*360)*0.5",0]},"leg_right":{"rotation":[0,9.35721,0],"position":[0,"0.5643-math.cos(query.anim_time*360)*0.5",0]},"torso":{"rotation":["2.5-math.cos(query.anim_time*360)*1.5","-math.sin(query.anim_time*180-50)*2.5","-math.sin(query.anim_time*180)*2.5"],"position":[0,"0.1-math.cos(query.anim_time*360-50)*0.5",-0.7]},"neck2":{"rotation":["math.cos(query.anim_time*360-60)*2",0,"math.sin(query.anim_time*180-30)*2"]},"ear_left":{"rotation":["0.1+math.cos(query.anim_time*180-90)*4",0,"-math.cos(query.anim_time*360-90)*4"]},"ear_right":{"rotation":["0.1+math.cos(query.anim_time*180-90)*4",0,"math.cos(query.anim_time*360-90)*4"]},"leg_left2":{"position":[0,-0.06428,0]},"foot_left":{"rotation":["5-math.cos(query.anim_time*360)*5",-0.64279,0]},"leg_right2":{"position":[0,-0.06428,0]},"foot_right":{"rotation":["5-math.cos(query.anim_time*360)*5",0.64279,0]},"toe_pivot_rotate":{"rotation":[0,0,0]},"toe_pivot":{"rotation":["math.cos(query.anim_time*360+60)*2.5",0,0],"position":[0,0,"math.cos(query.anim_time*360)*0.135"]},"chest2":{"rotation":["math.cos(query.anim_time*360-60)*3/2",0,"math.sin(query.anim_time*180-30)*5/2"]}}},"animation.ampharos_mega.faint":{"loop":true,"animation_length":3,"bones":{"chest":{"rotation":{"0.0":[2.5,0,0],"0.7917":[2.5,0,0],"0.875":["2.5-math.cos(query.anim_time*720)*5",0,"-math.sin(query.anim_time*720)*5"],"1.6667":[2.5,0,0],"1.7917":[7.5,0,0],"2.0833":[5,0,0]}},"arm_left":{"rotation":{"0.0":[0,0,40],"0.0833":[0,0,45],"0.2083":[0,0,-0.83],"0.5":[0,0,-1.55],"0.625":[0,0,-4.1],"0.7917":[0,0,10],"0.9167":[0,0,"5-math.cos(query.anim_time*1200)*35"],"1.25":[0,0,"5-math.cos(query.anim_time*1200)*35"],"1.6667":[75,0,23.57769],"1.7083":[75,-25,23.58],"1.7917":[75,-31.03,23.58],"1.875":[75,24.61,23.58],"1.9167":[75,-10.3,23.58],"2.0417":[75,-2.67,28.58],"2.2083":[75,7.5,23.58],"2.4167":[80,9,23.58]}},"arm_left2":{"rotation":{"0.0":[0,8,0],"0.125":[0,6.8,16.2],"0.25":[0,5.6,-20.25],"0.5417":[0,4.8,-18.71],"0.625":[0,3.2,-22.31],"0.7917":[0,0,8],"0.9167":[0,0,"8-math.cos(query.anim_time*1200-50)*35"],"1.25":[0,0,"8-math.cos(query.anim_time*1200-50)*35"],"1.6667":[0,0,8],"1.7083":[0,0,33],"1.7917":[0,0,40.5],"1.875":[0,0,23],"1.9167":[0,0,-22],"2.0417":[0,0,17.64],"2.2083":[0,0,0.5],"2.4167":[0,0,3]}},"hand_left":{"rotation":{"0.0":[0,2,10],"0.125":[0,2,20],"0.3333":[0,2,-17.94],"0.5833":[0,2,-31.64],"0.625":[0,2,-35.81],"0.7917":[0,2,10],"0.9167":[0,0,"8-math.cos(query.anim_time*1200-50)*35"],"1.25":[0,0,"8-math.cos(query.anim_time*1200-50)*35"],"1.6667":[0,2,10],"1.7917":[0,2,17.5],"1.875":[0,2,15],"1.9167":[0,2,-22.5],"2.0417":[0,2,21.07],"2.2083":[0,2,15],"2.4167":[0,2,10]}},"arm_right":{"rotation":{"0.0":[0,0,-40],"0.0833":[0,0,-45],"0.2083":[0,0,0.83],"0.5":[0,0,1.55],"0.625":[0,0,4.1],"0.7917":[0,0,-7.5],"0.9167":[0,0,"-5-math.cos(query.anim_time*1200)*35"],"1.25":[0,0,"-5-math.cos(query.anim_time*1200)*35"],"1.6667":[75,0,-23.57769],"1.7083":[75,25,-23.58],"1.7917":[75,31.03,-23.58],"1.875":[75,-24.61,-23.58],"1.9167":[75,10.3,-23.58],"2.0417":[75,-5.9,-26.08],"2.2083":[75,-27.5,-23.58],"2.4167":[75,-30,-23.58]}},"arm_right2":{"rotation":{"0.0":[0,-8,0],"0.125":[0,-6.8,-16.2],"0.25":[0,-5.6,20.25],"0.5417":[0,-4.8,18.71],"0.625":[0,-3.2,22.31],"0.7917":[0,0,-8],"0.9167":[0,0,"-8-math.cos(query.anim_time*1200-50)*35"],"1.25":[0,0,"-8-math.cos(query.anim_time*1200-50)*35"],"1.6667":[0,0,-8],"1.7083":[0,0,-33],"1.7917":[0,0,-40.5],"1.875":[0,0,7],"1.9167":[0,0,22],"2.0417":[0,0,2.36],"2.2083":[0,0,-0.5],"2.4167":[0,0,-3]}},"hand_right":{"rotation":{"0.0":[0,-2,-10],"0.125":[0,-2,-20],"0.3333":[0,-2,17.94],"0.5833":[0,-2,31.64],"0.625":[0,-2,35.81],"0.7917":[0,-2,-10],"0.9167":[0,0,"-8-math.cos(query.anim_time*1200-50)*35"],"1.25":[0,0,"-8-math.cos(query.anim_time*1200-50)*35"],"1.6667":[0,-2,-10],"1.7917":[0,-2,-17.5],"1.875":[0,-2,17.5],"1.9167":[0,-2,30],"2.0417":[0,-2,-16.79],"2.2083":[0,-2,-15],"2.4167":[0,-2,-20]}},"neck":{"rotation":{"0.0":[10,0,0],"0.0417":[13.33,0,0],"0.125":[10,0,0],"0.2917":[-12.5,0,0],"0.4583":[-22.5,0,0],"0.75":[-27.5,0,0],"1.0417":[-27.5,0,10],"1.2083":[-27.5,0,15],"1.625":[-21.67,0,15],"1.7083":[-19.72,0,5],"1.8333":[-15,0,0],"1.9167":[-2.5,0,0],"2.125":[5,0,0]},"position":{"0.0":[0,0,0],"1.6667":[0,0,0],"1.7083":[0.00016,0.08649,-0.99625],"1.8333":[0,0.09,-1],"1.9167":[0,0,0],"2.0833":[0.00008,0.04325,-0.49813]}},"head":{"rotation":{"0.0":[11,0,0],"0.0417":[17.72,0,0],"0.1667":[-5.73,0,0],"0.8333":[-5.29,0,0],"1.0":[14.1,0,0],"1.0417":[20.2,0,0],"1.1667":[-11.5,0,0],"1.2083":[-1.5,0,0],"1.625":[-64,0,0],"1.7083":[-87.33,0,0],"1.8333":[-89,0,0],"1.9167":[-76.5,0,0],"2.125":[-110.25,0,0],"2.2917":[-86,0,0],"2.5":[-89,0,0]},"position":{"1.625":[0,0,0],"1.7083":[0.29954,0.22174,-1.68426],"1.9167":[0.37828,0.20947,-2.58023],"2.1667":[0.16993,0.21009,-1.94397]}},"tail":{"rotation":{"0.0":[5.96418,-5.63816,0],"0.125":[5.96,"-5.64+math.sin(query.anim_time*180-20)*35",0],"1.25":[5.96,-35.95089,0],"1.625":[-11.54,1.55,0],"1.6667":[-19.04,6.55,0],"1.75":["-4.4-math.cos(query.anim_time*1800)*15",6.55,0],"2.1667":["-11.9-math.cos(query.anim_time*1200)*1",0,0],"2.3333":[-0.37,6.55,0],"2.5":{"pre":[23.46,6.55,0],"post":[23.46,6.55,0],"lerp_mode":"catmullrom"},"2.625":{"post":[30.96,6.55,0],"lerp_mode":"catmullrom"},"3.0":[30.96,6.55,0]}},"tail2":{"rotation":{"0.0":[15.96418,3.21394,0],"0.125":[15.96,"3.21+math.sin(query.anim_time*180-30)*35",0],"1.25":[15.96,-27.10089,0],"1.625":[5.96,-17.1,0],"1.6667":[-9.04,-2.1,0],"1.75":["-0.47-math.cos(query.anim_time*1800)*15",-2.1,0],"2.125":["-0.47-math.cos(query.anim_time*1200)*1",0,0],"2.3333":[-2.59,-2.1,0],"2.4583":{"pre":[7.55,-2.1,0],"post":[7.55,-2.1,0],"lerp_mode":"catmullrom"},"2.5417":{"post":[25.96,-2.1,0],"lerp_mode":"catmullrom"},"2.75":[33.46,-2.1,0]}},"tail3":{"rotation":{"0.0":[20,5,0],"0.125":[20,"5+math.sin(query.anim_time*180-40)*35",0],"1.25":[20,-6.97071,0],"1.625":[12.5,0.53,0],"1.6667":[-7.5,5.53,0],"1.75":["-1.07-math.cos(query.anim_time*1800)*15",5.53,0],"2.1667":["-1.07-math.cos(query.anim_time*1200)*1",0,0],"2.3333":[-5.26,5.53,0],"2.5":{"pre":[-20.4,5.53,0],"post":[-20.4,5.53,0],"lerp_mode":"catmullrom"},"2.6667":{"post":[12.5,5.53,0],"lerp_mode":"catmullrom"},"2.9583":[17.5,5.53,0]}},"tail4":{"rotation":{"0.0":[15,0,0],"0.125":[15,"math.sin(query.anim_time*180-40)*35",0],"1.25":[15,-11.97071,0],"1.625":[7.5,-6.97,0],"1.6667":[-27.5,-6.97,0],"1.75":[-0.71,"5.53-math.cos(query.anim_time*1800)*15",0],"2.1667":[0,"5.53-math.cos(query.anim_time*1200)*1",0],"2.3333":[-10.43,0.92,0],"2.5417":[12.5,-6.97,0],"2.7917":[32.5,-6.97,0]}},"tail_end_unlit":{"rotation":{"0.0":[14.33013,0,0],"0.125":[14.33,"math.sin(query.anim_time*180-60)*35",0],"1.25":[14.33,0,0],"1.625":[9.33,5,0],"1.6667":[-18.17,5,0],"1.75":[2.19,"5-math.cos(query.anim_time*1800)*15",0],"2.1667":[0,"5-math.cos(query.anim_time*1200)*1",0],"2.3333":[-11.95,5.39,0],"2.5417":[4.33,5,0],"2.7917":[26.83,5,0]}},"leg_left":{"rotation":{"0.0":[0,-9.35721,0],"1.0417":[0,-9.36,0],"1.25":[-0.74,-9.36,0],"1.375":[2.5,-9.36,0],"1.6667":[7.5,-9.36,0],"1.75":[40,-9.36,0],"1.9167":[45,-9.36,0],"2.1667":[-2.5,-9.36,-10],"2.2083":[7.5,-9.36,-10],"2.2917":[0,-9.36,-12]},"position":[0,0.06428,0]},"leg_right":{"rotation":{"0.0":[0,10,0],"0.2083":[-47.5,10,12.5],"1.125":[-80,30,12.5],"1.1667":[-82.5,35,12.5],"1.2917":[-62.5,35,12.5],"1.625":[7.5,22.5,12.5],"1.75":[42.5,22.5,12.5],"1.9167":[15,0,0],"2.0833":[-6.25,0,10],"2.1667":[5,0,10],"2.3333":[-11.25,0,13]},"position":{"0.0":[0,0.06428,0],"0.2083":[-0.994,-0.02192,-0.62119],"1.75":[-0.994,-0.02192,-0.62119],"1.9167":[0.17365,0,-0.98481]}},"torso":{"rotation":{"0.0":[0,0,0],"0.0833":[0,0,0],"0.125":[8.7,0,0],"0.2083":["-10+math.cos(query.anim_time*360)*15",0,"-7.5+math.sin(query.anim_time*360)*15"],"0.8333":["-10+math.cos(query.anim_time*360)*15",0,"-7.5+math.sin(query.anim_time*360)*15"],"0.9583":["-10+math.cos(query.anim_time*720)*15",0,"-7.5+math.sin(query.anim_time*720)*15"],"1.25":["-10+math.cos(query.anim_time*720)*10",0,"-7.5+math.sin(query.anim_time*720)*10"],"1.625":["-10+math.cos(query.anim_time*720)*5",0,"-7.5+math.sin(query.anim_time*720)*5"],"1.75":[-12.5,0,0],"1.8333":{"pre":[2.5,0,0],"post":[2.5,0,0],"lerp_mode":"catmullrom"},"1.9167":{"post":[-2.5,0,0],"lerp_mode":"catmullrom"},"2.0833":{"post":[-2.5,0,0],"lerp_mode":"catmullrom"},"2.1667":[0,0,0]},"position":[0,0.1,0],"scale":1},"neck2":{"rotation":{"0.0":[10,0,0],"0.0417":[30.83,0,0],"0.125":[10,0,0],"0.2917":[-12.5,0,0],"0.4583":[-22.5,0,0],"0.75":[-27.5,0,0],"1.0417":[-27.5,0,10],"1.2083":[-27.5,0,15],"1.625":[-26.67,0,5],"1.7083":[-22.22,0,5],"1.8333":[-5,0,0],"1.9167":[0,0,0],"2.125":[-5,0,0]}},"ear_left":{"rotation":{"0.0":[0.1,0,0],"0.125":[0,0,"math.sin(query.anim_time*180-20)*35"],"1.25":[5.96,-35.95089,-22.49757],"1.625":[-7.5,12.5,-20],"1.7917":[57.5,12.5,-20],"1.9583":[17.5,12.5,32.5],"2.125":[45,12.5,-7.5],"2.2083":[32.5,12.5,0],"2.375":[32.5,12.5,17.5],"2.7917":[32.5,12.5,22.5]}},"ear_right":{"rotation":{"0.0":[0.1,0,0],"0.125":[0,0,"math.sin(query.anim_time*180-20)*35"],"1.25":[5.96,-35.95089,-22.49757],"1.625":[-7.5,-12.5,20],"1.7917":[57.5,-12.5,20],"1.9583":[17.5,-12.5,-32.5],"2.125":[45,-12.5,7.5],"2.2083":[32.5,-12.5,0],"2.375":[32.5,-12.5,-17.5],"2.7917":[32.5,-12.5,-22.5]}},"leg_left2":{"rotation":{"0.0":[0,0,0],"0.4583":[15,0,0],"1.0417":[7.5,0,0],"1.6667":[27.5,0,0],"2.0833":[7.5,0,0],"2.4167":[12.5,0,0]},"position":[0,-0.06428,0]},"foot_left":{"rotation":{"0.0":[0,-5,0],"1.2083":[0,-5,0],"1.25":[-5,-5,0],"1.375":[10,-5,0],"1.5":[44.38,-5,0],"1.7083":[35,-5,0],"1.75":[37.5,-5,0],"1.875":[-10,-5,0],"1.9167":[2.5,-5,0],"2.1667":[-2.5,-5,0],"2.2917":[12.5,-5,0],"2.375":[7.5,-5,0]}},"leg_right2":{"position":[0,-0.06428,0]},"body":{"rotation":{"1.4167":[0,0,0],"1.625":[20,0,0],"1.8333":[0,-10,0]},"position":{"0.9583":[0,0,0],"1.2917":[0,0,0],"1.625":[0.85505,2.59259,-4.18896],"1.75":[-0.0773,1.01156,1.77485],"1.8333":[0.34202,1.94837,0.29405],"2.1667":[0.68303,4.92767,0.35925],"2.4167":[0.68101,5.43256,0.36308]},"scale":{"1.7083":[1,1,1],"1.75":[1,1,0.8],"1.875":[1,1,1]}},"mouth_open":{"position":{"0.9583":[0,0,0],"1.0":[0,-0.1,0],"1.8333":[0,-0.1,0],"1.9167":[0,0,0],"2.0833":[0,0,0],"2.125":[0,-0.1,0],"2.4583":[0,-0.1,0],"2.5":[0,0,0]}},"eye_left":{"rotation":{"0.8333":[0,0,0],"0.9167":[-22.5,0,0],"1.7083":[-22.5,0,0],"1.75":[0,0,0]}},"eyelid_left":{"position":{"0.0":[0.1,0,0],"0.8333":[0.1,0,0],"0.9167":[0,0,0],"1.7083":[0,0,0],"1.75":[0.1,0,0]}},"eye_right":{"rotation":{"0.8333":[0,0,0],"0.9167":[-22.5,0,0],"1.7083":[-22.5,0,0],"1.75":[0,0,0]}},"eyelid_right":{"position":{"0.0":[-0.1,0,0],"0.8333":[-0.1,0,0],"0.9167":[0,0,0],"1.7083":[0,0,0],"1.75":[-0.1,0,0]}},"leg_left3":{"rotation":{"2.0833":[0,0,0],"2.2917":[15,0,0]}},"leg_right3":{"rotation":{"2.0833":[15,0,0],"2.2917":[35,0,0]}},"foot_right":{"rotation":{"0.0":[0,0,0],"0.0417":[7.5,0,0],"0.4167":[-12.5,0,0],"1.1667":[-15,0,0],"1.625":[22.5,0,0],"1.8333":[60,0,0],"2.0833":[12.5,0,0],"2.1667":[7.5,0,0]}},"toe_pivot":{"rotation":{"0.0":[0,0,0],"0.2083":{"pre":[22.5,0,17.5],"post":[22.5,0,17.5],"lerp_mode":"catmullrom"},"0.5833":{"post":[40,0,25],"lerp_mode":"catmullrom"},"0.9167":{"post":[22.5,0,15],"lerp_mode":"catmullrom"},"1.1667":{"post":[10,0,10],"lerp_mode":"catmullrom"},"1.2083":{"post":[11.67,0,10],"lerp_mode":"catmullrom"},"1.625":{"post":[30,0,10],"lerp_mode":"catmullrom"},"1.7083":{"post":[92.5,0,10],"lerp_mode":"catmullrom"},"1.7917":{"post":[100,0,10],"lerp_mode":"catmullrom"},"1.9167":{"post":[95,0,10],"lerp_mode":"catmullrom"},"2.0417":[92.5,0,10]},"position":{"0.0":[0,0,0],"1.2917":[0,0,0],"1.3333":[0,-0.5,0],"1.5417":[-0.19616,3.9763,-0.09147],"1.625":[-0.15,4.23,-0.07],"1.7083":[0,0,0],"1.7917":[0,0.5,0],"1.8333":[0,2,0],"1.9167":[0,2.45,0],"2.125":[0,-0.5,0],"2.1667":[0,0,0]},"scale":{"1.625":[1,1,1.1],"1.7083":[1,1,1],"1.7917":[1,1,0.9],"1.8333":[1,1,0.9],"1.875":[1,1,1.1],"1.9167":[1,1,1.1],"2.125":[1,1,1]}},"toe_pivot_rotate":{"rotation":{"0.0":[0,0,0],"0.2083":[0,-62.5,0],"0.5833":[0,-227.5,0],"0.7917":[0,-286.9,-0.92],"0.9167":["math.cos(query.anim_time*360)*10",-310,"-math.sin(query.anim_time*360)*10"],"1.2917":[0,-335,12.5],"1.625":[0,-360,0],"1.7083":{"pre":[0,-360,0],"post":[0,0,0]}}},"mouth_closed":{"rotation":{"0.0417":[0,0,0],"0.0833":{"pre":[0,0,0],"post":[0,-180,0]}}}}},"animation.ampharos_mega.battle_faint":{"loop":true,"animation_length":3,"bones":{"chest":{"rotation":{"0.0":[3.79904,0,-0.64705],"0.0833":[2.5,0,0],"0.875":[2.5,0,0],"0.9583":["2.5-math.cos(query.anim_time*720)*5",0,"-math.sin(query.anim_time*720)*5"],"1.7083":[2.5,0,0],"1.8333":[7.5,0,0],"2.125":[5,0,0]}},"arm_left":{"rotation":{"0.0":[0,10.6066,39.04508],"0.0833":[0,0,40],"0.1667":[0,0,45],"0.2917":[0,0,-0.83],"0.5833":[0,0,-1.55],"0.7083":[0,0,-4.1],"0.875":[0,0,10],"0.9583":[0,0,"5-math.cos(query.anim_time*1200)*35"],"1.2917":[0,0,"5-math.cos(query.anim_time*1200)*35"],"1.7083":[75,0,23.57769],"1.75":[75,-25,23.58],"1.8333":[75,-31.03,23.58],"1.9167":[75,24.61,23.58],"1.9583":[75,-10.3,23.58],"2.0833":[75,-2.67,28.58],"2.25":[75,7.5,23.58],"2.4167":[80,9,23.58]}},"arm_left2":{"rotation":{"0.0":[0,0.05878,-10.64516],"0.0833":[0,8,0],"0.2083":[0,6.8,16.2],"0.3333":[0,5.6,-20.25],"0.625":[0,4.8,-18.71],"0.7083":[0,3.2,-22.31],"0.875":[0,0,8],"0.9583":[0,0,"8-math.cos(query.anim_time*1200-50)*35"],"1.2917":[0,0,"8-math.cos(query.anim_time*1200-50)*35"],"1.7083":[0,0,8],"1.75":[0,0,33],"1.8333":[0,0,40.5],"1.9167":[0,0,23],"1.9583":[0,0,-22],"2.0833":[0,0,17.64],"2.25":[0,0,0.5],"2.4167":[0,0,3]}},"hand_left":{"rotation":{"0.0":[0,0,-5.98668],"0.0833":[0,2,10],"0.2083":[0,2,20],"0.4167":[0,2,-17.94],"0.6667":[0,2,-31.64],"0.7083":[0,2,-35.81],"0.875":[0,2,10],"0.9583":[0,0,"8-math.cos(query.anim_time*1200-50)*35"],"1.2917":[0,0,"8-math.cos(query.anim_time*1200-50)*35"],"1.7083":[0,2,10],"1.8333":[0,2,17.5],"1.9167":[0,2,15],"1.9583":[0,2,-22.5],"2.0833":[0,2,21.07],"2.25":[0,2,15],"2.4167":[0,2,10]}},"arm_right":{"rotation":{"0.0":[0,-10.6066,-30.95492],"0.0833":[0,0,-40],"0.1667":[0,0,-45],"0.2917":[0,0,0.83],"0.5833":[0,0,1.55],"0.7083":[0,0,4.1],"0.875":[0,0,-7.5],"0.9583":[0,0,"-5-math.cos(query.anim_time*1200)*35"],"1.2917":[0,0,"-5-math.cos(query.anim_time*1200)*35"],"1.7083":[75,0,-23.57769],"1.75":[75,25,-23.58],"1.8333":[75,31.03,-23.58],"1.9167":[75,-24.61,-23.58],"1.9583":[75,10.3,-23.58],"2.0833":[75,-5.9,-26.08],"2.25":[75,-27.5,-23.58],"2.4167":[75,-30,-23.58]}},"arm_right2":{"rotation":{"0.0":[0,-0.05878,15.58944],"0.0833":[0,-8,0],"0.2083":[0,-6.8,-16.2],"0.3333":[0,-5.6,20.25],"0.625":[0,-4.8,18.71],"0.7083":[0,-3.2,22.31],"0.875":[0,0,-8],"0.9583":[0,0,"-8-math.cos(query.anim_time*1200-50)*35"],"1.2917":[0,0,"-8-math.cos(query.anim_time*1200-50)*35"],"1.7083":[0,0,-8],"1.75":[0,0,-33],"1.8333":[0,0,-40.5],"1.9167":[0,0,7],"1.9583":[0,0,22],"2.0833":[0,0,2.36],"2.25":[0,0,-0.5],"2.4167":[0,0,-3]}},"hand_right":{"rotation":{"0.0":[0,0,14.02112],"0.0833":[0,-2,-10],"0.2083":[0,-2,-20],"0.4167":[0,-2,17.94],"0.6667":[0,-2,31.64],"0.7083":[0,-2,35.81],"0.875":[0,-2,-10],"0.9583":[0,0,"-8-math.cos(query.anim_time*1200-50)*35"],"1.2917":[0,0,"-8-math.cos(query.anim_time*1200-50)*35"],"1.7083":[0,-2,-10],"1.8333":[0,-2,-17.5],"1.9167":[0,-2,17.5],"1.9583":[0,-2,30],"2.0833":[0,-2,-16.79],"2.25":[0,-2,-15],"2.4167":[0,-2,-20]}},"neck":{"rotation":{"0.0":[0.75,0,-1.25],"0.0833":[10,0,0],"0.125":[13.33,0,0],"0.2083":[10,0,0],"0.375":[-12.5,0,0],"0.5417":[-22.5,0,0],"0.8333":[-27.5,0,0],"1.0833":[-27.5,0,10],"1.25":[-27.5,0,15],"1.6667":[-21.67,0,15],"1.75":[-19.72,0,5],"1.875":[-15,0,0],"1.9583":[-2.5,0,0],"2.1667":[5,0,0]},"position":{"0.0":[0,0,0],"0.0833":[0,0,0],"1.7083":[0,0,0],"1.75":[0.00016,0.08649,-0.99625],"1.875":[0,0.09,-1],"1.9583":[0,0,0],"2.125":[0.00008,0.04325,-0.49813]}},"head":{"rotation":{"0.0":[8.892,0,-5.74533],"0.0833":[11,0,0],"0.125":[17.72,0,0],"0.25":[-5.73,0,0],"0.9167":[-5.29,0,0],"1.0417":[14.1,0,0],"1.0833":[20.2,0,0],"1.2083":[-11.5,0,0],"1.25":[-1.5,0,0],"1.6667":[-64,0,0],"1.75":[-87.33,0,0],"1.875":[-89,0,0],"1.9583":[-76.5,0,0],"2.1667":[-110.25,0,0],"2.3333":[-86,0,0],"2.5":[-89,0,0]},"position":{"1.6667":[0,0,0],"1.75":[0.29954,0.22174,-1.68426],"1.9583":[0.37828,0.20947,-2.58023],"2.2083":[0.16993,0.21009,-1.94397]}},"tail":{"rotation":{"0.0":[8.46418,-12.5,0],"0.0833":[5.96418,-5.63816,0],"0.2083":[5.96,"-5.64+math.sin(query.anim_time*180-20)*35",0],"1.2917":[5.96,-35.95089,0],"1.6667":[-11.54,1.55,0],"1.7083":[-19.04,6.55,0],"1.7917":["-4.4-math.cos(query.anim_time*1800)*15",6.55,0],"2.2083":["-11.9-math.cos(query.anim_time*1200)*1",0,0],"2.3333":[-0.37,6.55,0],"2.5417":{"pre":[23.46,6.55,0],"post":[23.46,6.55,0],"lerp_mode":"catmullrom"},"2.7083":{"post":[30.96,6.55,0],"lerp_mode":"catmullrom"},"3.0":[30.96,6.55,0]}},"tail2":{"rotation":{"0.0":[15.96418,-11.74616,0],"0.0833":[15.96418,3.21394,0],"0.2083":[15.96,"3.21+math.sin(query.anim_time*180-30)*35",0],"1.2917":[15.96,-27.10089,0],"1.6667":[5.96,-17.1,0],"1.7083":[-9.04,-2.1,0],"1.7917":["-0.47-math.cos(query.anim_time*1800)*15",-2.1,0],"2.1667":["-0.47-math.cos(query.anim_time*1200)*1",0,0],"2.3333":[-2.59,-2.1,0],"2.4583":{"pre":[7.55,-2.1,0],"post":[7.55,-2.1,0],"lerp_mode":"catmullrom"},"2.5417":{"post":[25.96,-2.1,0],"lerp_mode":"catmullrom"},"2.75":[33.46,-2.1,0]}},"tail3":{"rotation":{"0.0":[27.5,-10.82532,0],"0.0833":[20,5,0],"0.2083":[20,"5+math.sin(query.anim_time*180-40)*35",0],"1.2917":[20,-6.97071,0],"1.6667":[12.5,0.53,0],"1.7083":[-7.5,5.53,0],"1.7917":["-1.07-math.cos(query.anim_time*1800)*15",5.53,0],"2.2083":["-1.07-math.cos(query.anim_time*1200)*1",0,0],"2.3333":[-5.26,5.53,0],"2.4583":{"pre":[-20.4,5.53,0],"post":[-20.4,5.53,0],"lerp_mode":"catmullrom"},"2.5833":{"post":[12.5,5.53,0],"lerp_mode":"catmullrom"},"2.7917":[17.5,5.53,0]}},"tail4":{"rotation":{"0.0":[15,-9.57556,0],"0.0833":[15,0,0],"0.2083":[15,"math.sin(query.anim_time*180-40)*35",0],"1.2917":[15,-11.97071,0],"1.6667":[7.5,-6.97,0],"1.7083":[-27.5,-6.97,0],"1.7917":[-0.71,"5.53-math.cos(query.anim_time*1800)*15",0],"2.2083":[0,"5.53-math.cos(query.anim_time*1200)*1",0],"2.3333":[-10.43,0.92,0],"2.5417":[12.5,-6.97,0],"2.7917":[32.5,-6.97,0]}},"tail_end_unlit":{"rotation":{"0.0":[14.33013,2.1706,0],"0.0833":[14.33013,0,0],"0.2083":[14.33,"math.sin(query.anim_time*180-60)*35",0],"1.2917":[14.33,0,0],"1.6667":[9.33,5,0],"1.7083":[-18.17,5,0],"1.7917":[2.19,"5-math.cos(query.anim_time*1800)*15",0],"2.2083":[0,"5-math.cos(query.anim_time*1200)*1",0],"2.3333":[-11.95,5.39,0],"2.5417":[4.33,5,0],"2.7917":[26.83,5,0]}},"leg_left":{"rotation":{"0.0":[0,-9.35721,0],"0.0833":[0,-9.35721,0],"1.0833":[0,-9.36,0],"1.2917":[-0.74,-9.36,0],"1.4167":[2.5,-9.36,0],"1.7083":[7.5,-9.36,0],"1.7917":[40,-9.36,0],"1.9583":[45,-9.36,0],"2.2083":[-2.5,-9.36,-10],"2.25":[7.5,-9.36,-10],"2.3333":[0,-9.36,-12]},"position":{"0.0":[0,0.0643,0],"0.0833":[0,0.06428,0]}},"leg_right":{"rotation":{"0.0":[0,9.35721,0],"0.0833":[0,10,0],"0.2917":[-47.5,10,12.5],"1.1667":[-80,30,12.5],"1.2083":[-82.5,35,12.5],"1.3333":[-62.5,35,12.5],"1.6667":[7.5,22.5,12.5],"1.7917":[42.5,22.5,12.5],"1.9583":[15,0,0],"2.125":[-6.25,0,10],"2.2083":[5,0,10],"2.3333":[-11.25,0,13]},"position":{"0.0":[0,0.0643,0],"0.0833":[0,0.06428,0],"0.2917":[-0.994,-0.02192,-0.62119],"1.7917":[-0.994,-0.02192,-0.62119],"1.9583":[0.17365,0,-0.98481]}},"torso":{"rotation":{"0.0":[4,-1.91511,0],"0.0833":[0,0,0],"0.1667":[0,0,0],"0.2083":[8.7,0,0],"0.2917":["-10+math.cos(query.anim_time*360)*15",0,"-7.5+math.sin(query.anim_time*360)*15"],"0.9167":["-10+math.cos(query.anim_time*360)*15",0,"-7.5+math.sin(query.anim_time*360)*15"],"1.0":["-10+math.cos(query.anim_time*720)*15",0,"-7.5+math.sin(query.anim_time*720)*15"],"1.2917":["-10+math.cos(query.anim_time*720)*10",0,"-7.5+math.sin(query.anim_time*720)*10"],"1.6667":["-10+math.cos(query.anim_time*720)*5",0,"-7.5+math.sin(query.anim_time*720)*5"],"1.7917":[-12.5,0,0],"1.875":{"pre":[2.5,0,0],"post":[2.5,0,0],"lerp_mode":"catmullrom"},"1.9583":{"post":[-2.5,0,0],"lerp_mode":"catmullrom"},"2.125":{"post":[-2.5,0,0],"lerp_mode":"catmullrom"},"2.2083":[0,0,0]},"position":{"0.0":[0,-0.22139,0],"0.0833":[0,0.1,0]},"scale":1},"neck2":{"rotation":{"0.0":[0.75,0,-1.25],"0.0833":[10,0,0],"0.125":[30.83,0,0],"0.2083":[10,0,0],"0.375":[-12.5,0,0],"0.5417":[-22.5,0,0],"0.8333":[-27.5,0,0],"1.0833":[-27.5,0,10],"1.25":[-27.5,0,15],"1.6667":[-26.67,0,5],"1.75":[-22.22,0,5],"1.875":[-5,0,0],"1.9583":[0,0,0],"2.1667":[-5,0,0]}},"ear_left":{"rotation":{"0.0":[0.1,0,0],"0.0833":[0.1,0,0],"0.2083":[0,0,"math.sin(query.anim_time*180-20)*35"],"1.2917":[5.96,-35.95089,-22.49757],"1.6667":[-7.5,12.5,-20],"1.8333":[57.5,12.5,-20],"2.0":[17.5,12.5,32.5],"2.1667":[45,12.5,-7.5],"2.25":[32.5,12.5,0],"2.375":[32.5,12.5,17.5],"2.7917":[32.5,12.5,22.5]}},"ear_right":{"rotation":{"0.0":[0.1,0,0],"0.0833":[0.1,0,0],"0.2083":[0,0,"math.sin(query.anim_time*180-20)*35"],"1.2917":[5.96,-35.95089,-22.49757],"1.6667":[-7.5,-12.5,20],"1.8333":[57.5,-12.5,20],"2.0":[17.5,-12.5,-32.5],"2.1667":[45,-12.5,7.5],"2.25":[32.5,-12.5,0],"2.375":[32.5,-12.5,-17.5],"2.7917":[32.5,-12.5,-22.5]}},"leg_left2":{"rotation":{"0.0833":[0,0,0],"0.5417":[15,0,0],"1.0833":[7.5,0,0],"1.7083":[27.5,0,0],"2.125":[7.5,0,0],"2.4167":[12.5,0,0]},"position":{"0.0":[0,-0.06428,0],"0.0833":[0,-0.06428,0]}},"foot_left":{"rotation":{"0.0":[0,-0.64279,0],"0.0833":[0,-5,0],"1.25":[0,-5,0],"1.2917":[-5,-5,0],"1.4167":[10,-5,0],"1.5417":[44.38,-5,0],"1.75":[35,-5,0],"1.7917":[37.5,-5,0],"1.9167":[-10,-5,0],"1.9583":[2.5,-5,0],"2.2083":[-2.5,-5,0],"2.3333":[12.5,-5,0],"2.375":[7.5,-5,0]}},"leg_right2":{"position":{"0.0":[0,-0.06428,0],"0.0833":[0,-0.06428,0]}},"body":{"rotation":{"1.4583":[0,0,0],"1.6667":[20,0,0],"1.875":[0,-10,0]},"position":{"1.0":[0,0,0],"1.3333":[0,0,0],"1.6667":[0.85505,2.59259,-4.18896],"1.7917":[-0.0773,1.01156,1.77485],"1.875":[0.34202,1.94837,0.29405],"2.2083":[0.68303,4.92767,0.35925],"2.4167":[0.68101,5.43256,0.36308]},"scale":{"1.75":[1,1,1],"1.7917":[1,1,0.8],"1.9167":[1,1,1]}},"mouth_open":{"position":{"1.0":[0,0,0],"1.0417":[0,-0.1,0],"1.875":[0,-0.1,0],"1.9583":[0,0,0],"2.125":[0,0,0],"2.1667":[0,-0.1,0],"2.4583":[0,-0.1,0],"2.5":[0,0,0]}},"eye_left":{"rotation":{"0.9167":[0,0,0],"0.9583":[-22.5,0,0],"1.75":[-22.5,0,0],"1.7917":[0,0,0]}},"eyelid_left":{"position":{"0.0833":[0.1,0,0],"0.9167":[0.1,0,0],"0.9583":[0,0,0],"1.75":[0,0,0],"1.7917":[0.1,0,0]}},"eye_right":{"rotation":{"0.9167":[0,0,0],"0.9583":[-22.5,0,0],"1.75":[-22.5,0,0],"1.7917":[0,0,0]}},"eyelid_right":{"position":{"0.0833":[-0.1,0,0],"0.9167":[-0.1,0,0],"0.9583":[0,0,0],"1.75":[0,0,0],"1.7917":[-0.1,0,0]}},"leg_left3":{"rotation":{"2.125":[0,0,0],"2.3333":[15,0,0]}},"leg_right3":{"rotation":{"2.125":[15,0,0],"2.3333":[35,0,0]}},"foot_right":{"rotation":{"0.0":[0,0.64279,0],"0.0833":[0,0,0],"0.125":[7.5,0,0],"0.5":[-12.5,0,0],"1.2083":[-15,0,0],"1.6667":[22.5,0,0],"1.875":[60,0,0],"2.125":[12.5,0,0],"2.2083":[7.5,0,0]}},"toe_pivot":{"rotation":{"0.0":[1.25,0,0],"0.0833":[0,0,0],"0.2917":{"pre":[22.5,0,17.5],"post":[22.5,0,17.5],"lerp_mode":"catmullrom"},"0.6667":{"post":[40,0,25],"lerp_mode":"catmullrom"},"0.9583":{"post":[22.5,0,15],"lerp_mode":"catmullrom"},"1.2083":{"post":[10,0,10],"lerp_mode":"catmullrom"},"1.25":{"post":[11.67,0,10],"lerp_mode":"catmullrom"},"1.6667":{"post":[30,0,10],"lerp_mode":"catmullrom"},"1.75":{"post":[92.5,0,10],"lerp_mode":"catmullrom"},"1.8333":{"post":[100,0,10],"lerp_mode":"catmullrom"},"1.9583":{"post":[95,0,10],"lerp_mode":"catmullrom"},"2.0833":[92.5,0,10]},"position":{"0.0":[0,0,0.135],"0.0833":[0,0,0],"1.3333":[0,0,0],"1.375":[0,-0.5,0],"1.5833":[-0.19616,3.9763,-0.09147],"1.6667":[-0.15,4.23,-0.07],"1.75":[0,0,0],"1.8333":[0,0.5,0],"1.875":[0,2,0],"1.9583":[0,2.45,0],"2.1667":[0,-0.5,0],"2.2083":[0,0,0]},"scale":{"1.6667":[1,1,1.1],"1.75":[1,1,1],"1.8333":[1,1,0.9],"1.875":[1,1,0.9],"1.9167":[1,1,1.1],"1.9583":[1,1,1.1],"2.1667":[1,1,1]}},"toe_pivot_rotate":{"rotation":{"0.0":[0,0,0],"0.0833":[0,0,0],"0.2917":[0,-62.5,0],"0.6667":[0,-227.5,0],"0.875":[0,-286.9,-0.92],"0.9583":["math.cos(query.anim_time*360)*10",-310,"-math.sin(query.anim_time*360)*10"],"1.3333":[0,-335,12.5],"1.6667":[0,-360,0],"1.75":{"pre":[0,-360,0],"post":[0,0,0]}}},"mouth_closed":{"rotation":{"0.125":[0,0,0],"0.1667":{"pre":[0,0,0],"post":[0,-180,0]}}},"chest2":{"rotation":[0.75,0,-1.25]}}},"animation.ampharos_mega.sleep":{"loop":true,"bones":{"chest":{"rotation":["-2.5+math.cos(q.anim_time*90*1+90)*0.5",0,0]},"arm_left":{"rotation":[0,127.5,97.5],"position":[2.675,-3.50281,-1.69512]},"arm_left2":{"rotation":[0,0,60]},"hand_left":{"rotation":[0,0,57.5]},"arm_right":{"rotation":[0,-127.5,-97.5],"position":[-2.675,-3.50281,-1.69512]},"arm_right2":{"rotation":[0,0,-60]},"hand_right":{"rotation":[0,0,-22.5]},"neck":{"rotation":[-25,0,0],"position":[0,"math.sin(q.anim_time*90*1+180)*0.1",0]},"head":{"rotation":["15+math.cos(q.anim_time*90*1+180)*1.5",0,0]},"tail":{"rotation":[-112.5,0,0],"position":[0,2.2,-4.625]},"tail2":{"rotation":["10+math.sin(q.anim_time*90*1+140)*0.05","-(math.sin(q.anim_time*90*0.5+140)*0.05)",0]},"tail3":{"rotation":["12.5+math.sin(q.anim_time*90*1+90)*0.05","-(math.sin(q.anim_time*90*0.5+90)*0.05)",0]},"tail4":{"rotation":[7.5,0,0]},"tail_end_unlit":{"rotation":["7.5-math.sin(q.anim_time*90*1+240)*0.05",0,0]},"leg_left":{"rotation":[-118,0,5],"position":[0,-6.875,-1.075]},"leg_right":{"rotation":[-118,0,-5],"position":[0,-6.875,-1.075]},"torso":{"rotation":[90,0,0],"position":[0,"math.sin(q.anim_time*90*1+90)*0.05","math.sin(q.anim_time*90*1+180)*0.05"]},"neck2":{"rotation":["-28+math.sin(q.anim_time*90*1+90)*0.5 ",0,0]},"ear_left":{"rotation":["-2.5+math.sin(q.anim_time*90*2+90)*0.1",22.5,"25-(math.sin(q.anim_time*90*2+180)*1.5)"]},"ear_right":{"rotation":["-2.5+math.sin(q.anim_time*90*2+90)*0.1",-22.5,"-25-(math.sin(q.anim_time*90*2+180)*1.5)"]},"leg_left2":{"rotation":[97.5,0,0],"position":[-0.02833,0.38667,5.32325]},"foot_left":{"rotation":[20,0,-7.5],"position":[-0.1242,1.42558,-0.14537]},"leg_right2":{"rotation":[97.5,0,0],"position":[0.02833,0.38667,5.32325]},"chest2":{"rotation":[-2,0,0]},"eyelid_left":{"position":[0.1,0,0]},"eyelid_right":{"position":[-0.1,0,0]},"foot_right":{"rotation":[20,0,7.5],"position":[0.1242,1.42558,-0.14537]},"chest2_front":{"rotation":[-5,0,0]},"tail_top_pivot":{"rotation":[-10,0,0],"position":[0,-0.25,0]}}},"animation.ampharos_mega.ground_run_WIP":{"loop":true,"bones":{"torso":{"rotation":[22.84202,1.36808,-2.95442],"position":[-0.25,0,0]},"chest":{"rotation":[-0.5,-1.28558,-1.53209]},"chest2":{"rotation":[-0.86603,-0.34202,-0.64279]},"arm_left":{"rotation":[-2.57372,-34.8894,34.53426]},"arm_left2":{"rotation":[0,-0.09511,-10.64516]},"hand_left":{"rotation":[0,0,-14.02112]},"arm_right":{"rotation":[0,45,-41.47214]},"arm_right2":{"rotation":[0,-0.09511,15.58944]},"hand_right":{"rotation":[0,0,5.98668]},"neck":{"rotation":[7.40192,0,-1.92836]},"neck2":{"rotation":[-9.42836,0,0]},"head":{"rotation":[-11.16978,0,0]},"ear_left":{"rotation":[-1.7101,0,1.7101]},"ear_right":{"rotation":[-1.7101,0,1.7101]},"tail":{"rotation":[9.42836,1.36808,-2.95442]},"tail2":{"rotation":[7.84202,0,-2.59808]},"tail3":{"rotation":[8.14279,-10.2846,-1.92836]},"tail4":{"rotation":[9.23205,-13.85641,-1.7101]},"leg_left":{"rotation":[-62.49772,0,0],"position":[0,0,-1]},"foot_left":{"rotation":[15,0,0],"position":[0,0.24,-0.06]},"leg_right":{"rotation":[60,0,0],"position":[0,0,1]},"foot_right":{"rotation":[-7.5,0,0],"position":[0,0.24148,-0.0647]}}},"animation.ampharos_mega.ground_run":{"loop":true,"animation_length":0.5,"bones":{"torso":{"rotation":["35-math.sin((query.anim_time)*1440-20)*3","0+math.sin((query.anim_time)*720+20)*4","0+math.sin((query.anim_time)*720-190)*1"],"position":["math.sin((query.anim_time)*720-90)*0.25 ","math.clamp((math.sin((query.anim_time)*1440-90)*1.5),0,3)",2.25]},"chest":{"rotation":["math.sin((query.anim_time)*1440-20-10)*2","math.sin((query.anim_time)*720+20-60)*2","math.sin((query.anim_time)*720+10-60)*2"]},"chest2":{"rotation":["5+math.sin((query.anim_time)*1440-20-40)*2","math.sin((query.anim_time)*720+20-40)*1","math.sin((query.anim_time)*720-100-40)*1"]},"arm_left":{"rotation":[22.58981,"-43.3149+((math.sin((query.anim_time-0.375)*720)*8))","13.5634-math.cos((query.anim_time-0.325)*1440)*10"]},"arm_left2":{"rotation":[0,0,"-(math.cos((query.anim_time-0.325)*1440)*15)"]},"hand_left":{"rotation":[0,0,"-(math.cos((query.anim_time-0.375)*1440)*20 )"]},"arm_right":{"rotation":[22.58981,"43.3149+((math.sin((query.anim_time-0.375)*720)*8))","-13.5634+math.cos((query.anim_time-0.325)*1440)*10"]},"arm_right2":{"rotation":[0,0,"math.cos((query.anim_time-0.325)*1440)*15"]},"hand_right":{"rotation":[0,0,"math.cos((query.anim_time-0.375)*1440)*20 "]},"neck":{"rotation":["-2.5+math.sin((query.anim_time)*1440-20-40)*2",0,"0-math.sin((query.anim_time)*720-100-40)*3"]},"neck2":{"rotation":["math.sin((query.anim_time)*1440-60-80)*2","math.sin((query.anim_time)*720-100-80)*1","math.sin((query.anim_time)*720-100-80)*1"]},"head":{"rotation":["-17.5+math.sin((query.anim_time)*1440-90)*-7","math.sin((query.anim_time)*720-90)*3","0+math.sin((query.anim_time)*720-100-80)*5"]},"ear_left":{"rotation":["math.sin((query.anim_time)*720-80-80)*5",0,"math.sin((query.anim_time)*360-100-100)*5"]},"ear_right":{"rotation":["math.sin((query.anim_time)*720-80-80)*5",0,"(math.sin((query.anim_time)*360-100-100)*5)"]},"tail":{"rotation":["-20-math.sin((query.anim_time)*1440-20)*3","0+math.sin((query.anim_time)*720)*3","0+math.sin((query.anim_time)*720-80)*3"]},"tail2":{"rotation":["7.5-math.sin((query.anim_time)*1440)*1","0+math.sin((query.anim_time)*720-20)*12","0+math.sin((query.anim_time)*720-140)*3"]},"tail3":{"rotation":["7.5-math.sin((query.anim_time)*1440-60)*1","0+math.sin((query.anim_time)*720-60)*16","0+math.sin((query.anim_time)*720-160)*3"]},"tail4":{"rotation":["7.5-math.sin((query.anim_time)*1440-80)*2","0+math.sin((query.anim_time)*720-80)*16","0+math.sin((query.anim_time)*720-180)*5"]},"leg_left":{"rotation":{"0.0":["5+(-Math.cos(query.anim_time * 720-1)*25)",0,0],"0.1667":["40+(-Math.cos(query.anim_time * 720-1)*10)",0,0],"0.5":["5+(-Math.cos(query.anim_time * 720-1)*25)",0,0]},"position":[0,"(-Math.sin(query.anim_time * 720)*1.2)","-1+(-Math.cos(query.anim_time * 720)*2)"]},"foot_left":{"rotation":{"0.0":[-20,0,0],"0.0833":{"pre":[-5,0,0],"post":[-5,0,0],"lerp_mode":"catmullrom"},"0.125":{"post":[-5,0,0],"lerp_mode":"catmullrom"},"0.1667":{"post":[14.17,0,0],"lerp_mode":"catmullrom"},"0.2083":{"post":[18.34,0,0],"lerp_mode":"catmullrom"},"0.25":{"post":[20,0,0],"lerp_mode":"catmullrom"},"0.3333":{"post":[20,0,0],"lerp_mode":"catmullrom"},"0.4167":{"post":[-25,0,0],"lerp_mode":"catmullrom"},"0.5":[-20,0,0]},"position":{"0.0":[0,0.24148,-0.0647],"0.125":[0,0.24148,-0.0647],"0.25":[0,0,0],"0.375":[0,0.24148,-0.0647],"0.5":[0,0.24,-0.06]}},"leg_right":{"rotation":{"0.0":["40+(Math.cos(query.anim_time * 720-1)*10)",0,0],"0.25":["5+(Math.cos(query.anim_time * 720-1)*25)",0,0],"0.4167":["40+(Math.cos(query.anim_time * 720-1)*10)",0,0],"0.5":["40+(Math.cos(query.anim_time * 720-1)*10)",0,0]},"position":[0,"Math.sin(query.anim_time * 720)*1.2","-1+(Math.cos(query.anim_time * 720)*2)"]},"foot_right":{"rotation":{"0.0":{"post":[20,0,0],"lerp_mode":"catmullrom"},"0.0833":{"post":[20,0,0],"lerp_mode":"catmullrom"},"0.1667":{"post":[-25,0,0],"lerp_mode":"catmullrom"},"0.25":[-20,0,0],"0.3333":{"pre":[-5,0,0],"post":[-5,0,0],"lerp_mode":"catmullrom"},"0.375":{"post":[-5,0,0],"lerp_mode":"catmullrom"},"0.4167":{"post":[14.17,0,0],"lerp_mode":"catmullrom"},"0.4583":{"post":[18.34,0,0],"lerp_mode":"catmullrom"},"0.5":{"post":[20,0,0],"lerp_mode":"catmullrom"}},"position":{"0.0":[0,0,0],"0.125":[0,0.24148,-0.0647],"0.25":[0,0.24,-0.06],"0.375":[0,0.24148,-0.0647],"0.5":[0,0,0]}},"body":{"position":[0,"math.abs((math.sin((query.anim_time+0.01)*720-90)*4.5))","math.sin((query.anim_time+0.01)*1440-90)*0.2"]},"tail_end_unlit":{"rotation":["7.5-math.sin((query.anim_time)*1440-180)*2","0+math.sin((query.anim_time)*720-180)*16","0+math.sin((query.anim_time)*720-280)*5"]},"leg_left2":{"rotation":{"0.0":[37.5,0,0],"0.0833":[7.5,0,0],"0.5":[37.5,0,0]}},"leg_left3":{"rotation":{"0.0":[0,0,0],"0.1667":[0,0,0],"0.2917":[27.5,0,0],"0.5":[0,0,0]}},"leg_right2":{"rotation":{"0.0":[19.5,0,0],"0.25":[37.5,0,0],"0.3333":[7.5,0,0],"0.5":[19.5,0,0]}},"leg_right3":{"rotation":{"0.0":[18.33,0,0],"0.0417":[27.5,0,0],"0.25":[0,0,0],"0.4167":[0,0,0],"0.5":[18.33,0,0]}}}},"animation.ampharos_mega.ground_walk":{"loop":true,"animation_length":1,"bones":{"torso":{"rotation":["7.5-math.sin((query.anim_time)*720-20)*1","0+math.sin((query.anim_time)*360+20)*4","0+math.sin((query.anim_time)*360-100)*1"],"position":["math.sin((query.anim_time)*360-90)*0.25 ","math.sin((query.anim_time)*720-90)*0.5",0]},"chest":{"rotation":["math.sin((query.anim_time)*720-20-10)*1","math.sin((query.anim_time)*360+20-60)*1","math.sin((query.anim_time)*360+10-60)*2"]},"chest2":{"rotation":["math.sin((query.anim_time)*720-20-40)*1",0,"math.sin((query.anim_time)*360-100-40)*1"]},"arm_left":{"rotation":[0,"(math.sin((query.anim_time-0.25)*360)*25)","35+math.cos((query.anim_time-0.2)*720)*8"]},"arm_left2":{"rotation":[0,"(math.sin((query.anim_time-0.2)*360)*0.1)","-13.1173+math.cos((query.anim_time-0.4)*720)*8"]},"hand_left":{"rotation":[0,"-math.sin(q.anim_time*360+180)*0.5","-10.0039-math.cos((query.anim_time-0.6)*720)*13"]},"arm_right":{"rotation":[0,"((math.sin((query.anim_time-0.25)*360)*25))","-35+math.cos((query.anim_time-0.2)*720)*8"]},"arm_right2":{"rotation":[0,"((math.sin((query.anim_time-0.2)*360)*0.1))","13.1173+math.cos((query.anim_time-0.4)*720)*8"]},"hand_right":{"rotation":[0,"math.sin(q.anim_time*360+180)*0.5","10.0039-math.cos((query.anim_time-0.6)*720)*13"]},"neck":{"rotation":["math.sin((query.anim_time)*720-20-40)*1",0,"math.sin((query.anim_time)*360-100-40)*3"]},"neck2":{"rotation":["5+math.sin((query.anim_time)*720-60-80)*2",0,"math.sin((query.anim_time)*360-100-80)*1"]},"head":{"rotation":["math.sin((query.anim_time)*720-90-140)*5",0,"math.sin((query.anim_time)*360-100-80)*5"]},"ear_left":{"rotation":["math.sin((query.anim_time)*720-80-80)*5",0,"math.sin((query.anim_time)*360-100-100)*5"]},"ear_right":{"rotation":["math.sin((query.anim_time)*720-80-80)*5",0,"(math.sin((query.anim_time)*360-100-100)*5)"]},"tail":{"rotation":["7.5-math.sin((query.anim_time)*720-40)*3","0+math.sin((query.anim_time)*360+20)*4","0+math.sin((query.anim_time)*360-100)*3"]},"tail2":{"rotation":["7.5-math.sin((query.anim_time)*720-20)*1","0+math.sin((query.anim_time)*360)*12","0+math.sin((query.anim_time)*360-120)*3"]},"tail3":{"rotation":["7.5-math.sin((query.anim_time)*720-40)*1","0+math.sin((query.anim_time)*360-40)*16","0+math.sin((query.anim_time)*360-140)*3"]},"tail4":{"rotation":["7.5-math.sin((query.anim_time)*720-60)*2","0+math.sin((query.anim_time)*360-60)*16","0+math.sin((query.anim_time)*360-160)*5"]},"leg_left":{"rotation":["(-Math.cos(query.anim_time * 360-1)*15)",0,0],"position":[0,"math.clamp((-Math.sin(query.anim_time * 360)*1.2),0,4)","(-Math.cos(query.anim_time * 360)*1)"]},"foot_left":{"rotation":{"0.0":[15,0,0],"0.25":[2.5,0,0],"0.5":[-7.5,0,0],"0.6667":[7.5,0,0],"0.8333":[10,0,0],"1.0":[15,0,0]},"position":{"0.0":[0,0.24148,-0.0647],"0.25":[0,0.24148,-0.0647],"0.5":[0,0,0],"0.75":[0,0.24148,-0.0647],"1.0":[0,0.24,-0.06]}},"leg_right":{"rotation":["(Math.cos(query.anim_time * 360)*15)",0,0],"position":[0,"math.clamp((Math.sin(query.anim_time * 360)*1.2),0,4)","(Math.cos(query.anim_time * 360)*1)"]},"foot_right":{"rotation":{"0.0":[-7.5,0,0],"0.1667":[7.5,0,0],"0.3333":[10,0,0],"0.5":[15,0,0],"0.75":[2.5,0,0],"1.0":[-7.5,0,0]},"position":{"0.0":[0,0,0],"0.25":[0,0.24148,-0.0647],"0.5":[0,0.24,-0.06],"0.75":[0,0.24148,-0.0647],"1.0":[0,0,0]}},"leg_left2":{"rotation":{"0.0":[0,0,0],"0.4583":[0,0,0],"0.75":[27.5,0,0],"1.0":[0,0,0]}},"leg_left3":{"rotation":{"0.0":[0,0,0],"0.4583":[0,0,0],"0.625":[15,0,0],"0.7917":[0,0,0],"1.0":[0,0,0]}},"leg_right2":{"rotation":{"0.0":[3.93,0,0],"0.25":[27.5,0,0],"0.5":[0,0,0],"0.9583":[0,0,0],"1.0":[3.93,0,0]}},"leg_right3":{"rotation":{"0.0":[3.75,0,0],"0.125":[15,0,0],"0.2917":[0,0,0],"0.5":[0,0,0],"0.9583":[0,0,0],"1.0":[3.75,0,0]}}}},"animation.ampharos_mega.cry":{"animation_length":2,"sound_effects":{"0.0417":{"effect":"pokemon.ampharos.cry"}},"bones":{"head":{"rotation":{"0.0":[0,0,0],"0.0833":[-1.25,0,0],"0.1667":[-5,"math.sin(query.anim_time*1440)*4",0],"0.3333":[10.72,"math.sin(query.anim_time*1440)*10",0],"0.5":[-13.57,0,0],"0.875":[-22.5,0,0],"0.9583":[-8.13,0,0],"1.0417":[3.74,0,0],"1.125":[8,0,0],"1.5417":{"pre":[0,0,0],"post":[0,0,0],"lerp_mode":"catmullrom"},"2.0":[0,0,0]},"position":{"0.2917":[0,0,0],"0.3333":["math.random(-0.1,0.1)","math.random(-0.1,0.1)","math.random(-0.1,0.1)"],"0.5833":["math.random(-0.1,0.1)","math.random(-0.1,0.1)","math.random(-0.1,0.1)"],"0.875":[0,0,0]}},"mouth_open":{"position":{"0.0":[0,0,0],"0.0833":[0,0,0],"0.125":[0,-0.1,0],"0.875":[0,-0.1,0],"1.0":[0,0,0]}},"eyelid_left":{"position":{"0.2917":[0,0,0],"0.3333":[0.1,0,0],"0.8333":[0.1,0,0],"0.875":[0,0,0]}},"eyelid_right":{"position":{"0.2917":[0,0,0],"0.3333":[-0.1,0,0],"0.8333":[-0.1,0,0],"0.875":[0,0,0]}}}},"animation.ampharos_mega.blink":{"animation_length":0.16667,"bones":{"eyelid_left":{"position":{"0.0":[0.1,0,0],"0.125":[0.1,0,0],"0.1667":[0,0,0]}},"eyelid_right":{"position":{"0.0":[-0.1,0,0],"0.125":[-0.1,0,0],"0.1667":[0,0,0]}}}},"animation.ampharos_mega.quirk_toes":{"animation_length":2.5,"bones":{"arm_left":{"rotation":{"0.0":[0,0,0],"0.25":[0,"math.sin(q.anim_time*360)*15","-17.5+math.cos(q.anim_time*360)*15"],"2.0":[0,0,0]}},"arm_right":{"rotation":{"0.0":[0,0,0],"0.25":[0,"-(math.sin(q.anim_time*360)*15)","17.5-math.cos(q.anim_time*360)*15"],"1.6667":[0,0,0]}},"leg_left":{"rotation":{"0.0":[0,0,0],"0.25":[0,0,0],"1.5":[0,0,0]},"position":{"0.0":[0,0,0],"0.25":[0,"math.clamp((-math.cos(q.anim_time*360)*0.8),0,1)",0],"1.5":[0,0,0]}},"leg_right":{"rotation":{"0.0":[0,0,0],"0.25":[0,0,0],"1.5":[0,0,0]},"position":{"0.0":[0,0,0],"0.25":[0,"math.clamp((-math.cos(q.anim_time*360)*0.8),0,1)",0],"1.5":[0,0,0]}},"torso":{"rotation":{"0.0":[0,0,0],"0.25":["2.5+math.sin(q.anim_time*360)*3",0,0],"1.7917":[0,0,0]},"position":{"0.0":[0,0,0],"0.25":[0,"math.clamp((-math.cos(q.anim_time*360)*0.4),-0.2,1)",0],"1.7917":[0,0,0]}},"foot_left":{"rotation":{"0.0":[0,0,0],"0.25":["math.clamp((-math.cos(q.anim_time*360)*7),0,7)",0,0],"1.5":[0,0,0]}},"toe_pivot":{"rotation":{"0.0":[0,0,0],"0.25":["math.clamp((-math.cos(q.anim_time*360)*4),0,4)",0,0],"1.5":[0,0,0]}},"foot_right":{"rotation":{"0.0":[0,0,0],"0.25":["math.clamp((-math.cos(q.anim_time*360)*7),0,7)",0,0],"1.5":[0,0,0]}},"chest":{"rotation":{"0.0":[0,0,0],"0.25":["math.sin(q.anim_time*360)*3",0,0],"1.5":[0,0,0]}},"chest2":{"rotation":{"0.0":[0,0,0],"0.25":["math.sin(q.anim_time*360)*3",0,0],"1.5":[0,0,0]}},"arm_left2":{"rotation":{"0.0":[0,0,0],"0.25":[0,0,"-17.5+math.cos(q.anim_time*360-30)*15"],"1.5":[0,0,0]}},"arm_right2":{"rotation":{"0.0":[0,0,0],"0.25":[0,0,"17.5-math.cos(q.anim_time*360-30)*15"],"1.5":[0,0,0]}},"neck":{"rotation":{"0.0":[0,0,0],"0.25":["math.sin(q.anim_time*360-20)*3",0,0],"1.6667":[0,0,0]}},"neck2":{"rotation":{"0.0":[0,0,0],"0.25":["math.sin(q.anim_time*360-40)*6",0,0],"1.9583":[0,0,0]}},"head":{"rotation":{"0.0":[0,0,0],"0.25":["math.sin(q.anim_time*360-150)*9",0,0],"2.375":[0,0,0]}}}},"animation.ampharos_mega.quirk_glow":{"animation_length":2,"bones":{"tail_end_unlit":{"rotation":{"0.0":[0,0,0],"0.0417":["math.random(-10,10)",0,0],"0.25":[0,0,0]}}}}}}