{"format_version":"1.8.0","animations":{"animation.arboliva.ground_idle":{"loop":true,"bones":{"neck":{"rotation":["math.cos((q.anim_time-0.1)*180*1)*2",0,0]},"head":{"rotation":[0,0,0]},"left_tophead_leaf":{"rotation":[0,0,-2.5]},"left_arm":{"rotation":[0,0,"-math.cos((q.anim_time-0.15)*180*1)*3"]},"left_arm6":{"rotation":[0,0,"17.5-math.cos((q.anim_time-0.7)*180*1)*12"]},"left_arm3":{"rotation":[0,0,"25-math.cos((q.anim_time-0.5)*180*1)*9"]},"left_arm2":{"rotation":[0,0,"15-math.cos((q.anim_time-0.3)*180*1)*6"]},"torso":{"rotation":[-2.5,0,0]},"oliv":{"rotation":[40,0,0]},"oliv2":{"rotation":[58.11966,-6.6782,-10.59061]},"leaf11":{"rotation":[0,0,-2.5]},"oliv3":{"rotation":[50.67534,-7.9972,-9.63846]},"right_arm":{"rotation":[0,0,"math.cos((q.anim_time-0.15)*180*1)*3"]},"oliv4":{"rotation":[47.5,0,0]},"right_arm2":{"rotation":[0,0,"-15+math.cos((q.anim_time-0.3)*180*1)*6"]},"right_arm3":{"rotation":[0,0,"-25+math.cos((q.anim_time-0.5)*180*1)*9"]},"oliv5":{"rotation":[22.09338,43.9908,-26.98941]},"right_arm6":{"rotation":[0,0,"-17.5+math.cos((q.anim_time-0.7)*180*1)*12"]},"oliv6":{"rotation":[37.5,65,0]},"leaf28":{"rotation":[0,0,"-5+math.cos((q.anim_time-0.9)*180*1)*15"]},"leaf8":{"rotation":[0,0,"5-math.cos((q.anim_time-0.9)*180*1)*15"]}}},"animation.arboliva.ground_walk":{"loop":true,"bones":{"head":{"rotation":[0,0,0]},"left_tophead_leaf":{"rotation":[0,0,-2.5]},"left_arm":{"rotation":[0,0,"-math.cos((q.anim_time-0.15)*180*1)*3"]},"left_arm6":{"rotation":[0,0,"17.5-math.cos((q.anim_time-0.7)*180*1)*12"]},"left_arm3":{"rotation":[0,0,"25-math.cos((q.anim_time-0.5)*180*1)*9"]},"left_arm2":{"rotation":[0,0,"15-math.cos((q.anim_time-0.3)*180*1)*6"]},"torso":{"rotation":[-2.5,0,0]},"oliv":{"rotation":[40,0,0]},"oliv2":{"rotation":[58.11966,-6.6782,-10.59061]},"leaf11":{"rotation":[0,0,-2.5]},"oliv3":{"rotation":[50.67534,-7.9972,-9.63846]},"right_arm":{"rotation":[0,0,"math.cos((q.anim_time-0.15)*180*1)*3"]},"oliv4":{"rotation":[47.5,0,0]},"right_arm2":{"rotation":[0,0,"-15+math.cos((q.anim_time-0.3)*180*1)*6"]},"right_arm3":{"rotation":[0,0,"-25+math.cos((q.anim_time-0.5)*180*1)*9"]},"oliv5":{"rotation":[22.09338,43.9908,-26.98941]},"right_arm6":{"rotation":[0,0,"-17.5+math.cos((q.anim_time-0.7)*180*1)*12"]},"oliv6":{"rotation":[37.5,65,0]},"leaf28":{"rotation":[0,0,"-5+math.cos((q.anim_time-0.9)*180*1)*15"]},"leaf8":{"rotation":[0,0,"5-math.cos((q.anim_time-0.9)*180*1)*15"]},"body":{"position":[0,"math.cos((q.anim_time -0.2)*360*2)*0.5",0]},"abdomen":{"position":[0,0,0]},"right_leg":{"rotation":["-math.cos((q.anim_time -0.2)*360*1)*15",0,0],"position":[0,0,"-0.5+math.cos((q.anim_time -0.7)*180*1)*1 * math.cos((q.anim_time -0.2)*180*1)*1"]},"left_leg":{"rotation":["math.cos((q.anim_time -0.2)*360*1)*15",0,0],"position":[0,"-0.5+math.cos((q.anim_time -0.3)*180*1)*1 * math.cos((q.anim_time -0.3)*180*1)*1",-0.5]}}}}}