{"format_version":"1.8.0","animations":{"animation.arceus.ground_idle":{"loop":true,"bones":{"arceus":{"position":[0,1,0]},"torso":{"rotation":["-7.5+math.cos(q.anim_time*90*2-90)*0.8",0,"0+math.cos(q.anim_time*90*2)*0.6"]},"neck":{"rotation":["-math.sin(q.anim_time*90*2-90)*0.6",0,"-math.cos(q.anim_time*90*1-90)*0.5"]},"neck2":{"rotation":[7.5,0,0]},"head":{"rotation":["-math.sin(q.anim_time*90*1-90)*4",0,0]},"tails":{"rotation":["12.5+math.sin(q.anim_time*90*2-180-60)*2","math.sin(q.anim_time*90*2-180-60)*2",0]},"leg_front_right":{"rotation":[6,0,-4],"position":[0,"-0.35+math.sin(q.anim_time*90*1-90)*0.15",0]},"foot_front_right":{"rotation":[20,0,0]},"leg_front_left":{"rotation":[32.5,0,4],"position":[0,"math.sin(q.anim_time*90*1-90)*0.15",0]},"foot_front_left":{"rotation":[0,0,0]},"leg_back_left":{"rotation":[0,0,-2.5],"position":[0,-1,0]},"leg_knee_back_left":{"rotation":[0,0,2.5],"position":[0,"-math.sin(q.anim_time*90*1-90)*0.08",0]},"leg_back_right":{"rotation":[-12.5,0,2.5],"position":[0,-0.2,0]},"leg_knee_back_right":{"rotation":[0,0,-2.5]},"leg_knee_front_right":{"position":[0,"-math.sin(q.anim_time*90*1-90)*0.08",0]},"leg_knee_front_left":{"position":[0,"-math.sin(q.anim_time*90*1-90)*0.08",0]},"tails1":{"rotation":["-20+2*(math.sin(q.anim_time*90*3)*1)+2",0,0]},"tails2":{"rotation":["37.5+2*(math.sin(q.anim_time*90*3-90)*1)+2*(math.sin(q.anim_time*90*3-90)*1)",0,0]},"tails3":{"rotation":[-30,0,0]}}},"animation.arceus.ground_battle_idle":{"loop":true,"bones":{"arceus":{"position":[0,1,0]},"torso":{"rotation":["5+math.cos(q.anim_time*90*2-90)*2",0,"math.cos(q.anim_time*90*2)*0.9"],"position":[0,-1,0]},"neck":{"rotation":["10-math.sin(q.anim_time*90*2-90)*3",0,"-math.cos(q.anim_time*90*1-90)*0.5"]},"neck2":{"rotation":[7.5,0,0]},"head":{"rotation":["-math.sin(q.anim_time*90*1-90)*8",0,0]},"tails":{"rotation":["12.5+math.sin(q.anim_time*90*2-180-60)*3","math.sin(q.anim_time*90*2-180-60)*4",0]},"leg_front_right":{"rotation":[6,0,13],"position":[0,"-0.35+math.sin(q.anim_time*90*1-90)*0.15",0]},"foot_front_right":{"rotation":[20,0,0]},"leg_front_left":{"rotation":[-1.5,0,-15],"position":[0,"-1.1+math.sin(q.anim_time*90*1-90)*0.19",0]},"foot_front_left":{"rotation":[20,0,0]},"leg_back_left":{"rotation":[-5,0,-10],"position":[0,"-2.1+math.sin(q.anim_time*90*1-90)*0.15",0]},"leg_knee_back_left":{"rotation":[22.5,0,5],"position":[0,"-math.sin(q.anim_time*90*1-90)*0.08",0]},"leg_back_right":{"rotation":[-15,0,10],"position":[0,"-1.1+math.sin(q.anim_time*90*1-90)*0.15",0]},"leg_knee_back_right":{"rotation":[17.5,0,-5],"position":[0,"-math.sin(q.anim_time*90*1-90)*0.08",0]},"leg_knee_front_right":{"rotation":[0,15,0],"position":[0,"-math.sin(q.anim_time*90*1-90)*0.08",0]},"leg_knee_front_left":{"rotation":[15,-15,0],"position":[0,"-math.sin(q.anim_time*90*1-90)*0.08",0]},"foot_back_left":{"rotation":[-22.5,0,0]},"foot_back_right":{"rotation":[-10,0,0]},"tails1":{"rotation":["-20+2*(math.sin(q.anim_time*90*3)*2)+2",0,0]},"tails2":{"rotation":["37.5+2*(math.sin(q.anim_time*90*3-90)*1)+2*(math.sin(q.anim_time*90*3-90)*1)",0,0]},"tails3":{"rotation":[-30,0,0]}}},"animation.arceus.ground_walk":{"loop":true,"animation_length":2,"bones":{"body":{"position":{"0.0":{"post":[0,1,0],"lerp_mode":"catmullrom"},"0.25":{"post":[0,1,0],"lerp_mode":"catmullrom"},"0.375":{"post":[0,0,0],"lerp_mode":"catmullrom"},"0.625":{"post":[0,0,0],"lerp_mode":"catmullrom"},"0.75":{"post":[0,1,0],"lerp_mode":"catmullrom"},"1.25":{"post":[0,1,0],"lerp_mode":"catmullrom"},"1.375":{"post":[0,0,0],"lerp_mode":"catmullrom"},"1.625":{"post":[0,0,0],"lerp_mode":"catmullrom"},"1.75":{"post":[0,1,0],"lerp_mode":"catmullrom"}}},"torso":{"position":[0,"math.sin(q.anim_time*90*4*2)*0.5",0]},"neck":{"rotation":["math.cos(q.anim_time*90*4)*2",0,0]},"neck2":{"rotation":["math.sin(q.anim_time*90*4)*2",0,0]},"head":{"rotation":["-math.sin(q.anim_time*90*4)*2",0,0]},"tails":{"rotation":["-math.cos(q.anim_time*90*4)*10",0,0]},"tails1":{"rotation":["-math.sin(q.anim_time*90*4)*10",0,0]},"tails2":{"rotation":["math.cos(q.anim_time*90*4)*10",0,0]},"tails3":{"rotation":["math.cos(q.anim_time*90*4)*10",0,0]},"leg_front_right":{"rotation":["32.5-math.sin(q.anim_time*90*2)*15",0,0],"position":[0,"math.clamp(math.cos(q.anim_time*90*2)*3,0,3)","-math.sin(q.anim_time*90*2)*2"]},"leg_knee_front_right":{"rotation":{"0.25":{"pre":[-22.5,0,0],"post":[-22.5,0,0],"lerp_mode":"catmullrom"},"0.5":{"post":[17.5,0,0],"lerp_mode":"catmullrom"},"0.75":{"post":[10,0,0],"lerp_mode":"catmullrom"},"1.0":{"post":[0,0,0],"lerp_mode":"catmullrom"},"1.5":{"post":[-15,0,0],"lerp_mode":"catmullrom"},"1.75":{"post":[22.5,0,0],"lerp_mode":"catmullrom"},"2.0":{"post":[-22.5,0,0],"lerp_mode":"catmullrom"}}},"foot_front_right":{"rotation":{"0.0":{"post":[67.5,0,0],"lerp_mode":"catmullrom"},"0.25":{"post":[22.5,0,0],"lerp_mode":"catmullrom"},"0.5":{"post":[-2.5,0,0],"lerp_mode":"catmullrom"},"0.75":{"post":[2.5,0,0],"lerp_mode":"catmullrom"},"1.0":{"post":[0,0,0],"lerp_mode":"catmullrom"},"1.5":{"post":[0,0,0],"lerp_mode":"catmullrom"},"1.75":{"post":[45,0,0],"lerp_mode":"catmullrom"},"2.0":{"post":[67.5,0,0],"lerp_mode":"catmullrom"}}},"leg_front_left":{"rotation":["32.5+math.sin(q.anim_time*90*2)*15",0,0],"position":[0,"math.clamp(-math.cos(q.anim_time*90*2)*3,0,3)","math.sin(q.anim_time*90*2)*2"]},"leg_knee_front_left":{"rotation":{"0.0":{"post":[0,0,0],"lerp_mode":"catmullrom"},"0.5":{"post":[-15,0,0],"lerp_mode":"catmullrom"},"0.75":{"post":[22.5,0,0],"lerp_mode":"catmullrom"},"1.25":{"post":[-22.5,0,0],"lerp_mode":"catmullrom"},"1.5":{"post":[17.5,0,0],"lerp_mode":"catmullrom"},"1.75":{"post":[10,0,0],"lerp_mode":"catmullrom"},"2.0":{"post":[0,0,0],"lerp_mode":"catmullrom"}}},"foot_front_left":{"rotation":{"0.0":{"post":[0,0,0],"lerp_mode":"catmullrom"},"0.5":{"post":[0,0,0],"lerp_mode":"catmullrom"},"0.75":{"post":[45,0,0],"lerp_mode":"catmullrom"},"1.0":{"post":[67.5,0,0],"lerp_mode":"catmullrom"},"1.25":{"post":[22.5,0,0],"lerp_mode":"catmullrom"},"1.5":{"post":[-2.5,0,0],"lerp_mode":"catmullrom"},"1.75":{"post":[2.5,0,0],"lerp_mode":"catmullrom"},"2.0":{"post":[2.5,0,0],"lerp_mode":"catmullrom"}}},"leg_back_left":{"rotation":["-17.5+math.cos(q.anim_time*90*2)*15",0,0],"position":[0,"math.clamp(math.sin(q.anim_time*90*2)*3,0,3)","math.cos(q.anim_time*90*2)*2"]},"leg_knee_back_left":{"rotation":{"0.0":{"post":[0,0,0],"lerp_mode":"catmullrom"},"0.5":{"post":[22.5,0,0],"lerp_mode":"catmullrom"},"1.0":{"post":[22.5,0,0],"lerp_mode":"catmullrom"},"1.5":{"post":[-22.5,0,0],"lerp_mode":"catmullrom"},"1.75":{"post":[-10,0,0],"lerp_mode":"catmullrom"},"2.0":{"post":[0,0,0],"lerp_mode":"catmullrom"}}},"foot_back_left":{"rotation":{"0.0":{"post":[0,0,0],"lerp_mode":"catmullrom"},"0.5":{"post":[-45,0,0],"lerp_mode":"catmullrom"},"1.0":{"post":[-45,0,0],"lerp_mode":"catmullrom"},"1.25":{"post":[12.5,0,0],"lerp_mode":"catmullrom"},"1.5":{"post":[22.5,0,0],"lerp_mode":"catmullrom"},"1.75":{"post":[22.5,0,0],"lerp_mode":"catmullrom"},"2.0":{"post":[0,0,0],"lerp_mode":"catmullrom"}}},"leg_back_right":{"rotation":["-17.5-math.cos(q.anim_time*90*2)*15",0,0],"position":[0,"math.clamp(-math.sin(q.anim_time*90*2)*3,0,3)","-math.cos(q.anim_time*90*2)*2"]},"leg_knee_back_right":{"rotation":{"0.0":{"post":[22.5,0,0],"lerp_mode":"catmullrom"},"0.5":{"post":[-22.5,0,0],"lerp_mode":"catmullrom"},"0.75":{"post":[-10,0,0],"lerp_mode":"catmullrom"},"1.0":{"post":[0,0,0],"lerp_mode":"catmullrom"},"1.5":{"post":[22.5,0,0],"lerp_mode":"catmullrom"},"2.0":{"post":[22.5,0,0],"lerp_mode":"catmullrom"}}},"foot_back_right":{"rotation":{"0.0":{"post":[-45,0,0],"lerp_mode":"catmullrom"},"0.25":{"post":[12.5,0,0],"lerp_mode":"catmullrom"},"0.5":{"post":[22.5,0,0],"lerp_mode":"catmullrom"},"0.75":{"post":[22.5,0,0],"lerp_mode":"catmullrom"},"1.0":{"post":[0,0,0],"lerp_mode":"catmullrom"},"1.5":{"post":[-45,0,0],"lerp_mode":"catmullrom"},"2.0":{"post":[-45,0,0],"lerp_mode":"catmullrom"}}}}},"animation.arceus.ground_run_draft":{"loop":true,"bones":{"arceus":{"position":[0,1,0]},"torso":{"rotation":[0,0,"0+math.cos(q.anim_time*90*2)*1"],"position":[0,"math.sin(q.anim_time*90*8-90)*0.2",0]},"neck":{"rotation":["10-math.sin(q.anim_time*90*2-90)*6",0,"-math.cos(q.anim_time*90*1-90)*0.5"]},"neck2":{"rotation":[17.5,0,0]},"head":{"rotation":["-15-math.sin(q.anim_time*90*4-90)*0.5+math.sin(q.anim_time*90*4*2-45)*8",0,"-math.clamp(math.sin(q.anim_time*90*4-90)*1,-0.8,0.8)-math.sin(q.anim_time*90*4-180)*4"],"position":[0,"math.sin(-q.anim_time*90*4*2-45)*0.1",0]},"tails":{"rotation":["12.5+math.sin(q.anim_time*90*10-180-60)*10","math.sin(q.anim_time*90*5-180-60)*8",0]},"leg_front_right":{"rotation":["5+math.clamp(math.sin(-q.anim_time*90*4*1-20)*30,-40,0)+math.clamp(math.sin(q.anim_time*90*4*1+20)*30,-40,0)+math.clamp(math.sin(-q.anim_time*90*4*2-40)*50,0,70)-math.clamp(math.sin(-q.anim_time*90*4*2-30+180)*20,5,70)+5",0,-4],"position":[0,"1*(math.clamp(math.sin(q.anim_time*90*4-160)*1.6,1,1.6)-0.2)+0.5*(math.clamp(math.sin(q.anim_time*90*4-75)*1.8,1,1.8)-1)-0.1*(math.clamp(math.sin(q.anim_time*90*4)*1.4,1,1.4)+1)-math.clamp(math.sin(q.anim_time*90*4-180)*1,0,1)",0]},"leg_front_left":{"rotation":["5+math.clamp(math.sin(-q.anim_time*90*4*1-20+30)*30,-40,0)+math.clamp(math.sin(q.anim_time*90*4*1+20-30)*30,-40,0)+math.clamp(math.sin(-q.anim_time*90*4*2-40+30)*50,0,70)-math.clamp(math.sin(-q.anim_time*90*4*2-30+180+30)*20,5,70)+5",0,4],"position":[0,"1*(math.clamp(math.sin(q.anim_time*90*4-160)*1.6,1,1.6)-0.2)+0.5*(math.clamp(math.sin(q.anim_time*90*4-75)*1.8,1,1.8)-1)-0.1*(math.clamp(math.sin(q.anim_time*90*4)*1.4,1,1.4)+1)-math.clamp(math.sin(q.anim_time*90*4-180)*1,0,1)",0]},"foot_front_left":{"rotation":[0,0,0]},"leg_back_left":{"rotation":["math.clamp(math.sin(q.anim_time*90*4*2+20)*40,0,50)-math.clamp(math.sin(-q.anim_time*90*4*2-20)*40,0,50)",0,0],"position":[0.1,"-math.clamp(math.sin(q.anim_time*90*4*2)*0.3,-1,2)-math.clamp(math.sin(-q.anim_time*90*4*2)*0.8,0,2)","math.clamp(math.sin(q.anim_time*90*4*2-30)*0.5,0,2)-math.clamp(math.sin(q.anim_time*90*4*2-30+180)*0.5,0,2)"]},"leg_knee_back_left":{"rotation":[0,0,2.5],"position":[0,"-math.sin(q.anim_time*90*1-90)*0.08",0]},"leg_back_right":{"rotation":["math.clamp(math.sin(q.anim_time*90*4*2)*40,0,50)-math.clamp(math.sin(-q.anim_time*90*4*2)*40,0,50)",0,0],"position":[-0.1,"-math.clamp(math.sin(q.anim_time*90*4*2)*0.3,-1,2)-math.clamp(math.sin(-q.anim_time*90*4*2)*0.8,-1,2)","math.clamp(math.sin(q.anim_time*90*4*2-30)*0.5,0,2)-math.clamp(math.sin(q.anim_time*90*4*2-30+180)*0.5,0,2)"]},"leg_knee_back_right":{"rotation":["0+math.clamp(math.sin(q.anim_time*90*8-180-30)*20,0,10)-math.clamp(math.sin(-q.anim_time*90*8-90)*20,0,50)",0,-2.5]},"leg_knee_front_right":{"rotation":["-math.clamp(math.sin(-q.anim_time*90*4*2-90)*20,5,70)+5-math.clamp(math.sin(-q.anim_time*90*4*2+180)*10,5,70)+5",0,0],"position":[0,"-math.sin(q.anim_time*90*1-90)*0.08",0]},"leg_knee_front_left":{"rotation":["-math.clamp(math.sin(-q.anim_time*90*8-90+30)*20,5,70)+5-math.clamp(math.sin(-q.anim_time*90*8+180+30)*10,5,70)+5",0,0],"position":[0,"-math.sin(q.anim_time*90*1-90)*0.08",0]},"body":{"rotation":["5*(math.sin(q.anim_time*90*4*2-90)*1+1)-math.clamp(10*(math.sin(q.anim_time*90*4*2+45)*1+1),15,20)+15",0,0],"position":[0,"math.clamp(math.sin(q.anim_time*90*4*2+45)*1,0.5,2)-0.5+math.clamp(math.sin(q.anim_time*90*4*2)*1,0,2)","-math.clamp(math.sin(q.anim_time*90*4*2-30)*2,0,2)+math.clamp(math.sin(-q.anim_time*90*4*2-30)*1,0,2)"]},"mane":{"rotation":["-math.sin(q.anim_time*90*10-90)*10","math.sin(q.anim_time*90*5-180-60)*8",0]},"mane2":{"rotation":["7.5+1*(math.sin(q.anim_time*90*5-90)*1)+2*(math.sin(q.anim_time*90*5-90)*3)",0,0]},"mane3":{"rotation":["10+2*(math.sin(q.anim_time*90*3-90)*1)+1*(math.sin(q.anim_time*90*5-90)*6)",0,0]},"tails1":{"rotation":["-20+2*(math.sin(q.anim_time*90*3)*4)+2",0,0]},"tails2":{"rotation":["37.5+2*(math.sin(q.anim_time*90*3-90)*1)+2*(math.sin(q.anim_time*90*3-90)*1)",0,0]},"tails3":{"rotation":[-30,0,0]}}},"animation.arceus.walking_test":{"loop":true,"bones":{"body":{"position":[0,0,"-q.anim_time*90*0.15"]}}},"animation.arceus.render":{"loop":true,"bones":{"body":{"rotation":[-22.5,0,0],"position":[0,6,0]},"neck":{"rotation":[10,0,0]},"neck2":{"rotation":[7.5,0,0]},"head":{"rotation":[10,0,0]},"tails":{"rotation":[25,0,0]},"tails1":{"rotation":[-12.5,0,0]},"tails2":{"rotation":[25,0,0]},"tails3":{"rotation":[-37.5,0,0]},"leg_front_right":{"rotation":[10.18803,3.1622,6.80423]},"leg_knee_front_right":{"rotation":[52.5,0,0]},"leg_front_left":{"rotation":[-34.61874,-8.64917,-5.03837]},"leg_knee_front_left":{"rotation":[47.5,0,0]},"leg_back_left":{"rotation":[15,0,-7.5]},"leg_knee_back_left":{"rotation":[0,0,7.5]},"foot_back_left":{"rotation":[-20,0,0]},"leg_back_right":{"rotation":[15,0,7.5]},"leg_knee_back_right":{"rotation":[0,0,-7.5]},"foot_back_right":{"rotation":[-20,0,0]},"arceus":{"position":[0,-0.8,0]}}},"animation.arceus.air_idle":{"loop":true,"animation_length":4,"bones":{"leg_front_right":{"rotation":["22.5-math.cos(q.anim_time*90)*5",0,0]},"foot_front_right":{"rotation":[25,0,0]},"leg_front_left":{"rotation":["45+math.sin(q.anim_time*90)*5",0,0]},"foot_front_left":{"rotation":[27.5,0,0]},"leg_back_left":{"rotation":["-10-math.cos(q.anim_time*90)*5",0,0]},"foot_back_left":{"rotation":[35,0,0]},"leg_back_right":{"rotation":["-22.5+math.sin(q.anim_time*90)*5",0,0]},"foot_back_right":{"rotation":[45,0,0]},"body":{"position":[0,"math.cos(q.anim_time*90)*1",0]},"torso":{"rotation":["math.sin(q.anim_time*90)*2",0,0]},"tails":{"rotation":["-math.cos(q.anim_time*90)*10",0,0]},"tails1":{"rotation":["-math.sin(q.anim_time*90)*10",0,0]},"tails2":{"rotation":["math.cos(q.anim_time*90)*10",0,0]},"tails3":{"rotation":["math.cos(q.anim_time*90)*10",0,0]},"leg_knee_front_right":{"rotation":["-math.sin(q.anim_time*90)*5",0,0]},"leg_knee_front_left":{"rotation":["-math.cos(q.anim_time*90)*5",0,0]},"leg_knee_back_left":{"rotation":["-math.sin(q.anim_time*90)*5",0,0]},"leg_knee_back_right":{"rotation":["-math.cos(q.anim_time*90)*5",0,0]}}},"animation.arceus.ground_run":{"loop":true,"bones":{"arceus":{"position":[0,1,0]},"torso":{"rotation":[0,0,"0+math.cos(q.anim_time*90*2)*1"],"position":[0,"math.sin(q.anim_time*90*8-90)*0.2",0]},"neck":{"rotation":["10-math.sin(q.anim_time*90*2-90)*6",0,"-math.cos(q.anim_time*90*1-90)*0.5"]},"neck2":{"rotation":[17.5,0,0]},"head":{"rotation":["-15-math.sin(q.anim_time*90*4-90)*0.5+math.sin(q.anim_time*90*4*2-45)*8",0,"-math.clamp(math.sin(q.anim_time*90*4-90)*1,-0.8,0.8)-math.sin(q.anim_time*90*4-180)*4"],"position":[0,"math.sin(-q.anim_time*90*4*2-45)*0.1",0]},"tails":{"rotation":["12.5+math.sin(q.anim_time*90*10-180-60)*10","math.sin(q.anim_time*90*5-180-60)*8",0]},"leg_front_right":{"rotation":["5+math.clamp(math.sin(-q.anim_time*90*4*1-20)*30,-40,0)+math.clamp(math.sin(q.anim_time*90*4*1+20)*30,-40,0)+math.clamp(math.sin(-q.anim_time*90*4*2-40)*50,0,70)-math.clamp(math.sin(-q.anim_time*90*4*2-30+180)*20,5,70)+5",0,-4],"position":[0,"1*(math.clamp(math.sin(q.anim_time*90*4-160)*1.6,1,1.6)-0.2)+0.5*(math.clamp(math.sin(q.anim_time*90*4-75)*1.8,1,1.8)-1)-0.1*(math.clamp(math.sin(q.anim_time*90*4)*1.4,1,1.4)+1)-math.clamp(math.sin(q.anim_time*90*4-180)*1,0,1)",0]},"leg_front_left":{"rotation":["5+math.clamp(math.sin(-q.anim_time*90*4*1-20+30)*30,-40,0)+math.clamp(math.sin(q.anim_time*90*4*1+20-30)*30,-40,0)+math.clamp(math.sin(-q.anim_time*90*4*2-40+30)*50,0,70)-math.clamp(math.sin(-q.anim_time*90*4*2-30+180+30)*20,5,70)+5",0,4],"position":[0,"1*(math.clamp(math.sin(q.anim_time*90*4-160)*1.6,1,1.6)-0.2)+0.5*(math.clamp(math.sin(q.anim_time*90*4-75)*1.8,1,1.8)-1)-0.1*(math.clamp(math.sin(q.anim_time*90*4)*1.4,1,1.4)+1)-math.clamp(math.sin(q.anim_time*90*4-180)*1,0,1)",0]},"foot_front_left":{"rotation":[0,0,0]},"leg_back_left":{"rotation":["math.clamp(math.sin(q.anim_time*90*4*2+20)*40,0,50)-math.clamp(math.sin(-q.anim_time*90*4*2-20)*40,0,50)",0,0],"position":[0.1,"-math.clamp(math.sin(q.anim_time*90*4*2)*0.3,-1,2)-math.clamp(math.sin(-q.anim_time*90*4*2)*0.8,0,2)","math.clamp(math.sin(q.anim_time*90*4*2-30)*0.5,0,2)-math.clamp(math.sin(q.anim_time*90*4*2-30+180)*0.5,0,2)"]},"leg_knee_back_left":{"rotation":["math.clamp(math.sin(q.anim_time*90*8-180-30)*30,0,10)-math.clamp(math.sin(-q.anim_time*90*8-90)*30,0,50)",0,2.5],"position":[0,"-math.sin(q.anim_time*90*1-90)*0.08",0]},"leg_back_right":{"rotation":["math.clamp(math.sin(q.anim_time*90*4*2)*40,0,50)-math.clamp(math.sin(-q.anim_time*90*4*2)*40,0,50)",0,0],"position":[-0.1,"-math.clamp(math.sin(q.anim_time*90*4*2)*0.3,-1,2)-math.clamp(math.sin(-q.anim_time*90*4*2)*0.8,-1,2)","math.clamp(math.sin(q.anim_time*90*4*2-30)*0.5,0,2)-math.clamp(math.sin(q.anim_time*90*4*2-30+180)*0.5,0,2)"]},"leg_knee_back_right":{"rotation":["math.clamp(math.sin(q.anim_time*90*8-180-30)*30,0,10)-math.clamp(math.sin(-q.anim_time*90*8-90)*30,0,50)",0,-2.5]},"leg_knee_front_right":{"rotation":["-math.clamp(math.sin(-q.anim_time*90*4*2-90)*30,5,70)+5+math.clamp(math.sin(-q.anim_time*90*4*2+180)*20,5,70)+5",0,0],"position":[0,"-math.sin(q.anim_time*90*1-90)*0.08",0]},"leg_knee_front_left":{"rotation":["math.clamp(math.sin(-q.anim_time*90*8-90+30)*30,5,70)+5-math.clamp(math.sin(-q.anim_time*90*8+180+30)*20,5,70)+5",0,0],"position":[0,"-math.sin(q.anim_time*90*1-90)*0.08",0]},"body":{"rotation":["5*(math.sin(q.anim_time*90*4*2-90)*1+1)-math.clamp(10*(math.sin(q.anim_time*90*4*2+45)*1+1),15,20)+15",0,0],"position":[0,"math.clamp(math.sin(q.anim_time*90*4*2+45)*1,0.5,2)-0.5+math.clamp(math.sin(q.anim_time*90*4*2)*1,0,2)","-math.clamp(math.sin(q.anim_time*90*4*2-30)*2,0,2)+math.clamp(math.sin(-q.anim_time*90*4*2-30)*1,0,2)"]},"mane":{"rotation":["-math.sin(q.anim_time*90*10-90)*10","math.sin(q.anim_time*90*5-180-60)*8",0]},"mane2":{"rotation":["7.5+1*(math.sin(q.anim_time*90*5-90)*1)+2*(math.sin(q.anim_time*90*5-90)*3)",0,0]},"mane3":{"rotation":["10+2*(math.sin(q.anim_time*90*3-90)*1)+1*(math.sin(q.anim_time*90*5-90)*6)",0,0]},"tails1":{"rotation":["-20+2*(math.sin(q.anim_time*90*10)*8)+2",0,0]},"tails2":{"rotation":["37.5+2*(math.sin(q.anim_time*90*3-90)*1)+2*(math.sin(q.anim_time*90*3-90)*1)",0,0]},"tails3":{"rotation":[-30,0,0]}}},"animation.arceus.air_fly":{"loop":true,"animation_length":2,"bones":{"leg_front_right":{"rotation":["22.5-math.cos(q.anim_time*90*2)*5",0,0]},"foot_front_right":{"rotation":[25,0,0]},"leg_front_left":{"rotation":["45+math.sin(q.anim_time*90*2)*5",0,0]},"foot_front_left":{"rotation":[27.5,0,0]},"leg_back_left":{"rotation":["-10-math.cos(q.anim_time*90*2)*5",0,0]},"foot_back_left":{"rotation":[35,0,0]},"leg_back_right":{"rotation":["-22.5+math.sin(q.anim_time*90*2)*5",0,0]},"foot_back_right":{"rotation":[45,0,0]},"torso":{"rotation":["-math.cos(q.anim_time*90*2)*2",0,0]},"tails":{"rotation":["math.cos(q.anim_time*90*2)*10",0,0]},"tails1":{"rotation":["math.sin(q.anim_time*90*2)*10",0,0]},"tails2":{"rotation":["-math.cos(q.anim_time*90*2)*10",0,0]},"tails3":{"rotation":["-math.cos(q.anim_time*90*2)*10",0,0]},"leg_knee_front_right":{"rotation":["-math.sin(q.anim_time*90*2)*5",0,0]},"leg_knee_front_left":{"rotation":["-math.cos(q.anim_time*90*2)*5",0,0]},"leg_knee_back_left":{"rotation":["-math.sin(q.anim_time*90*2)*5",0,0]},"leg_knee_back_right":{"rotation":["-math.cos(q.anim_time*90*2)*5",0,0]},"body":{"position":[0,"-math.sin(q.anim_time*90*2)*1",0]}}},"animation.arceus.mane_swing":{"loop":true,"bones":{"mane":{"rotation":["math.cos(q.anim_time*90*2)*20",0,0]},"mane2":{"rotation":["math.sin(q.anim_time*90*2)*20",0,0]},"mane3":{"rotation":["-math.cos(q.anim_time*90*2)*20",0,0]},"mane4":{"rotation":["-math.cos(q.anim_time*90*2)*20",0,0]}}}}}