{"format_version":"1.8.0","animations":{"animation.binacle.pose":{"loop":true,"bones":{"neck":{"rotation":[0.6574,-7.4713,-5.04292],"position":[0,-2,0]},"upperneck":{"rotation":[0,0,-15]},"head":{"rotation":[-2.22904,-18.8381,14.81492]},"brow":{"rotation":[0,0,-10],"position":[0,-0.3,0]},"hornright":{"rotation":[27.5,0,-10]},"middlehorn":{"rotation":[22.5,0,0]},"hornleft":{"rotation":[30,0,0]},"uppermiddlehorn":{"rotation":[10,0,0]},"neck2":{"rotation":[0,0,10]},"upperneck2":{"rotation":[-13.31786,14.10253,-12.61937]},"head2":{"rotation":[19.42267,31.96388,5.00579]},"middlehorn2":{"rotation":[12.5,0,0]},"uppermiddlehorn2":{"rotation":[17.5,0,0]},"hornleft2":{"rotation":[22.5,0,10]},"hornright2":{"rotation":[9.96271,0.86717,-4.92442]},"brow2":{"rotation":[0,0,0],"position":[0,0.1,0]}}}}}