{"format_version":"1.8.0","animations":{"animation.blacephalon.pose":{"animation_length":0.25,"bones":{"lower_body":{"rotation":[4.78217,2.57594,-9.6658]},"torso":{"rotation":[10.18763,4.58751,-3.74898]},"torso2":{"rotation":[-23.58998,9.65282,8.13748],"position":[0,0.525,0]},"torso3":{"rotation":[6.41453,-15.48609,3.13814]},"left_arm":{"rotation":[0,0,42.5]},"left_arm2":{"rotation":[-7.15656,2.24944,17.35932]},"lower_left_arm":{"rotation":[-22.47096,-11.2531,-25.25766]},"right_arm":{"rotation":[0,0,-25]},"right_arm2":{"rotation":[0,-27.5,-40]},"lower_right_arm":{"rotation":[-35,0,67.5]},"plate":{"rotation":[18.29388,-16.66577,-5.41615],"position":[0,0.75,0]},"right_leg":{"rotation":[0,27.5,0]},"left_leg":{"rotation":[0,-32.5,0]},"head":{"rotation":[-17.5,0,0],"position":[0,1.5,0]}}},"animation.blacephalon.ground_idle":{"loop":true,"animation_length":4,"bones":{"lower_body":{"rotation":["-math.cos(q.anim_time*90*2*2)*2",0,"math.sin(q.anim_time*90*2)*4"],"position":[0,"-0.5+math.cos(q.anim_time*90*4)*0.25",0]},"left_arm":{"rotation":[-10,0,"60+math.cos(q.anim_time*90*2)*5"]},"left_arm2":{"rotation":[0,0,"math.cos(q.anim_time*90*2-45)*5"]},"lower_left_arm":{"rotation":[0,0,"-67.5+math.cos(q.anim_time*90*2-90)*5"]},"right_arm":{"rotation":[-10,0,"-60+math.cos(q.anim_time*90*2)*5"]},"right_arm2":{"rotation":[0,0,"math.cos(q.anim_time*90*2-45)*5"]},"lower_right_arm":{"rotation":[0,0,"67.5+math.cos(q.anim_time*90*2-90)*5"]},"plate":{"rotation":[0,"q.anim_time*90",0]},"head":{"rotation":["q.anim_time*90*2","-q.anim_time*90","q.anim_time*90"],"position":[0,"4+math.cos(q.anim_time*90*2)",0]},"right_leg":{"rotation":["-math.clamp(math.sin(q.anim_time*90*2)*20,0,20)",22.5,0],"position":["-math.clamp(math.sin(q.anim_time*90*2)*1,0,1)",0,"-math.clamp(math.sin(q.anim_time*90*2)*1,0,1)"]},"left_leg":{"rotation":["-math.clamp(-math.sin(q.anim_time*90*2)*20,0,20)",-45,0],"position":["math.clamp(-math.sin(q.anim_time*90*2)*1.5,0,1.5)",0,"-math.clamp(-math.sin(q.anim_time*90*2)*1,0,1)"]}}},"animation.blacephalon.quirk":{"animation_length":2,"bones":{"head":{"rotation":{"0.0833":{"pre":[0,0,0],"post":[0,0,0],"lerp_mode":"catmullrom"},"0.2083":{"post":[10,0,0],"lerp_mode":"catmullrom"},"0.3333":{"post":[10,0,0],"lerp_mode":"catmullrom"},"0.4583":{"post":[0,0,0],"lerp_mode":"catmullrom"},"1.0833":[-360,0,0],"1.2083":[-387,0,0],"1.3333":{"pre":[-390,0,0],"post":[-390,0,0],"lerp_mode":"catmullrom"},"1.4583":{"post":[-380,0,0],"lerp_mode":"catmullrom"},"1.5833":{"post":[-370,0,0],"lerp_mode":"catmullrom"},"1.7083":{"post":[-350,0,0],"lerp_mode":"catmullrom"},"1.8333":{"post":[-346.25,0,0],"lerp_mode":"catmullrom"},"1.9583":{"post":[-360,0,0],"lerp_mode":"catmullrom"},"2.0":{"post":[-360,0,0],"lerp_mode":"catmullrom"}},"position":{"0.0":{"post":[0,0,0],"lerp_mode":"catmullrom"},"0.125":{"post":[0,0,2],"lerp_mode":"catmullrom"},"0.25":{"post":[0,0,2],"lerp_mode":"catmullrom"},"0.375":{"post":[0,6,0],"lerp_mode":"catmullrom"},"0.5":{"post":[0,7,0],"lerp_mode":"catmullrom"},"1.0":{"post":[0,7,0],"lerp_mode":"catmullrom"},"1.125":{"post":[0,6,0],"lerp_mode":"catmullrom"},"1.375":{"post":[0,0,0],"lerp_mode":"catmullrom"},"1.5":{"post":[0,0,0],"lerp_mode":"catmullrom"},"1.625":{"post":[0,2,0],"lerp_mode":"catmullrom"},"1.875":{"post":[0,2,0],"lerp_mode":"catmullrom"},"2.0":{"post":[0,0,0],"lerp_mode":"catmullrom"}}}}},"animation.blacephalon.ground_walk":{"loop":true,"animation_length":4,"bones":{"lower_body":{"rotation":[0,"-math.cos(q.anim_time*90*2)*10","-math.sin(q.anim_time*90*2)*3"],"position":[0,"-1/2+math.sin(q.anim_time*90*2*2)/2",0]},"left_arm":{"rotation":["-math.cos(q.anim_time*90*2)*10",0,"45+math.sin(q.anim_time*90*2*2)*5"]},"lower_left_arm":{"rotation":[0,0,"-67.5+math.sin(q.anim_time*90*2*2-45)*5"]},"handLeft":{"rotation":[0,0,"math.sin(q.anim_time*90*2*2-90)*5"]},"right_arm":{"rotation":["math.cos(q.anim_time*90*2)*10",0,"-45-math.sin(q.anim_time*90*2*2)*5"]},"lower_right_arm":{"rotation":[0,0,"67.5-math.sin(q.anim_time*90*2*2-45)*5"]},"handRight":{"rotation":[0,0,"-math.sin(q.anim_time*90*2*2-90)*5"]},"head":{"rotation":["q.anim_time*90*2","q.anim_time*90","q.anim_time*90*2"],"position":[0,"4+math.cos(q.anim_time*90*2)",0]},"right_leg":{"rotation":["-math.cos(q.anim_time*90*2)*30",0,"math.clamp(-math.sin(q.anim_time*90*2)*15,0,15)"],"position":[0,"math.clamp(-math.sin(q.anim_time*90*2)*1,0,1)","-math.cos(q.anim_time*90*2)"]},"left_leg":{"rotation":["math.cos(q.anim_time*90*2)*30",0,"-math.clamp(math.sin(q.anim_time*90*2)*15,0,15)"],"position":[0,"math.clamp(math.sin(q.anim_time*90*2)*1,0,1)","math.cos(q.anim_time*90*2)"]},"LeftFoot":{"rotation":{"0.0":{"post":[-17.5,0,0],"lerp_mode":"catmullrom"},"0.125":{"post":[-12.5,0,0],"lerp_mode":"catmullrom"},"0.25":{"post":[-7.5,0,0],"lerp_mode":"catmullrom"},"0.375":[0,0,0],"1.5":[0,0,0],"1.625":{"pre":[-9.55,0,0],"post":[-9.55,0,0],"lerp_mode":"catmullrom"},"1.75":{"post":[-10.11,0,0],"lerp_mode":"catmullrom"},"1.875":{"post":[-9.84,0,0],"lerp_mode":"catmullrom"},"2.0":{"post":[-17.5,0,0],"lerp_mode":"catmullrom"}},"position":{"0.0":{"post":[0,0,0],"lerp_mode":"catmullrom"},"0.125":[0,0,0],"1.5":[0,0,0],"1.625":{"pre":[0,0.25,0],"post":[0,0.25,0],"lerp_mode":"catmullrom"},"1.75":{"post":[0,0.5,0],"lerp_mode":"catmullrom"},"1.875":{"post":[0,0.5,0],"lerp_mode":"catmullrom"},"2.0":{"post":[0,0,0],"lerp_mode":"catmullrom"}}},"RightFoot":{"rotation":{"0.5":{"pre":[0,0,0],"post":[0,0,0],"lerp_mode":"catmullrom"},"0.625":{"post":[-9.55,0,0],"lerp_mode":"catmullrom"},"0.75":{"post":[-10.11,0,0],"lerp_mode":"catmullrom"},"0.875":{"post":[-9.84,0,0],"lerp_mode":"catmullrom"},"1.0":{"post":[-17.5,0,0],"lerp_mode":"catmullrom"},"1.125":{"post":[-12.5,0,0],"lerp_mode":"catmullrom"},"1.25":{"post":[-7.5,0,0],"lerp_mode":"catmullrom"},"1.375":{"post":[0,0,0],"lerp_mode":"catmullrom"},"2.5":{"post":[0,0,0],"lerp_mode":"catmullrom"},"2.625":{"post":[-9.55,0,0],"lerp_mode":"catmullrom"},"2.75":{"post":[-10.11,0,0],"lerp_mode":"catmullrom"},"2.875":{"post":[-9.84,0,0],"lerp_mode":"catmullrom"},"3.0":{"post":[-17.5,0,0],"lerp_mode":"catmullrom"},"3.125":{"post":[-12.5,0,0],"lerp_mode":"catmullrom"},"3.25":{"post":[-7.5,0,0],"lerp_mode":"catmullrom"},"3.375":{"post":[0,0,0],"lerp_mode":"catmullrom"}},"position":{"0.5":{"pre":[0,0,0],"post":[0,0,0],"lerp_mode":"catmullrom"},"0.625":{"post":[0,0.25,0],"lerp_mode":"catmullrom"},"0.75":{"post":[0,0.5,0],"lerp_mode":"catmullrom"},"0.875":{"post":[0,0.5,0],"lerp_mode":"catmullrom"},"1.0":{"post":[0,0,0],"lerp_mode":"catmullrom"},"1.125":{"post":[0,0,0],"lerp_mode":"catmullrom"},"2.5":{"post":[0,0,0],"lerp_mode":"catmullrom"},"2.625":{"post":[0,0.25,0],"lerp_mode":"catmullrom"},"2.75":{"post":[0,0.5,0],"lerp_mode":"catmullrom"},"2.875":{"post":[0,0.5,0],"lerp_mode":"catmullrom"},"3.0":{"post":[0,0,0],"lerp_mode":"catmullrom"},"3.125":{"post":[0,0,0],"lerp_mode":"catmullrom"}}}}},"animation.blacephalon.cry":{"animation_length":2.125,"bones":{"head":{"rotation":{"0.75":[0,0,0],"2.125":["-360*3",0,0]},"position":{"0.0":{"post":[0,0,0],"lerp_mode":"catmullrom"},"0.25":{"post":[0,-2,6],"lerp_mode":"catmullrom"},"0.5":{"post":[0,-2,0],"lerp_mode":"catmullrom"},"0.75":{"post":[0,9,0],"lerp_mode":"catmullrom"},"1.625":{"post":[0,9,0],"lerp_mode":"catmullrom"},"2.125":{"post":[0,0,0],"lerp_mode":"catmullrom"}}}},"sound_effects":{"0.0417":{"effect":"pokemon.blacephalon.cry"}}}}}