{"format_version":"1.8.0","animations":{"animation.blastoise_mega.ground_idle":{"loop":true,"bones":{"body":{"position":[0,-1.5,0]},"torso":{"rotation":["2.5+1*(math.sin(q.anim_time*90*2-60)*1+1)",0,0],"position":[0,"-0.15*(math.sin(q.anim_time*90*2-90)*1+1)","0.25*(math.sin(q.anim_time*90*2-30)*1+1)"]},"arm_rotate_left":{"rotation":[0,12.5,0]},"arm_left":{"rotation":[0,0,75]},"elbow_left":{"rotation":["-12.8032-2*(math.sin(q.anim_time*90*2-60)*1+1)",28.30893,-108.13613]},"hand_left":{"rotation":[9.8511,1.72794,-9.85108]},"fingers_left":{"rotation":[17.5,0,0]},"head_angle":{"rotation":[-5,0,0]},"jaw":{"rotation":[40,0,0]},"leg_left":{"rotation":["-15-2*(math.sin(q.anim_time*90*2-60)*1+1)",27.5,0],"position":["0.05*(math.sin(q.anim_time*90*2-60)*1+1)","-0.22*(math.sin(q.anim_time*90*2-60)*1+1)","0.11*(math.sin(q.anim_time*90*2-60)*1+1)"]},"knee_left":{"rotation":["15+2*(math.sin(q.anim_time*90*2-60)*1+1)",0,0]},"leg_right":{"rotation":["-15-2*(math.sin(q.anim_time*90*2-60)*1+1)",-27.5,0],"position":["-0.05*(math.sin(q.anim_time*90*2-60)*1+1)","-0.22*(math.sin(q.anim_time*90*2-60)*1+1)","0.11*(math.sin(q.anim_time*90*2-60)*1+1)"]},"knee_right":{"rotation":["15+2*(math.sin(q.anim_time*90*2-60)*1+1)",0,0]},"tail_bend":{"rotation":[15,"-2*(math.sin(q.anim_time*90*2-60)*1)-1*(math.sin(q.anim_time*90*2/1)*1)",0]},"tail_end":{"rotation":["15-3*(math.sin(q.anim_time*90*2-90)*1)-3*(math.sin(q.anim_time*0*2/1)*1)",0,0]},"head":{"rotation":["-1+1*(math.sin(q.anim_time*90*2-30)*1+1)",0,0],"position":[0,"-0.15*(math.sin(q.anim_time*90*2-120)*1+1)",0]},"tail_base":{"rotation":[0,"4*(math.sin(q.anim_time*90*2-90)*1)","4-4*(math.sin(q.anim_time*90*2-60)*1+1)"]},"arm_right":{"rotation":[0,0,-72.5]},"elbow_right":{"rotation":["-5.5161-2*(math.sin(q.anim_time*90*2-60)*1+1)",-30.46019,-250.75021]}}},"animation.blastoise_mega.ground_walk":{"loop":true,"bones":{"body":{"rotation":["math.clamp(math.sin(query.anim_time*180*4/2+20)*1,0.2,2)+math.clamp(-math.sin(query.anim_time*180*4/2+20)*1,0.2,2)+10","math.sin(query.anim_time*90*4+20)*10","math.sin(query.anim_time*90*4+20)*2"],"position":[0,"-math.clamp(math.sin(-query.anim_time*90*4+45/2)*0.6,0.1,1)-math.clamp(math.sin(-query.anim_time*90*4+45/2+180)*0.6,0.1,1)+0.7","-math.clamp(math.sin(query.anim_time*90*4)*0.8,0.1,0.7)-math.clamp(math.sin(-query.anim_time*90*4)*0.8,0.1,0.7)+0.2"]},"tail":{"rotation":[0,"math.sin(query.anim_time*90*4-90)*8",0]},"arm_right":{"rotation":[0,"-math.sin(query.anim_time*90*4+30)*10",-40]},"arm_right3":{"rotation":[0,"-20-math.sin(query.anim_time*90*4+30)*2",-15]},"leg_right":{"rotation":["-math.clamp(math.sin(query.anim_time*90*4+45+180)*10,-1,10)+math.clamp(-math.sin(query.anim_time*90*4+20)*12,5,12)-15","math.clamp(math.sin(query.anim_time*90*4+20+180)*10,0,30)",0],"position":[0,"-math.clamp(-math.sin(query.anim_time*90*4+20+180)*0.4,0.3,3)+math.clamp(-math.sin(query.anim_time*90*4-30)*0.8,0.5,1)+math.clamp(-math.sin(query.anim_time*90*4-35+180)*3,1,3)-1.3","-math.clamp(math.sin(query.anim_time*90*4+180)*0.2,-0.5,1)-math.clamp(math.sin(query.anim_time*90*4+180)*0.4,-0.8,0)+1.4"]},"leg_left":{"rotation":["-math.clamp(math.sin(query.anim_time*90*4+45)*10,-1,10)+math.clamp(-math.sin(query.anim_time*90*4+180+20)*12,5,12)-15","-math.clamp(math.sin(query.anim_time*90*4+20)*10,0,30)",0],"position":[0,"-math.clamp(-math.sin(query.anim_time*90*4+20)*0.4,0.3,3)+math.clamp(-math.sin(query.anim_time*90*4-30+180)*0.8,0.5,1)+math.clamp(-math.sin(query.anim_time*90*4-35)*3,1,3)-1.3","-math.clamp(math.sin(query.anim_time*90*4)*0.2,-0.5,1)-math.clamp(math.sin(query.anim_time*90*4)*0.4,-0.8,0)+1.4"]},"head_angle":{"rotation":[5,0,0]},"arm_right2":{"rotation":[0,"-15-math.sin(query.anim_time*90*4+30)*4",-15]},"arm_left":{"rotation":[0,"-math.sin(query.anim_time*90*4+30)*10",40]},"arm_left2":{"rotation":[0,"15-math.sin(query.anim_time*90*4+30)*4",15]},"arm_left3":{"rotation":[0,"20-math.sin(query.anim_time*90*4+30)*2",15]},"head":{"rotation":[-10,"-math.sin(query.anim_time*90*4+20)*10",0]}}},"animation.blastoise_mega.cry":{"animation_length":1.5,"bones":{"head":{"rotation":{"0.0":{"post":[0,0,0],"lerp_mode":"catmullrom"},"0.125":{"post":[-7.5,0,0],"lerp_mode":"catmullrom"},"0.2917":{"post":[-5,0,0],"lerp_mode":"catmullrom"},"0.4583":{"post":[-7.5,0,0],"lerp_mode":"catmullrom"},"0.6667":{"post":[-5,0,0],"lerp_mode":"catmullrom"},"0.875":{"post":[0,0,0],"lerp_mode":"catmullrom"}}},"jaw":{"rotation":{"0.0":{"post":[0,0,0],"lerp_mode":"catmullrom"},"0.125":{"post":[27.5,0,0],"lerp_mode":"catmullrom"},"0.2917":{"post":[12.5,0,0],"lerp_mode":"catmullrom"},"0.4583":{"post":[22.5,0,0],"lerp_mode":"catmullrom"},"0.6667":{"post":[15,0,0],"lerp_mode":"catmullrom"},"0.875":{"post":[0,0,0],"lerp_mode":"catmullrom"}}}},"sound_effects":{"0.0":{"effect":"pokemon.blastoise.cry"}}},"animation.blastoise_mega.blink":{"animation_length":0.1667,"bones":{"eyelid_left":{"position":{"0.0":[0.1,0,-0.1],"0.125":[0.1,0,-0.1],"0.1667":[0,0,0]}},"eyelid_right":{"position":{"0.0":[-0.1,0,-0.1],"0.125":[-0.1,0,-0.1],"0.1667":[0,0,0]}}}}}}