{
	"format_version": "1.8.0",
	"animations": {
		"Pose": {
			"loop": true,
			"bones": {
				"body": {
					"rotation": [0, 0, 5],
					"position": [0, -1, 0]
				},
				"arm_right2": {
					"rotation": [-8.89674, -26.12797, 19.56838]
				},
				"arm_right3": {
					"rotation": [22.49947, -36.735, -35.39146]
				},
				"fire3": {
					"rotation": [-30, -47.5, 0]
				},
				"bone7": {
					"rotation": [25.03149, -25.25199, -11.26653]
				},
				"bone8": {
					"rotation": [-20, 10, 0]
				},
				"bone9": {
					"rotation": [12.5, -30, 0]
				},
				"fire4": {
					"rotation": [0, -87.5, 0]
				},
				"bone10": {
					"rotation": [-10, 0, 0]
				},
				"bone11": {
					"rotation": [-12.5, -22.5, 0]
				},
				"bone12": {
					"rotation": [-17.5, -17.5, 0]
				},
				"hand_right": {
					"rotation": [0, -32.5, 15]
				},
				"finger_right1": {
					"rotation": [0, 0, 35]
				},
				"finger_right2": {
					"rotation": [0, 0, -35]
				},
				"finger_right4": {
					"rotation": [0, -12.5, 30]
				},
				"finger_right5": {
					"rotation": [0, 0, -60]
				},
				"finger_right7": {
					"rotation": [0, 7.5, 30]
				},
				"finger_right8": {
					"rotation": [0, 0, -37.5]
				},
				"arm_left2": {
					"rotation": [-5.7632, 24.3683, -13.74538]
				},
				"arm_left3": {
					"rotation": [0, 37.5, -95]
				},
				"hand_left": {
					"rotation": [-64.96851, 25.25199, 11.26653]
				},
				"finger_left1": {
					"rotation": [0, 0, 22.5]
				},
				"finger_left2": {
					"rotation": [0, 0, 37.5]
				},
				"finger_left5": {
					"rotation": [9.54013, 17.66046, 78.9854]
				},
				"finger_left7": {
					"rotation": [0, -15, 37.5]
				},
				"finger_left8": {
					"rotation": [0, 0, 27.5]
				},
				"fire": {
					"rotation": [0, -5, 0]
				},
				"bone": {
					"rotation": [45, 0, 0]
				},
				"bone2": {
					"rotation": [-34.1157, 19.75282, -4.47948]
				},
				"bone3": {
					"rotation": [-17.60455, -14.24, -37.78381]
				},
				"fire2": {
					"rotation": [-28.61928, 39.68013, 139.48325]
				},
				"bone4": {
					"rotation": [-28.62702, -15.46973, 8.28342]
				},
				"bone5": {
					"rotation": [-37.5, -22.5, 0]
				},
				"bone6": {
					"rotation": [15, -20, 0]
				},
				"leg_right": {
					"rotation": [-122.43576, 30.58184, -17.91705]
				},
				"leg_right2": {
					"rotation": [120, 0, 0],
					"position": [0, -6, 3]
				},
				"leg_left": {
					"rotation": [0, 0, -7.5]
				},
				"leg_left2": {
					"rotation": [0, 0, 12.5]
				}
			}
		},
		"animation.blaziken_mega.ground_idle": {
			"loop": true,
			"bones": {
				"body": {
					"rotation": [5, 0, -5],
					"position": [0, -2.4, 0]
				},
				"torso": {
					"rotation": ["5 + 0.5 * math.sin(q.anim_time * 6 * 30 - 45)", 0, 5],
					"position": [0, "0.15 * math.sin(q.anim_time * 6 * 30)", 0]
				},
				"neck": {
					"rotation": ["-20 + 2 * math.sin(q.anim_time * 6 * 30 - 90)", 0, 0]
				},
				"arm_right": {
					"rotation": [-7.5, 0, 0]
				},
				"arm_right2": {
					"rotation": [0, -25, "-50 + 2 * math.sin(q.anim_time * 6 * 30 - 75)"]
				},
				"arm_right3": {
					"rotation": [0, "-87.5 - 2 * math.sin(q.anim_time * 6 * 30 - 105)", 0]
				},
				"fire3": {
					"rotation": ["-160 - 1 * math.sin(q.anim_time * 6 * 30 - 105) - 2 * math.sin(q.anim_time * 6 * 90)", "-40 + 4 * math.sin(q.anim_time * 6 * 70)", 45]
				},
				"bone7": {
					"rotation": ["-4 * math.sin(q.anim_time * 6 * 30 - 150) - 1 * math.sin(q.anim_time * 6 * 90 - 45)", "4 * math.sin(q.anim_time * 6 * 70)", 0]
				},
				"bone8": {
					"rotation": ["-8 * math.sin(q.anim_time * 6 * 30 - 195) - 1 * math.sin(q.anim_time * 6 * 90 - 90)", "2 * math.sin(q.anim_time * 6 * 70)", 0]
				},
				"bone9": {
					"rotation": ["-8 * math.sin(q.anim_time * 6 * 30 - 240) - 0.5 * math.sin(q.anim_time * 6 * 90 - 135)", "2 * math.sin(q.anim_time * 6 * 70)", 0]
				},
				"fire4": {
					"rotation": ["-112.5 - 4 * math.sin(q.anim_time * 6 * 30 - 105) + 2 * math.sin(q.anim_time * 6 * 90)", "60 - 4 * math.sin(q.anim_time * 6 * 70)", 0]
				},
				"bone10": {
					"rotation": ["- 4 * math.sin(q.anim_time * 6 * 30 - 150) + 1 * math.sin(q.anim_time * 6 * 90 - 45)", "-4 * math.sin(q.anim_time * 6 * 70)", 0]
				},
				"bone11": {
					"rotation": ["- 8 * math.sin(q.anim_time * 6 * 30 - 195) + 1 * math.sin(q.anim_time * 6 * 90 - 90)", "-2 * math.sin(q.anim_time * 6 * 70)", 0]
				},
				"bone12": {
					"rotation": ["- 8 * math.sin(q.anim_time * 6 * 30 - 240) + 0.5 * math.sin(q.anim_time * 6 * 90 - 135)", "- 2 * math.sin(q.anim_time * 6 * 70)", 0]
				},
				"hand_right": {
					"rotation": [-12.5, -15, 0]
				},
				"finger_right1": {
					"rotation": [0, 0, -5]
				},
				"finger_right2": {
					"rotation": [0, 0, -22.5]
				},
				"finger_right4": {
					"rotation": [0, 0, -15]
				},
				"finger_right5": {
					"rotation": [0, 0, -12.5]
				},
				"finger_right7": {
					"rotation": [0, 0, -12.5]
				},
				"finger_right8": {
					"rotation": [0, 0, -20]
				},
				"arm_left2": {
					"rotation": [0, 0, "57.5 - 2 * math.sin(q.anim_time * 6 * 30 - 75)"]
				},
				"arm_left3": {
					"rotation": [89.99999, 77.5, 89.99999]
				},
				"hand_left": {
					"rotation": [0, 0, 5]
				},
				"finger_left1": {
					"rotation": [0, 0, 15]
				},
				"finger_left4": {
					"rotation": [0, 0, 10]
				},
				"finger_left5": {
					"rotation": [0, 0, 20]
				},
				"finger_left7": {
					"rotation": [0, 0, 10]
				},
				"finger_left8": {
					"rotation": [0, 0, 20]
				},
				"fire": {
					"rotation": ["-195 + 4 * math.sin(q.anim_time * 6 * 30 - 105) - 2 * math.cos(q.anim_time * 6 * 90)", "-50 + 4 * math.sin(q.anim_time * 6 * 70)", 265]
				},
				"bone": {
					"rotation": ["4 * math.sin(q.anim_time * 6 * 30 - 150) - 1 * math.cos(q.anim_time * 6 * 90 - 45)", "4 * math.sin(q.anim_time * 6 * 70 - 45)", 0]
				},
				"bone2": {
					"rotation": ["8 * math.sin(q.anim_time * 6 * 30 - 195) - 1 * math.cos(q.anim_time * 6 * 90 - 90)", "2 * math.sin(q.anim_time * 6 * 70 - 90)", 0]
				},
				"bone3": {
					"rotation": ["8 * math.sin(q.anim_time * 6 * 30 - 240) - 0.5 * math.cos(q.anim_time * 6 * 90 - 135)", "2 * math.sin(q.anim_time * 6 * 70 - 135)", 0]
				},
				"fire2": {
					"rotation": ["60 + 4 * math.sin(q.anim_time * 6 * 30 - 105) + 2 * math.cos(q.anim_time * 6 * 90)", "-45 + 4 * math.sin(q.anim_time * 6 * 70)", -50]
				},
				"bone4": {
					"rotation": ["4 * math.sin(q.anim_time * 6 * 30 - 150) + 1 * math.cos(q.anim_time * 6 * 90 - 45)", "4 * math.sin(q.anim_time * 6 * 70 - 45)", 0]
				},
				"bone5": {
					"rotation": ["8 * math.sin(q.anim_time * 6 * 30 - 195) + 1 * math.cos(q.anim_time * 6 * 90 - 90)", "2 * math.sin(q.anim_time * 6 * 70 - 90)", 0]
				},
				"bone6": {
					"rotation": ["8 * math.sin(q.anim_time * 6 * 30 - 240) + 0.5 * math.cos(q.anim_time * 6 * 90 - 135)", "2 * math.sin(q.anim_time * 6 * 70 - 135)", 0]
				},
				"leg_right": {
					"rotation": [-37.5, 0, 10]
				},
				"leg_right2": {
					"rotation": [35, 0, 0]
				},
				"leg_left": {
					"rotation": [20, -10, 0]
				},
				"leg_left2": {
					"rotation": [10, 0, 0]
				},
				"arm_left4": {
					"rotation": ["2 * math.sin(q.anim_time * 6 * 30 - 105)", 0, 0]
				},
				"tail1": {
					"rotation": [0, "math.sin(q.anim_time * 6 * 30 - 45)", 0]
				},
				"tail2": {
					"rotation": [0, "2 * math.sin(q.anim_time * 6 * 30 - 90)", 0]
				},
				"tail3": {
					"rotation": [0, "2 * math.sin(q.anim_time * 6 * 30 - 90)", 0]
				}
			}
		},
		"animation.blaziken_mega.ground_walk": {
			"loop": true,
			"animation_length": 2,
			"bones": {
				"torso": {
					"rotation": ["0.75 * math.sin(q.anim_time * 6 * 60 - 45)", 0, "- 0.75 * math.sin(q.anim_time * 6 * 30)"],
					"position": [0, "- 0.1 * math.sin(q.anim_time * 6 * 60)", 0]
				},
				"neck": {
					"rotation": ["1.5 * math.sin(q.anim_time * 6 * 60 - 90)", 0, 0]
				},
				"arm_right2": {
					"rotation": [25, "-30 + 1.5 * math.sin(q.anim_time * 6 * 60 - 45)", -65]
				},
				"arm_right3": {
					"rotation": [0, "-65 + 0.75 * math.sin(q.anim_time * 6 * 60 - 90)", 0]
				},
				"fire3": {
					"rotation": ["135 + 5 * math.sin(q.anim_time * 6 * 30 - 45) - 2 * math.sin(q.anim_time * 6 * 90)", "-25 + 4 * math.sin(q.anim_time * 6 * 60)", -180]
				},
				"bone7": {
					"rotation": ["5 * math.sin(q.anim_time * 6 * 30 - 90) - 1 * math.sin(q.anim_time * 6 * 90 - 45)", "4 * math.sin(q.anim_time * 6 * 60 - 45)", 0]
				},
				"bone8": {
					"rotation": ["5 * math.sin(q.anim_time * 6 * 30 - 135) - 1 * math.sin(q.anim_time * 6 * 90 - 90)", "2 * math.sin(q.anim_time * 6 * 60 - 90)", 0]
				},
				"bone9": {
					"rotation": ["5 * math.sin(q.anim_time * 6 * 30 - 180) - 0.5 * math.sin(q.anim_time * 6 * 90 - 135)", "2 * math.sin(q.anim_time * 6 * 60 - 135)", 0]
				},
				"fire4": {
					"rotation": ["200 - 5 * math.sin(q.anim_time * 6 * 30 - 45) - 2 * math.sin(q.anim_time * 6 * 90)", "40 + 4 * math.sin(q.anim_time * 6 * 60)", -85],
					"position": [0, 0, -2]
				},
				"bone10": {
					"rotation": ["-5 * math.sin(q.anim_time * 6 * 30 - 90) - 1 * math.sin(q.anim_time * 6 * 90 - 45)", "4 * math.sin(q.anim_time * 6 * 60 - 45)", 0]
				},
				"bone11": {
					"rotation": ["-5 * math.sin(q.anim_time * 6 * 30 - 135) - 1 * math.sin(q.anim_time * 6 * 90 - 90)", "2 * math.sin(q.anim_time * 6 * 60 - 90)", 0]
				},
				"bone12": {
					"rotation": ["-5 * math.sin(q.anim_time * 6 * 30 - 180) - 0.5 * math.sin(q.anim_time * 6 * 90 - 135)", "2 * math.sin(q.anim_time * 6 * 60 - 135)", 0]
				},
				"finger_right2": {
					"rotation": [0, 0, "-10 + 2.5 * math.sin(q.anim_time * 6 * 60 - 105)"]
				},
				"finger_right4": {
					"rotation": [0, 0, "-12.5 + 2.5 * math.sin(q.anim_time * 6 * 60 - 105)"]
				},
				"finger_right8": {
					"rotation": [0, 0, "-12.5 + 2.5 * math.sin(q.anim_time * 6 * 60 - 105)"]
				},
				"arm_left2": {
					"rotation": [10, "- 1.5 * math.sin(q.anim_time * 6 * 60 - 45)", 72.5]
				},
				"arm_left3": {
					"rotation": [0, "57.5 - 0.75 * math.sin(q.anim_time * 6 * 60 - 90)", 0]
				},
				"finger_left2": {
					"rotation": [0, 0, "30 - 2.5 * math.sin(q.anim_time * 6 * 60 - 105)"]
				},
				"finger_left4": {
					"rotation": [0, 0, "22.5 - 2.5 * math.sin(q.anim_time * 6 * 60 - 105)"]
				},
				"finger_left7": {
					"rotation": [0, 0, "- 2.5 * math.sin(q.anim_time * 6 * 60 - 105)"]
				},
				"finger_left8": {
					"rotation": [0, 0, 27.5]
				},
				"fire": {
					"rotation": ["160 - 5 * math.sin(q.anim_time * 6 * 30 - 45) - 2 * math.sin(q.anim_time * 6 * 90)", "-40 - 4 * math.cos(q.anim_time * 6 * 60)", -65]
				},
				"bone": {
					"rotation": ["-5 * math.sin(q.anim_time * 6 * 30 - 90) - 1 * math.sin(q.anim_time * 6 * 90 - 45)", "-4 * math.cos(q.anim_time * 6 * 60 - 45)", 0]
				},
				"bone2": {
					"rotation": ["-5 * math.sin(q.anim_time * 6 * 30 - 135) - 1 * math.sin(q.anim_time * 6 * 90 - 90)", "-2 * math.cos(q.anim_time * 6 * 60 - 90)", 0]
				},
				"bone3": {
					"rotation": ["-5 * math.sin(q.anim_time * 6 * 30 - 180) - 0.5 * math.sin(q.anim_time * 6 * 90 - 135)", "-2 * math.cos(q.anim_time * 6 * 60 - 135)", 0]
				},
				"fire2": {
					"rotation": ["-225 - 5 * math.sin(q.anim_time * 6 * 30 - 45) - 2 * math.sin(q.anim_time * 6 * 90)", "-30 + 4 * math.cos(q.anim_time * 6 * 60)", -75],
					"position": [0, 0, -2]
				},
				"bone4": {
					"rotation": ["-5 * math.sin(q.anim_time * 6 * 30 - 90) - 1 * math.sin(q.anim_time * 6 * 90 - 45)", "4 * math.cos(q.anim_time * 6 * 60 - 45)", 0]
				},
				"bone5": {
					"rotation": ["-5 * math.sin(q.anim_time * 6 * 30 - 135) - 1 * math.sin(q.anim_time * 6 * 90 - 90)", "2 * math.cos(q.anim_time * 6 * 60 - 90)", 0]
				},
				"bone6": {
					"rotation": ["-5 * math.sin(q.anim_time * 6 * 30 - 180) - 0.5 * math.sin(q.anim_time * 6 * 90 - 135)", "2 * math.cos(q.anim_time * 6 * 60 - 135)", 0]
				},
				"tail1": {
					"rotation": ["2 * math.sin(q.anim_time * 6 * 60 - 45)", 0, 0]
				},
				"tail2": {
					"rotation": ["2 * math.sin(q.anim_time * 6 * 60 - 135)", 0, 0]
				},
				"tail3": {
					"rotation": ["2 * math.sin(q.anim_time * 6 * 60 - 225)", 0, 0]
				},
				"leg_right": {
					"rotation": {
						"0.0": [-22.5, 0, 0],
						"1.0": {
							"pre": [22.5, 0, 0],
							"post": [22.5, 0, 0],
							"lerp_mode": "catmullrom"
						},
						"2.0": {
							"post": [-22.5, 0, 0],
							"lerp_mode": "catmullrom"
						}
					},
					"position": {
						"0.0": [0, 0, 0],
						"0.25": {
							"pre": [0, -0.2, 0],
							"post": [0, -0.2, 0],
							"lerp_mode": "catmullrom"
						},
						"0.5": {
							"post": [0, 0.4, 0],
							"lerp_mode": "catmullrom"
						},
						"0.75": {
							"post": [0, 0.3, 0],
							"lerp_mode": "catmullrom"
						},
						"1.0": {
							"post": [0, 0, 0],
							"lerp_mode": "catmullrom"
						},
						"1.5": {
							"post": [0, 2, 0],
							"lerp_mode": "catmullrom"
						},
						"2.0": {
							"post": [0, 0, 0],
							"lerp_mode": "catmullrom"
						}
					}
				},
				"leg_right2": {
					"rotation": {
						"0.0": [0, 0, 0],
						"0.25": {
							"pre": [10, 0, 0],
							"post": [10, 0, 0],
							"lerp_mode": "catmullrom"
						},
						"0.5": {
							"post": [0, 0, 0],
							"lerp_mode": "catmullrom"
						},
						"0.75": {
							"post": [-5, 0, 0],
							"lerp_mode": "catmullrom"
						},
						"1.0": {
							"post": [0, 0, 0],
							"lerp_mode": "catmullrom"
						},
						"1.25": {
							"post": [7.5, 0, 0],
							"lerp_mode": "catmullrom"
						},
						"1.5": {
							"post": [17.5, 0, 0],
							"lerp_mode": "catmullrom"
						},
						"1.75": {
							"post": [7.5, 0, 0],
							"lerp_mode": "catmullrom"
						},
						"2.0": {
							"post": [0, 0, 0],
							"lerp_mode": "catmullrom"
						}
					}
				},
				"leg_left": {
					"rotation": {
						"0.0": [22.5, 0, 0],
						"1.0": {
							"pre": [-22.5, 0, 0],
							"post": [-22.5, 0, 0],
							"lerp_mode": "catmullrom"
						},
						"2.0": {
							"post": [22.5, 0, 0],
							"lerp_mode": "catmullrom"
						}
					},
					"position": {
						"0.0": [0, 0, 0],
						"0.5": {
							"pre": [0, 2, 0],
							"post": [0, 2, 0],
							"lerp_mode": "catmullrom"
						},
						"1.0": {
							"post": [0, 0, 0],
							"lerp_mode": "catmullrom"
						},
						"1.25": {
							"post": [0, -0.2, 0],
							"lerp_mode": "catmullrom"
						},
						"1.5": {
							"post": [0, 0.4, 0],
							"lerp_mode": "catmullrom"
						},
						"1.75": {
							"post": [0, 0.3, 0],
							"lerp_mode": "catmullrom"
						},
						"2.0": {
							"post": [0, 0, 0],
							"lerp_mode": "catmullrom"
						}
					}
				},
				"leg_left2": {
					"rotation": {
						"0.0": [0, 0, 0],
						"0.25": {
							"pre": [7.5, 0, 0],
							"post": [7.5, 0, 0],
							"lerp_mode": "catmullrom"
						},
						"0.5": {
							"post": [17.5, 0, 0],
							"lerp_mode": "catmullrom"
						},
						"0.75": {
							"post": [7.5, 0, 0],
							"lerp_mode": "catmullrom"
						},
						"1.0": {
							"post": [0, 0, 0],
							"lerp_mode": "catmullrom"
						},
						"1.25": {
							"post": [10, 0, 0],
							"lerp_mode": "catmullrom"
						},
						"1.5": {
							"post": [0, 0, 0],
							"lerp_mode": "catmullrom"
						},
						"1.75": {
							"post": [-5, 0, 0],
							"lerp_mode": "catmullrom"
						},
						"2.0": {
							"post": [0, 0, 0],
							"lerp_mode": "catmullrom"
						}
					}
				}
			}
		},
		"animation.blaziken_mega.cry": {
			"animation_length": 4.25,
			"bones": {
				"arceus": {
					"rotation": {
						"0.0": [0, 0, 0],
						"3.0": [7.5, 0, 0]
					},
					"position": {
						"0.0": [0, 0, 0],
						"3.0": [0, -2.1, 0]
					}
				},
				"front_leg_left": {
					"rotation": {
						"0.0": [-15, 0, 0],
						"2.75": [-44.37, 0, 0],
						"3.0": [-22.5, 0, 0],
						"4.0": [-53.5, 0, 0]
					},
					"position": [0, 0, 0]
				},
				"BottomLegFL": {
					"rotation": {
						"0.0": [15, 0, 0],
						"4.0": [60, 0, 0]
					},
					"position": [0, 0, 0]
				},
				"front_leg_right": {
					"rotation": {
						"0.0": [2.5, 0, 0],
						"3.0": [-7.5, 0, 0],
						"4.0": [-27.5, 0, 0]
					},
					"position": [0, 0, 0]
				},
				"bottomLegFR": {
					"rotation": {
						"0.0": [7.5, 0, 0],
						"3.0": [20, 0, 0],
						"4.0": [46, 0, 0]
					},
					"position": [0, 0, 0]
				},
				"tail": {
					"rotation": {
						"0.0": [0, 0, 0],
						"1.0": [15, 0, 0],
						"2.0": [62.5, 0, 0],
						"4.0": [-10, 0, 0]
					},
					"position": [0, 0, 0]
				},
				"tail_piece_1": {
					"rotation": {
						"0.0": [0, 0, 0],
						"1.0": [7.5, 0, 0],
						"4.0": [-7.5, 0, 0]
					},
					"position": [0, 0, 0]
				},
				"tail_piece_2": {
					"rotation": {
						"0.0": [0, 0, 0],
						"1.0": [7.5, 0, 0],
						"4.0": [-12.5, 0, 0]
					},
					"position": [0, 0, 0]
				},
				"tail_piece_3": {
					"rotation": {
						"0.0": [0, 0, 0],
						"1.0": [10, 0, 0],
						"4.0": [-5, 0, 0]
					},
					"position": [0, 0, 0]
				},
				"ring": {
					"rotation": [0, 0, 0],
					"position": [0, 0, 0]
				},
				"back_leg_left": {
					"rotation": {
						"0.0": [5, 0, 0],
						"3.0": [-5, 0, 0]
					},
					"position": [0, 0, 0]
				},
				"BottomLegBL": {
					"rotation": [-5, 0, 0],
					"position": [0, 0, 0]
				},
				"back_leg_right": {
					"rotation": [5, 0, 0],
					"position": [0, 0, 0]
				},
				"BottomLegBR": {
					"rotation": [-5, 0, 0],
					"position": [0, 0, 0]
				},
				"neck_upper": {
					"rotation": {
						"0.0": [0, 0, 0],
						"4.0": [20, 0, 0]
					},
					"position": [0, 0, 0]
				},
				"head_tail": {
					"rotation": {
						"0.0": [0, 0, 0],
						"1.0": [15, 0, 0]
					},
					"position": {
						"0.0": [0, 0, 0],
						"1.0": [0, 0, -1.1]
					}
				},
				"head_tail_2": {
					"rotation": {
						"0.0": [0, 0, 0],
						"1.0": [12.5, 0, 0]
					},
					"position": {
						"0.0": [0, 0, 0],
						"1.0": [0, 0, -0.8]
					}
				},
				"head_tail_3": {
					"rotation": {
						"0.0": [0, 0, 0],
						"1.0": [10, 0, 0]
					},
					"position": {
						"0.0": [0, 0, 0],
						"1.0": [0, 0, -0.5]
					}
				},
				"head_tail_4": {
					"rotation": {
						"0.0": [0, 0, 0],
						"1.0": [10, 0, 0]
					},
					"position": [0, 0, 0]
				},
				"torso": {
					"rotation": [0, 0, 0],
					"position": [0, 0, 0]
				},
				"neck": {
					"rotation": [0, 0, 0],
					"position": [0, 0, 0]
				},
				"head": {
					"rotation": {
						"0.0": [0, 0, 0],
						"1.0": [-47.5, 0, 0],
						"2.0": [-67.5, 0, 0],
						"4.0": [30, 0, 0]
					},
					"position": {
						"0.0": [0, 0, 0],
						"4.0": [0, -2.1, 0.6]
					}
				}
			},
			"sound_effects": {
				"0.0": {
					"effect": "pokemon.blaziken_mega.cry"
				}
			}
		}
	}
}