{"format_version":"1.8.0","animations":{"animation.burmy.ground_idle":{"loop":true,"bones":{"body":{"rotation":[2.49762,-0.10901,2.49762]},"bottom":{"rotation":[7.47178,-0.65182,4.95744]},"stem":{"rotation":[-7.5,0,0]},"stem2":{"rotation":[7.5,0,-17.5]},"stem3":{"rotation":[-13.49554,-3.74196,17.28729]},"stem4":{"rotation":[17.5,0,-15]},"leg_right":{"rotation":[-25.68482,10.17781,20.17393]},"leg_left":{"rotation":[-25.68482,-10.17781,-20.17393]}}},"animation.burmy.blink":{"animation_length":0.20833,"bones":{"eyelid_left":{"position":{"0.0":[0,0,-1],"0.1667":[0,0,-1],"0.2083":[0,0,0]}},"eyelid_right":{"position":{"0.0":[0,0,-1],"0.1667":[0,0,-1],"0.2083":[0,0,0]}}}}}}