{
	"format_version": "1.8.0",
	"animations": {
		"animation.camerupt_mega.ground_idle": {
			"loop": true,
			"animation_length": 2,
			"bones": {
				"torso": {
					"position": [0, "0.35 * math.sin(q.anim_time * 6 * 30)", 0]
				},
				"tail": {
					"rotation": ["-22.5 + 3 * math.sin(q.anim_time * 6 * 30 - 45)", 0, 0]
				},
				"neck": {
					"rotation": ["- 1 * math.sin(q.anim_time * 6 * 30 - 60)", 0, 0]
				},
				"head": {
					"rotation": ["-2 * math.sin(q.anim_time * 6 * 30 - 90)", 0, 0]
				},
				"jaw_bottom": {
					"rotation": ["3 + 3 * math.sin(q.anim_time * 6 * 30 + 15)", 0, 0]
				},
				"tail2": {
					"rotation": ["5 - 4 * math.sin(q.anim_time * 6 * 30 + 60)", 0, 0]
				},
				"feather_extreme_right_top": {
					"rotation": ["- 2 * math.sin(q.anim_time * 6 * 30 - 150)", "- 2 * math.sin(q.anim_time * 6 * 30 - 150)", 0]
				},
				"feather_extreme_right": {
					"rotation": [0, "- 2 - 2 * math.sin(q.anim_time * 6 * 30 - 120)", 0]
				},
				"feather_right": {
					"rotation": ["- 2 - 2 * math.sin(q.anim_time * 6 * 30 - 120)", 0, 0]
				},
				"feather_middle": {
					"rotation": ["- 4 * math.sin(q.anim_time * 6 * 30 - 120)", 0, 0]
				},
				"feather_left": {
					"rotation": ["- 2 - 2 * math.sin(q.anim_time * 6 * 30 - 120)", 0, 0]
				},
				"feather_extreme_left": {
					"rotation": [0, "- 2 - 2 * math.sin(q.anim_time * 6 * 30 - 120)", 0]
				},
				"feather_extreme_left_top": {
					"rotation": [" 2 * math.sin(q.anim_time * 6 * 30 - 150)", "- 2 * math.sin(q.anim_time * 6 * 30 - 150)", 0]
				},
				"feather_left_top": {
					"rotation": ["- 2 * math.sin(q.anim_time * 6 * 30 - 150)", 0, 0]
				},
				"feather_middle_top": {
					"rotation": ["- 4 - 4 * math.sin(q.anim_time * 6 * 30 - 150)", 0, 0]
				},
				"feather_right_top": {
					"rotation": ["- 2 * math.sin(q.anim_time * 6 * 30 - 150)", 0, 0]
				}
			}
		},
		"animation.camerupt_mega.ground_walk": {
			"loop": true,
			"animation_length": 1.5,
			"bones": {
				"front_left_leg": {
					"rotation": {
						"0.0": [0, 0, 0],
						"0.1667": {
							"pre": [7.5, 0, 0],
							"post": [7.5, 0, 0],
							"lerp_mode": "catmullrom"
						},
						"0.3333": {
							"post": [22.5, 0, 0],
							"lerp_mode": "catmullrom"
						},
						"1.125": {
							"post": [-22.5, 0, 0],
							"lerp_mode": "catmullrom"
						},
						"1.2917": {
							"post": [-7.5, 0, 0],
							"lerp_mode": "catmullrom"
						},
						"1.5": {
							"post": [0, 0, 0],
							"lerp_mode": "catmullrom"
						}
					}
				},
				"front_right_leg": {
					"rotation": {
						"0.0": [0, 0, 0],
						"0.375": {
							"pre": [-22.5, 0, 0],
							"post": [-22.5, 0, 0],
							"lerp_mode": "catmullrom"
						},
						"0.5417": {
							"post": [-7.5, 0, 0],
							"lerp_mode": "catmullrom"
						},
						"0.75": {
							"post": [0, 0, 0],
							"lerp_mode": "catmullrom"
						},
						"0.9583": {
							"post": [7.5, 0, 0],
							"lerp_mode": "catmullrom"
						},
						"1.125": {
							"post": [22.5, 0, 0],
							"lerp_mode": "catmullrom"
						},
						"1.5": {
							"post": [0, 0, 0],
							"lerp_mode": "catmullrom"
						}
					}
				},
				"back_left_leg": {
					"rotation": {
						"0.0": [22.5, 0, 0],
						"0.75": {
							"pre": [-22.5, 0, 0],
							"post": [-22.5, 0, 0],
							"lerp_mode": "catmullrom"
						},
						"0.9167": {
							"post": [-7.5, 0, 0],
							"lerp_mode": "catmullrom"
						},
						"1.125": {
							"post": [0, 0, 0],
							"lerp_mode": "catmullrom"
						},
						"1.3333": {
							"post": [7.5, 0, 0],
							"lerp_mode": "catmullrom"
						},
						"1.5": {
							"post": [22.5, 0, 0],
							"lerp_mode": "catmullrom"
						}
					}
				},
				"back_right_leg": {
					"rotation": {
						"0.0": [-22.5, 0, 0],
						"0.1667": {
							"pre": [-7.5, 0, 0],
							"post": [-7.5, 0, 0],
							"lerp_mode": "catmullrom"
						},
						"0.375": {
							"post": [0, 0, 0],
							"lerp_mode": "catmullrom"
						},
						"0.5833": {
							"post": [7.5, 0, 0],
							"lerp_mode": "catmullrom"
						},
						"0.75": {
							"post": [22.5, 0, 0],
							"lerp_mode": "catmullrom"
						},
						"1.5": {
							"post": [-22.5, 0, 0],
							"lerp_mode": "catmullrom"
						}
					},
					"position": {
						"0.0": [0, 1.2, 0],
						"0.1667": {
							"pre": [0, 0.6, 0],
							"post": [0, 0.6, 0],
							"lerp_mode": "catmullrom"
						},
						"0.375": {
							"post": [0, 0, 0],
							"lerp_mode": "catmullrom"
						},
						"0.5833": {
							"post": [0, 0.6, 0],
							"lerp_mode": "catmullrom"
						},
						"0.75": {
							"post": [0, 1.2, 0],
							"lerp_mode": "catmullrom"
						},
						"1.125": {
							"post": [0, 1.9, 0],
							"lerp_mode": "catmullrom"
						},
						"1.5": {
							"post": [0, 1.2, 0],
							"lerp_mode": "catmullrom"
						}
					}
				},
				"torso": {
					"rotation": [0, 0, "- 0.75 * math.sin(q.anim_time * 6 * 40)"]
				},
				"neck": {
					"rotation": ["2 * (- 1 * math.sin(q.anim_time * 6 * 40 + 45) + 1)", 0, 0]
				},
				"head": {
					"rotation": ["2 * (- 1 * math.sin(q.anim_time * 6 * 40 + 90) + 1)", 0, 0]
				},
				"jaw_bottom": {
					"rotation": ["2.5 * (- 1 * math.sin(q.anim_time * 6 * 40 - 45) + 1)", 0, 0]
				},
				"feather_extreme_left": {
					"rotation": ["2 * (- 1 * math.sin(q.anim_time * 6 * 40 - 45) + 1)", 0, 0]
				},
				"feather_extreme_left_top": {
					"rotation": ["2 * (- 1 * math.sin(q.anim_time * 6 * 40 - 45) + 1)", 0, 0]
				},
				"feather_left": {
					"rotation": ["2 * (- 1 * math.sin(q.anim_time * 6 * 40 - 45) + 1)", 0, 0]
				},
				"feather_left_top": {
					"rotation": ["2 * (- 1 * math.sin(q.anim_time * 6 * 40 - 45) + 1)", 0, 0]
				},
				"feather_middle": {
					"rotation": ["2 * (- 1 * math.sin(q.anim_time * 6 * 40 - 45) + 1)", 0, 0]
				},
				"feather_middle_top": {
					"rotation": ["2 * (- 1 * math.sin(q.anim_time * 6 * 40 - 45) + 1)", 0, 0]
				},
				"feather_right": {
					"rotation": ["2 * (- 1 * math.sin(q.anim_time * 6 * 40 - 45) + 1)", 0, 0]
				},
				"feather_right_top": {
					"rotation": ["2 * (- 1 * math.sin(q.anim_time * 6 * 40 - 45) + 1)", 0, 0]
				},
				"feather_extreme_right": {
					"rotation": ["2 * (- 1 * math.sin(q.anim_time * 6 * 40 - 45) + 1)", 0, 0]
				},
				"feather_extreme_right_top": {
					"rotation": ["2 * (- 1 * math.sin(q.anim_time * 6 * 40 - 45) + 1)", 0, 0]
				},
				"tail": {
					"rotation": ["- 2.5 * math.sin(q.anim_time * 6 * 80 - 45) - 7.5", "- 5 * math.sin(q.anim_time * 6 * 40 - 45)", 0]
				},
				"tail2": {
					"rotation": ["- 2.5 * math.sin(q.anim_time * 6 * 40 - 90) - 7.5", "- 5 * math.sin(q.anim_time * 6 * 40 - 90)", 0]
				}
			}
		},
		"animation.camerupt_mega.cry": {
			"animation_length": 4.25,
			"bones": {
				"arceus": {
					"rotation": {
						"0.0": [0, 0, 0],
						"3.0": [7.5, 0, 0]
					},
					"position": {
						"0.0": [0, 0, 0],
						"3.0": [0, -2.1, 0]
					}
				},
				"front_leg_left": {
					"rotation": {
						"0.0": [-15, 0, 0],
						"2.75": [-44.37, 0, 0],
						"3.0": [-22.5, 0, 0],
						"4.0": [-53.5, 0, 0]
					},
					"position": [0, 0, 0]
				},
				"BottomLegFL": {
					"rotation": {
						"0.0": [15, 0, 0],
						"4.0": [60, 0, 0]
					},
					"position": [0, 0, 0]
				},
				"front_leg_right": {
					"rotation": {
						"0.0": [2.5, 0, 0],
						"3.0": [-7.5, 0, 0],
						"4.0": [-27.5, 0, 0]
					},
					"position": [0, 0, 0]
				},
				"bottomLegFR": {
					"rotation": {
						"0.0": [7.5, 0, 0],
						"3.0": [20, 0, 0],
						"4.0": [46, 0, 0]
					},
					"position": [0, 0, 0]
				},
				"tail_piece_1": {
					"rotation": {
						"0.0": [0, 0, 0],
						"1.0": [7.5, 0, 0],
						"4.0": [-7.5, 0, 0]
					},
					"position": [0, 0, 0]
				},
				"tail_piece_2": {
					"rotation": {
						"0.0": [0, 0, 0],
						"1.0": [7.5, 0, 0],
						"4.0": [-12.5, 0, 0]
					},
					"position": [0, 0, 0]
				},
				"tail_piece_3": {
					"rotation": {
						"0.0": [0, 0, 0],
						"1.0": [10, 0, 0],
						"4.0": [-5, 0, 0]
					},
					"position": [0, 0, 0]
				},
				"ring": {
					"rotation": [0, 0, 0],
					"position": [0, 0, 0]
				},
				"back_leg_left": {
					"rotation": {
						"0.0": [5, 0, 0],
						"3.0": [-5, 0, 0]
					},
					"position": [0, 0, 0]
				},
				"BottomLegBL": {
					"rotation": [-5, 0, 0],
					"position": [0, 0, 0]
				},
				"back_leg_right": {
					"rotation": [5, 0, 0],
					"position": [0, 0, 0]
				},
				"BottomLegBR": {
					"rotation": [-5, 0, 0],
					"position": [0, 0, 0]
				},
				"neck_upper": {
					"rotation": {
						"0.0": [0, 0, 0],
						"4.0": [20, 0, 0]
					},
					"position": [0, 0, 0]
				},
				"head_tail": {
					"rotation": {
						"0.0": [0, 0, 0],
						"1.0": [15, 0, 0]
					},
					"position": {
						"0.0": [0, 0, 0],
						"1.0": [0, 0, -1.1]
					}
				},
				"head_tail_2": {
					"rotation": {
						"0.0": [0, 0, 0],
						"1.0": [12.5, 0, 0]
					},
					"position": {
						"0.0": [0, 0, 0],
						"1.0": [0, 0, -0.8]
					}
				},
				"head_tail_3": {
					"rotation": {
						"0.0": [0, 0, 0],
						"1.0": [10, 0, 0]
					},
					"position": {
						"0.0": [0, 0, 0],
						"1.0": [0, 0, -0.5]
					}
				},
				"head_tail_4": {
					"rotation": {
						"0.0": [0, 0, 0],
						"1.0": [10, 0, 0]
					},
					"position": [0, 0, 0]
				},
				"torso": {
					"rotation": [0, 0, 0],
					"position": [0, 0, 0]
				},
				"neck": {
					"rotation": [0, 0, 0],
					"position": [0, 0, 0]
				},
				"head": {
					"rotation": {
						"0.0": [0, 0, 0],
						"1.0": [-47.5, 0, 0],
						"2.0": [-67.5, 0, 0],
						"4.0": [30, 0, 0]
					},
					"position": {
						"0.0": [0, 0, 0],
						"4.0": [0, -2.1, 0.6]
					}
				},
				"tail": {
					"rotation": {
						"0.0": [0, 0, 0],
						"1.0": [15, 0, 0],
						"2.0": [62.5, 0, 0],
						"4.0": [-10, 0, 0]
					},
					"position": [0, 0, 0]
				}
			},
			"sound_effects": {
				"0.0": {
					"effect": "pokemon.camerupt.cry"
				}
			}
		}
	}
}