{"format_version":"1.8.0","animations":{"animation.castform_sunny.ground_idle":{"loop":true,"bones":{"body":{"rotation":["math.sin((q.anim_time -0.5)*90*2)*2","-math.sin((q.anim_time -0.5)*90*1)*3 * math.sin((q.anim_time + 0.5)*90*1)*4",0],"position":[0,"math.sin((q.anim_time -0.1)*90*2)*2",0]},"cloud_tail":{"rotation":[0,"-math.sin((q.anim_time -1.8)*90*1)*4 * math.sin((q.anim_time + 1.2)*90*1)*7",0]},"cloud_head":{"rotation":[0,"-math.sin((q.anim_time -1.7)*90*1)*3 * math.sin((q.anim_time + 0.7)*90*1)*4",0],"position":[0,0,0]},"head_suns":{"rotation":[0,0,"q.anim_time*90"],"position":[0,0,0]}}},"animation.castform_sunny.ground_walk":{"loop":true,"bones":{"body":{"rotation":["5+math.sin((q.anim_time -0.5)*90*2)*2","-math.sin((q.anim_time -0.5)*90*1)*3 * math.sin((q.anim_time + 0.5)*90*1)*4",0],"position":["-2+math.sin((q.anim_time -0.1)*90*1)*2 * math.sin((q.anim_time -0.1)*90*1)*2","1+math.sin((q.anim_time -0.1)*90*2)*2",0]},"cloud_tail":{"rotation":["-math.sin((q.anim_time - 0.9)*90*3)*4 * math.sin((q.anim_time + 1.8)*90*1)*2","-math.sin((q.anim_time - 0.9)*90*1)*4 * math.sin((q.anim_time + 1.8)*90*1)*7",0]},"head_suns":{"rotation":[0,0,"q.anim_time*90"],"position":[0,0,0]}}},"animation.castform_sunny.blink":{"animation_length":0.20833,"bones":{"eye_right":{"scale":{"0.0":[1,1,1],"0.0833":[1,1,1],"0.125":{"pre":[1,1,1],"post":[1,0,1]}}},"eye_left":{"scale":{"0.0":[1,1,1],"0.0833":[1,1,1],"0.125":{"pre":[1,1,1],"post":[1,0,1]}}}}}}}