{"format_version":"1.8.0","animations":{"animation.castform_snowy.ground_idle":{"loop":true,"bones":{"body":{"rotation":["math.sin((q.anim_time -0.5)*90*2)*2","-math.sin((q.anim_time -0.5)*90*1)*3 * math.sin((q.anim_time + 0.5)*90*1)*4",0],"position":[0,"math.sin((q.anim_time -0.1)*90*2)*2",0]},"head_ice":{"position":[0,"0.5+math.cos((q.anim_time - 0.5) *90*2)*0.5",0]},"bone2":{"position":[0,"0.5+math.cos((q.anim_time - 0.7) *90*2)*0.5",0]},"bone3":{"position":[0,"0.5+math.cos((q.anim_time - 0.8) *90*2)*0.5",0]},"bone4":{"position":[0,"0.5+math.cos((q.anim_time - 0.9) *90*2)*0.5",0]},"bone5":{"position":[0,"0.5+math.cos((q.anim_time - 1) *90*2)*0.5",0]},"bone6":{"position":[0,"0.5+math.cos((q.anim_time - 1.1) *90*2)*0.5",0]},"bone7":{"position":[0,"0.5+math.cos((q.anim_time - 1.2) *90*2)*0.5",0]}}},"animation.castform_snowy.ground_walk":{"loop":true,"bones":{"body":{"rotation":["5+math.sin((q.anim_time -0.5)*90*2)*2","-math.sin((q.anim_time -0.5)*90*1)*3 * math.sin((q.anim_time + 0.5)*90*1)*4",0],"position":["-2+math.sin((q.anim_time -0.1)*90*1)*2 * math.sin((q.anim_time -0.1)*90*1)*2","1+math.sin((q.anim_time -0.1)*90*2)*2",0]},"head_ice":{"position":[0,"0.5+math.cos((q.anim_time - 0.5) *90*2)*0.5",0]},"bone2":{"position":[0,"0.5+math.cos((q.anim_time - 0.7) *90*2)*0.5",0]},"bone3":{"position":[0,"0.5+math.cos((q.anim_time - 0.8) *90*2)*0.5",0]},"bone4":{"position":[0,"0.5+math.cos((q.anim_time - 0.9) *90*2)*0.5",0]},"bone5":{"position":[0,"0.5+math.cos((q.anim_time - 1) *90*2)*0.5",0]},"bone6":{"position":[0,"0.5+math.cos((q.anim_time - 1.1) *90*2)*0.5",0]},"bone7":{"position":[0,"0.5+math.cos((q.anim_time - 1.2) *90*2)*0.5",0]}}},"animation.castform_snowy.blink":{"animation_length":0.20833,"bones":{"eye_left":{"scale":{"0.0":[1,1,1],"0.0833":[1,1,1],"0.125":{"pre":[1,1,1],"post":[1,0,1]}}},"eye_right":{"scale":{"0.0":[1,1,1],"0.0833":[1,1,1],"0.125":{"pre":[1,1,1],"post":[1,0,1]}}}}}}}