{
    "format_version": "1.8.0",
    "animations": {
        "animation.chienpao.ground_idle": {
            "loop": true,
            "bones": {
                "tail_1": {
                    "rotation": [
                        "-19-math.cos((q.anim_time-0.2)*360*0.5)*2",
                        "math.cos((q.anim_time-0.1)*360*0.25)*4 * math.cos((q.anim_time-0.2)*180*0.15)*1",
                        0
                    ]
                },
                "tail_2": {
                    "rotation": [
                        "17-math.cos((q.anim_time-0.3)*360*0.5)*7",
                        "math.cos((q.anim_time-0.1)*360*0.25)*4 * math.cos((q.anim_time-0.2)*180*0.15)*1",
                        0
                    ]
                },
                "tail_3": {
                    "rotation": [
                        "20.7523-math.cos((q.anim_time-0.5)*360*0.5)*7",
                        "-6.5502+math.cos((q.anim_time-0.1)*360*0.25)*4 * math.cos((q.anim_time-0.2)*180*0.15)*1",
                        -1.92302
                    ]
                },
                "tail_4": {
                    "rotation": [
                        "38.1297-math.cos((q.anim_time-0.6)*360*0.5)*7",
                        "1.0148+math.cos((q.anim_time-0.1)*360*0.25)*4 * math.cos((q.anim_time-0.2)*180*0.15)*1",
                        -6.08173
                    ]
                },
                "tail_5": {
                    "rotation": [
                        "45-math.cos((q.anim_time-1.3)*360*0.5)*24",
                        "math.cos((q.anim_time-0.1)*360*0.25)*4 * math.cos((q.anim_time-0.2)*180*0.15)*1",
                        0
                    ],
                    "position": [
                        0,
                        0,
                        -0.6
                    ]
                },
                "tail_6": {
                    "rotation": [
                        "45-math.cos((q.anim_time-1.3)*360*0.5)*24",
                        "math.cos((q.anim_time-0.1)*360*0.25)*4 * math.cos((q.anim_time-0.2)*180*0.15)*1",
                        0
                    ]
                },
                "torso": {
                    "position": [
                        0,
                        -0.3,
                        0
                    ]
                },
                "neck": {
                    "rotation": [
                        "2.5-math.sin(q.anim_time*90*2-90)*0.6",
                        0,
                        "-math.cos(q.anim_time*90*1-90)*0.5"
                    ]
                },
                "head": {
                    "rotation": [
                        "-5-math.sin(q.anim_time*90*1-90)*4",
                        0,
                        0
                    ],
                    "position": [
                        0,
                        "-math.cos(q.anim_time*90*2-90)*0.05",
                        0
                    ]
                },
                "wisker_right": {
                    "rotation": [
                        0,
                        15,
                        0
                    ]
                },
                "wisker_left": {
                    "rotation": [
                        0,
                        -15,
                        0
                    ]
                },
                "ear_right": {
                    "rotation": [
                        0,
                        0,
                        "-math.sin(q.anim_time*90*3-90)*3"
                    ]
                },
                "ear_left": {
                    "rotation": [
                        0,
                        0,
                        "math.sin(q.anim_time*90*3-90)*3"
                    ]
                },
                "sword_left2": {
                    "position": [
                        -0.2,
                        0,
                        0
                    ]
                },
                "sword_sizechange": {
                    "scale": [
                        0.85,
                        1,
                        1
                    ]
                },
                "icethingy": {
                    "position": [
                        0,
                        0.4,
                        0.3
                    ],
                    "scale": [
                        1.2,
                        1.1,
                        0.3
                    ]
                },
                "designswordthingy": {
                    "position": [
                        0,
                        0.1,
                        0
                    ],
                    "scale": [
                        0.5,
                        1.2,
                        1
                    ]
                },
                "sword_leftdesign": {
                    "scale": [
                        1.37,
                        1,
                        0.98
                    ]
                },
                "sword_sizechange2": {
                    "position": [
                        0,
                        0.3,
                        0
                    ],
                    "scale": [
                        0.85,
                        1.41,
                        1
                    ]
                },
                "sword_right2": {
                    "rotation": [
                        0,
                        0,
                        -3
                    ],
                    "position": [
                        0.2,
                        0.1,
                        0
                    ]
                },
                "detailbehind": {
                    "position": [
                        0,
                        0,
                        0.001
                    ],
                    "scale": [
                        1.38,
                        1,
                        0.93
                    ]
                },
                "ice": {
                    "position": [
                        0,
                        -0.6,
                        0
                    ]
                },
                "icethingy2": {
                    "position": [
                        0,
                        -0.1,
                        0.1
                    ],
                    "scale": [
                        1.27,
                        1,
                        0.88
                    ]
                },
                "leg_front_left1": {
                    "rotation": [
                        0.41602,
                        -4.54585,
                        -4.99668
                    ]
                },
                "leg_front_left3": {
                    "rotation": [
                        0.0547,
                        -4.82922,
                        3.70283
                    ]
                },
                "leg_front_right1": {
                    "rotation": [
                        0.41602,
                        4.54585,
                        4.99668
                    ]
                },
                "leg_front_right3": {
                    "rotation": [
                        0.0547,
                        4.82922,
                        -3.70283
                    ]
                },
                "leg_back_right1": {
                    "rotation": [
                        0.019,
                        4.98093,
                        5.43688
                    ]
                },
                "leg_back_right3": {
                    "rotation": [
                        0,
                        0,
                        -5
                    ]
                },
                "leg_back_left1": {
                    "rotation": [
                        0.019,
                        -4.98093,
                        -5.43688
                    ]
                },
                "leg_back_left3": {
                    "rotation": [
                        0,
                        0,
                        5
                    ]
                }
            }
        },
        "animation.chienpao.shoulder_right": {
            "loop": true,
            "bones": {
                "tail_1": {
                    "rotation": [
                        12.1303,
                        58.4711,
                        -7.18899
                    ]
                },
                "tail_2": {
                    "rotation": [
                        25.3484,
                        48.1668,
                        16.1467
                    ]
                },
                "tail_3": {
                    "rotation": [
                        -46.5485,
                        27.7482,
                        -19.63335
                    ]
                },
                "tail_4": {
                    "rotation": [
                        -43.1578,
                        45.4391,
                        4.70755
                    ]
                },
                "tail_5": {
                    "rotation": [
                        45.0417,
                        40.0914,
                        33.94163
                    ],
                    "position": [
                        0,
                        0,
                        -0.6
                    ]
                },
                "tail_6": {
                    "rotation": [
                        45.24614,
                        5.29571,
                        5.31847
                    ]
                },
                "torso": {
                    "position": [
                        0,
                        -0.3,
                        0
                    ]
                },
                "neck": {
                    "rotation": [
                        "115.1212-math.sin(q.anim_time*90*2-90)*0.6",
                        -49.52473,
                        "-28.6407-math.cos(q.anim_time*90*1-90)*0.5"
                    ]
                },
                "head": {
                    "rotation": [
                        "-85.5841-math.sin(q.anim_time*90*1-90)*4",
                        1.30826,
                        -44.69635
                    ],
                    "position": [
                        -2.075,
                        "0.375-math.cos(q.anim_time*90*2-90)*0.05",
                        -1.05
                    ]
                },
                "wisker_right": {
                    "rotation": [
                        0,
                        15,
                        0
                    ]
                },
                "wisker_left": {
                    "rotation": [
                        0,
                        -15,
                        0
                    ]
                },
                "ear_right": {
                    "rotation": [
                        0,
                        0,
                        "-math.sin(q.anim_time*90*3-90)*3"
                    ]
                },
                "ear_left": {
                    "rotation": [
                        0,
                        0,
                        "math.sin(q.anim_time*90*3-90)*3"
                    ]
                },
                "sword_left2": {
                    "rotation": [
                        -2.5,
                        0,
                        0
                    ],
                    "position": [
                        -0.2,
                        0,
                        0
                    ]
                },
                "sword_sizechange": {
                    "scale": [
                        0.85,
                        1,
                        1
                    ]
                },
                "icethingy": {
                    "position": [
                        0,
                        0.4,
                        0.3
                    ],
                    "scale": [
                        1.2,
                        1.1,
                        0.3
                    ]
                },
                "designswordthingy": {
                    "position": [
                        0,
                        0.1,
                        0
                    ],
                    "scale": [
                        0.5,
                        1.2,
                        1
                    ]
                },
                "sword_leftdesign": {
                    "scale": [
                        1.37,
                        1,
                        0.98
                    ]
                },
                "sword_sizechange2": {
                    "position": [
                        0,
                        0.3,
                        0
                    ],
                    "scale": [
                        0.85,
                        1.41,
                        1
                    ]
                },
                "sword_right2": {
                    "rotation": [
                        -2.5,
                        0,
                        -3
                    ],
                    "position": [
                        0.2,
                        0.1,
                        0
                    ]
                },
                "detailbehind": {
                    "position": [
                        0,
                        0,
                        0.001
                    ],
                    "scale": [
                        1.38,
                        1,
                        0.93
                    ]
                },
                "ice": {
                    "position": [
                        0,
                        -0.6,
                        0
                    ]
                },
                "icethingy2": {
                    "position": [
                        0,
                        -0.1,
                        0.1
                    ],
                    "scale": [
                        1.27,
                        1,
                        0.88
                    ]
                },
                "chienpao": {
                    "scale": 0.7
                },
                "body": {
                    "rotation": [
                        -25.53051,
                        11.31255,
                        -5.35254
                    ],
                    "position": [
                        -4,
                        -8,
                        2
                    ]
                },
                "front_torso": {
                    "rotation": [
                        43.49441,
                        -13.79656,
                        -18.66
                    ]
                },
                "leg_front_left1": {
                    "rotation": [
                        -7.5,
                        -20,
                        "0-math.cos((q.anim_time-0.1)*180*0.25)*4 * math.cos((q.anim_time-0.2)*90*0.15)*1"
                    ]
                },
                "leg_front_left2": {
                    "rotation": [
                        16.82615,
                        -1.70145,
                        15.77083
                    ]
                },
                "leg_front_left3": {
                    "rotation": [
                        57.5,
                        0,
                        0
                    ]
                },
                "leg_front_right1": {
                    "rotation": [
                        9.65993,
                        3.21132,
                        "2.9132-math.cos((q.anim_time-0.1)*360*0.25)*4 * math.cos((q.anim_time-0.2)*180*0.15)*1"
                    ]
                },
                "leg_front_right2": {
                    "rotation": [
                        -7.14233,
                        4.59902,
                        8.88927
                    ]
                },
                "leg_front_right3": {
                    "rotation": [
                        65,
                        0,
                        0
                    ]
                },
                "back_torso": {
                    "rotation": [
                        -15,
                        17.5,
                        0
                    ]
                },
                "leg_back_right1": {
                    "rotation": [
                        0,
                        0,
                        "0-math.cos((q.anim_time-0.1)*180*0.25)*4 * math.cos((q.anim_time-0.2)*90*0.15)*1"
                    ]
                },
                "leg_back_right2": {
                    "rotation": [
                        62.5,
                        0,
                        0
                    ]
                },
                "leg_back_right3": {
                    "rotation": [
                        32.5,
                        0,
                        0
                    ]
                },
                "leg_back_left1": {
                    "rotation": [
                        0,
                        0,
                        "0-math.cos((q.anim_time-0.1)*360*0.25)*4 * math.cos((q.anim_time-0.2)*180*0.15)*1"
                    ]
                },
                "leg_back_left2": {
                    "rotation": [
                        82.5,
                        0,
                        0
                    ]
                },
                "leg_back_left3": {
                    "rotation": [
                        45,
                        0,
                        0
                    ]
                },
                "eye_left": {
                    "position": [
                        0,
                        0,
                        0.05
                    ]
                },
                "eye_right": {
                    "position": [
                        0,
                        0,
                        0.05
                    ]
                }
            }
        },
        "animation.chienpao.shoulder_left": {
            "loop": true,
            "bones": {
                "tail_1": {
                    "rotation": [
                        12.1303,
                        58.4711,
                        -7.18899
                    ]
                },
                "tail_2": {
                    "rotation": [
                        25.3484,
                        48.1668,
                        16.1467
                    ]
                },
                "tail_3": {
                    "rotation": [
                        -46.5485,
                        27.7482,
                        -19.63335
                    ]
                },
                "tail_4": {
                    "rotation": [
                        -43.1578,
                        45.4391,
                        4.70755
                    ]
                },
                "tail_5": {
                    "rotation": [
                        45.0417,
                        40.0914,
                        33.94163
                    ],
                    "position": [
                        0,
                        0,
                        -0.6
                    ]
                },
                "tail_6": {
                    "rotation": [
                        45.24614,
                        5.29571,
                        5.31847
                    ]
                },
                "torso": {
                    "position": [
                        0,
                        -0.3,
                        0
                    ]
                },
                "neck": {
                    "rotation": [
                        "115.1212-math.sin(q.anim_time*90*2-90)*0.6",
                        -49.52473,
                        "-28.6407-math.cos(q.anim_time*90*1-90)*0.5"
                    ]
                },
                "head": {
                    "rotation": [
                        "-85.5841-math.sin(q.anim_time*90*1-90)*4",
                        1.30826,
                        -44.69635
                    ],
                    "position": [
                        -2.075,
                        "0.375-math.cos(q.anim_time*90*2-90)*0.05",
                        -1.05
                    ]
                },
                "wisker_right": {
                    "rotation": [
                        0,
                        15,
                        0
                    ]
                },
                "wisker_left": {
                    "rotation": [
                        0,
                        -15,
                        0
                    ]
                },
                "ear_right": {
                    "rotation": [
                        0,
                        0,
                        "-math.sin(q.anim_time*90*3-90)*3"
                    ]
                },
                "ear_left": {
                    "rotation": [
                        0,
                        0,
                        "math.sin(q.anim_time*90*3-90)*3"
                    ]
                },
                "sword_left2": {
                    "rotation": [
                        -2.5,
                        0,
                        0
                    ],
                    "position": [
                        -0.2,
                        0,
                        0
                    ]
                },
                "sword_sizechange": {
                    "scale": [
                        0.85,
                        1,
                        1
                    ]
                },
                "icethingy": {
                    "position": [
                        0,
                        0.4,
                        0.3
                    ],
                    "scale": [
                        1.2,
                        1.1,
                        0.3
                    ]
                },
                "designswordthingy": {
                    "position": [
                        0,
                        0.1,
                        0
                    ],
                    "scale": [
                        0.5,
                        1.2,
                        1
                    ]
                },
                "sword_leftdesign": {
                    "scale": [
                        1.37,
                        1,
                        0.98
                    ]
                },
                "sword_sizechange2": {
                    "position": [
                        0,
                        0.3,
                        0
                    ],
                    "scale": [
                        0.85,
                        1.41,
                        1
                    ]
                },
                "sword_right2": {
                    "rotation": [
                        -2.5,
                        0,
                        -3
                    ],
                    "position": [
                        0.2,
                        0.1,
                        0
                    ]
                },
                "detailbehind": {
                    "position": [
                        0,
                        0,
                        0.001
                    ],
                    "scale": [
                        1.38,
                        1,
                        0.93
                    ]
                },
                "ice": {
                    "position": [
                        0,
                        -0.6,
                        0
                    ]
                },
                "icethingy2": {
                    "position": [
                        0,
                        -0.1,
                        0.1
                    ],
                    "scale": [
                        1.27,
                        1,
                        0.88
                    ]
                },
                "chienpao": {
                    "scale": 0.7
                },
                "body": {
                    "rotation": [
                        -25.53051,
                        11.31255,
                        -5.35254
                    ],
                    "position": [
                        -15,
                        -8,
                        1
                    ]
                },
                "front_torso": {
                    "rotation": [
                        43.49441,
                        -13.79656,
                        -18.66
                    ]
                },
                "leg_front_left1": {
                    "rotation": [
                        -7.5,
                        -20,
                        0
                    ]
                },
                "leg_front_left2": {
                    "rotation": [
                        16.82615,
                        -1.70145,
                        15.77083
                    ]
                },
                "leg_front_left3": {
                    "rotation": [
                        57.5,
                        0,
                        0
                    ]
                },
                "leg_front_right1": {
                    "rotation": [
                        9.65993,
                        3.21132,
                        2.91319
                    ]
                },
                "leg_front_right2": {
                    "rotation": [
                        -7.14233,
                        4.59902,
                        8.88927
                    ]
                },
                "leg_front_right3": {
                    "rotation": [
                        65,
                        0,
                        0
                    ]
                },
                "back_torso": {
                    "rotation": [
                        -15,
                        17.5,
                        0
                    ]
                },
                "leg_back_right2": {
                    "rotation": [
                        62.5,
                        0,
                        0
                    ]
                },
                "leg_back_right3": {
                    "rotation": [
                        32.5,
                        0,
                        0
                    ]
                },
                "leg_back_left2": {
                    "rotation": [
                        82.5,
                        0,
                        0
                    ]
                },
                "leg_back_left3": {
                    "rotation": [
                        45,
                        0,
                        0
                    ]
                },
                "eye_left": {
                    "position": [
                        0,
                        0,
                        0.075
                    ]
                },
                "eye_right": {
                    "position": [
                        0,
                        0,
                        0.05
                    ]
                }
            }
        },
        "animation.chienpao.ground_walk": {
            "loop": true,
            "animation_length": 4,
            "bones": {
                "tail_1": {
                    "rotation": [
                        "-30+math.sin(q.anim_time*90*8-180-60)*2",
                        "math.sin(q.anim_time*90*4-180-60)*4",
                        0
                    ]
                },
                "tail_2": {
                    "rotation": [
                        "12.5+math.sin(q.anim_time*90*8-200-80)*2",
                        "math.sin(q.anim_time*90*4-200-80)*4",
                        0
                    ]
                },
                "tail_3": {
                    "rotation": [
                        "12.5+math.sin(q.anim_time*90*8-220-100)*2",
                        "math.sin(q.anim_time*90*4-220-100)*4",
                        0
                    ]
                },
                "tail_4": {
                    "rotation": [
                        "12.5+math.sin(q.anim_time*90*8-240-120)*2",
                        "math.sin(q.anim_time*90*4-240-120)*4",
                        0
                    ]
                },
                "tail_5": {
                    "rotation": [
                        "20+math.sin(q.anim_time*90*8-260-140)*2",
                        "0+math.sin(q.anim_time*90*4-260-140)*4",
                        0
                    ]
                },
                "tail_6": {
                    "rotation": [
                        "35+math.sin(q.anim_time*90*8-280-160)*2",
                        "0+math.sin(q.anim_time*90*4-280-160)*4",
                        0
                    ]
                },
                "torso": {
                    "rotation": [
                        "math.sin(q.anim_time*90*4-90)*1+0.5",
                        0,
                        0
                    ],
                    "position": [
                        0,
                        -0.2,
                        0
                    ]
                },
                "neck": {
                    "rotation": [
                        "7.5+math.sin(q.anim_time*90*8-260-140)*2",
                        "math.sin(q.anim_time*90*4-260-140)*4",
                        0
                    ]
                },
                "head": {
                    "rotation": [
                        "-12.5-math.sin(q.anim_time*90*4-90)*0.5+math.sin(q.anim_time*90*4*2-45)*1",
                        0,
                        "-math.clamp(math.sin(q.anim_time*90*4-90)*1,-0.8,0.8)-math.sin(q.anim_time*90*4-180)*1"
                    ],
                    "position": [
                        "math.sin(q.anim_time*90*4-45)*0.1",
                        "math.sin(-q.anim_time*90*4*2-45)*0.1",
                        0
                    ]
                },
                "wisker_right": {
                    "rotation": [
                        0,
                        17.5,
                        "0+math.sin(q.anim_time*90*8-200)*3"
                    ]
                },
                "wisker_left": {
                    "rotation": [
                        0,
                        -17.5,
                        "0-math.sin(q.anim_time*90*8-200)*3"
                    ]
                },
                "ear_right": {
                    "rotation": [
                        0,
                        0,
                        "math.sin(q.anim_time*90*8-180)*3"
                    ]
                },
                "ear_left": {
                    "rotation": [
                        0,
                        0,
                        "math.sin(q.anim_time*90*8)*3"
                    ]
                },
                "leg_front_left1": {
                    "rotation": [
                        "30-math.clamp(20*(math.sin(q.anim_time*90*4-90)*1+1),-0,60)",
                        0,
                        "-math.clamp(math.sin(q.anim_time*90*4-90)*1,-0.8,0.8)-math.sin(q.anim_time*90*4-180)*1"
                    ],
                    "position": [
                        0,
                        "-0.7+0.8*(math.clamp(math.sin(q.anim_time*90*4-155)*1.6,1,1.6)-0.2)+0.5*(math.clamp(math.sin(q.anim_time*90*4-75)*1.8,1,1.8)-1)-0.2*(math.clamp(math.sin(q.anim_time*90*4)*1.4,1,1.4)+1)",
                        0
                    ]
                },
                "leg_front_left2": {
                    "rotation": [
                        "math.clamp(math.sin(q.anim_time*90*4-180+10)*20,0,10)+math.clamp(math.sin(q.anim_time*90*4-180+10)*20,-50,50)-math.clamp(math.sin(q.anim_time*90*4+10)*70,50,60)+25",
                        0,
                        0
                    ]
                },
                "leg_front_left3": {
                    "rotation": [
                        "-45+math.clamp(20*(math.sin(q.anim_time*90*4-90)*1+1),-0,60)-math.clamp(math.sin(q.anim_time*90*4-180+10)*20,0,10)-math.clamp(math.sin(q.anim_time*90*4-180+10)*20,-50,50)+math.clamp(math.sin(q.anim_time*90*4+10)*70,50,60)+math.clamp(math.sin(q.anim_time*90*4+40)*80,50,80)-60",
                        0,
                        0
                    ],
                    "position": [
                        0,
                        "math.clamp(math.sin(q.anim_time*90*4-120)*1.1,0.9,1)-0.9+math.clamp(math.sin(q.anim_time*90*2-130)*1.3,0.9,1)-0.9",
                        0
                    ]
                },
                "leg_front_right1": {
                    "rotation": [
                        "30-math.clamp(20*(math.sin(q.anim_time*90*4-90+180)*1+1),-0,60)",
                        0,
                        "math.clamp(math.sin(q.anim_time*90*4-90+180)*1,-0.8,0.8)+math.sin(q.anim_time*90*4-180+180)*1"
                    ],
                    "position": [
                        0,
                        "-1.4+0.8*(math.clamp(math.sin(q.anim_time*90*4-155+180)*1.6,1,1.6)-0.2)+0.5*(math.clamp(math.sin(q.anim_time*90*4-75+180)*1.8,1,1.8)-1)-0.2*(math.clamp(math.sin(q.anim_time*90*4+180)*1.4,1,1.4)+1)",
                        0
                    ]
                },
                "leg_front_right2": {
                    "rotation": [
                        "math.clamp(math.sin(q.anim_time*90*4-180+10+180)*20,0,10)+math.clamp(math.sin(q.anim_time*90*4-180+10+180)*20,-50,50)-math.clamp(math.sin(q.anim_time*90*4+10+180)*70,50,60)+25",
                        0,
                        0
                    ]
                },
                "leg_front_right3": {
                    "rotation": [
                        "-45+math.clamp(20*(math.sin(q.anim_time*90*4-90+180)*1+1),-0,60)-math.clamp(math.sin(q.anim_time*90*4-180+10+180)*20,0,10)-math.clamp(math.sin(q.anim_time*90*4-180+10+180)*20,-50,50)+math.clamp(math.sin(q.anim_time*90*4+10+180)*70,50,60)+math.clamp(math.sin(q.anim_time*90*4+40+180)*80,50,80)-60",
                        0,
                        0
                    ],
                    "position": [
                        0,
                        "math.clamp(math.sin(q.anim_time*90*4-120+180)*1.1,0.9,1)-0.9+math.clamp(math.sin(q.anim_time*90*2-130+180)*1.3,0.9,1)-0.9",
                        0
                    ]
                },
                "leg_back_right1": {
                    "rotation": [
                        "-20+math.clamp(15*(math.sin(q.anim_time*90*4-90+180)*1+1),-0,60)",
                        0,
                        "math.clamp(math.sin(q.anim_time*90*4-90+180)*1,-0.8,0.8)+math.sin(q.anim_time*90*4-180+180)*1"
                    ],
                    "position": [
                        0,
                        "-math.clamp(-math.sin(q.anim_time*90*4+90+180)*0.01,0,0.01)+math.clamp(-math.sin(q.anim_time*90*4+20+180)*1,0.4,1)-0.4+math.clamp(math.sin(q.anim_time*90*4-130+180)*1.5,0.4,0.6)-0.1",
                        -0.1
                    ]
                },
                "leg_back_right2": {
                    "rotation": [
                        "math.clamp(math.sin(q.anim_time*90*4+180)*10,0,10)+math.clamp(math.sin(q.anim_time*90*4-95+180)*25,0,45)-math.clamp(math.sin(q.anim_time*90*4+180+180)*10,0,45)",
                        0,
                        0
                    ],
                    "position": [
                        0,
                        "math.clamp(math.sin(q.anim_time*90*4-130+180)*1.5,0.5,0.8)-0.5",
                        0
                    ]
                },
                "leg_back_right3": {
                    "rotation": [
                        "-math.clamp(math.sin(q.anim_time*90*4+180)*10,0,10)-math.clamp(math.sin(q.anim_time*90*4-95+180)*25,0,45)+math.clamp(math.sin(q.anim_time*90*4+180+180)*15,0,45)-(-20+math.clamp(15*(math.sin(q.anim_time*90*4-90+180)*1+1),-0,60))+math.clamp(math.sin(q.anim_time*90*4-100+180)*100,60,100)-60",
                        0,
                        0
                    ],
                    "position": [
                        0,
                        "math.clamp(math.sin(q.anim_time*90*4-110)*1,0.8,1)-0.8",
                        0
                    ]
                },
                "body": {
                    "rotation": [
                        0,
                        0,
                        "math.clamp(math.sin(q.anim_time*90*4-90)*1,-0.8,0.8)+math.sin(q.anim_time*90*4-180)*1"
                    ],
                    "position": [
                        0,
                        "-1.5+math.clamp(math.sin(q.anim_time*90*4)*1.1,0.5,1)+math.clamp(math.sin(q.anim_time*90*4+180)*1.1,0.5,1)",
                        0
                    ]
                },
                "sword_left2": {
                    "position": [
                        -0.2,
                        0,
                        0
                    ]
                },
                "sword_sizechange": {
                    "scale": [
                        0.85,
                        1,
                        1
                    ]
                },
                "icethingy": {
                    "position": [
                        0,
                        0.4,
                        0.3
                    ],
                    "scale": [
                        1.2,
                        1.1,
                        0.3
                    ]
                },
                "designswordthingy": {
                    "position": [
                        0,
                        0.1,
                        0
                    ],
                    "scale": [
                        0.5,
                        1.2,
                        1
                    ]
                },
                "sword_leftdesign": {
                    "scale": [
                        1.37,
                        1,
                        0.98
                    ]
                },
                "sword_sizechange2": {
                    "position": [
                        0,
                        0.3,
                        0
                    ],
                    "scale": [
                        0.85,
                        1.41,
                        1
                    ]
                },
                "sword_right2": {
                    "rotation": [
                        0,
                        0,
                        -3
                    ],
                    "position": [
                        0.2,
                        0.1,
                        0
                    ]
                },
                "detailbehind": {
                    "position": [
                        0,
                        0,
                        0.001
                    ],
                    "scale": [
                        1.38,
                        1,
                        0.93
                    ]
                },
                "ice": {
                    "position": [
                        0,
                        -0.6,
                        0
                    ]
                },
                "icethingy2": {
                    "position": [
                        0,
                        -0.1,
                        0.1
                    ],
                    "scale": [
                        1.27,
                        1,
                        0.88
                    ]
                },
                "leg_back_left1": {
                    "rotation": [
                        "-20+math.clamp(15*(math.sin(q.anim_time*90*4-90)*1+1),-0,60)",
                        0,
                        "-math.clamp(math.sin(q.anim_time*90*4-90)*1,-0.8,0.8)-math.sin(q.anim_time*90*4-180)*1"
                    ],
                    "position": [
                        0,
                        "-math.clamp(-math.sin(q.anim_time*90*4+90)*0.01,0,0.01)+math.clamp(-math.sin(q.anim_time*90*4+20)*1,0.4,1)-0.4+math.clamp(math.sin(q.anim_time*90*4-130)*1.5,0.4,0.6)-0.7",
                        -0.1
                    ]
                },
                "leg_back_left2": {
                    "rotation": [
                        "math.clamp(math.sin(q.anim_time*90*4)*10,0,10)+math.clamp(math.sin(q.anim_time*90*4-95)*25,0,45)-math.clamp(math.sin(q.anim_time*90*4+180)*10,0,45)",
                        0,
                        0
                    ],
                    "position": [
                        0,
                        "math.clamp(math.sin(q.anim_time*90*4-130)*1.5,0.5,0.8)-0.5",
                        0
                    ]
                },
                "leg_back_left3": {
                    "rotation": [
                        "-math.clamp(math.sin(q.anim_time*90*4)*10,0,10)-math.clamp(math.sin(q.anim_time*90*4-95)*25,0,45)+math.clamp(math.sin(q.anim_time*90*4+180)*15,0,45)-(-20+math.clamp(15*(math.sin(q.anim_time*90*4-90)*1+1),-0,60))+math.clamp(math.sin(q.anim_time*90*4-100)*100,60,100)-60",
                        0,
                        0
                    ],
                    "position": [
                        0,
                        "math.clamp(math.sin(q.anim_time*90*4-110+180)*1,0.8,1)-0.8",
                        0
                    ]
                }
            }
        },
        "animation.chienpao.cry": {
            "animation_length": 1.5,
            "bones": {
                "neck": {
                    "rotation": {
                        "0.0": {
                            "post": [
                                0,
                                0,
                                0
                            ],
                            "lerp_mode": "catmullrom"
                        },
                        "0.2083": {
                            "post": [
                                10,
                                0,
                                0
                            ],
                            "lerp_mode": "catmullrom"
                        },
                        "0.4583": {
                            "post": [
                                -15,
                                0,
                                0
                            ],
                            "lerp_mode": "catmullrom"
                        },
                        "1.0": {
                            "post": [
                                -15,
                                0,
                                0
                            ],
                            "lerp_mode": "catmullrom"
                        },
                        "1.25": {
                            "post": [
                                5,
                                0,
                                0
                            ],
                            "lerp_mode": "catmullrom"
                        },
                        "1.5": {
                            "post": [
                                0,
                                0,
                                0
                            ],
                            "lerp_mode": "catmullrom"
                        }
                    }
                },
                "head": {
                    "rotation": {
                        "0.0": {
                            "post": [
                                0,
                                0,
                                0
                            ],
                            "lerp_mode": "catmullrom"
                        },
                        "0.25": {
                            "post": [
                                2.5,
                                0,
                                0
                            ],
                            "lerp_mode": "catmullrom"
                        },
                        "0.7917": {
                            "post": [
                                -20,
                                0,
                                0
                            ],
                            "lerp_mode": "catmullrom"
                        },
                        "1.5": {
                            "post": [
                                0,
                                0,
                                0
                            ],
                            "lerp_mode": "catmullrom"
                        }
                    }
                },
                "jaw": {
                    "rotation": {
                        "0.0": [
                            0,
                            0,
                            0
                        ],
                        "0.25": [
                            35,
                            0,
                            0
                        ],
                        "1.25": [
                            35,
                            0,
                            0
                        ],
                        "1.5": [
                            0,
                            0,
                            0
                        ]
                    }
                }
            }
        },
        "animation.chienpao.ear_flick_left": {
            "animation_length": 0.6667,
            "bones": {
                "ear_left": {
                    "rotation": {
                        "0.0": {
                            "post": [
                                0,
                                0,
                                0
                            ],
                            "lerp_mode": "catmullrom"
                        },
                        "0.125": {
                            "post": [
                                13,
                                0,
                                0
                            ],
                            "lerp_mode": "catmullrom"
                        },
                        "0.25": {
                            "post": [
                                -18.39,
                                0,
                                0
                            ],
                            "lerp_mode": "catmullrom"
                        },
                        "0.375": {
                            "post": [
                                18.39,
                                0,
                                0
                            ],
                            "lerp_mode": "catmullrom"
                        },
                        "0.5": {
                            "post": [
                                -8.39,
                                0,
                                0
                            ],
                            "lerp_mode": "catmullrom"
                        },
                        "0.625": {
                            "post": [
                                0,
                                0,
                                0
                            ],
                            "lerp_mode": "catmullrom"
                        }
                    }
                }
            }
        },
        "animation.chienpao.ear_flick_right": {
            "animation_length": 0.6667,
            "bones": {
                "ear_right": {
                    "rotation": {
                        "0.0": {
                            "post": [
                                0,
                                0,
                                0
                            ],
                            "lerp_mode": "catmullrom"
                        },
                        "0.125": {
                            "post": [
                                -13,
                                0,
                                0
                            ],
                            "lerp_mode": "catmullrom"
                        },
                        "0.25": {
                            "post": [
                                18.39,
                                0,
                                0
                            ],
                            "lerp_mode": "catmullrom"
                        },
                        "0.375": {
                            "post": [
                                -18.39,
                                0,
                                0
                            ],
                            "lerp_mode": "catmullrom"
                        },
                        "0.5": {
                            "post": [
                                8.39,
                                0,
                                0
                            ],
                            "lerp_mode": "catmullrom"
                        },
                        "0.625": {
                            "post": [
                                0,
                                0,
                                0
                            ],
                            "lerp_mode": "catmullrom"
                        }
                    }
                }
            }
        },
        "animation.chienpao.ear_flick_both": {
            "animation_length": 0.6667,
            "bones": {
                "ear_right": {
                    "rotation": {
                        "0.0": {
                            "post": [
                                0,
                                0,
                                0
                            ],
                            "lerp_mode": "catmullrom"
                        },
                        "0.125": {
                            "post": [
                                -13,
                                0,
                                0
                            ],
                            "lerp_mode": "catmullrom"
                        },
                        "0.25": {
                            "post": [
                                18.39,
                                0,
                                0
                            ],
                            "lerp_mode": "catmullrom"
                        },
                        "0.375": {
                            "post": [
                                -18.39,
                                0,
                                0
                            ],
                            "lerp_mode": "catmullrom"
                        },
                        "0.5": {
                            "post": [
                                8.39,
                                0,
                                0
                            ],
                            "lerp_mode": "catmullrom"
                        },
                        "0.625": {
                            "post": [
                                0,
                                0,
                                0
                            ],
                            "lerp_mode": "catmullrom"
                        }
                    }
                },
                "ear_left": {
                    "rotation": {
                        "0.0": {
                            "post": [
                                0,
                                0,
                                0
                            ],
                            "lerp_mode": "catmullrom"
                        },
                        "0.125": {
                            "post": [
                                13,
                                0,
                                0
                            ],
                            "lerp_mode": "catmullrom"
                        },
                        "0.25": {
                            "post": [
                                -18.39,
                                0,
                                0
                            ],
                            "lerp_mode": "catmullrom"
                        },
                        "0.375": {
                            "post": [
                                18.39,
                                0,
                                0
                            ],
                            "lerp_mode": "catmullrom"
                        },
                        "0.5": {
                            "post": [
                                -8.39,
                                0,
                                0
                            ],
                            "lerp_mode": "catmullrom"
                        },
                        "0.625": {
                            "post": [
                                0,
                                0,
                                0
                            ],
                            "lerp_mode": "catmullrom"
                        }
                    }
                }
            }
        },
        "animation.chienpao.battle_idle": {
            "loop": true,
            "bones": {
                "tail_1": {
                    "rotation": [
                        "-16.0084-math.cos((q.anim_time-0.3)*360*0.5)*5",
                        "22.115+math.cos((q.anim_time-0.1)*360*0.25)*4 * math.cos((q.anim_time-0.2)*180*0.15)*1",
                        -2.68812
                    ]
                },
                "tail_2": {
                    "rotation": [
                        "15.0346-math.cos((q.anim_time-0.5)*360*0.5)*7",
                        "24.9719+math.cos((q.anim_time-0.1)*360*0.25)*4 * math.cos((q.anim_time-0.2)*180*0.15)*1",
                        -0.30847
                    ]
                },
                "tail_3": {
                    "rotation": [
                        "15.5059-math.cos((q.anim_time-0.7)*360*0.5)*7",
                        "9.4369+math.cos((q.anim_time-0.1)*360*0.25)*4 * math.cos((q.anim_time-0.2)*180*0.15)*1",
                        3.35064
                    ],
                    "position": [
                        0,
                        -0.3,
                        0
                    ]
                },
                "tail_4": {
                    "rotation": [
                        "26.5499-math.cos((q.anim_time-0.9)*360*0.5)*7",
                        "15.5608+math.cos((q.anim_time-0.1)*360*0.25)*4 * math.cos((q.anim_time-0.2)*180*0.15)*1",
                        15.67091
                    ],
                    "position": [
                        0,
                        0.4,
                        0.8
                    ]
                },
                "tail_5": {
                    "rotation": [
                        49.62445,
                        3.63146,
                        -6.37434
                    ],
                    "position": [
                        0,
                        0.1,
                        -0.3
                    ]
                },
                "tail_6": {
                    "rotation": [
                        52.5,
                        0,
                        0
                    ]
                },
                "torso": {
                    "rotation": [
                        0,
                        65,
                        0
                    ],
                    "position": [
                        0,
                        "math.sin(q.anim_time*90*1-90)*0.05",
                        0
                    ]
                },
                "neck": {
                    "rotation": [
                        "0.9667-math.cos((q.anim_time-0.3)*360*0.5)*3",
                        "-23.2275+math.cos((q.anim_time-0.1)*360*0.25)*4 * math.cos((q.anim_time-0.2)*180*0.15)*1",
                        "-3.3041-math.cos(q.anim_time*90*1-90)*0.5"
                    ]
                },
                "head": {
                    "rotation": [
                        "-0.8731+math.cos((q.anim_time-0.3)*360*0.5)*7",
                        -17.68461,
                        18.65088
                    ],
                    "position": [
                        0,
                        "-math.cos(q.anim_time*90*2-90)*0.05",
                        0
                    ]
                },
                "wisker_right": {
                    "rotation": [
                        0,
                        15,
                        0
                    ]
                },
                "wisker_left": {
                    "rotation": [
                        0,
                        -15,
                        0
                    ]
                },
                "ear_right": {
                    "rotation": [
                        0,
                        0,
                        "-math.sin(q.anim_time*90*3-90)*3"
                    ]
                },
                "ear_left": {
                    "rotation": [
                        0,
                        0,
                        "math.sin(q.anim_time*90*3-90)*3"
                    ]
                },
                "front_torso": {
                    "rotation": [
                        0,
                        -20,
                        0
                    ],
                    "position": [
                        -0.4,
                        0,
                        0.6
                    ]
                },
                "back_torso": {
                    "rotation": [
                        0,
                        36,
                        0
                    ],
                    "position": [
                        -0.6,
                        0,
                        -1.9
                    ]
                },
                "leg_front_left1": {
                    "rotation": [
                        0,
                        -15,
                        0
                    ]
                },
                "leg_front_left3": {
                    "rotation": [
                        0,
                        -7.5,
                        0
                    ]
                },
                "leg_front_right1": {
                    "rotation": [
                        0,
                        -2.5,
                        0
                    ],
                    "position": [
                        -1,
                        0,
                        0
                    ]
                },
                "leg_back_right1": {
                    "rotation": [
                        0,
                        -32.5,
                        0
                    ]
                },
                "leg_back_left1": {
                    "rotation": [
                        0,
                        -17.5,
                        0
                    ],
                    "position": [
                        1,
                        0,
                        0
                    ]
                },
                "leg_back_left3": {
                    "rotation": [
                        0,
                        -25,
                        0
                    ]
                },
                "sword_sizechange": {
                    "scale": [
                        0.85,
                        1,
                        1
                    ]
                },
                "sword_leftdesign": {
                    "scale": [
                        1.37,
                        1,
                        0.98
                    ]
                },
                "sword_sizechange2": {
                    "position": [
                        0,
                        0.3,
                        0
                    ],
                    "scale": [
                        0.85,
                        1.41,
                        1
                    ]
                },
                "designswordthingy": {
                    "position": [
                        0,
                        0.1,
                        0
                    ],
                    "scale": [
                        0.5,
                        1.2,
                        1
                    ]
                },
                "icethingy": {
                    "position": [
                        0,
                        0.4,
                        0.3
                    ],
                    "scale": [
                        1.2,
                        1.1,
                        0.3
                    ]
                },
                "ice": {
                    "position": [
                        0,
                        -0.6,
                        0
                    ]
                },
                "icethingy2": {
                    "position": [
                        0,
                        -0.1,
                        0.1
                    ],
                    "scale": [
                        1.27,
                        1,
                        0.88
                    ]
                },
                "sword_left2": {
                    "position": [
                        -0.2,
                        0,
                        0
                    ]
                },
                "sword_right2": {
                    "rotation": [
                        0,
                        0,
                        -3
                    ],
                    "position": [
                        0.2,
                        0.1,
                        0
                    ]
                },
                "detailbehind": {
                    "position": [
                        0,
                        0,
                        0.001
                    ],
                    "scale": [
                        1.38,
                        1,
                        0.93
                    ]
                }
            }
        },
        "animation.chienpao.physical": {
            "animation_length": 1.5833,
            "bones": {
                "torso": {
                    "position": {
                        "0.0": [
                            0,
                            0,
                            0
                        ],
                        "0.4167": [
                            0,
                            0,
                            0
                        ],
                        "0.7083": [
                            0,
                            "-0.75+0.2*math.sin(q.anim_time*90*45)",
                            0
                        ],
                        "1.0": [
                            0,
                            0,
                            0
                        ]
                    }
                },
                "neck": {
                    "rotation": {
                        "0.0": {
                            "post": [
                                0,
                                0,
                                0
                            ],
                            "lerp_mode": "catmullrom"
                        },
                        "0.375": {
                            "post": [
                                29.38776,
                                -25.07536,
                                -21.81033
                            ],
                            "lerp_mode": "catmullrom"
                        },
                        "0.7083": {
                            "post": [
                                10.50324,
                                24.4245,
                                37.28843
                            ],
                            "lerp_mode": "catmullrom"
                        },
                        "0.7917": {
                            "post": [
                                10.40842,
                                21.92531,
                                34.1636
                            ],
                            "lerp_mode": "catmullrom"
                        },
                        "0.875": {
                            "post": [
                                10.50324,
                                24.4245,
                                37.28843
                            ],
                            "lerp_mode": "catmullrom"
                        },
                        "1.125": {
                            "post": [
                                0,
                                0,
                                0
                            ],
                            "lerp_mode": "catmullrom"
                        }
                    }
                },
                "head": {
                    "rotation": {
                        "0.0": {
                            "post": [
                                0,
                                0,
                                0
                            ],
                            "lerp_mode": "catmullrom"
                        },
                        "0.25": {
                            "post": [
                                -30,
                                0,
                                0
                            ],
                            "lerp_mode": "catmullrom"
                        },
                        "0.4167": {
                            "post": [
                                -21.76036,
                                -21.98367,
                                -17.10671
                            ],
                            "lerp_mode": "catmullrom"
                        },
                        "0.5417": {
                            "post": [
                                -23.47508,
                                -14.35742,
                                -10.87795
                            ],
                            "lerp_mode": "catmullrom"
                        },
                        "0.625": {
                            "post": [
                                -32.2016,
                                12.81643,
                                -6.41434
                            ],
                            "lerp_mode": "catmullrom"
                        },
                        "0.7083": {
                            "post": [
                                -30,
                                0,
                                0
                            ],
                            "lerp_mode": "catmullrom"
                        },
                        "0.75": [
                            -30,
                            0,
                            0
                        ],
                        "0.7917": [
                            -30,
                            0,
                            0
                        ],
                        "0.875": {
                            "pre": [
                                -30.87693,
                                11.78463,
                                4.26647
                            ],
                            "post": [
                                -30.87693,
                                11.78463,
                                4.26647
                            ],
                            "lerp_mode": "catmullrom"
                        },
                        "1.0": {
                            "post": [
                                0,
                                0,
                                0
                            ],
                            "lerp_mode": "catmullrom"
                        },
                        "1.0417": {
                            "post": [
                                0,
                                0,
                                0
                            ],
                            "lerp_mode": "catmullrom"
                        }
                    }
                },
                "leg_front_left1": {
                    "rotation": {
                        "0.0": {
                            "post": [
                                0,
                                0,
                                0
                            ],
                            "lerp_mode": "catmullrom"
                        },
                        "0.375": {
                            "post": [
                                0,
                                0,
                                0
                            ],
                            "lerp_mode": "catmullrom"
                        },
                        "0.5833": {
                            "post": [
                                2.83849,
                                -14.44046,
                                -5.72181
                            ],
                            "lerp_mode": "catmullrom"
                        },
                        "1.0833": {
                            "post": [
                                0,
                                0,
                                0
                            ],
                            "lerp_mode": "catmullrom"
                        }
                    }
                },
                "leg_front_left2": {
                    "rotation": {
                        "0.0": {
                            "post": [
                                0,
                                0,
                                0
                            ],
                            "lerp_mode": "catmullrom"
                        },
                        "0.4583": {
                            "post": [
                                0,
                                0,
                                0
                            ],
                            "lerp_mode": "catmullrom"
                        },
                        "0.5417": {
                            "post": [
                                0,
                                0,
                                7.5
                            ],
                            "lerp_mode": "catmullrom"
                        },
                        "0.6667": {
                            "post": [
                                0,
                                0,
                                0
                            ],
                            "lerp_mode": "catmullrom"
                        }
                    }
                },
                "leg_front_left3": {
                    "rotation": {
                        "0.0": {
                            "post": [
                                0,
                                0,
                                0
                            ],
                            "lerp_mode": "catmullrom"
                        },
                        "0.3333": {
                            "post": [
                                0,
                                0,
                                0
                            ],
                            "lerp_mode": "catmullrom"
                        },
                        "0.5833": {
                            "post": [
                                0,
                                15,
                                0
                            ],
                            "lerp_mode": "catmullrom"
                        },
                        "0.9583": {
                            "post": [
                                0,
                                0,
                                0
                            ],
                            "lerp_mode": "catmullrom"
                        }
                    }
                },
                "leg_front_right1": {
                    "rotation": {
                        "0.0": {
                            "post": [
                                0,
                                0,
                                0
                            ],
                            "lerp_mode": "catmullrom"
                        },
                        "0.375": {
                            "post": [
                                0,
                                0,
                                0
                            ],
                            "lerp_mode": "catmullrom"
                        },
                        "0.5833": {
                            "post": [
                                0,
                                0,
                                5
                            ],
                            "lerp_mode": "catmullrom"
                        },
                        "1.0": {
                            "post": [
                                0,
                                0,
                                0
                            ],
                            "lerp_mode": "catmullrom"
                        }
                    }
                },
                "leg_front_right3": {
                    "rotation": {
                        "0.0": {
                            "post": [
                                0,
                                0,
                                0
                            ],
                            "lerp_mode": "catmullrom"
                        },
                        "0.4583": {
                            "post": [
                                0,
                                0,
                                0
                            ],
                            "lerp_mode": "catmullrom"
                        },
                        "0.7917": {
                            "post": [
                                0,
                                17.5,
                                0
                            ],
                            "lerp_mode": "catmullrom"
                        },
                        "1.125": {
                            "post": [
                                0,
                                0,
                                0
                            ],
                            "lerp_mode": "catmullrom"
                        }
                    }
                },
                "tail_1": {
                    "rotation": {
                        "0.0": {
                            "post": [
                                0,
                                0,
                                0
                            ],
                            "lerp_mode": "catmullrom"
                        },
                        "0.2917": {
                            "post": [
                                0,
                                -27.5,
                                0
                            ],
                            "lerp_mode": "catmullrom"
                        },
                        "0.6667": {
                            "post": [
                                0,
                                0,
                                0
                            ],
                            "lerp_mode": "catmullrom"
                        }
                    }
                }
            }
        },
        "animation.chienpao.status": {
            "animation_length": 1.5,
            "bones": {
                "neck": {
                    "rotation": {
                        "0.0": {
                            "post": [
                                0,
                                0,
                                0
                            ],
                            "lerp_mode": "catmullrom"
                        },
                        "0.2083": {
                            "post": [
                                10,
                                0,
                                0
                            ],
                            "lerp_mode": "catmullrom"
                        },
                        "0.4583": {
                            "post": [
                                -15,
                                0,
                                0
                            ],
                            "lerp_mode": "catmullrom"
                        },
                        "1.0": {
                            "post": [
                                -15,
                                0,
                                0
                            ],
                            "lerp_mode": "catmullrom"
                        },
                        "1.25": {
                            "post": [
                                5,
                                0,
                                0
                            ],
                            "lerp_mode": "catmullrom"
                        },
                        "1.5": {
                            "post": [
                                0,
                                0,
                                0
                            ],
                            "lerp_mode": "catmullrom"
                        }
                    }
                },
                "head": {
                    "rotation": {
                        "0.0": {
                            "post": [
                                0,
                                0,
                                0
                            ],
                            "lerp_mode": "catmullrom"
                        },
                        "0.25": {
                            "post": [
                                2.5,
                                0,
                                0
                            ],
                            "lerp_mode": "catmullrom"
                        },
                        "0.7917": {
                            "post": [
                                -20,
                                0,
                                0
                            ],
                            "lerp_mode": "catmullrom"
                        },
                        "1.5": {
                            "post": [
                                0,
                                0,
                                0
                            ],
                            "lerp_mode": "catmullrom"
                        }
                    }
                },
                "jaw": {
                    "rotation": {
                        "0.0": [
                            0,
                            0,
                            0
                        ],
                        "0.25": [
                            35,
                            0,
                            0
                        ],
                        "1.25": [
                            35,
                            0,
                            0
                        ],
                        "1.5": [
                            0,
                            0,
                            0
                        ]
                    }
                }
            }
        },
        "animation.chienpao.recoil": {
            "animation_length": 1.5,
            "bones": {
                "neck": {
                    "rotation": {
                        "0.0": [
                            0,
                            0,
                            0
                        ],
                        "0.0417": [
                            -13,
                            0,
                            0
                        ],
                        "0.5833": {
                            "pre": [
                                8.66,
                                0,
                                0
                            ],
                            "post": [
                                8.66,
                                0,
                                0
                            ],
                            "lerp_mode": "catmullrom"
                        },
                        "1.0833": {
                            "post": [
                                -2,
                                0,
                                0
                            ],
                            "lerp_mode": "catmullrom"
                        },
                        "1.5": [
                            0,
                            0,
                            0
                        ]
                    }
                },
                "head": {
                    "rotation": {
                        "0.0": [
                            0,
                            0,
                            0
                        ],
                        "0.0417": {
                            "pre": [
                                11,
                                0,
                                0
                            ],
                            "post": [
                                11,
                                0,
                                0
                            ],
                            "lerp_mode": "catmullrom"
                        },
                        "0.1667": {
                            "post": [
                                -9.58,
                                0,
                                0
                            ],
                            "lerp_mode": "catmullrom"
                        },
                        "0.375": {
                            "post": [
                                -7,
                                0,
                                0
                            ],
                            "lerp_mode": "catmullrom"
                        },
                        "0.7083": {
                            "post": [
                                -3.3,
                                0,
                                0
                            ],
                            "lerp_mode": "catmullrom"
                        },
                        "1.0417": {
                            "post": [
                                0.7,
                                0,
                                0
                            ],
                            "lerp_mode": "catmullrom"
                        },
                        "1.4583": [
                            0,
                            0,
                            0
                        ]
                    }
                },
                "eye_left": {
                    "position": {
                        "0.0": [
                            0.1,
                            0,
                            0.05
                        ],
                        "0.25": {
                            "pre": [
                                0.1,
                                0,
                                0.05
                            ],
                            "post": [
                                0.1,
                                0,
                                -0.1
                            ]
                        },
                        "0.2917": {
                            "pre": [
                                0.1,
                                0,
                                -0.1
                            ],
                            "post": [
                                0,
                                0,
                                0
                            ]
                        }
                    }
                },
                "eye_right": {
                    "position": {
                        "0.0": [
                            0.1,
                            0,
                            0.05
                        ],
                        "0.25": {
                            "pre": [
                                0.1,
                                0,
                                0.05
                            ],
                            "post": [
                                0.1,
                                0,
                                -0.1
                            ]
                        },
                        "0.2917": {
                            "pre": [
                                0.1,
                                0,
                                -0.1
                            ],
                            "post": [
                                0,
                                0,
                                0
                            ]
                        }
                    }
                }
            }
        }
    }
}