{"format_version":"1.8.0","animations":{"animation.coalossal.render":{"loop":"hold_on_last_frame","animation_length":0.04167,"bones":{"LeftShoulder":{"rotation":[-20.94102,8.42106,20.94102]},"LeftArm":{"rotation":[0,22.5,22.5]},"LeftHand":{"rotation":[22.5,0,22.5]},"LeftLeg":{"rotation":[0,-10,0]},"LeftFoot":{"rotation":[0,-12.5,0]},"RightLeg":{"rotation":[0,10,0]},"RightFoot":{"rotation":[0,12.5,0]},"RightShoulder":{"rotation":[-20.94102,-8.42106,-20.94102]},"RightArm":{"rotation":[0,-22.5,-22.5]},"RightHand":{"rotation":[22.5,0,-22.5]},"PupilLeft":{"position":[0,0,0]},"PupilRight":{"position":[0,0,0]},"Head":{"rotation":[-37.5,0,0]},"Jaw":{"rotation":[45,0,0]}}},"animation.coalossal.ground_idle":{"loop":true,"animation_length":4,"bones":{"Torso":{"rotation":["math.cos(q.anim_time*90+90)/2",0,0],"position":[0,"math.cos(q.anim_time*90)/5",0]},"LeftShoulder":{"rotation":[0,45,"45-math.sin(q.anim_time*90)"]},"LeftArm":{"rotation":[0,5,5]},"LeftHand":{"rotation":[0,5,5]},"RightShoulder":{"rotation":[0,-45,"-45+math.sin(q.anim_time*90)"]},"RightArm":{"rotation":[0,-5,-5]},"RightHand":{"rotation":[0,-5,-5]},"LeftLeg":{"rotation":[0,-45,0]},"RightLeg":{"rotation":[0,45,0]}}},"animation.coalossal.ground_walk":{"loop":true,"animation_length":4,"bones":{"Torso":{"rotation":{"0.0":[0,"-math.cos(q.anim_time*90)*2",5],"0.125":[0,"-math.cos(q.anim_time*90)*2",5],"0.2083":[0,"-math.cos(q.anim_time*90)*2",0],"2.0":[0,"-math.cos(q.anim_time*90)*2",-5],"2.125":[0,"-math.cos(q.anim_time*90)*2",-5],"2.2083":[0,"-math.cos(q.anim_time*90)*2",0],"4.0":[0,"-math.cos(q.anim_time*90)*2",5]},"position":{"0.0":[0,2,0],"0.125":[0,2,0],"0.2083":[0,0,0],"0.25":[0,-1,0],"0.2917":[0,0,0],"0.3333":[0,-1,0],"0.4167":[0,0,0],"2.0":[0,2,0],"2.125":[0,2,0],"2.2083":[0,0,0],"2.25":[0,-1,0],"2.2917":[0,0,0],"2.3333":[0,-1,0],"2.4167":[0,0,0],"4.0":[0,2,0]}},"LeftShoulder":{"rotation":[0,"45+math.cos(q.anim_time*90)*5",55]},"RightShoulder":{"rotation":[0,"-45+math.cos(q.anim_time*90)*5",-55]},"LeftLeg":{"rotation":{"0.0":{"post":[0,0,0],"lerp_mode":"catmullrom"},"0.9583":{"post":[5,0,0],"lerp_mode":"catmullrom"},"2.0":{"post":[-5,0,0],"lerp_mode":"catmullrom"},"2.125":[-5,0,0],"2.2083":[0,0,0]},"position":{"0.0":[0,0,"math.cos(q.anim_time*90)"],"0.5":[0,0.2,"math.cos(q.anim_time*90)"],"0.75":[0,0.3,"math.cos(q.anim_time*90)"],"1.0":[0,0.5,"math.cos(q.anim_time*90)"],"1.25":[0,0.9,"math.cos(q.anim_time*90)"],"1.5":[0,1.5,"math.cos(q.anim_time*90)"],"1.75":[0,1.875,"math.cos(q.anim_time*90)"],"2.0":[0,2,"math.cos(q.anim_time*90)"],"2.125":[0,2,"math.cos(q.anim_time*90)"],"2.2083":[0,0,"math.cos(q.anim_time*90)"],"2.25":[0,-0.5,"math.cos(q.anim_time*90)"],"2.2917":[0,0,"math.cos(q.anim_time*90)"],"2.3333":[0,-0.5,"math.cos(q.anim_time*90)"],"2.375":[0,0,"math.cos(q.anim_time*90)"]}},"LeftFoot":{"rotation":{"0.0":{"post":[0,0,0],"lerp_mode":"catmullrom"},"0.75":{"post":[-2.5,0,0],"lerp_mode":"catmullrom"},"1.0":{"post":[-1,0,0],"lerp_mode":"catmullrom"},"1.25":{"post":[0,0,0],"lerp_mode":"catmullrom"},"2.0":{"post":[-7.5,0,0],"lerp_mode":"catmullrom"},"2.125":{"post":[-7.5,0,0],"lerp_mode":"catmullrom"},"2.2083":{"post":[0,0,0],"lerp_mode":"catmullrom"}}},"RightLeg":{"rotation":{"0.0":{"post":[-5,0,0],"lerp_mode":"catmullrom"},"0.125":[-5,0,0],"0.2083":[0,0,0],"2.0":{"pre":[0,0,0],"post":[0,0,0],"lerp_mode":"catmullrom"},"2.9583":{"post":[5,0,0],"lerp_mode":"catmullrom"},"4.0":{"post":[-5,0,0],"lerp_mode":"catmullrom"}},"position":{"0.0":[0,2,"-math.cos(q.anim_time*90)"],"0.125":[0,2,"-math.cos(q.anim_time*90)"],"0.2083":[0,0,"-math.cos(q.anim_time*90)"],"0.25":[0,-0.5,"-math.cos(q.anim_time*90)"],"0.2917":[0,0,"-math.cos(q.anim_time*90)"],"0.3333":[0,-0.5,"-math.cos(q.anim_time*90)"],"0.375":[0,0,"-math.cos(q.anim_time*90)"],"2.0":[0,0,"-math.cos(q.anim_time*90)"],"2.5":[0,0.2,"-math.cos(q.anim_time*90)"],"2.75":[0,0.3,"-math.cos(q.anim_time*90)"],"3.0":[0,0.5,"-math.cos(q.anim_time*90)"],"3.25":[0,0.9,"-math.cos(q.anim_time*90)"],"3.5":[0,1.5,"-math.cos(q.anim_time*90)"],"3.75":[0,1.875,"-math.cos(q.anim_time*90)"],"4.0":[0,2,"-math.cos(q.anim_time*90)"]}},"RightFoot":{"rotation":{"0.0":{"post":[-7.5,0,0],"lerp_mode":"catmullrom"},"0.125":{"post":[-7.5,0,0],"lerp_mode":"catmullrom"},"0.2083":{"post":[0,0,0],"lerp_mode":"catmullrom"},"2.0":{"post":[0,0,0],"lerp_mode":"catmullrom"},"2.75":{"post":[-2.5,0,0],"lerp_mode":"catmullrom"},"3.0":{"post":[-1,0,0],"lerp_mode":"catmullrom"},"3.25":{"post":[0,0,0],"lerp_mode":"catmullrom"},"4.0":{"post":[-7.5,0,0],"lerp_mode":"catmullrom"}}}}},"animation.coalossal.cry":{"animation_length":3,"bones":{"Torso":{"rotation":{"0.0":{"post":[0,0,0],"lerp_mode":"catmullrom"},"0.25":{"post":[5,0,0],"lerp_mode":"catmullrom"},"0.4167":{"post":[5,0,0],"lerp_mode":"catmullrom"},"0.5833":{"post":[-5,0,0],"lerp_mode":"catmullrom"},"2.25":{"post":[-5,0,0],"lerp_mode":"catmullrom"},"3.0":{"post":[0,0,0],"lerp_mode":"catmullrom"}}},"Jaw":{"rotation":{"0.4167":{"pre":[0,0,0],"post":[0,0,0],"lerp_mode":"catmullrom"},"0.5833":{"post":[40,0,0],"lerp_mode":"catmullrom"},"2.25":{"post":[40,0,0],"lerp_mode":"catmullrom"},"3.0":{"post":[0,0,0],"lerp_mode":"catmullrom"}}},"Coal":{"position":{"0.0":{"post":[0,0,0],"lerp_mode":"catmullrom"},"0.5833":{"post":[0,0,0],"lerp_mode":"catmullrom"},"0.6667":{"post":[0.5,0,0],"lerp_mode":"catmullrom"},"0.75":{"post":[0,0,0],"lerp_mode":"catmullrom"},"0.8333":{"post":[0.5,0,0],"lerp_mode":"catmullrom"},"0.9167":{"post":[0,0,0],"lerp_mode":"catmullrom"},"1.0":{"post":[0.5,0,0],"lerp_mode":"catmullrom"},"1.0833":{"post":[0,0,0],"lerp_mode":"catmullrom"},"1.1667":{"post":[0.5,0,0],"lerp_mode":"catmullrom"},"1.25":{"post":[0,0,0],"lerp_mode":"catmullrom"},"1.3333":{"post":[0.5,0,0],"lerp_mode":"catmullrom"},"1.4167":{"post":[0,0,0],"lerp_mode":"catmullrom"},"1.5":{"post":[0.5,0,0],"lerp_mode":"catmullrom"},"1.5833":{"post":[0,0,0],"lerp_mode":"catmullrom"},"1.6667":{"post":[0.5,0,0],"lerp_mode":"catmullrom"},"1.75":{"post":[0,0,0],"lerp_mode":"catmullrom"},"1.8333":{"post":[0.5,0,0],"lerp_mode":"catmullrom"},"1.9167":{"post":[0,0,0],"lerp_mode":"catmullrom"},"2.0":{"post":[0.5,0,0],"lerp_mode":"catmullrom"},"2.0833":{"post":[0,0,0],"lerp_mode":"catmullrom"},"2.1667":{"post":[0.5,0,0],"lerp_mode":"catmullrom"},"2.25":{"post":[0,0,0],"lerp_mode":"catmullrom"},"2.3333":{"post":[0.5,0,0],"lerp_mode":"catmullrom"},"2.4583":{"post":[0,0,0],"lerp_mode":"catmullrom"},"2.5833":{"post":[0.5,0,0],"lerp_mode":"catmullrom"},"2.7917":{"post":[0,0,0],"lerp_mode":"catmullrom"},"3.0":{"post":[0,0,0],"lerp_mode":"catmullrom"}}},"Coal2":{"position":{"0.0417":{"pre":[0,0,0],"post":[0,0,0],"lerp_mode":"catmullrom"},"0.625":{"post":[0,0,0],"lerp_mode":"catmullrom"},"0.7083":{"post":[0.5,0,0],"lerp_mode":"catmullrom"},"0.7917":{"post":[0,0,0],"lerp_mode":"catmullrom"},"0.875":{"post":[0.5,0,0],"lerp_mode":"catmullrom"},"0.9583":{"post":[0,0,0],"lerp_mode":"catmullrom"},"1.0417":{"post":[0.5,0,0],"lerp_mode":"catmullrom"},"1.125":{"post":[0,0,0],"lerp_mode":"catmullrom"},"1.2083":{"post":[0.5,0,0],"lerp_mode":"catmullrom"},"1.2917":{"post":[0,0,0],"lerp_mode":"catmullrom"},"1.375":{"post":[0.5,0,0],"lerp_mode":"catmullrom"},"1.4583":{"post":[0,0,0],"lerp_mode":"catmullrom"},"1.5417":{"post":[0.5,0,0],"lerp_mode":"catmullrom"},"1.625":{"post":[0,0,0],"lerp_mode":"catmullrom"},"1.7083":{"post":[0.5,0,0],"lerp_mode":"catmullrom"},"1.7917":{"post":[0,0,0],"lerp_mode":"catmullrom"},"1.875":{"post":[0.5,0,0],"lerp_mode":"catmullrom"},"1.9583":{"post":[0,0,0],"lerp_mode":"catmullrom"},"2.0417":{"post":[0.5,0,0],"lerp_mode":"catmullrom"},"2.125":{"post":[0,0,0],"lerp_mode":"catmullrom"},"2.2083":{"post":[0.5,0,0],"lerp_mode":"catmullrom"},"2.2917":{"post":[0,0,0],"lerp_mode":"catmullrom"},"2.375":{"post":[0.5,0,0],"lerp_mode":"catmullrom"},"2.5":{"post":[0,0,0],"lerp_mode":"catmullrom"},"2.625":{"post":[0.5,0,0],"lerp_mode":"catmullrom"},"2.8333":{"post":[0,0,0],"lerp_mode":"catmullrom"},"3.0":{"post":[0,0,0],"lerp_mode":"catmullrom"}}},"Coal3":{"position":{"0.0833":{"pre":[0,0,0],"post":[0,0,0],"lerp_mode":"catmullrom"},"0.6667":{"post":[0,0,0],"lerp_mode":"catmullrom"},"0.75":{"post":[0.5,0,0],"lerp_mode":"catmullrom"},"0.8333":{"post":[0,0,0],"lerp_mode":"catmullrom"},"0.9167":{"post":[0.5,0,0],"lerp_mode":"catmullrom"},"1.0":{"post":[0,0,0],"lerp_mode":"catmullrom"},"1.0833":{"post":[0.5,0,0],"lerp_mode":"catmullrom"},"1.1667":{"post":[0,0,0],"lerp_mode":"catmullrom"},"1.25":{"post":[0.5,0,0],"lerp_mode":"catmullrom"},"1.3333":{"post":[0,0,0],"lerp_mode":"catmullrom"},"1.4167":{"post":[0.5,0,0],"lerp_mode":"catmullrom"},"1.5":{"post":[0,0,0],"lerp_mode":"catmullrom"},"1.5833":{"post":[0.5,0,0],"lerp_mode":"catmullrom"},"1.6667":{"post":[0,0,0],"lerp_mode":"catmullrom"},"1.75":{"post":[0.5,0,0],"lerp_mode":"catmullrom"},"1.8333":{"post":[0,0,0],"lerp_mode":"catmullrom"},"1.9167":{"post":[0.5,0,0],"lerp_mode":"catmullrom"},"2.0":{"post":[0,0,0],"lerp_mode":"catmullrom"},"2.0833":{"post":[0.5,0,0],"lerp_mode":"catmullrom"},"2.1667":{"post":[0,0,0],"lerp_mode":"catmullrom"},"2.25":{"post":[0.5,0,0],"lerp_mode":"catmullrom"},"2.3333":{"post":[0,0,0],"lerp_mode":"catmullrom"},"2.4167":{"post":[0.5,0,0],"lerp_mode":"catmullrom"},"2.5417":{"post":[0,0,0],"lerp_mode":"catmullrom"},"2.6667":{"post":[0.5,0,0],"lerp_mode":"catmullrom"},"2.875":{"post":[0,0,0],"lerp_mode":"catmullrom"},"3.0":{"post":[0,0,0],"lerp_mode":"catmullrom"}}}},"sound_effects":{"0.5":{"effect":"pokemon.coalossal.cry"}}},"animation.coalossal.walkspeed":{"loop":true,"bones":{"Coalossal":{"position":[0,0,"-q.anim_time*90*0.0175"]}}}}}