{
    "format_version": "1.8.0",
    "animations": {
        "animation.corsola.ground_idle": {
            "loop": true,
            "animation_length": 2.79167,
            "bones": {
                "tail1": {
                    "rotation": [
                        30,
                        0,
                        0
                    ]
                },
                "tail2": {
                    "rotation": [
                        15,
                        0,
                        0
                    ]
                },
                "tail3": {
                    "rotation": [
                        15,
                        0,
                        0
                    ]
                },
                "corsola": {
                    "position": {
                        "0.0": [
                            0,
                            0,
                            0
                        ],
                        "1.4167": [
                            0,
                            0.2,
                            0
                        ],
                        "2.7917": [
                            0,
                            0,
                            0
                        ]
                    }
                },
                "leg": {
                    "rotation": {
                        "0.0": [
                            0,
                            0,
                            0
                        ],
                        "2.7917": [
                            0,
                            0,
                            0
                        ]
                    },
                    "position": {
                        "0.0": [
                            0,
                            0,
                            0
                        ],
                        "2.7917": [
                            0,
                            0,
                            0
                        ]
                    }
                },
                "leg2": {
                    "rotation": {
                        "0.0": [
                            0,
                            0,
                            0
                        ],
                        "2.7917": [
                            0,
                            0,
                            0
                        ]
                    },
                    "position": {
                        "0.0": [
                            0,
                            0,
                            0
                        ],
                        "2.7917": [
                            0,
                            0,
                            0
                        ]
                    }
                },
                "leg4": {
                    "rotation": {
                        "0.0": [
                            0,
                            0,
                            0
                        ],
                        "2.7917": [
                            0,
                            0,
                            0
                        ]
                    },
                    "position": {
                        "0.0": [
                            0,
                            0,
                            0
                        ],
                        "2.7917": [
                            0,
                            0,
                            0
                        ]
                    }
                },
                "leg3": {
                    "rotation": {
                        "0.0": [
                            0,
                            0,
                            0
                        ],
                        "2.7917": [
                            0,
                            0,
                            0
                        ]
                    },
                    "position": {
                        "0.0": [
                            0,
                            0,
                            0
                        ],
                        "2.7917": [
                            0,
                            0,
                            0
                        ]
                    }
                }
            }
        },
        "animation.corsola.ground_walk": {
            "loop": true,
            "animation_length": 2.79167,
            "bones": {
                "body": {
                    "position": [
                        0,
                        "0 - (6/11) + math.abs(math.sin(((query.anim_time) - (1/3)) * 90 * 3) * (6/11))",
                        0
                    ]
                },
                "head": {
                    "rotation": [
                        "0 - (0 * 1.5)",
                        "math.sin(((query.anim_time) - (0.5/3)) * 90 * 3) * (4 * 1.5)",
                        0
                    ],
                    "position": [
                        0,
                        0,
                        "0 - (0 / 10)"
                    ]
                },
                "arm_left": {
                    "rotation": [
                        0,
                        "0 - math.sin(((query.anim_time) - (0.5/3)) * 90 * 3) * 28",
                        "0 - -48"
                    ]
                },
                "arm_left2": {
                    "rotation": [
                        0,
                        "math.clamp(math.sin(((query.anim_time) + (0.75/3)) * 90 * 3) * 28, 0, 28)",
                        0
                    ]
                },
                "arm_right": {
                    "rotation": [
                        0,
                        "0 - math.sin(((query.anim_time) - (0.5/3)) * 90 * 3) * 28",
                        -48
                    ]
                },
                "arm_right2": {
                    "rotation": [
                        0,
                        "0 - math.clamp(math.sin(((query.anim_time) - (0.75/3)) * 90 * 3) * 28, 0, 28)",
                        0
                    ]
                },
                "torso2": {
                    "rotation": [
                        0,
                        "0 - math.sin(((query.anim_time) - (0.5/3)) * 90 * 3) * 4",
                        0
                    ]
                },
                "leg_left": {
                    "rotation": [
                        "0 -math.sin((query.anim_time) * 90 * 3) * 6",
                        0,
                        "0 - 0 + (math.clamp((math.sin(((query.anim_time - (1.75 / 3))) * 180 * 3) * 1) - math.clamp((math.sin(((query.anim_time - (1.75 / 3))) * 90 * 3) * 2), 0, 1), 0, 1)) * 0"
                    ],
                    "position": [
                        0,
                        "math.clamp(math.sin(((query.anim_time) + (1/3)) * 90 * 3) * 1, 0, 1)",
                        0
                    ]
                },
                "leg_left2": {
                    "rotation": [
                        "0 - math.clamp(math.sin(((query.anim_time) - (0.75/3)) * 90 * 3) * 0, -0, 0)",
                        0,
                        0
                    ]
                },
                "leg_right": {
                    "rotation": [
                        "math.sin((query.anim_time) * 90 * 3) * 6",
                        0,
                        "0 - (math.clamp((math.sin(((query.anim_time + (0.25 / 3))) * 180 * 3) * 1) - math.clamp((math.sin(((query.anim_time + (0.25 / 3))) * 90 * 3) * 2), 0, 1), 0, 1)) * 0"
                    ],
                    "position": [
                        0,
                        "math.clamp(math.sin(((query.anim_time) - (1/3)) * 90 * 3) * 1, 0, 1)",
                        0
                    ]
                },
                "leg_right2": {
                    "rotation": [
                        "math.clamp(math.sin(((query.anim_time) - (0.75/3)) * 90 * 3) * 0, 0, 0)",
                        0,
                        0
                    ]
                },
                "foot_left": {
                    "rotation": [
                        "0 - math.clamp(math.sin(((query.anim_time) - (0.75/3)) * 90 * 3) * v.foot, -v.foot, 0)",
                        0,
                        0
                    ]
                },
                "foot_right": {
                    "rotation": [
                        "math.clamp(math.sin(((query.anim_time) - (0.75/3)) * 90 * 3) * v.foot, 0, v.foot)",
                        0,
                        0
                    ]
                },
                "hand_right": {
                    "rotation": [
                        0,
                        -70,
                        0
                    ]
                },
                "hand_left": {
                    "rotation": [
                        0,
                        70,
                        0
                    ]
                },
                "tail1": {
                    "rotation": [
                        30,
                        0,
                        0
                    ]
                },
                "tail2": {
                    "rotation": [
                        15,
                        0,
                        0
                    ]
                },
                "tail3": {
                    "rotation": [
                        15,
                        0,
                        0
                    ]
                },
                "torso": {
                    "rotation": [
                        0,
                        "0 - math.sin(((query.anim_time) - (0.25/3)) * 90 * 3) * 4",
                        0
                    ]
                },
                "corsola": {
                    "position": {
                        "0.0": [
                            0,
                            0,
                            0
                        ],
                        "1.4167": [
                            0,
                            0.2,
                            0
                        ],
                        "2.7917": [
                            0,
                            0,
                            0
                        ]
                    }
                },
                "leg": {
                    "rotation": {
                        "0.0": [
                            0,
                            0,
                            0
                        ],
                        "1.4583": [
                            36,
                            0,
                            0
                        ],
                        "2.7917": [
                            0,
                            0,
                            0
                        ]
                    },
                    "position": {
                        "0.0": [
                            0,
                            0,
                            0
                        ],
                        "1.4583": [
                            0,
                            -1.57,
                            0.64
                        ],
                        "2.7917": [
                            0,
                            0,
                            0
                        ]
                    }
                },
                "leg2": {
                    "rotation": {
                        "0.0": [
                            0,
                            0,
                            0
                        ],
                        "1.4583": [
                            36,
                            0,
                            0
                        ],
                        "2.7917": [
                            0,
                            0,
                            0
                        ]
                    },
                    "position": {
                        "0.0": [
                            0,
                            0,
                            0
                        ],
                        "1.4583": [
                            0,
                            2.45,
                            1.27
                        ],
                        "2.7917": [
                            0,
                            0,
                            0
                        ]
                    }
                },
                "leg4": {
                    "rotation": {
                        "0.0": [
                            0,
                            0,
                            0
                        ],
                        "1.4583": [
                            36,
                            0,
                            0
                        ],
                        "2.7917": [
                            0,
                            0,
                            0
                        ]
                    },
                    "position": {
                        "0.0": [
                            0,
                            0,
                            0
                        ],
                        "1.4583": [
                            0,
                            -1.05,
                            2.37
                        ],
                        "2.7917": [
                            0,
                            0,
                            0
                        ]
                    }
                },
                "leg3": {
                    "rotation": {
                        "0.0": [
                            0,
                            0,
                            0
                        ],
                        "1.4583": [
                            36,
                            0,
                            0
                        ],
                        "2.7917": [
                            0,
                            0,
                            0
                        ]
                    },
                    "position": {
                        "0.0": [
                            0,
                            0,
                            0
                        ],
                        "1.4583": [
                            0,
                            -1.05,
                            2.37
                        ],
                        "2.7917": [
                            0,
                            0,
                            0
                        ]
                    }
                }
            }
        },
        "animation.corsola.water_idle": {
            "loop": true,
            "animation_length": 2.79167,
            "bones": {
                "tail1": {
                    "rotation": [
                        -15,
                        0,
                        0
                    ]
                },
                "tail2": {
                    "rotation": [
                        15,
                        0,
                        0
                    ]
                },
                "tail3": {
                    "rotation": [
                        15,
                        0,
                        0
                    ]
                },
                "body": {
                    "rotation": [
                        15,
                        0,
                        0
                    ]
                },
                "leg_right": {
                    "rotation": [
                        15,
                        0,
                        0
                    ]
                },
                "foot_right1": {
                    "rotation": [
                        15,
                        0,
                        0
                    ]
                },
                "leg_left": {
                    "rotation": [
                        15,
                        0,
                        0
                    ]
                },
                "foot_left1": {
                    "rotation": [
                        15,
                        0,
                        0
                    ]
                },
                "corsola": {
                    "position": {
                        "0.0": [
                            0,
                            0,
                            0
                        ],
                        "1.4167": [
                            0,
                            0.2,
                            0
                        ],
                        "2.7917": [
                            0,
                            0,
                            0
                        ]
                    }
                },
                "leg": {
                    "rotation": {
                        "0.0": [
                            0,
                            0,
                            0
                        ],
                        "1.4583": [
                            36,
                            0,
                            0
                        ],
                        "2.7917": [
                            0,
                            0,
                            0
                        ]
                    },
                    "position": {
                        "0.0": [
                            0,
                            0,
                            0
                        ],
                        "1.4583": [
                            0,
                            -1.57,
                            0.64
                        ],
                        "2.7917": [
                            0,
                            0,
                            0
                        ]
                    }
                },
                "leg2": {
                    "rotation": {
                        "0.0": [
                            0,
                            0,
                            0
                        ],
                        "1.4583": [
                            36,
                            0,
                            0
                        ],
                        "2.7917": [
                            0,
                            0,
                            0
                        ]
                    },
                    "position": {
                        "0.0": [
                            0,
                            0,
                            0
                        ],
                        "1.4583": [
                            0,
                            2.45,
                            1.27
                        ],
                        "2.7917": [
                            0,
                            0,
                            0
                        ]
                    }
                },
                "leg4": {
                    "rotation": {
                        "0.0": [
                            0,
                            0,
                            0
                        ],
                        "1.4583": [
                            36,
                            0,
                            0
                        ],
                        "2.7917": [
                            0,
                            0,
                            0
                        ]
                    },
                    "position": {
                        "0.0": [
                            0,
                            0,
                            0
                        ],
                        "1.4583": [
                            0,
                            -1.05,
                            2.37
                        ],
                        "2.7917": [
                            0,
                            0,
                            0
                        ]
                    }
                },
                "leg3": {
                    "rotation": {
                        "0.0": [
                            0,
                            0,
                            0
                        ],
                        "1.4583": [
                            36,
                            0,
                            0
                        ],
                        "2.7917": [
                            0,
                            0,
                            0
                        ]
                    },
                    "position": {
                        "0.0": [
                            0,
                            0,
                            0
                        ],
                        "1.4583": [
                            0,
                            -1.05,
                            2.37
                        ],
                        "2.7917": [
                            0,
                            0,
                            0
                        ]
                    }
                }
            }
        },
        "animation.corsola.water_swim": {
            "loop": true,
            "animation_length": 2.79167,
            "bones": {
                "tail1": {
                    "rotation": [
                        -45,
                        0,
                        0
                    ]
                },
                "tail2": {
                    "rotation": [
                        5,
                        0,
                        0
                    ]
                },
                "tail3": {
                    "rotation": [
                        5,
                        0,
                        0
                    ]
                },
                "body": {
                    "rotation": [
                        45,
                        0,
                        0
                    ]
                },
                "leg_right": {
                    "rotation": [
                        15,
                        0,
                        0
                    ]
                },
                "leg_left": {
                    "rotation": [
                        15,
                        0,
                        0
                    ]
                },
                "foot_right1": {
                    "rotation": [
                        15,
                        0,
                        0
                    ]
                },
                "foot_left1": {
                    "rotation": [
                        15,
                        0,
                        0
                    ]
                },
                "corsola": {
                    "position": {
                        "0.0": [
                            0,
                            0,
                            0
                        ],
                        "1.4167": [
                            0,
                            0.2,
                            0
                        ],
                        "2.7917": [
                            0,
                            0,
                            0
                        ]
                    }
                },
                "leg": {
                    "rotation": {
                        "0.0": [
                            0,
                            0,
                            0
                        ],
                        "1.4583": [
                            36,
                            0,
                            0
                        ],
                        "2.7917": [
                            0,
                            0,
                            0
                        ]
                    },
                    "position": {
                        "0.0": [
                            0,
                            0,
                            0
                        ],
                        "1.4583": [
                            0,
                            -1.57,
                            0.64
                        ],
                        "2.7917": [
                            0,
                            0,
                            0
                        ]
                    }
                },
                "leg2": {
                    "rotation": {
                        "0.0": [
                            0,
                            0,
                            0
                        ],
                        "1.4583": [
                            36,
                            0,
                            0
                        ],
                        "2.7917": [
                            0,
                            0,
                            0
                        ]
                    },
                    "position": {
                        "0.0": [
                            0,
                            0,
                            0
                        ],
                        "1.4583": [
                            0,
                            2.45,
                            1.27
                        ],
                        "2.7917": [
                            0,
                            0,
                            0
                        ]
                    }
                },
                "leg4": {
                    "rotation": {
                        "0.0": [
                            0,
                            0,
                            0
                        ],
                        "1.4583": [
                            36,
                            0,
                            0
                        ],
                        "2.7917": [
                            0,
                            0,
                            0
                        ]
                    },
                    "position": {
                        "0.0": [
                            0,
                            0,
                            0
                        ],
                        "1.4583": [
                            0,
                            -1.05,
                            2.37
                        ],
                        "2.7917": [
                            0,
                            0,
                            0
                        ]
                    }
                },
                "leg3": {
                    "rotation": {
                        "0.0": [
                            0,
                            0,
                            0
                        ],
                        "1.4583": [
                            36,
                            0,
                            0
                        ],
                        "2.7917": [
                            0,
                            0,
                            0
                        ]
                    },
                    "position": {
                        "0.0": [
                            0,
                            0,
                            0
                        ],
                        "1.4583": [
                            0,
                            -1.05,
                            2.37
                        ],
                        "2.7917": [
                            0,
                            0,
                            0
                        ]
                    }
                }
            }
        }
    }
}