{"format_version":"1.8.0","animations":{"animation.croagunk.ground_idle":{"loop":true,"bones":{"all":{"position":[0,0.75,0]},"body":{"rotation":["-2*math.cos(query.anim_time * 180)-4.4905",0.21782,-4.99527],"position":[0,"0.1*math.cos(query.anim_time * 180)",0]},"arm_left":{"rotation":[0,0,"5*math.cos((query.anim_time - 0.2) * 180) + 47.5"]},"forearm_left":{"rotation":[-0.67276,20.1385,"5*math.cos((query.anim_time - 0.4) * 180) + 5.3214"]},"finger_left_top":{"rotation":[0,-17.5,"5*math.cos((query.anim_time - 0.6) * 180)-12.5"]},"finger_left_middle":{"rotation":[0,-15,"5*math.cos((query.anim_time - 0.8) * 180)"]},"finger_left_bottom":{"rotation":[0,-17.5,"5*math.cos((query.anim_time - 0.9) * 180) + 12.5"]},"arm_right":{"rotation":[0,0,"-(5*math.cos((query.anim_time - 0.2) * 180) + 37.5)"]},"forearm_right":{"rotation":[-0.67276,-20.1385,"-(5*math.cos((query.anim_time - 0.4) * 180) + 5.3214)"]},"finger_right_top":{"rotation":[0,17.5,"-(5*math.cos((query.anim_time - 0.6) * 180)-12.5)"]},"finger_right_middle":{"rotation":[0,15,"-(5*math.cos((query.anim_time - 0.8) * 180))"]},"finger_right_bottom":{"rotation":[0,17.5,"-(5*math.cos((query.anim_time - 0.9) * 180) + 12.5)"]},"head":{"rotation":["-2*math.cos((query.anim_time - 0.2) * 180)",0,0]},"leg_right":{"rotation":[27.5,0,0]},"foot_right":{"rotation":[-28.32159,13.27207,-7.05309]},"toe_right_right":{"rotation":[0,7.5,0]},"toe_right_left":{"rotation":[0,-7.5,0]},"leg_left":{"rotation":[27.5,0,0]},"foot_left":{"rotation":[-28.32159,-13.27207,7.05309]},"toe_left_left":{"rotation":[0,-7.5,0]},"toe_left_right":{"rotation":[0,7.5,0]}}},"animation.croagunk.ground_walk":{"loop":true,"animation_length":1.6,"bones":{"all":{"position":{"0.0":[0,0.75,0],"1.6":[0,0.75,0]}},"body":{"rotation":{"0.0":{"post":[10,0,0],"lerp_mode":"catmullrom"},"0.28":{"post":[15,0,0],"lerp_mode":"catmullrom"},"0.68":{"post":[10,0,0],"lerp_mode":"catmullrom"},"0.96":{"post":[15,0,0],"lerp_mode":"catmullrom"},"1.6":{"post":[10,0,0],"lerp_mode":"catmullrom"}}},"arm_left":{"rotation":{"0.0":{"post":[0,32.5,47.5],"lerp_mode":"catmullrom"},"0.4":{"post":[0,0.89844,47.5],"lerp_mode":"catmullrom"},"0.8":{"post":[0,-31.70862,47.5],"lerp_mode":"catmullrom"},"1.2":{"post":[0,0.89844,47.5],"lerp_mode":"catmullrom"},"1.6":{"post":[0,32.5,47.5],"lerp_mode":"catmullrom"}}},"forearm_left":{"rotation":{"0.0":{"post":[1.81693,19.92066,5.3191],"lerp_mode":"catmullrom"},"0.4":{"post":[1.72264,7.42658,4.92258],"lerp_mode":"catmullrom"},"0.8":{"post":[1.71793,2.70645,4.78289],"lerp_mode":"catmullrom"},"1.2":{"post":[1.72264,7.42658,4.92258],"lerp_mode":"catmullrom"},"1.6":{"post":[1.81693,19.92066,5.3191],"lerp_mode":"catmullrom"}}},"finger_left_top":{"rotation":{"0.0":[0,0,-5],"1.6":[0,0,-5]}},"finger_left_bottom":{"rotation":{"0.0":[0,0,5],"1.6":[0,0,5]}},"arm_right":{"rotation":{"0.0":{"post":[0,31.70862,-47.5],"lerp_mode":"catmullrom"},"0.4":{"post":[0,-0.89844,-47.5],"lerp_mode":"catmullrom"},"0.8":{"post":[0,-32.5,-47.5],"lerp_mode":"catmullrom"},"1.2":{"post":[0,-0.89844,-47.5],"lerp_mode":"catmullrom"},"1.6":{"post":[0,31.70862,-47.5],"lerp_mode":"catmullrom"}}},"forearm_right":{"rotation":{"0.0":{"post":[1.71793,-2.70645,-4.78289],"lerp_mode":"catmullrom"},"0.4":{"post":[1.72264,-7.42658,-4.92258],"lerp_mode":"catmullrom"},"0.8":{"post":[1.81693,-19.92066,-5.3191],"lerp_mode":"catmullrom"},"1.2":{"post":[1.72264,-7.42658,-4.92258],"lerp_mode":"catmullrom"},"1.6":{"post":[1.71793,-2.70645,-4.78289],"lerp_mode":"catmullrom"}}},"finger_right_top":{"rotation":{"0.0":[0,0,5],"1.6":[0,0,5]}},"finger_right_bottom":{"rotation":{"0.0":[0,0,-5],"1.6":[0,0,-5]}},"leg_right":{"rotation":{"0.0":{"post":[49.92086,0,-0.58684],"lerp_mode":"catmullrom"},"0.4":{"post":[69.92086,0,-0.58684],"lerp_mode":"catmullrom"},"0.8":{"post":[80,0,0],"lerp_mode":"catmullrom"},"1.2":{"post":[45.43855,7.05302,7.10708],"lerp_mode":"catmullrom"},"1.6":{"post":[49.92086,0,-0.58684],"lerp_mode":"catmullrom"}},"position":{"0.0":{"post":[0,0,-2],"lerp_mode":"catmullrom"},"0.4":{"post":[0,0,-0.5],"lerp_mode":"catmullrom"},"0.8":{"post":[0,0,1],"lerp_mode":"catmullrom"},"1.2":{"post":[0,1,-1],"lerp_mode":"catmullrom"},"1.6":{"post":[0,0,-2],"lerp_mode":"catmullrom"}}},"foot_right":{"rotation":{"0.0":{"post":[-42.5,0,0],"lerp_mode":"catmullrom"},"0.4":{"post":[-42.5,0,0],"lerp_mode":"catmullrom"},"0.8":{"post":[-37.5,0,0],"lerp_mode":"catmullrom"},"1.2":{"post":[-55,0,0],"lerp_mode":"catmullrom"},"1.6":{"post":[-42.5,0,0],"lerp_mode":"catmullrom"}}},"toe_right_right":{"rotation":{"0.0":{"post":[0,10,0],"lerp_mode":"catmullrom"},"0.4":{"post":[-20,10,0],"lerp_mode":"catmullrom"},"0.8":{"post":[-30,10,0],"lerp_mode":"catmullrom"},"1.0":{"post":[-2.5,10,0],"lerp_mode":"catmullrom"},"1.2":{"post":[-20,10,0],"lerp_mode":"catmullrom"},"1.6":{"post":[0,10,0],"lerp_mode":"catmullrom"}}},"toe_right_middle":{"rotation":{"0.0":{"post":[0,0,0],"lerp_mode":"catmullrom"},"0.4":{"post":[-20,0,0],"lerp_mode":"catmullrom"},"0.8":{"post":[-30,0,0],"lerp_mode":"catmullrom"},"1.0":{"post":[-2.5,0,0],"lerp_mode":"catmullrom"},"1.2":{"post":[-20,0,0],"lerp_mode":"catmullrom"},"1.6":{"post":[0,0,0],"lerp_mode":"catmullrom"}}},"toe_right_left":{"rotation":{"0.0":{"post":[0,-10,0],"lerp_mode":"catmullrom"},"0.4":{"post":[-20,-10,0],"lerp_mode":"catmullrom"},"0.8":{"post":[-30,-10,0],"lerp_mode":"catmullrom"},"1.0":{"post":[-2.5,-10,0],"lerp_mode":"catmullrom"},"1.2":{"post":[-20,-10,0],"lerp_mode":"catmullrom"},"1.6":{"post":[0,-10,0],"lerp_mode":"catmullrom"}}},"leg_left":{"rotation":{"0.0":{"post":[80,0,0],"lerp_mode":"catmullrom"},"0.4":{"post":[45.43855,-7.05302,-7.10708],"lerp_mode":"catmullrom"},"0.8":{"post":[49.92086,0,0.58684],"lerp_mode":"catmullrom"},"1.2":{"post":[69.92086,0,0.58684],"lerp_mode":"catmullrom"},"1.6":{"post":[80,0,0],"lerp_mode":"catmullrom"}},"position":{"0.0":{"post":[0,0,1],"lerp_mode":"catmullrom"},"0.4":{"post":[0,1,-1],"lerp_mode":"catmullrom"},"0.8":{"post":[0,0,-2],"lerp_mode":"catmullrom"},"1.2":{"post":[0,0,-0.5],"lerp_mode":"catmullrom"},"1.6":{"post":[0,0,1],"lerp_mode":"catmullrom"}}},"foot_left":{"rotation":{"0.0":{"post":[-37.5,0,0],"lerp_mode":"catmullrom"},"0.4":{"post":[-55,0,0],"lerp_mode":"catmullrom"},"0.8":{"post":[-42.5,0,0],"lerp_mode":"catmullrom"},"1.2":{"post":[-42.5,0,0],"lerp_mode":"catmullrom"},"1.6":{"post":[-37.5,0,0],"lerp_mode":"catmullrom"}}},"toe_left_left":{"rotation":{"0.0":{"post":[-30,-10,0],"lerp_mode":"catmullrom"},"0.2":{"post":[-2.5,-10,0],"lerp_mode":"catmullrom"},"0.4":{"post":[-20,-10,0],"lerp_mode":"catmullrom"},"0.8":{"post":[0,-10,0],"lerp_mode":"catmullrom"},"1.2":{"post":[-20,-10,0],"lerp_mode":"catmullrom"},"1.6":{"post":[-30,-10,0],"lerp_mode":"catmullrom"}}},"toe_left_middle":{"rotation":{"0.0":{"post":[-30,0,0],"lerp_mode":"catmullrom"},"0.2":{"post":[-2.5,0,0],"lerp_mode":"catmullrom"},"0.4":{"post":[-20,0,0],"lerp_mode":"catmullrom"},"0.8":{"post":[0,0,0],"lerp_mode":"catmullrom"},"1.2":{"post":[-20,0,0],"lerp_mode":"catmullrom"},"1.6":{"post":[-30,0,0],"lerp_mode":"catmullrom"}}},"toe_left_right":{"rotation":{"0.0":{"post":[-30,10,0],"lerp_mode":"catmullrom"},"0.2":{"post":[-2.5,10,0],"lerp_mode":"catmullrom"},"0.4":{"post":[-20,10,0],"lerp_mode":"catmullrom"},"0.8":{"post":[0,10,0],"lerp_mode":"catmullrom"},"1.2":{"post":[-20,10,0],"lerp_mode":"catmullrom"},"1.6":{"post":[-30,10,0],"lerp_mode":"catmullrom"}}}}},"animation.croagunk.sleep":{"loop":true,"bones":{"all":{"position":[0,-3,0]},"body":{"rotation":["2*math.cos(query.anim_time * 90) + 17.5",0,0]},"arm_left":{"rotation":[-12.56853,-12.27659,66.35707]},"forearm_left":{"rotation":[-2.5,"2*math.cos(query.anim_time * 90) + 22.5",0]},"finger_left_top":{"rotation":[0,60,7.5]},"finger_left_middle":{"rotation":[22.16665,71.02938,41.14909]},"finger_left_bottom":{"rotation":[56.32587,59.60906,87.1449]},"arm_right":{"rotation":[0,-87.5,0]},"forearm_right":{"rotation":[-62.0526,-34.3682,-30.07653],"position":[0.5,-1,-0.5]},"finger_right_top":{"rotation":[6.8817,24.09293,8.97027]},"finger_right_middle":{"rotation":[7.6734,26.48829,-0.69143]},"finger_right_bottom":{"rotation":[8.89674,26.12797,-12.93162]},"head":{"rotation":["2*math.cos((query.anim_time - 0.5) * 90) + 14.5",0,0]},"leg_right":{"rotation":[-48.129,27.06807,-23.08658],"position":[0,1,-2]},"foot_right":{"rotation":[-32.40109,2.68407,4.22005]},"toe_right_right":{"rotation":[22.62353,7.24305,1.95155]},"toe_right_middle":{"rotation":[15,0,0]},"toe_right_left":{"rotation":[10.12353,-7.24305,-1.95155]},"leg_left":{"rotation":[-48.129,-27.06807,23.08658],"position":[0,1,-2]},"foot_left":{"rotation":[-32.40109,-2.68407,-4.22005],"position":[0,0.25,0.25]},"toe_left_left":{"rotation":[22.62353,-7.24305,-1.95155]},"toe_left_middle":{"rotation":[15,0,0]},"toe_left_right":{"rotation":[10.12353,7.24305,1.95155]},"eye_right":{"position":[0,0,1]},"eye_left":{"position":[0,0,1]}}},"animation.croagunk.faint":{"loop":true,"animation_length":2.885,"bones":{"all":{"position":{"0.0":[0,0.65,0],"0.36":[0,0.65,0],"0.92":[0,0.65,-1.5],"1.16":{"pre":[0,0.75,-3],"post":[0,0.75,-3],"lerp_mode":"catmullrom"},"1.36":{"post":[0,-1,-9],"lerp_mode":"catmullrom"}}},"body":{"rotation":{"0.0":{"post":[-2.5,0,0],"lerp_mode":"catmullrom"},"0.2":{"post":[-10,0,0],"lerp_mode":"catmullrom"},"0.4":{"post":[-12.5,0,0],"lerp_mode":"catmullrom"},"0.72":{"post":[5,0,0],"lerp_mode":"catmullrom"},"1.04":{"post":[40,0,0],"lerp_mode":"catmullrom"},"1.32":{"post":[90,0,0],"lerp_mode":"catmullrom"},"1.4":{"post":[90,0,0],"lerp_mode":"catmullrom"}}},"arm_left":{"rotation":{"0.0":{"post":[0,0,45],"lerp_mode":"catmullrom"},"0.4":{"post":[0,7.5,45],"lerp_mode":"catmullrom"},"0.92":{"post":[0,-32.5,45],"lerp_mode":"catmullrom"},"1.28":{"post":[0,-40,45],"lerp_mode":"catmullrom"},"1.48":{"post":[0,40,45],"lerp_mode":"catmullrom"},"1.56":{"post":[0,40,45],"lerp_mode":"catmullrom"}}},"forearm_left":{"rotation":{"0.0":{"post":[-1.30078,27.47162,-2.81797],"lerp_mode":"catmullrom"},"0.4":{"post":[-1.91699,37.45817,-3.15],"lerp_mode":"catmullrom"},"1.04":{"post":[0,0,0],"lerp_mode":"catmullrom"},"1.28":{"post":[0,-5,0],"lerp_mode":"catmullrom"},"1.48":{"post":[0,-22.5,0],"lerp_mode":"catmullrom"}},"position":{"1.28":[0,0,0],"1.48":[-0.75,0,0]}},"finger_left_top":{"rotation":[0,-20,-10]},"finger_left_middle":{"rotation":[0,-25,0]},"finger_left_bottom":{"rotation":[0,-32.5,10]},"arm_right":{"rotation":{"0.0":{"post":[0,0,-45],"lerp_mode":"catmullrom"},"0.4":{"post":[0,-7.5,-45],"lerp_mode":"catmullrom"},"0.92":{"post":[0,32.5,-45],"lerp_mode":"catmullrom"},"1.28":{"post":[0,40,-45],"lerp_mode":"catmullrom"},"1.48":{"post":[0,-40,-45],"lerp_mode":"catmullrom"},"1.56":{"post":[0,-40,-45],"lerp_mode":"catmullrom"}}},"forearm_right":{"rotation":{"0.0":{"post":[-1.30078,-27.47162,2.81797],"lerp_mode":"catmullrom"},"0.4":{"post":[-1.91699,-37.45817,3.15],"lerp_mode":"catmullrom"},"1.04":{"post":[0,0,0],"lerp_mode":"catmullrom"},"1.28":{"post":[0,5,0],"lerp_mode":"catmullrom"},"1.48":{"post":[0,22.5,0],"lerp_mode":"catmullrom"}},"position":{"1.28":[0,0,0],"1.48":[0.75,0,0]}},"finger_right_top":{"rotation":[0,20,10]},"finger_right_middle":{"rotation":[0,25,0]},"finger_right_bottom":{"rotation":[0,32.5,-10]},"head":{"rotation":{"0.0":{"post":[0,0,0],"lerp_mode":"catmullrom"},"0.52":{"post":[-12.5,0,0],"lerp_mode":"catmullrom"},"1.32":{"post":[-17.5,0,0],"lerp_mode":"catmullrom"},"1.48":{"post":[2.5,0,0],"lerp_mode":"catmullrom"},"1.6":{"post":[-2.5,0,0],"lerp_mode":"catmullrom"},"1.72":{"post":[2.5,0,0],"lerp_mode":"catmullrom"}}},"leg_right":{"rotation":{"0.4":{"pre":[32.5,0,0],"post":[32.5,0,0],"lerp_mode":"catmullrom"},"1.04":{"post":[65,0,0],"lerp_mode":"catmullrom"},"1.4":{"post":[137.5,0,0],"lerp_mode":"catmullrom"},"1.56":{"post":[102.5,0,0],"lerp_mode":"catmullrom"},"1.64":{"post":[102.5,0,0],"lerp_mode":"catmullrom"}}},"foot_right":{"rotation":{"0.4":{"pre":[-33.12598,10.51794,-6.79286],"post":[-33.12598,10.51794,-6.79286],"lerp_mode":"catmullrom"},"1.04":{"post":[-53.12598,10.51794,-6.79286],"lerp_mode":"catmullrom"},"1.48":{"post":[46.87402,10.51794,-6.79286],"lerp_mode":"catmullrom"},"1.6":{"post":[36.87402,10.51794,-6.79286],"lerp_mode":"catmullrom"},"1.72":{"post":[41.87402,10.51794,-6.79286],"lerp_mode":"catmullrom"}}},"toe_right_right":{"rotation":{"0.0":{"post":[0,5,0],"lerp_mode":"catmullrom"},"0.92":{"post":[5,5,0],"lerp_mode":"catmullrom"},"1.2":{"post":[-17.16566,5,0],"lerp_mode":"catmullrom"},"1.36":{"post":[42.5,5,0],"lerp_mode":"catmullrom"},"1.56":{"post":[7.5,5,0],"lerp_mode":"catmullrom"}}},"toe_right_middle":{"rotation":{"0.0":{"post":[0,0,0],"lerp_mode":"catmullrom"},"0.92":{"post":[5,0,0],"lerp_mode":"catmullrom"},"1.2":{"post":[-22.16566,0,0],"lerp_mode":"catmullrom"},"1.36":{"post":[42.5,0,0],"lerp_mode":"catmullrom"},"1.56":{"post":[7.5,0,0],"lerp_mode":"catmullrom"}}},"toe_right_left":{"rotation":{"0.0":{"post":[0,-5,0],"lerp_mode":"catmullrom"},"0.92":{"post":[5,-5,0],"lerp_mode":"catmullrom"},"1.2":{"post":[-27.16566,-5,0],"lerp_mode":"catmullrom"},"1.36":{"post":[42.5,-5,0],"lerp_mode":"catmullrom"},"1.56":{"post":[7.5,-5,0],"lerp_mode":"catmullrom"}}},"leg_left":{"rotation":{"0.4":{"pre":[32.5,0,0],"post":[32.5,0,0],"lerp_mode":"catmullrom"},"1.04":{"post":[65,0,0],"lerp_mode":"catmullrom"},"1.4":{"post":[137.5,0,0],"lerp_mode":"catmullrom"},"1.56":{"post":[102.5,0,0],"lerp_mode":"catmullrom"},"1.64":{"post":[102.5,0,0],"lerp_mode":"catmullrom"}}},"foot_left":{"rotation":{"0.4":{"pre":[-33.12598,-10.51794,6.79286],"post":[-33.12598,-10.51794,6.79286],"lerp_mode":"catmullrom"},"1.04":{"post":[-53.12598,-10.51794,6.79286],"lerp_mode":"catmullrom"},"1.48":{"post":[46.87402,-10.51794,6.79286],"lerp_mode":"catmullrom"},"1.6":{"post":[36.87402,-10.51794,6.79286],"lerp_mode":"catmullrom"},"1.72":{"post":[41.87402,-10.51794,6.79286],"lerp_mode":"catmullrom"}}},"toe_left_left":{"rotation":{"0.0":{"post":[0,-5,0],"lerp_mode":"catmullrom"},"0.92":{"post":[5,-5,0],"lerp_mode":"catmullrom"},"1.2":{"post":[-17.16566,-5,0],"lerp_mode":"catmullrom"},"1.36":{"post":[42.5,-5,0],"lerp_mode":"catmullrom"},"1.56":{"post":[7.5,-5,0],"lerp_mode":"catmullrom"}}},"toe_left_middle":{"rotation":{"0.0":{"post":[0,0,0],"lerp_mode":"catmullrom"},"0.92":{"post":[5,0,0],"lerp_mode":"catmullrom"},"1.2":{"post":[-22.16566,0,0],"lerp_mode":"catmullrom"},"1.36":{"post":[42.5,0,0],"lerp_mode":"catmullrom"},"1.56":{"post":[7.5,0,0],"lerp_mode":"catmullrom"}}},"toe_left_right":{"rotation":{"0.0":{"post":[0,5,0],"lerp_mode":"catmullrom"},"0.92":{"post":[5,5,0],"lerp_mode":"catmullrom"},"1.2":{"post":[-27.16566,5,0],"lerp_mode":"catmullrom"},"1.36":{"post":[42.5,5,0],"lerp_mode":"catmullrom"},"1.56":{"post":[7.5,5,0],"lerp_mode":"catmullrom"}}},"eye_right":{"position":[0,0,1]},"eye_left":{"position":[0,0,1]},"blackeye_right":{"rotation":[0,0,10]},"blackeye_left":{"rotation":[0,0,-10]}}}},"geckolib_format_version":2}