{"format_version":"1.8.0","animations":{"animation.cursola.ground_idle":{"loop":true,"bones":{"base_in_2":{"rotation":["math.sin((query.anim_time)*180-20-40)*1",0,"math.sin((query.anim_time)*90-100-40)*1"]},"base_in_3":{"rotation":["math.sin((query.anim_time)*180-20-40)*1",0,"math.sin((query.anim_time)*90-100-40)*3"]},"head":{"rotation":["0+math.sin((query.anim_time)*180-60-80)*2",0,"math.sin((query.anim_time)*90-100-80)*1"]},"head_inside":{"position":[0,"math.sin(q.anim_time*90*2+90)*0.1","math.sin(q.anim_time*90*2+180)*0.05"]},"base_in_1":{"rotation":["math.sin((query.anim_time)*180-20-10)*1","math.sin((query.anim_time)*90+20-60)*1","math.sin((query.anim_time)*90+10-60)*2"]},"arm_right3":{"rotation":["5*math.sin(q.anim_time*90*2-60)","-(math.sin(q.anim_time*90-45)*3)*(math.sin(q.anim_time*90-90))","-(math.sin(q.anim_time*90-45)*3)*(math.sin(q.anim_time*90-90))"],"scale":["1+math.sin(q.anim_time*90*2)*0.06",1,1]},"arm_left3":{"rotation":["5*math.sin(q.anim_time*90*2-60)","-(math.sin(q.anim_time*90-45)*3)*(math.sin(q.anim_time*90-90))","-(math.sin(q.anim_time*90-45)*3)*(math.sin(q.anim_time*90-90))"],"scale":["1+math.sin(q.anim_time*90*2)*0.06",1,1]},"arm_right2":{"rotation":["5*math.sin(q.anim_time*90*2-120)","-(math.sin(q.anim_time*90-45)*3)*(math.sin(q.anim_time*90-90))","-(math.sin(q.anim_time*90-45)*3)*(math.sin(q.anim_time*90-90))"],"scale":["1+math.sin(q.anim_time*90*2)*0.06",1,1]},"arm_left":{"rotation":["5*math.sin(q.anim_time*90*2-120)","-(math.sin(q.anim_time*90-45)*3)*(math.sin(q.anim_time*90-90))","-(math.sin(q.anim_time*90-45)*3)*(math.sin(q.anim_time*90-90))"],"scale":["1+math.sin(q.anim_time*90*2)*0.06",1,1]},"arm_left2":{"rotation":["5*math.sin(q.anim_time*90*2-120)","(math.sin(q.anim_time*90-45)*3)*(math.sin(q.anim_time*90-90))","(math.sin(q.anim_time*90-45)*3)*(math.sin(q.anim_time*90-90))"],"scale":["1+math.sin(q.anim_time*90*2)*0.06",1,1]},"arm_right":{"rotation":["5*math.sin(q.anim_time*90*2-120)","(math.sin(q.anim_time*90-45)*3)*(math.sin(q.anim_time*90-90))","(math.sin(q.anim_time*90-45)*3)*(math.sin(q.anim_time*90-90))"],"scale":["1+math.sin(q.anim_time*90*2)*0.06",1,1]},"arm_right4":{"rotation":["5*math.sin(q.anim_time*90*2-120)","-(math.sin(q.anim_time*90-45)*3)*(math.sin(q.anim_time*90-90))","-(math.sin(q.anim_time*90-45)*3)*(math.sin(q.anim_time*90-90))"],"scale":["1+math.sin(q.anim_time*90*2)*0.06",1,1]},"arm_left4":{"rotation":["5*math.sin(q.anim_time*90*2-120)","(math.sin(q.anim_time*90-45)*3)*(math.sin(q.anim_time*90-90))","(math.sin(q.anim_time*90-45)*3)*(math.sin(q.anim_time*90-90))"],"scale":["1+math.sin(q.anim_time*90*2)*0.06",1,1]}}},"animation.cursola.ground_walk":{"loop":true,"bones":{"base":{"position":[0,2,0]},"base_in_2":{"rotation":["2.5+math.sin(q.anim_time*90*4+90)*2",0,"math.sin(q.anim_time*90*4)*0.5"]},"base_in_3":{"rotation":["-5+math.sin(q.anim_time*90*4)*1",0,0]},"head_inside":{"position":[0,"0+math.sin(q.anim_time*90*4)*0.40",0]},"arm_right3":{"rotation":["5*math.sin(q.anim_time*90*2-60)","-(math.sin(q.anim_time*90-45)*3)*(math.sin(q.anim_time*90-90))","-(math.sin(q.anim_time*90-45)*3)*(math.sin(q.anim_time*90-90))"],"scale":["1+math.sin(q.anim_time*90*4)*0.06",1,1]},"arm_left3":{"rotation":["5*math.sin(q.anim_time*90*2-120)","-(math.sin(q.anim_time*90-45)*3)*(math.sin(q.anim_time*90-90))","-(math.sin(q.anim_time*90-45)*3)*(math.sin(q.anim_time*90-90))"],"scale":["1+math.sin(q.anim_time*90*4)*0.06",1,1]},"arm_right2":{"rotation":["5*math.sin(q.anim_time*90*2-120)","-(math.sin(q.anim_time*90-45)*3)*(math.sin(q.anim_time*90-90))","-(math.sin(q.anim_time*90-45)*3)*(math.sin(q.anim_time*90-90))"],"scale":["1+math.sin(q.anim_time*90*4)*0.06",1,1]},"arm_left":{"rotation":["5*math.sin(q.anim_time*90*2-120)","-(math.sin(q.anim_time*90-45)*3)*(math.sin(q.anim_time*90-90))","-(math.sin(q.anim_time*90-45)*3)*(math.sin(q.anim_time*90-90))"],"scale":["1+math.sin(q.anim_time*90*4)*0.06",1,1]},"arm_left2":{"rotation":["5*math.sin(q.anim_time*90*2-60)","-(math.sin(q.anim_time*90-45)*3)*(math.sin(q.anim_time*90-90))","-(math.sin(q.anim_time*90-45)*3)*(math.sin(q.anim_time*90-90))"],"scale":["1+math.sin(q.anim_time*90*4)*0.06",1,1]},"arm_right":{"rotation":["5*math.sin(q.anim_time*90*2-60)","-(math.sin(q.anim_time*90-45)*3)*(math.sin(q.anim_time*90-90))","-(math.sin(q.anim_time*90-45)*3)*(math.sin(q.anim_time*90-90))"],"scale":["1+math.sin(q.anim_time*90*4)*0.06",1,1]},"arm_right4":{"rotation":["1*math.sin(q.anim_time*90*2-60)","-(math.sin(q.anim_time*90-45)*3)*(math.sin(q.anim_time*90-90))","-(math.sin(q.anim_time*90-45)*3)*(math.sin(q.anim_time*90-90))"],"scale":["1+math.sin(q.anim_time*90*4)*0.06",1,1]},"arm_left4":{"rotation":["1*math.sin(q.anim_time*90*2-60)","-(math.sin(q.anim_time*90-45)*3)*(math.sin(q.anim_time*90-90))","-(math.sin(q.anim_time*90-45)*3)*(math.sin(q.anim_time*90-90))"],"scale":["1+math.sin(q.anim_time*90*4)*0.06",1,1]},"swing":{"rotation":["15+2.5*math.sin(q.anim_time*90*2)*0.75",0,"2.5*math.sin(q.anim_time*90*2+90)*0.75"],"position":[0,"1+math.sin(q.anim_time*90*4)*0.75",-1]}}}}}