{"format_version":"1.8.0","animations":{"animation.diancie.ground_idle":{"loop":true,"animation_length":21.5833,"bones":{"torso":{"rotation":["5+1*Math.cos((query.anim_time-0) * 90 * 2) *1",0,0]},"neck":{"rotation":["-2.5+1*Math.cos((query.anim_time-0.25) * 90 * 2) *1",0,0]},"head":{"rotation":["-2.5+1*Math.cos((query.anim_time-0) * 90 * 2) *1",0,"0+1*Math.cos((query.anim_time-0.5) * 90 * 2) *1"]},"crystal_back_right_rotate":{"rotation":["3*Math.cos((query.anim_time-0.75) * 90 * 2) *1",0,0]},"crystal_back_left_rotate":{"rotation":["3*Math.cos((query.anim_time-0.75) * 90 * 2) *1",0,0]},"arm_right":{"rotation":[0,"10+2*Math.cos((query.anim_time-0.25) * 90 * 2) *1","-27.5-1*Math.cos((query.anim_time-0) * 90 * 2) *1"]},"elbow_right":{"rotation":[0,"-27.5-1*Math.cos((query.anim_time-0) * 90 * 2) *1","5-1*Math.cos((query.anim_time-0.25) * 90 * 2) *1"]},"hand_right":{"rotation":[0,0,"17.5-2*Math.cos((query.anim_time-0.25) * 90 * 2) *1"]},"thumb_right":{"rotation":[0,"-20+2*Math.cos((query.anim_time-0.25) * 90 * 2) *1",-17.5]},"arm_left":{"rotation":[0,"-10-2*Math.cos((query.anim_time-0.25) * 90 * 2) *1","27.5+1*Math.cos((query.anim_time-0) * 90 * 2) *1"]},"elbow_left":{"rotation":[0,"27.5+1*Math.cos((query.anim_time-0) * 90 * 2) *1","-5+1*Math.cos((query.anim_time-0.25) * 90 * 2) *1"]},"hand_left":{"rotation":[0,0,"-17.5+2*Math.cos((query.anim_time-0.25) * 90 * 2) *1"]},"thumb_left":{"rotation":[0,"20-2*Math.cos((query.anim_time-0.25) * 90 * 2) *1",17.5]},"body_end":{"rotation":["2.51+2*Math.cos((query.anim_time-0.25) * 90 * 2) *1",0,0]},"body_pivot":{"rotation":[0,0,0],"position":[0,"1+0.5*Math.cos((query.anim_time-0.5) * 90 * 2) *1",0]}}},"animation.diancie.blink":{"animation_length":0.1667,"bones":{"eyelid_right":{"position":{"0.0":[0,0,-0.1],"0.125":[0,0,-0.1],"0.1667":[0,0,0]}},"eyelid_left":{"position":{"0.0":[0,0,-0.1],"0.125":[0,0,-0.1],"0.1667":[0,0,0]}}}},"animation.diancie.render":{"loop":true,"bones":{"body":{"rotation":[7.5,-20,5]},"neck":{"rotation":[-5,5,-2.5]},"head":{"rotation":[0,17.5,0]},"body_end":{"rotation":[5,-2.5,2.5]},"body_end_rotate":{"rotation":[7.5,7.5,0]},"arm_right":{"rotation":[0,7.5,-20]},"elbow_right":{"rotation":[0,0,7.5]},"thumb_right":{"rotation":[0,-22.5,-20]},"hand_right":{"rotation":[0,0,10]},"arm_left":{"rotation":[0,-7.5,20]},"elbow_left":{"rotation":[0,0,-7.5]},"hand_left":{"rotation":[0,0,-10]},"thumb_left":{"rotation":[0,22.5,20]},"crystal_back_right":{"rotation":[0,0,20]},"crystal_back_left":{"rotation":[0,0,-20]},"mouth_closed":{"position":[0,0,0.1]},"mouth_opened":{"position":[0,-0.1,-0.1]}}}}}