{
	"format_version": "1.8.0",
	"animations": {
		"animation.diancie_mega.ground_idle": {
			"loop": true,
			"animation_length": 4,
			"bones": {
				"body": {
					"rotation": ["math.cos(q.anim_time*90*2)*2", 0, "math.sin(q.anim_time*90*2)*2"]
				},
				"torso": {
					"rotation": [0, 0, 0]
				},
				"gem_dress1": {
					"rotation": ["-math.sin(q.anim_time*90*2)*2", 0, "math.cos(q.anim_time*90*2)*2"]
				},
				"gem_dress7": {
					"rotation": ["-math.sin(q.anim_time*90*2)*2", 0, "math.cos(q.anim_time*90*2)*2"]
				},
				"gem_dress9": {
					"rotation": ["-math.sin(q.anim_time*90*2)*2", 0, "math.cos(q.anim_time*90*2)*2"]
				},
				"gem_dress5": {
					"rotation": ["-math.sin(q.anim_time*90*2)*2", 0, "math.cos(q.anim_time*90*2)*2"]
				},
				"gem_dress10": {
					"rotation": ["-math.sin(q.anim_time*90*2)*2", 0, "math.cos(q.anim_time*90*2)*2"]
				},
				"gem_dress6": {
					"rotation": ["-math.sin(q.anim_time*90*2)*2", 0, "math.cos(q.anim_time*90*2)*2"]
				},
				"gem_dress2": {
					"rotation": ["-math.sin(q.anim_time*90*2)*2", 0, "math.cos(q.anim_time*90*2)*2"]
				},
				"gem_dress13": {
					"rotation": ["-math.sin(q.anim_time*90*2)*2", 0, "math.cos(q.anim_time*90*2)*2"]
				},
				"gem_dress3": {
					"rotation": ["-math.sin(q.anim_time*90*2)*2", 0, "math.cos(q.anim_time*90*2)*2"]
				},
				"gem_dress12": {
					"rotation": ["-math.sin(q.anim_time*90*2)*2", 0, "math.cos(q.anim_time*90*2)*2"]
				},
				"gem_dress11": {
					"rotation": ["-math.sin(q.anim_time*90*2)*2", 0, "math.cos(q.anim_time*90*2)*2"]
				},
				"head": {
					"rotation": ["math.cos(q.anim_time*90*2)*2", 0, "math.cos(q.anim_time*90)*5"]
				},
				"string": {
					"rotation": [0, "22.5-math.cos(q.anim_time*90*2)*10", 0]
				},
				"string2": {
					"rotation": [0, "22.5-math.sin(q.anim_time*90*2)*10", 0]
				},
				"string3": {
					"rotation": [0, "22.5+math.cos(q.anim_time*90*2)*10", 0]
				},
				"string4": {
					"rotation": [0, "22.5+math.cos(q.anim_time*90*2)*10", 0]
				},
				"string5": {
					"rotation": [0, "22.5+math.sin(q.anim_time*90*2)*10", 0]
				},
				"string6": {
					"rotation": [0, "22.5+math.sin(q.anim_time*90*2)*10", 0]
				},
				"string7": {
					"rotation": [0, "-45+math.sin(q.anim_time*90*2)*10", 0]
				},
				"string8": {
					"rotation": [0, "-22.5-math.sin(q.anim_time*90*2)*10", 0]
				},
				"gem11": {
					"rotation": [0, "-22.5-math.sin(q.anim_time*90*2)*10", 0]
				},
				"gem12": {
					"rotation": [0, "-22.5-math.sin(q.anim_time*90*2)*10", 0]
				},
				"string9": {
					"rotation": [0, "-22.5+math.cos(q.anim_time*90*2)*10", 0]
				},
				"string10": {
					"rotation": [0, "-22.5+math.sin(q.anim_time*90*2)*10", 0]
				},
				"string11": {
					"rotation": [0, "-22.5-math.cos(q.anim_time*90*2)*10", 0]
				},
				"string12": {
					"rotation": [0, "-22.5-math.cos(q.anim_time*90*2)*10", 0]
				},
				"string13": {
					"rotation": [0, "-22.5-math.sin(q.anim_time*90*2)*10", 0]
				},
				"string14": {
					"rotation": [0, "-22.5-math.sin(q.anim_time*90*2)*10", 0]
				},
				"string15": {
					"rotation": [0, "45-math.sin(q.anim_time*90*2)*10", 0]
				},
				"string16": {
					"rotation": [0, "22.5-math.sin(q.anim_time*90*2)*10", 0]
				},
				"gem13": {
					"rotation": [0, "22.5-math.sin(q.anim_time*90*2)*10", 0]
				},
				"gem14": {
					"rotation": [0, "22.5-math.sin(q.anim_time*90*2)*10", 0]
				},
				"gem_head5": {
					"rotation": [0, 0, "math.sin(q.anim_time*90*2)*5"]
				},
				"gem9": {
					"rotation": [0, 0, "-math.cos(q.anim_time*90*2)*5"]
				},
				"gem_head6": {
					"rotation": [0, 0, "math.sin(q.anim_time*90*2)*5"]
				},
				"gem6": {
					"rotation": [0, 0, "-math.cos(q.anim_time*90*2)*5"]
				},
				"arm_left": {
					"rotation": [20.94102, 40.78947, 30.36119]
				},
				"lower_arm_left": {
					"rotation": [0, 45, 0]
				},
				"hand_left": {
					"rotation": [0, 0, 22.5]
				},
				"arm_right": {
					"rotation": [20.94102, -40.78947, -30.36119]
				},
				"lower_arm_right": {
					"rotation": [0, -45, 0]
				},
				"hand_right": {
					"rotation": [0, 0, -22.5]
				}
			}
		},
		"animation.diancie_mega.ground_walk": {
			"loop": true,
			"animation_length": 4,
			"bones": {
				"body": {
					"rotation": ["math.cos(q.anim_time*90*4)*10", 0, 0],
					"position": [0, "math.clamp(math.sin(q.anim_time*90*4)*8,0,8)", "math.cos(q.anim_time*90*4)*10"]
				},
				"gem_dress1": {
					"rotation": ["math.sin(q.anim_time*90*4)*10", 0, 0]
				},
				"gem_dress7": {
					"rotation": ["math.sin(q.anim_time*90*4)*10", 0, 0]
				},
				"gem_dress9": {
					"rotation": ["math.sin(q.anim_time*90*4)*10", 0, 0]
				},
				"gem_dress5": {
					"rotation": ["math.sin(q.anim_time*90*4)*10", 0, 0]
				},
				"gem_dress10": {
					"rotation": ["math.sin(q.anim_time*90*4)*10", 0, 0]
				},
				"gem_dress6": {
					"rotation": ["math.sin(q.anim_time*90*4)*10", 0, 0]
				},
				"gem_dress2": {
					"rotation": ["math.sin(q.anim_time*90*4)*10", 0, 0]
				},
				"gem_dress13": {
					"rotation": ["math.sin(q.anim_time*90*4)*10", 0, 0]
				},
				"gem_dress3": {
					"rotation": ["math.sin(q.anim_time*90*4)*10", 0, 0]
				},
				"gem_dress12": {
					"rotation": ["math.sin(q.anim_time*90*4)*10", 0, 0]
				},
				"gem_dress4": {
					"rotation": ["math.sin(q.anim_time*90*4)*10", 0, 0]
				},
				"gem_dress11": {
					"rotation": ["math.sin(q.anim_time*90*4)*10", 0, 0]
				},
				"gem_dress8": {
					"rotation": ["math.sin(q.anim_time*90*4)*10", 0, 0]
				}
			}
		},
		"animation.diancie_mega.blink": {
			"animation_length": 0.2083,
			"bones": {
				"eye_right": {
					"position": {
						"0.0": [0, 0, 0.2],
						"0.1667": [0, 0, 0.2],
						"0.2083": [0, 0, 0]
					}
				},
				"eye_left": {
					"position": {
						"0.0": [0, 0, 0.2],
						"0.1667": [0, 0, 0.2],
						"0.2083": [0, 0, 0]
					}
				}
			}
		},
		"animation.diancie_mega.cry": {
			"animation_length": 4.25,
			"bones": {
				"arceus": {
					"rotation": {
						"0.0": [0, 0, 0],
						"3.0": [7.5, 0, 0]
					},
					"position": {
						"0.0": [0, 0, 0],
						"3.0": [0, -2.1, 0]
					}
				},
				"front_leg_left": {
					"rotation": {
						"0.0": [-15, 0, 0],
						"2.75": [-44.37, 0, 0],
						"3.0": [-22.5, 0, 0],
						"4.0": [-53.5, 0, 0]
					},
					"position": [0, 0, 0]
				},
				"BottomLegFL": {
					"rotation": {
						"0.0": [15, 0, 0],
						"4.0": [60, 0, 0]
					},
					"position": [0, 0, 0]
				},
				"front_leg_right": {
					"rotation": {
						"0.0": [2.5, 0, 0],
						"3.0": [-7.5, 0, 0],
						"4.0": [-27.5, 0, 0]
					},
					"position": [0, 0, 0]
				},
				"bottomLegFR": {
					"rotation": {
						"0.0": [7.5, 0, 0],
						"3.0": [20, 0, 0],
						"4.0": [46, 0, 0]
					},
					"position": [0, 0, 0]
				},
				"tail": {
					"rotation": {
						"0.0": [0, 0, 0],
						"1.0": [15, 0, 0],
						"2.0": [62.5, 0, 0],
						"4.0": [-10, 0, 0]
					},
					"position": [0, 0, 0]
				},
				"tail_piece_1": {
					"rotation": {
						"0.0": [0, 0, 0],
						"1.0": [7.5, 0, 0],
						"4.0": [-7.5, 0, 0]
					},
					"position": [0, 0, 0]
				},
				"tail_piece_2": {
					"rotation": {
						"0.0": [0, 0, 0],
						"1.0": [7.5, 0, 0],
						"4.0": [-12.5, 0, 0]
					},
					"position": [0, 0, 0]
				},
				"tail_piece_3": {
					"rotation": {
						"0.0": [0, 0, 0],
						"1.0": [10, 0, 0],
						"4.0": [-5, 0, 0]
					},
					"position": [0, 0, 0]
				},
				"ring": {
					"rotation": [0, 0, 0],
					"position": [0, 0, 0]
				},
				"back_leg_left": {
					"rotation": {
						"0.0": [5, 0, 0],
						"3.0": [-5, 0, 0]
					},
					"position": [0, 0, 0]
				},
				"BottomLegBL": {
					"rotation": [-5, 0, 0],
					"position": [0, 0, 0]
				},
				"back_leg_right": {
					"rotation": [5, 0, 0],
					"position": [0, 0, 0]
				},
				"BottomLegBR": {
					"rotation": [-5, 0, 0],
					"position": [0, 0, 0]
				},
				"neck": {
					"rotation": [0, 0, 0],
					"position": [0, 0, 0]
				},
				"neck_upper": {
					"rotation": {
						"0.0": [0, 0, 0],
						"4.0": [20, 0, 0]
					},
					"position": [0, 0, 0]
				},
				"head_tail": {
					"rotation": {
						"0.0": [0, 0, 0],
						"1.0": [15, 0, 0]
					},
					"position": {
						"0.0": [0, 0, 0],
						"1.0": [0, 0, -1.1]
					}
				},
				"head_tail_2": {
					"rotation": {
						"0.0": [0, 0, 0],
						"1.0": [12.5, 0, 0]
					},
					"position": {
						"0.0": [0, 0, 0],
						"1.0": [0, 0, -0.8]
					}
				},
				"head_tail_3": {
					"rotation": {
						"0.0": [0, 0, 0],
						"1.0": [10, 0, 0]
					},
					"position": {
						"0.0": [0, 0, 0],
						"1.0": [0, 0, -0.5]
					}
				},
				"head_tail_4": {
					"rotation": {
						"0.0": [0, 0, 0],
						"1.0": [10, 0, 0]
					},
					"position": [0, 0, 0]
				},
				"torso": {
					"rotation": [0, 0, 0],
					"position": [0, 0, 0]
				},
				"head": {
					"rotation": {
						"0.0": [0, 0, 0],
						"1.0": [-47.5, 0, 0],
						"2.0": [-67.5, 0, 0],
						"4.0": [30, 0, 0]
					},
					"position": {
						"0.0": [0, 0, 0],
						"4.0": [0, -2.1, 0.6]
					}
				}
			},
			"sound_effects": {
				"0.0": {
					"effect": "pokemon.diancie.cry"
				}
			}
		}
	}
}