{"format_version":"1.8.0","animations":{"animation.drapion.pose":{"loop":true,"bones":{"torso":{"rotation":[10,0,0]},"neck":{"rotation":[-48.26926,-13.56626,6.46066]},"neck2":{"rotation":[-35.02564,2.04767,-1.43455]},"neck3":{"rotation":[-42.52718,1.84293,-1.68956]},"neck4":{"rotation":[30.38126,8.64917,5.03837]},"head":{"rotation":[100.11081,-12.98522,-12.52144]},"jaw":{"rotation":[27.5,0,0]},"jaw_top":{"rotation":[-27.5,0,0]},"arm_right":{"rotation":[0,20,32.5]},"arm_right2":{"rotation":[0,0,-42.5]},"arm_right3":{"rotation":[0,0,-20]},"arm_right4":{"rotation":[-3.96713,-14.47751,-24.49591]},"arm_right5":{"rotation":[48.44849,-11.43651,-45.74802]},"arm_left":{"rotation":[0,0,-20]},"arm_left2":{"rotation":[0,0,22.5]},"arm_left3":{"rotation":[0,0,27.5]},"arm_left4":{"rotation":[0,0,30]},"arm_left5":{"rotation":[24.03013,19.54951,19.82274]},"tail":{"rotation":[28.90601,-26.30631,60.28377]},"tail2":{"rotation":[-31.31061,15.09492,8.95891]},"tail3":{"rotation":[15.12353,-7.24305,-1.95155]},"tail4":{"rotation":[21.67743,7.96059,-87.68473]},"tail_tip":{"rotation":[12.55164,9.60028,2.90214]},"leg_right_front":{"rotation":[0,0,-2.5]},"leg_right_front2":{"rotation":[0,0,27.5]},"leg_left_front":{"rotation":[0,47.5,-30]},"leg_left_front2":{"rotation":[0,0,-37.5]},"leg_right_back":{"rotation":[16.86497,23.37058,41.542]}}},"animation.drapion.ground_idle":{"loop":true,"bones":{"torso":{"rotation":["-5-math.cos((q.anim_time-0.2)*360*0.5)*0.5",0,0]},"neck":{"rotation":["-22.5-math.cos((q.anim_time-0.1)*360*0.5)*1",0,0]},"neck2":{"rotation":["-40-math.cos((q.anim_time-0.3)*360*0.5)*3",0,0]},"neck3":{"rotation":["-40-math.cos((q.anim_time-0.5)*360*0.5)*5",0,0]},"neck4":{"rotation":["37.5+math.cos((q.anim_time-0.7)*360*0.5)*5",0,0]},"head":{"rotation":[72.5,0,0]},"jaw":{"rotation":[20,0,0]},"jaw_top":{"rotation":["-10+math.cos((q.anim_time-0.5)*360*0.5)*5",0,0]},"arm_right":{"rotation":[-30,0,2.5]},"arm_right2":{"rotation":[0,0,-22.5]},"arm_right3":{"rotation":[0,0,-20]},"arm_right4":{"rotation":[0,0,-17.5]},"arm_right5":{"rotation":[0,-12.5,-40]},"arm_left":{"rotation":[-30,0,-2.5]},"arm_left2":{"rotation":[0,0,22.5]},"arm_left3":{"rotation":[0,0,20]},"arm_left4":{"rotation":[0,0,17.5]},"arm_left5":{"rotation":[0,12.5,40]},"tail":{"rotation":["10+math.cos((q.anim_time-0.2)*360*0.5)*5",0,0]},"tail2":{"rotation":["12.5+math.cos((q.anim_time-0.4)*360*0.5)*3",0,0]},"tail3":{"rotation":["12.5+math.cos((q.anim_time-0.6)*360*0.5)*5",0,0]},"tail4":{"rotation":["12.5+math.cos((q.anim_time-0.8)*360*0.5)*7",0,0]},"tail_tip":{"rotation":["15+math.cos((q.anim_time-1)*360*0.5)*9",0,0]},"right_pinsir":{"rotation":[0,"10-math.cos((q.anim_time-0.3)*360*0.5)*12",0],"position":[0.2,0,0]},"left_pinsir_right":{"rotation":[0,"-10+math.cos((q.anim_time-0.5)*360*0.5)*12",0]},"left_pinsir_left":{"rotation":[0,"10-math.cos((q.anim_time-0.5)*360*0.5)*12",0]},"right_pinsir_left":{"rotation":[0,"5+math.cos((q.anim_time-0.8)*360*0.5)*12",0]},"right_pinsir_right":{"rotation":[0,"-10-math.cos((q.anim_time-0.8)*360*0.5)*12",0]},"left_pinsir":{"rotation":[0,"-10+math.cos((q.anim_time-0.3)*360*0.5)*12",0],"position":[-0.2,0,0]}}},"animation.drapion.ground_walk":{"loop":true,"bones":{"torso":{"rotation":["-5-math.cos((q.anim_time-0.2)*360*0.5)*0.5",0,0],"position":[0,"-math.cos((q.anim_time-0.2)*360*2)*0.3",0]},"neck":{"rotation":["-12.5-math.cos((q.anim_time-0.1)*360*0.5)*1",0,0]},"neck2":{"rotation":["-45-math.cos((q.anim_time-0.3)*360*0.5)*3",0,0]},"neck3":{"rotation":["-50-math.cos((q.anim_time-0.5)*360*0.5)*5",0,0]},"neck4":{"rotation":["57.5+math.cos((q.anim_time-0.7)*360*0.5)*5",0,0]},"head":{"rotation":[72.5,0,0]},"jaw":{"rotation":[20,0,0]},"jaw_top":{"rotation":["-10+math.cos((q.anim_time-0.5)*360*0.5)*5",0,0]},"arm_right":{"rotation":[-30,0,2.5]},"arm_right2":{"rotation":[0,0,-22.5]},"arm_right3":{"rotation":[0,0,-20]},"arm_right4":{"rotation":[0,0,-17.5]},"arm_right5":{"rotation":[0,-12.5,-40]},"arm_left":{"rotation":[-30,0,-2.5]},"arm_left2":{"rotation":[0,0,22.5]},"arm_left3":{"rotation":[0,0,20]},"arm_left4":{"rotation":[0,0,17.5]},"arm_left5":{"rotation":[0,12.5,40]},"tail":{"rotation":["10+math.cos((q.anim_time-0.2)*360*0.5)*5",0,0]},"tail2":{"rotation":["12.5+math.cos((q.anim_time-0.4)*360*0.5)*3",0,0]},"tail3":{"rotation":["12.5+math.cos((q.anim_time-0.6)*360*0.5)*5",0,0]},"tail4":{"rotation":["12.5+math.cos((q.anim_time-0.8)*360*0.5)*7",0,0]},"tail_tip":{"rotation":["15+math.cos((q.anim_time-1)*360*0.5)*9",0,0]},"right_pinsir":{"rotation":[0,"10-math.cos((q.anim_time-0.3)*360*0.5)*12",0],"position":[0.2,0,0]},"left_pinsir":{"rotation":[0,"-10+math.cos((q.anim_time-0.3)*360*0.5)*12",0],"position":[-0.2,0,0]},"body":{"rotation":[1,0,0],"position":[0,0.1,0]},"leg_right_front":{"rotation":["-math.cos((q.anim_time-0.1)*360*2)*2","-math.cos((q.anim_time -0.5)*360*1)*12 * math.cos((q.anim_time-0.1)*360*1)*2","-math.cos((q.anim_time-0.1)*360*1)*3 * -math.cos((q.anim_time-0.4)*360*1)*1"]},"leg_left_front":{"rotation":["-math.cos((q.anim_time-0.1)*360*2)*2","math.cos((q.anim_time -0.3)*360*1)*12 * math.cos((q.anim_time-0.1)*360*1)*2","-math.cos((q.anim_time-0.1)*360*1)*3 * math.cos((q.anim_time-0.1)*360*1)*1"]},"leg_right_back":{"rotation":["-math.cos((q.anim_time-0.1)*360*2)*2","math.cos((q.anim_time -0.3)*360*1)*12 * math.cos((q.anim_time-0.1)*360*1)*2","-math.cos((q.anim_time-0.1)*360*1)*3 * math.cos((q.anim_time-0.1)*360*1)*1"]},"leg_left_back":{"rotation":["-math.cos((q.anim_time-0.1)*360*2)*2","-math.cos((q.anim_time -0.5)*360*1)*12 * math.cos((q.anim_time-0.1)*360*1)*2","-math.cos((q.anim_time-0.1)*360*1)*3 * -math.cos((q.anim_time-0.4)*360*1)*1"]},"left_pinsir_right":{"rotation":[0,"-10+math.cos((q.anim_time-0.5)*360*0.5)*12",0]},"left_pinsir_left":{"rotation":[0,"10-math.cos((q.anim_time-0.5)*360*0.5)*12",0]},"right_pinsir_left":{"rotation":[0,"5+math.cos((q.anim_time-0.8)*360*0.5)*12",0]},"right_pinsir_right":{"rotation":[0,"-10-math.cos((q.anim_time-0.8)*360*0.5)*12",0]}}},"animation.drapion.blink":{"animation_length":0.16667,"bones":{"eye_blink":{"position":{"0.0":[0,0,0],"0.0833":{"pre":[0,0,0],"post":[0,0,0]},"0.125":{"pre":[0,0,0],"post":[0,0,-0.1]}}}}},"animation.drapion.cry":{"animation_length":0.79167,"bones":{"neck4":{"rotation":{"0.0":[0,0,0],"0.125":[7.88126,0,0],"0.3333":[-17.11874,0,0],"0.7917":[0,0,0]}},"jaw":{"rotation":{"0.0":[-17.5,0,0],"0.125":[-27.5,0,0],"0.3333":[12.5,0,0],"0.7917":[-17.5,0,0]}}}}}}