{"format_version":"1.8.0","animations":{"animation.drednaw.ground_idle":{"loop":true,"animation_length":2,"bones":{"1":{"position":{"0.0":[0,0,0],"1.0":[0,-1,0],"2.0":[0,0,0]}},"2":{"position":{"0.0":[0,0,0],"1.0":[0,-1,0],"2.0":[0,0,0]}},"3":{"position":{"0.0":[0,0,0],"1.0":[0,-1,0],"2.0":[0,0,0]}},"4":{"position":{"0.0":[0,0,0],"1.0":[0,-1,0],"2.0":[0,0,0]}},"body":{"position":{"0.0":[0,0,0],"1.0":[0,-2,0],"2.0":[0,0,0]}},"head":{"rotation":{"0.0":[0,0,0],"1.0":[0,10,0],"2.0":[0,0,0]}},"mandibula":{"rotation":{"0.0":[0,0,0],"1.0":[0,0,5],"2.0":[0,0,0]}},"cola":{"rotation":{"0.0":[0,0,0],"1.0":[12.5,0,0],"2.0":[0,0,0]}},"bone2":{"rotation":{"0.0":[0,0,0],"1.0":[10,0,0],"2.0":[0,0,0]}},"bone3":{"rotation":{"0.0":[0,0,0],"1.0":[10,0,0],"2.0":[0,0,0]}},"bone4":{"rotation":{"0.0":[0,0,0],"1.0":[7.5,0,0],"2.0":[0,0,0]}},"patas":{"position":{"0.0":[0,0,0],"1.0":[0,2,0],"2.0":[0,0,0]}},"art":{"position":{"0.0":[0,0,0],"1.0":[0,1,0],"2.0":[0,0,0]}},"art2":{"position":{"0.0":[0,0,0],"1.0":[0,1,0],"2.0":[0,0,0]}},"art3":{"position":{"0.0":[0,0,0],"1.0":[0,1,0],"2.0":[0,0,0]}},"art4":{"position":{"0.0":[0,0,0],"1.0":[0,1,0],"2.0":[0,0,0]}}}},"animation.drednaw.ground_walk":{"loop":true,"animation_length":1.5,"bones":{"1":{"rotation":{"0.0":[0,0,0],"0.5":[-15,0,0],"1.5":[0,0,0]}},"2":{"rotation":{"0.0":[0,0,0],"0.5":[-27.5,0,0],"1.5":[0,0,0]}},"3":{"rotation":{"0.0":[0,0,0],"0.5":[25,0,0],"1.0":[-17.5,0,0],"1.5":[0,0,0]}},"4":{"rotation":{"0.0":[0,0,0],"0.5":[20,0,0],"1.0":[-27.5,0,0],"1.5":[0,0,0]}},"drednaw":{"rotation":{"0.0":[0,0,0],"0.5":[-7.5,0,0],"1.0":[19.93715,0.3209,1.92862],"1.5":[0,0,0]},"position":{"0.0":[0,0,0],"0.5":[0,8,-3],"1.0":[0,8,-1.5],"1.5":[0,0,0]}},"head":{"rotation":{"0.0":[0,0,0],"0.5":[0,-17.5,0],"1.0":[-180,7.5,180],"1.5":[0,0,0]}},"mandibula":{"rotation":{"0.0":[0,0,0],"0.5":[0,0,-7.5],"1.0":[0,0,5],"1.5":[0,0,0]}},"cola":{"rotation":{"0.0":[0,0,0],"0.5":[-5,0,0],"1.0":[2.5,0,0],"1.5":[0,0,0]}},"bone2":{"rotation":{"0.0":[0,0,0],"0.5":[-10,0,0],"1.0":[2.5,0,0],"1.5":[0,0,0]}},"bone3":{"rotation":{"0.0":[0,0,0],"0.5":[-10,0,0],"1.0":[2.5,0,0],"1.5":[0,0,0]}},"bone4":{"rotation":{"0.0":[0,0,0],"0.5":[-22.5,0,0],"1.0":[-10,0,0],"1.5":[0,0,0]}},"art":{"rotation":{"0.0":[0,0,0],"0.5":[-20,0,0],"1.0":[-2.5,0,0]}},"art2":{"rotation":{"0.0":[0,0,0],"0.5":[-10,0,0],"1.0":[5,0,0]}},"art3":{"rotation":{"0.0":[0,0,0],"0.5":[12.5,0,0],"1.0":[0,0,0]}},"art4":{"rotation":{"0.0":[0,0,0],"0.5":[17.5,0,0],"1.0":[5,0,0]}}}}}}