{"format_version":"1.8.0","animations":{"animation.druddigon.ground_idle":{"loop":true,"animation_length":4,"bones":{"Torso":{"rotation":["15+math.cos(q.anim_time*90+60)","-math.sin(q.anim_time*90)*2",0],"position":[0,"-4+math.cos(q.anim_time*90)/2",0]},"UpperTorso":{"rotation":["20+math.cos(q.anim_time*90)","-math.sin(q.anim_time*90+60)*2",0]},"neck":{"rotation":[32.5,"-math.sin(q.anim_time*90+120)*2",0]},"head":{"rotation":[-55,"-math.sin(q.anim_time*90+180)*3","math.sin(q.anim_time*90+180)*2"]},"arm_left":{"rotation":[-25.22789,"22.4714+math.cos(q.anim_time*90)*3","46.9573+math.cos(q.anim_time*90-60)*2"]},"arm_left2":{"rotation":[0,"35+math.cos(q.anim_time*90-60)*5",0]},"hand_left":{"rotation":[0,0,20]},"leg_left":{"rotation":[-28.64,-12.28,-12.57],"position":[0,-3.975,1.25]},"leg_left2":{"rotation":[59.56754,-7.64427,6.46635]},"foot_left":{"rotation":[-27.4299,1.70818,4.69986]},"finger_left":{"rotation":[4.02212,21.88952,18.61131]},"finger_left2":{"rotation":[0,0,35]},"finger_left3":{"rotation":[-11.61568,-24.11965,35.70838]},"finger_left4":{"rotation":[0,0,35]},"finger_left5":{"rotation":[23.61812,-20.66281,3.37984]},"finger_left6":{"rotation":[45,0,0]},"leg_right":{"rotation":[-28.64,12.28,12.57],"position":[0,-3.975,1.25]},"leg_right2":{"rotation":[59.5675,7.6443,-6.4664]},"foot_right":{"rotation":[-27.4299,-1.7082,-4.6999]},"arm_right":{"rotation":[-25.22789,"-22.4714+math.cos(q.anim_time*90)*3","-46.9573+math.cos(q.anim_time*90-60)*2"]},"arm_right2":{"rotation":[0,"-35+math.cos(q.anim_time*90-60)*5",0]},"hand_right":{"rotation":[0,0,-20]},"finger_right":{"rotation":[4.02212,-21.88952,-18.61131]},"finger_right2":{"rotation":[0,0,-35]},"finger_right3":{"rotation":[-11.61568,24.11965,-35.70838]},"finger_right4":{"rotation":[0,0,-35]},"finger_right5":{"rotation":[23.61812,20.66281,-3.37984]},"finger_right6":{"rotation":[45,0,0]},"tail":{"rotation":["-27.5-math.sin(q.anim_time*90*2)*2","-math.sin(q.anim_time*90-60)*5",0]},"tail2":{"rotation":["5-math.sin(q.anim_time*90*2-60)*2","-math.sin(q.anim_time*90-120)*5",0]},"tail3":{"rotation":["5-math.sin(q.anim_time*90*2-120)*2","-math.sin(q.anim_time*90-180)*8",0]},"tail4":{"rotation":["7.5-math.sin(q.anim_time*90*2-180)*2","-math.sin(q.anim_time*90-240)*10",0]},"wing_left":{"rotation":[12.5,"35+math.cos(q.anim_time*90)*5",0]},"wing_left2":{"rotation":[0,"20+math.cos(q.anim_time*90-60)*5",0]},"jaw":{"rotation":["5+math.cos(q.anim_time*90)*2.5",0,0]},"wing_right":{"rotation":[12.5,"-35+math.cos(q.anim_time*90)*5",0]},"wing_right2":{"rotation":[0,"-20+math.cos(q.anim_time*90-60)*5",0]}}},"animation.druddigon.ground_walk":{"loop":true,"animation_length":1,"bones":{"Torso":{"rotation":["15+math.cos(q.anim_time*90*4*2+60)","-math.sin(q.anim_time*90*4)*5",0],"position":[0,"-4+math.cos(q.anim_time*90*4*2)",0]},"UpperTorso":{"rotation":["20+math.cos(q.anim_time*90*4*2)","-math.sin(q.anim_time*90*4+60)*2",0]},"neck":{"rotation":[32.5,"-math.sin(q.anim_time*90*4+120)*2",0]},"head":{"rotation":[-55,"-math.sin(q.anim_time*90*4+180)*3","math.sin(q.anim_time*90*4+180)*2"]},"arm_left":{"rotation":[-25.22789,"22.4714+math.cos(q.anim_time*90*4)*10","46.9573+math.cos(q.anim_time*90*4*2-60)*2"]},"arm_left2":{"rotation":[0,"35+math.cos(q.anim_time*90*4-60)*15",0]},"hand_left":{"rotation":[0,"10+math.cos(q.anim_time*90*4-120)*10",20]},"leg_left":{"rotation":{"0.0":[-28.64,-12.28,-12.57],"0.25":[1.36,-12.28,-12.57],"0.5":[-28.64,-12.28,-12.57],"0.75":[-58.64,-12.28,-12.57],"1.0":[-28.64,-12.28,-12.57]},"position":{"0.0":[0,-3.98,1.25],"0.25":[0,-0.98,5.25],"0.375":[0,-2.25,3.25],"0.5":[0,-1.5,1.25],"0.625":[0,-2.25,-0.75],"0.75":[0,-6.98,-2.75],"1.0":[0,-3.98,1.25]}},"leg_left2":{"rotation":{"0.0":[59.56754,-7.64427,6.46635],"0.25":[29.57,-7.64,6.47],"0.3333":[69.57,-7.64,6.47],"0.5":[58.32,-7.64,6.47],"0.6667":[47.07,-7.64,6.47],"0.75":[64.57,-7.64,6.47],"1.0":[59.56754,-7.64427,6.46635]}},"foot_left":{"rotation":{"0.0":[-27.43,1.71,4.7],"0.2917":[-27.43,1.71,4.7],"0.375":[-9.93,1.71,4.7],"0.5":[-13.68,1.71,4.7],"0.7083":[-19.93,1.71,4.7],"0.75":[-7.43,1.71,4.7],"1.0":[-27.43,1.71,4.7]}},"finger_left":{"rotation":[4.02212,21.88952,18.61131]},"finger_left2":{"rotation":[0,0,35]},"finger_left3":{"rotation":[-11.61568,-24.11965,35.70838]},"finger_left4":{"rotation":[0,0,35]},"finger_left5":{"rotation":[23.61812,-20.66281,3.37984]},"finger_left6":{"rotation":[45,0,0]},"leg_right":{"rotation":{"0.0":[-28.64,12.28,12.57],"0.25":[-58.64,12.28,12.57],"0.5":[-28.64,12.28,12.57],"0.75":[1.36,12.28,12.57],"1.0":[-28.64,12.28,12.57]},"position":{"0.0":[0,-1.5,1.25],"0.125":[0,-2.25,-0.75],"0.25":[0,-6.98,-2.75],"0.5":[0,-3.98,1.25],"0.75":[0,-0.98,5.25],"0.875":[0,-2.25,3.25],"1.0":[0,-1.5,1.25]}},"leg_right2":{"rotation":{"0.0":[58.32,7.64,-6.47],"0.1667":[47.07,7.64,-6.47],"0.25":[64.57,7.64,-6.47],"0.5":[59.56754,7.64,-6.47],"0.75":[29.57,7.64,-6.47],"0.8333":[69.57,7.64,-6.47],"1.0":[58.32,7.64,-6.47]}},"foot_right":{"rotation":{"0.0":[-13.68,-1.71,-4.7],"0.2083":[-19.93,-1.71,-4.7],"0.25":[-7.43,-1.71,-4.7],"0.5":[-27.43,-1.71,-4.7],"0.7917":[-27.43,-1.71,-4.7],"0.875":[-9.93,-1.71,-4.7],"1.0":[-13.68,-1.71,-4.7]}},"arm_right":{"rotation":[-25.22789,"-22.4714+math.cos(q.anim_time*90*4)*10","-46.9573-math.cos(q.anim_time*90*4*2-60)*2"]},"arm_right2":{"rotation":[0,"-35+math.cos(q.anim_time*90*4-60)*15",0]},"hand_right":{"rotation":[0,"-10+math.cos(q.anim_time*90*4-120)*10",-20]},"finger_right":{"rotation":[4.02212,-21.88952,-18.61131]},"finger_right2":{"rotation":[0,0,-35]},"finger_right3":{"rotation":[-11.61568,24.11965,-35.70838]},"finger_right4":{"rotation":[0,0,-35]},"finger_right5":{"rotation":[23.61812,20.66281,-3.37984]},"finger_right6":{"rotation":[45,0,0]},"tail":{"rotation":["-27.5-math.sin(q.anim_time*90*4*2)*2","-math.sin(q.anim_time*90*4-60)*5",0]},"tail2":{"rotation":["5-math.sin(q.anim_time*90*4*2-60)*2","-math.sin(q.anim_time*90*4-120)*5",0]},"tail3":{"rotation":["5-math.sin(q.anim_time*90*4*2-120)*2","-math.sin(q.anim_time*90*4-180)*8",0]},"tail4":{"rotation":["7.5-math.sin(q.anim_time*90*4*2-180)*2","-math.sin(q.anim_time*90*4-240)*10",0]},"wing_left":{"rotation":[12.5,"35+math.cos(q.anim_time*90*4)*5",0]},"wing_left2":{"rotation":[0,"20+math.cos(q.anim_time*90*4-60)*5",0]},"jaw":{"rotation":["7.5+math.cos(q.anim_time*90*4)*5",0,0]},"wing_right":{"rotation":[12.5,"-35+math.cos(q.anim_time*90*4)*5",0]},"wing_right2":{"rotation":[0,"-20+math.cos(q.anim_time*90*4-60)*5",0]}}},"animation.druddigon.blink":{"animation_length":0.20833,"bones":{"EyelidLeft":{"position":{"0.0":[0.1,0,0],"0.1667":[0.1,0,0],"0.2083":[0,0,0]}},"EyelidRight":{"position":{"0.0":[-0.1,0,0],"0.1667":[-0.1,0,0],"0.2083":[0,0,0]}}}},"animation.druddigon.cry":{"animation_length":2.5,"bones":{"Torso":{"rotation":{"0.0":{"post":[0,0,0],"lerp_mode":"catmullrom"},"0.0833":{"post":[-5,0,0],"lerp_mode":"catmullrom"},"0.1667":{"post":[-5,0,0],"lerp_mode":"catmullrom"},"0.25":{"post":[2.5,0,0],"lerp_mode":"catmullrom"},"0.7083":{"post":[2.5,0,0],"lerp_mode":"catmullrom"},"1.3333":{"post":[-7.5,0,0],"lerp_mode":"catmullrom"},"1.6667":{"post":[-7.5,0,0],"lerp_mode":"catmullrom"},"1.9167":{"post":[0,0,0],"lerp_mode":"catmullrom"},"2.5":{"post":[0,0,0],"lerp_mode":"catmullrom"}}},"neck":{"rotation":{"0.0":[0,0,0],"0.0833":{"pre":[-17.5,0,0],"post":[-17.5,0,0],"lerp_mode":"catmullrom"},"0.1667":{"post":[-17.5,0,0],"lerp_mode":"catmullrom"},"0.25":{"post":[7.5,0,0],"lerp_mode":"catmullrom"},"0.75":{"post":[7.5,0,0],"lerp_mode":"catmullrom"},"1.375":{"post":[-7.5,0,0],"lerp_mode":"catmullrom"},"1.75":{"post":[-7.5,0,0],"lerp_mode":"catmullrom"},"2.0833":{"post":[-7.5,0,0],"lerp_mode":"catmullrom"},"2.5":[0,0,0]}},"head":{"rotation":{"0.0":[0,0,0],"0.125":{"pre":[20,0,0],"post":[20,0,0],"lerp_mode":"catmullrom"},"0.2083":{"post":[20,0,0],"lerp_mode":"catmullrom"},"0.2917":{"post":[-10,0,0],"lerp_mode":"catmullrom"},"0.7917":{"post":[-10,0,0],"lerp_mode":"catmullrom"},"1.4167":{"post":[-22.5,0,0],"lerp_mode":"catmullrom"},"1.7917":{"post":[-22.5,0,0],"lerp_mode":"catmullrom"},"2.125":{"post":[2.5,0,0],"lerp_mode":"catmullrom"},"2.5":[0,0,0]}},"jaw":{"rotation":{"0.0":{"post":[0,0,0],"lerp_mode":"catmullrom"},"0.0833":{"post":[-5,0,0],"lerp_mode":"catmullrom"},"0.25":{"post":[-5,0,0],"lerp_mode":"catmullrom"},"0.2917":{"post":[20,0,0],"lerp_mode":"catmullrom"},"0.8333":{"post":[20,0,0],"lerp_mode":"catmullrom"},"1.5":{"post":[40,0,0],"lerp_mode":"catmullrom"},"1.7917":{"post":[0,0,0],"lerp_mode":"catmullrom"}}}},"sound_effects":{"0.0417":{"effect":"pokemon.druddigon.cry"}}}}}