{"format_version":"1.8.0","animations":{"animation.electrike.blink":{"animation_length":0.1667,"bones":{"eyelid_left":{"position":{"0.0":[0.1,0,-0.1],"0.125":[0.1,0,-0.1],"0.1667":[0,0,0]}},"eyelid_right":{"position":{"0.0":[-0.1,0,-0.1],"0.125":[-0.1,0,-0.1],"0.1667":[0,0,0]}}}},"animation.electrike.ground_idle":{"loop":true,"animation_length":1,"bones":{"torso":{"rotation":["math.cos(q.anim_time*90*4+90)",0,0],"position":[0,"math.cos(q.anim_time*90*4)/4",0]},"jaw":{"rotation":["35+math.cos(q.anim_time*90*4+90-45)*5",0,0]},"tail":{"rotation":[0,"math.sin(q.anim_time*90*4*3)*7",0]},"tail_bend":{"rotation":[0,"math.sin(q.anim_time*90*4*3-90)*20",0]},"leg_front_left":{"rotation":[0,5,0]},"leg_front_right":{"rotation":[0,-5,0]},"leg_back_left":{"rotation":[0,-5,0]},"leg_back_right":{"rotation":[0,5,0]}}},"animation.electrike.ground_walk":{"loop":true,"animation_length":1,"bones":{"torso":{"rotation":["-math.sin(q.anim_time*90*4*2+45)",0,"math.cos(q.anim_time*90*4)*2"],"position":[0,"math.cos(q.anim_time*90*4*2+45)/3",0]},"neck":{"rotation":[0,0,"-math.cos(q.anim_time*90*4)"]},"jaw":{"rotation":["40-math.sin(q.anim_time*90*4*2)*3",0,0]},"tail":{"rotation":[0,"math.cos(q.anim_time*90*4)*10",0]},"tail_bend":{"rotation":[0,"math.cos(q.anim_time*90*4-90)*18",0]},"leg_front_left":{"rotation":{"0.0":[-3.33,0,0],"0.0833":[0,0,0],"0.3333":[20,0,0],"0.5":[6.66,0,0],"0.5417":[3.33,0,0],"0.7917":[-20,0,0],"1.0":[-3.33,0,0]},"position":{"0.0":[0,0,-0.33],"0.0833":[0,0,0],"0.3333":[0,-0.5,2],"0.4583":[0,1.5,1],"0.5":[0,1.75,0.67],"0.5417":[0,1.88,0.34],"0.625":[0,1.75,-0.67],"0.6667":[0,1.5,-1],"0.7917":[0,-0.25,-2],"1.0":[0,0,-0.33]}},"foot_front_left":{"rotation":{"0.0":[4.62,0,0],"0.3333":[-20,0,0],"0.4583":[55,0,0],"0.5":[55,0,0],"0.6667":[-30,0,0],"0.7917":[20,0,0],"1.0":[4.62,0,0]}},"leg_front_right":{"rotation":{"0.0":[6.66,0,0],"0.0417":[3.33,0,0],"0.2917":[-20,0,0],"0.5":[-3.33,0,0],"0.5833":[0,0,0],"0.8333":[20,0,0],"1.0":[6.66,0,0]},"position":{"0.0":[0,1.75,0.67],"0.0417":[0,1.88,0.34],"0.125":[0,1.75,-0.67],"0.1667":[0,1.5,-1],"0.2917":[0,-0.25,-2],"0.5":[0,0,-0.33],"0.5833":[0,0,0],"0.8333":[0,-0.5,2],"0.9583":[0,1.5,1],"1.0":[0,1.75,0.67]}},"foot_front_right":{"rotation":{"0.0":[55,0,0],"0.1667":[-30,0,0],"0.2917":[20,0,0],"0.5":[4.62,0,0],"0.8333":[-20,0,0],"0.9583":[55,0,0],"1.0":[55,0,0]}},"leg_back_left":{"rotation":{"0.0":[0,0,0],"0.25":[20,0,0],"0.4583":[3.33,0,0],"0.5":[0,0,0],"0.75":[-20,0,0],"0.9583":[-3.33,0,0],"1.0":[0,0,0]},"position":{"0.0":[0,0,0],"0.25":[0,-1,2],"0.375":[0,1.5,1],"0.4167":[0,1.75,0.67],"0.4583":[0,1.88,0.34],"0.5":[0,2,0],"0.5833":[0,1.75,-0.67],"0.625":[0,1.5,-1],"0.75":[0,0,-2],"0.9583":[0,0,-0.33],"1.0":[0,0,0]}},"knee_back_left":{"rotation":{"0.0":[0,0,0],"0.25":[-10,0,0],"0.5":[-5,0,0],"0.75":[0,0,0],"1.0":[0,0,0]}},"foot_back_left":{"rotation":{"0.0":[0,0,0],"0.25":[-10,0,0],"0.375":[50,0,0],"0.5":[50,0,0],"0.625":[-25,0,0],"0.75":[20,0,0],"1.0":[0,0,0]}},"leg_back_right":{"rotation":{"0.0":[0,0,0],"0.25":[-20,0,0],"0.5":[0,0,0],"0.75":[20,0,0],"1.0":[0,0,0]},"position":{"0.0":[0,2,0],"0.0833":[0,1.75,-0.67],"0.125":[0,1.5,-1],"0.25":[0,0,-2],"0.5":[0,0,0],"0.75":[0,-1,2],"0.875":[0,1.5,1],"0.9167":[0,1.75,0.67],"1.0":[0,2,0]}},"knee_back_right":{"rotation":{"0.0":[-5,0,0],"0.25":[0,0,0],"0.5":[0,0,0],"0.75":[-10,0,0],"1.0":[-5,0,0]}},"foot_back_right":{"rotation":{"0.0":[50,0,0],"0.125":[-25,0,0],"0.25":[20,0,0],"0.5":[0,0,0],"0.75":[-10,0,0],"0.875":[50,0,0],"1.0":[50,0,0]}}}},"animation.electrike.walktest":{"loop":true,"bones":{"electrike":{"position":[0,0,"-q.anim_time*90*0.175"]}}}}}