{"format_version":"1.8.0","animations":{"animation.farigiraf.pose":{"loop":true,"bones":{"farigiraf":{"position":[0,-0.5,0]},"body2":{"rotation":[2.5,0,0]},"neck":{"rotation":[12.5,0,0]},"neck5":{"rotation":[-5,0,0]},"frontThigh_left":{"rotation":[-12.48436,-0.75155,-12.38443]},"frontLeg_left":{"rotation":[10.68231,-1.1209,2.66848]},"frontFoot_left":{"rotation":[0,0,0]},"frontThigh_right":{"rotation":[-12.48436,0.75155,12.38443]},"frontLeg_right":{"rotation":[10.68231,1.1209,-2.66848]},"backThigh_left":{"rotation":[17.5,0,-12.5]},"backLeg_left":{"rotation":[-17.43745,1.50179,4.76968]},"backThigh_right":{"rotation":[17.5,0,12.5]},"backLeg_right":{"rotation":[-17.43745,-1.50179,-4.76968]},"neck2":{"rotation":[-2.5,0,0]},"neck3":{"rotation":[-2.5,0,0]},"neck4":{"rotation":[-2.5,0,0]}}},"animation.farigiraf.ground_idle":{"loop":true,"bones":{"farigiraf":{"position":[0,-0.5,0]},"body2":{"rotation":[2.5,0,0]},"neck":{"rotation":["25+math.sin(q.anim_time*90*1.5-20)*0.5",0,0]},"neck5":{"rotation":[-5,0,0]},"frontThigh_left":{"rotation":["-12.4844-math.sin(q.anim_time*90*1.5)*1",-0.75155,-12.38443],"position":[0,"math.sin(q.anim_time*90*1.5)*0.2",0]},"frontLeg_left":{"rotation":[10.68231,-1.1209,2.66848]},"frontFoot_left":{"rotation":[0,0,0]},"frontThigh_right":{"rotation":["-12.4844-math.sin(q.anim_time*90*1.5)*1",0.75155,12.38443],"position":[0,"math.sin(q.anim_time*90*1.5)*0.2",0]},"frontLeg_right":{"rotation":[10.68231,1.1209,-2.66848]},"backThigh_left":{"rotation":[17.5,"-math.sin(q.anim_time*90*1.5-20)*3",-12.5]},"backLeg_left":{"rotation":[-17.43745,"1.5018+math.sin(q.anim_time*90*1.5-20)*3","4.7697-math.sin(q.anim_time*90*1.5-20)*1"]},"backThigh_right":{"rotation":[17.5,"math.sin(q.anim_time*90*1.5-40)*3",12.5]},"backLeg_right":{"rotation":[-17.43745,"-1.5018-math.sin(q.anim_time*90*1.5-40)*3","-4.7697+math.sin(q.anim_time*90*1.5-40)*1"]},"neck2":{"rotation":["-2.5+math.sin(q.anim_time*90*1.5-60)*1",0,0]},"neck3":{"rotation":["-2.5+math.sin(q.anim_time*90*1.5-100)*2",0,0]},"neck4":{"rotation":["-2.5+math.sin(q.anim_time*90*1.5-120)*2.5",0,0]},"body":{"rotation":["math.sin(q.anim_time*90*1.5)*1",0,0]},"head":{"rotation":["-math.sin(q.anim_time*90*1.5-30)*3",0,0]}}},"animation.farigiraf.blink":{"animation_length":0.1667,"bones":{"closedEye_left":{"position":{"0.0":[1.1,0,0],"0.125":[1.1,0,0],"0.1667":[0.8,0,0]}},"closedEye_right":{"position":{"0.0":[-1.15,0,0],"0.125":[-1.15,0,0],"0.1667":[-0.85,0,0]}}}},"animation.farigiraf.blink2":{"animation_length":0.1667,"bones":{"hood_left_eye":{"position":{"0.0":[-0.2,0,0],"0.125":[-0.2,0,0],"0.1667":[0,0,0]}},"hood_right_eye":{"position":{"0.0":[0.2,0,0],"0.125":[0.2,0,0],"0.1667":[0,0,0]}}}},"animation.farigiraf.ground_walk":{"loop":true,"animation_length":2,"bones":{"Torso":{"rotation":[0,"-math.cos(q.anim_time*90*2-35/2)*5","-math.sin(q.anim_time*90*2-90-35/2)*3"],"position":[0,"math.sin(q.anim_time*90*2*2)/3",0]},"tail":{"rotation":[-40,0,"-math.sin(q.anim_time*90*2)*5"]},"tail_head":{"rotation":[30,"-math.sin(q.anim_time*90*2)*5","-math.sin(q.anim_time*90*2-45)*5"]},"neck":{"rotation":["20-math.cos(q.anim_time*90*2*2)*3","math.cos(q.anim_time*90*2-35/2)*5/2",0]},"head":{"rotation":["-15-math.cos(q.anim_time*90*2*2+90)*3","math.cos(q.anim_time*90*2-35/2)*5/2",0]},"frontThigh_left":{"rotation":["math.cos(q.anim_time*90*2-35)*20",0,0],"position":{"0.0":[0,"math.clamp(math.sin(q.anim_time*90*2-35)*1,0,1)","math.cos(q.anim_time*90*2-35)"],"0.2083":[0,"-1.2+math.clamp(math.sin(q.anim_time*90*2-35)*1,0,1)","math.cos(q.anim_time*90*2-35)"],"0.4583":[0,"math.clamp(math.sin(q.anim_time*90*2-35)*1,0,1)","math.cos(q.anim_time*90*2-35)"]}},"frontLeg_left":{"rotation":{"0.0833":{"pre":[0,0,0],"post":[0,0,0],"lerp_mode":"catmullrom"},"0.2917":{"post":[0,0,0],"lerp_mode":"catmullrom"},"0.5417":{"post":[30,0,0],"lerp_mode":"catmullrom"},"0.8333":{"post":[30,0,0],"lerp_mode":"catmullrom"},"1.0":{"post":[8.89,0,0],"lerp_mode":"catmullrom"},"1.0833":{"post":[0,0,0],"lerp_mode":"catmullrom"}}},"frontFoot_left":{"rotation":{"0.0":{"post":[0,0,0],"lerp_mode":"catmullrom"},"0.2083":{"post":[-17,0,0],"lerp_mode":"catmullrom"},"0.375":{"post":[0,0,0],"lerp_mode":"catmullrom"},"0.625":{"post":[30,0,0],"lerp_mode":"catmullrom"},"1.0":{"post":[30,0,0],"lerp_mode":"catmullrom"},"1.2083":{"post":[3.61,0,0],"lerp_mode":"catmullrom"},"1.25":{"post":[0,0,0],"lerp_mode":"catmullrom"}},"position":{"0.375":{"pre":[0,0,0],"post":[0,0,0],"lerp_mode":"catmullrom"},"0.625":{"post":[0,1.5,0],"lerp_mode":"catmullrom"},"1.0":{"post":[0,1.5,0],"lerp_mode":"catmullrom"},"1.25":{"post":[0,0,0],"lerp_mode":"catmullrom"}}},"frontThigh_right":{"rotation":["-math.cos(q.anim_time*90*2-35)*20",0,0],"position":{"0.0":[0,"math.clamp(-math.sin(q.anim_time*90*2-35)*1,0,1)","-math.cos(q.anim_time*90*2-35)"],"1.0":[0,"math.clamp(-math.sin(q.anim_time*90*2-35)*1,0,1)","-math.cos(q.anim_time*90*2-35)"],"1.2083":[0,"-1.2+math.clamp(-math.sin(q.anim_time*90*2-35)*1,0,1)","-math.cos(q.anim_time*90*2-35)"],"1.4583":[0,"math.clamp(-math.sin(q.anim_time*90*2-35)*1,0,1)","-math.cos(q.anim_time*90*2-35)"]}},"frontLeg_right":{"rotation":{"0.0":{"post":[8.89,0,0],"lerp_mode":"catmullrom"},"0.0833":{"post":[0,0,0],"lerp_mode":"catmullrom"},"1.0833":{"post":[0,0,0],"lerp_mode":"catmullrom"},"1.2917":{"post":[0,0,0],"lerp_mode":"catmullrom"},"1.5417":{"post":[30,0,0],"lerp_mode":"catmullrom"},"1.8333":{"post":[30,0,0],"lerp_mode":"catmullrom"},"2.0":{"post":[8.89,0,0],"lerp_mode":"catmullrom"}}},"frontFoot_right":{"rotation":{"0.0":{"post":[30,0,0],"lerp_mode":"catmullrom"},"0.25":{"post":[0,0,0],"lerp_mode":"catmullrom"},"1.0":{"post":[0,0,0],"lerp_mode":"catmullrom"},"1.2083":{"post":[-17,0,0],"lerp_mode":"catmullrom"},"1.375":{"post":[0,0,0],"lerp_mode":"catmullrom"},"1.625":{"post":[30,0,0],"lerp_mode":"catmullrom"},"2.0":{"post":[30,0,0],"lerp_mode":"catmullrom"}},"position":{"0.0":{"post":[0,1.5,0],"lerp_mode":"catmullrom"},"0.25":{"post":[0,0,0],"lerp_mode":"catmullrom"},"1.375":{"post":[0,0,0],"lerp_mode":"catmullrom"},"1.625":{"post":[0,1.5,0],"lerp_mode":"catmullrom"},"2.0":{"post":[0,1.5,0],"lerp_mode":"catmullrom"}}},"backThigh_left":{"rotation":["math.cos(q.anim_time*90*2)*20",0,0],"position":{"0.0":[0,"-0.7+math.clamp(math.sin(q.anim_time*90*2)*1,0,1)","math.cos(q.anim_time*90*2)"],"0.125":[0,"-0.7+math.clamp(math.sin(q.anim_time*90*2)*1,0,1)","math.cos(q.anim_time*90*2)"],"0.2083":[0,"math.clamp(math.sin(q.anim_time*90*2)*1,0,1)","math.cos(q.anim_time*90*2)"],"1.5":[0,"math.clamp(math.sin(q.anim_time*90*2)*1,0,1)","math.cos(q.anim_time*90*2)"],"2.0":[0,"-0.7+math.clamp(math.sin(q.anim_time*90*2)*1,0,1)","math.cos(q.anim_time*90*2)"]}},"backLeg_left":{"rotation":{"0.0":{"post":[0,0,0],"lerp_mode":"catmullrom"},"0.125":{"post":[0,0,0],"lerp_mode":"catmullrom"},"0.375":{"post":[15,0,0],"lerp_mode":"catmullrom"},"0.625":{"post":[25,0,0],"lerp_mode":"catmullrom"},"0.875":{"post":[0,0,0],"lerp_mode":"catmullrom"}}},"backFoot_left":{"rotation":{"0.0":{"post":[-20,0,0],"lerp_mode":"catmullrom"},"0.125":{"post":[-20,0,0],"lerp_mode":"catmullrom"},"0.375":{"post":[20,0,0],"lerp_mode":"catmullrom"},"0.875":{"post":[20,0,0],"lerp_mode":"catmullrom"},"1.0":{"post":[0,0,0],"lerp_mode":"catmullrom"},"1.5":{"post":[0,0,0],"lerp_mode":"catmullrom"},"2.0":{"post":[-20,0,0],"lerp_mode":"catmullrom"}},"position":{"0.0":{"post":[0,0,0],"lerp_mode":"catmullrom"},"0.125":{"post":[0,0,0],"lerp_mode":"catmullrom"},"0.375":{"post":[0,1,0],"lerp_mode":"catmullrom"},"0.875":{"post":[0,1,0],"lerp_mode":"catmullrom"},"1.0":{"post":[0,0,0],"lerp_mode":"catmullrom"},"1.5":{"post":[0,0,0],"lerp_mode":"catmullrom"},"2.0":{"post":[0,0,0],"lerp_mode":"catmullrom"}}},"backThigh_right":{"rotation":["-math.cos(q.anim_time*90*2)*20",0,0],"position":{"0.0":[0,"math.clamp(-math.sin(q.anim_time*90*2)*1,0,1)","-math.cos(q.anim_time*90*2)"],"0.5":[0,"math.clamp(-math.sin(q.anim_time*90*2)*1,0,1)","-math.cos(q.anim_time*90*2)"],"1.0":[0,"-0.7+math.clamp(-math.sin(q.anim_time*90*2)*1,0,1)","-math.cos(q.anim_time*90*2)"],"1.125":[0,"-0.7+math.clamp(-math.sin(q.anim_time*90*2)*1,0,1)","-math.cos(q.anim_time*90*2)"],"1.2083":[0,"math.clamp(-math.sin(q.anim_time*90*2)*1,0,1)","-math.cos(q.anim_time*90*2)"]}},"backLeg_right":{"rotation":{"1.125":{"pre":[0,0,0],"post":[0,0,0],"lerp_mode":"catmullrom"},"1.375":{"post":[15,0,0],"lerp_mode":"catmullrom"},"1.625":{"post":[25,0,0],"lerp_mode":"catmullrom"},"1.875":{"post":[0,0,0],"lerp_mode":"catmullrom"}}},"backFoot_right":{"rotation":{"0.0":{"post":[0,0,0],"lerp_mode":"catmullrom"},"0.5":{"post":[0,0,0],"lerp_mode":"catmullrom"},"1.0":{"post":[-20,0,0],"lerp_mode":"catmullrom"},"1.125":{"post":[-20,0,0],"lerp_mode":"catmullrom"},"1.375":{"post":[20,0,0],"lerp_mode":"catmullrom"},"1.875":{"post":[20,0,0],"lerp_mode":"catmullrom"},"2.0":{"post":[0,0,0],"lerp_mode":"catmullrom"}},"position":{"0.0":{"post":[0,0,0],"lerp_mode":"catmullrom"},"0.5":{"post":[0,0,0],"lerp_mode":"catmullrom"},"1.0":{"post":[0,0,0],"lerp_mode":"catmullrom"},"1.125":{"post":[0,0,0],"lerp_mode":"catmullrom"},"1.375":{"post":[0,1,0],"lerp_mode":"catmullrom"},"1.875":{"post":[0,1,0],"lerp_mode":"catmullrom"},"2.0":{"post":[0,0,0],"lerp_mode":"catmullrom"}}}}}}}