{"format_version":"1.8.0","animations":{"animation.gallade_mega.ground_idle":{"loop":true,"animation_length":2,"bones":{"leg_left":{"rotation":[25.07576,-77.99239,-66.72422],"position":[0,0.5,0]},"leg_left2":{"rotation":[23.7084,11.45156,6.70328]},"torso":{"rotation":["-math.cos(q.anim_time*90*4)*1",-10,0],"position":[0,"-0.5-math.sin(q.anim_time*90*4)*0.5",0]},"waist":{"rotation":["math.cos(q.anim_time*90*4)*2",-32.5,0]},"arm_left":{"rotation":[-0.01907,"-45.2176+math.sin(q.anim_time*90*4)*5",34.5801]},"arm_left2":{"rotation":[-435.88649,"-10.3047-math.cos(q.anim_time*90*4)*5",-453.60524]},"hand_left":{"rotation":[0.7522,2.38422,17.51565]},"neck":{"rotation":[0,12.5,0]},"head":{"rotation":["5-math.cos(q.anim_time*90*4)*2",30,"-math.cos(q.anim_time*90*4)*2"]},"arm_right":{"rotation":[18.31206,"-19.5181+math.cos(q.anim_time*90*4)*5",-33.17584]},"arm_right2":{"rotation":[21.46148,"13.4481-math.sin(q.anim_time*90*4)*5",-22.00942]},"hand_right":{"rotation":[0,0,-10]},"legs":{"rotation":[0,-32.5,0]},"leg_right":{"rotation":[-32.83102,59.9933,11.24487],"position":[0,0.5,0]},"leg_right2":{"rotation":[27.47766,1.15408,-2.21783]},"foot_left":{"rotation":[14.74805,-2.67652,12.10816]},"foot_right":{"rotation":[14.99067,0.43399,-2.46207]},"body":{"position":[0,-2.9,0]},"cape_left":{"rotation":["8+math.cos(q.anim_time*90*4*2)*3",72,8]},"cape_left_bend":{"rotation":["15+math.sin(q.anim_time*90*4*2)*3",0,0]},"cape_left_end":{"rotation":["17.5-math.cos(q.anim_time*90*4*2)*3",0,0]},"cape_right":{"rotation":["22+math.cos(q.anim_time*90*4*2)*3",-39,-13]},"cape_right_bend":{"rotation":["12.5+math.sin(q.anim_time*90*4*2)*3",0,0]},"cape_right_end":{"rotation":["15-math.cos(q.anim_time*90*4*2)*3",0,0]}}},"animation.gallade_mega.ground_walk":{"loop":true,"animation_length":1,"bones":{"body":{"position":{"0.0":{"post":[0,-1.75,0],"lerp_mode":"catmullrom"},"0.25":{"post":[0,-0.5,0],"lerp_mode":"catmullrom"},"0.5":{"post":[0,-1.75,0],"lerp_mode":"catmullrom"},"0.75":{"post":[0,-0.5,0],"lerp_mode":"catmullrom"},"1.0":{"post":[0,-1.75,0],"lerp_mode":"catmullrom"}}},"torso":{"rotation":["math.sin(q.anim_time*90*4*2)*2",0,"math.cos(q.anim_time*90*4)*2"]},"cape_left":{"rotation":["57.6626+math.cos(q.anim_time*90*4*2)*10",-19.2075,-29.8376]},"cape_left_bend":{"rotation":["math.sin(q.anim_time*90*4*2)*10",0,0]},"cape_left_end":{"rotation":["-math.cos(q.anim_time*90*4*2)*10",0,0]},"cape_right":{"rotation":["57.6626+math.cos(q.anim_time*90*4*2)*10",19.20747,29.83757]},"cape_right_bend":{"rotation":["math.sin(q.anim_time*90*4*2)*10",0,0]},"cape_right_end":{"rotation":["-math.cos(q.anim_time*90*4*2)*10",0,0]},"arm_left":{"rotation":[16.32495,"15.6999+math.cos(q.anim_time*90*4)*20",47.2658]},"arm_right":{"rotation":[16.32495,"-15.6999+math.cos(q.anim_time*90*4)*20",-47.26579]},"arm_right2":{"rotation":[0,0,0]},"leg_right":{"rotation":["-math.cos(q.anim_time*90*4)*20",0,22.5]},"leg_right2":{"rotation":{"0.0":{"post":[22.5,0,-11.25],"lerp_mode":"catmullrom"},"0.125":{"post":[15,0,-11.25],"lerp_mode":"catmullrom"},"0.5":{"post":[0,0,-11.25],"lerp_mode":"catmullrom"},"0.625":{"post":[45,0,-11.25],"lerp_mode":"catmullrom"},"0.875":{"post":[45,0,-11.25],"lerp_mode":"catmullrom"},"1.0":{"post":[22.5,0,-11.25],"lerp_mode":"catmullrom"}}},"foot_right":{"rotation":{"0.0":{"post":[0,0,-11.25],"lerp_mode":"catmullrom"},"0.25":{"post":[-10,0,-11.25],"lerp_mode":"catmullrom"},"0.5":{"post":[-17.5,0,-11.25],"lerp_mode":"catmullrom"},"0.625":{"post":[45,0,-11.25],"lerp_mode":"catmullrom"},"0.875":{"post":[0,0,-11.25],"lerp_mode":"catmullrom"},"1.0":{"post":[0,0,-11.25],"lerp_mode":"catmullrom"}},"position":{"0.0":{"post":[0,0,0],"lerp_mode":"catmullrom"},"0.125":{"post":[0,0.5,0],"lerp_mode":"catmullrom"},"0.5":{"post":[0,0.5,0],"lerp_mode":"catmullrom"},"0.625":{"post":[0,0,0],"lerp_mode":"catmullrom"},"1.0":{"post":[0,0,0],"lerp_mode":"catmullrom"}}},"leg_left":{"rotation":["math.cos(q.anim_time*90*4)*20",0,-22.5]},"leg_left2":{"rotation":{"0.0":{"post":[0,0,11.25],"lerp_mode":"catmullrom"},"0.125":{"post":[45,0,11.25],"lerp_mode":"catmullrom"},"0.375":{"post":[45,0,11.25],"lerp_mode":"catmullrom"},"0.5":{"post":[22.5,0,11.25],"lerp_mode":"catmullrom"},"0.625":{"post":[15,0,11.25],"lerp_mode":"catmullrom"},"1.0":{"post":[0,0,11.25],"lerp_mode":"catmullrom"}}},"foot_left":{"rotation":{"0.0":{"post":[-17.5,0,11.25],"lerp_mode":"catmullrom"},"0.125":{"post":[45,0,11.25],"lerp_mode":"catmullrom"},"0.375":{"post":[0,0,11.25],"lerp_mode":"catmullrom"},"0.5":{"post":[0,0,11.25],"lerp_mode":"catmullrom"},"0.75":{"post":[-10,0,11.25],"lerp_mode":"catmullrom"},"1.0":{"post":[-17.5,0,11.25],"lerp_mode":"catmullrom"}},"position":{"0.0":{"post":[0,0.5,0],"lerp_mode":"catmullrom"},"0.125":{"post":[0,0,0],"lerp_mode":"catmullrom"},"0.5":{"post":[0,0,0],"lerp_mode":"catmullrom"},"0.625":{"post":[0,0.5,0],"lerp_mode":"catmullrom"},"1.0":{"post":[0,0.5,0],"lerp_mode":"catmullrom"}}}}},"animation.gallade_mega.battle_idle":{"loop":true,"animation_length":4,"bones":{"leg_left":{"rotation":[25.07576,-77.99239,-66.72422],"position":[0,0.5,0]},"leg_left2":{"rotation":[23.7084,11.45156,6.70328]},"torso":{"rotation":[0,-10,0]},"waist":{"rotation":["-math.cos(q.anim_time*90*2)*2",-32.5,"math.cos(q.anim_time*90*2)*2"]},"arm_left":{"rotation":[14.98093,"-45.2176+math.cos(q.anim_time*90)*10",34.5801]},"arm_left2":{"rotation":[-502.5909,-23.0773,-507.07919]},"hand_left":{"rotation":[0.7522,2.38422,17.51565]},"neck":{"rotation":[0,12.5,0]},"head":{"rotation":[12.20618,27.55785,-0.61016]},"arm_right":{"rotation":[-16.50812,"20.1248+math.cos(q.anim_time*90)*10",7.29786]},"arm_right2":{"rotation":[198.81255,33.71397,-200.78206]},"hand_right":{"rotation":[0,0,-10]},"legs":{"rotation":[0,-32.5,0]},"leg_right":{"rotation":[-32.83102,59.9933,11.24487],"position":[0,0.5,0]},"leg_right2":{"rotation":[27.47766,1.15408,-2.21783]},"foot_left":{"rotation":[14.74805,-2.67652,12.10816]},"foot_right":{"rotation":[14.99067,0.43399,-2.46207]},"body":{"position":[0,-1.6,0]},"gallade_mega":{"position":[0,-1.25,0]},"chest":{"rotation":[5,0,0]},"cape_left":{"rotation":["110+math.sin(q.anim_time*90*4*4)*10",80,108]},"cape_left_bend":{"rotation":["12.5-math.cos(q.anim_time*90*4*4)*10",0,0]},"cape_left_end":{"rotation":["12.5-math.sin(q.anim_time*90*4*4)*10",0,0]},"cape_right":{"rotation":["25+math.cos(q.anim_time*90*4*4)*10",-25,-25]},"cape_right_bend":{"rotation":["15+math.sin(q.anim_time*90*4*4)*10",0,0]},"cape_right_end":{"rotation":["12.5-math.cos(q.anim_time*90*4*4)*10",0,0]}}},"animation.gallade_mega.blink":{"animation_length":0.33333,"bones":{"eyelid_left":{"position":{"0.0":[0,0,-0.1],"0.25":[0,0,-0.1],"0.3333":[0,0,0.1]}},"eyelid_right":{"position":{"0.0":[0,0,-0.1],"0.25":[0,0,-0.1],"0.3333":[0,0,0.1]}}}},"animation.gallade_mega.blade":{"loop":true,"bones":{"arm_blade_right2":{"scale":1},"arm_blade_right_alternate":{"scale":0}}},"animation.gallade_mega.blade_large":{"loop":true,"bones":{"arm_blade_right2":{"scale":0},"arm_blade_right_alternate":{"scale":1}}},"animation.gallade.ground_idle":{"loop":true,"bones":{"leg_left":{"rotation":[25.07576,-77.99239,-66.72422],"position":[0,0.5,0]},"leg_left2":{"rotation":[23.7084,11.45156,6.70328]},"torso":{"rotation":[0,-10,0],"position":[0,"0.1 * math.sin(q.anim_time * 6 * 20)",0]},"waist":{"rotation":["0.5 * math.sin(q.anim_time * 6 * 20)",-32.5,0]},"arm_left":{"rotation":[-0.01907,-45.21761,"34.5801 - 1 * math.sin(q.anim_time * 6 * 20 - 45)"]},"arm_left3":{"rotation":[-435.88649,-10.3047,-453.6052]},"hand_left":{"rotation":[0.7522,2.38422,17.51565]},"neck":{"rotation":[0,12.5,0]},"Head":{"rotation":["2.5 - 4 * math.sin(q.anim_time * 6 * 20 - 45)",30,0]},"arm_right":{"rotation":[18.31206,-19.51814,"-33.1758 + 1 * math.sin(q.anim_time * 6 * 20 - 45)"]},"arm_right3":{"rotation":[21.46148,13.4481,-22.0094]},"hand_right":{"rotation":[0,0,-10]},"legs":{"rotation":[0,-32.5,0]},"leg_right":{"rotation":[-32.83102,59.9933,11.24487],"position":[0,0.5,0]},"leg_right2":{"rotation":[27.47766,1.15408,-2.21783]},"foot_left":{"rotation":[14.74805,-2.67652,12.10816]},"foot_right":{"rotation":[14.99067,0.43399,-2.46207]},"body":{"position":[0,-2.9,0]},"cape_left":{"rotation":["8 + 2 * math.sin(q.anim_time * 6 * 20 - 90)",72,8]},"cape_left_bend":{"rotation":["7.5 + 3 * math.sin(q.anim_time * 6 * 20 - 180)",0,0]},"cape_left_end":{"rotation":["5 + 4 * math.sin(q.anim_time * 6 * 20 - 270)",0,0]},"cape_right":{"rotation":["22 + 2 * math.sin(q.anim_time * 6 * 20 - 90)",-39,-13]},"cape_right_bend":{"rotation":["7.5 + 3 * math.sin(q.anim_time * 6 * 20 - 180)",0,0]},"cape_right_end":{"rotation":["4 * math.sin(q.anim_time * 6 * 20 - 270)",0,0]},"arm_right2":{"rotation":["- 2 * math.sin(q.anim_time * 6 * 20 - 135)",0,0]},"arm_left2":{"rotation":["- 2 * math.sin(q.anim_time * 6 * 20 - 135)",0,0]}}},"animation.gallade.battle_idle":{"loop":true,"bones":{"leg_left":{"rotation":[25.07576,-77.99239,-66.72422],"position":[0,0.5,0]},"leg_left2":{"rotation":[23.7084,11.45156,6.70328]},"torso":{"rotation":[0,-10,0]},"waist":{"rotation":[0,-32.5,0]},"arm_left":{"rotation":[14.98093,-45.21761,34.5801]},"arm_left3":{"rotation":[-502.5909,-23.0773,-507.07919]},"hand_left":{"rotation":[0.7522,2.38422,17.51565]},"neck":{"rotation":[0,12.5,0]},"Head":{"rotation":[12.20618,27.55785,-0.61016]},"arm_right":{"rotation":[-16.50812,20.12481,7.29786]},"arm_right3":{"rotation":[198.81255,33.71397,-200.78206]},"hand_right":{"rotation":[0,0,-10]},"legs":{"rotation":[0,-32.5,0]},"leg_right":{"rotation":[-32.83102,59.9933,11.24487],"position":[0,0.5,0]},"leg_right2":{"rotation":[27.47766,1.15408,-2.21783]},"foot_left":{"rotation":[14.74805,-2.67652,12.10816]},"foot_right":{"rotation":[14.99067,0.43399,-2.46207]},"body":{"position":[0,-1.6,0]},"gallade":{"position":[0,-1.25,0]},"chest":{"rotation":[5,0,0]},"cape_left":{"rotation":[110,80,108]},"cape_left_bend":{"rotation":[12.5,0,0]},"cape_left_end":{"rotation":[12.5,0,0]},"cape_right":{"rotation":[25,-25,-25]},"cape_right_bend":{"rotation":[15,0,0]},"cape_right_end":{"rotation":[12.5,0,0]}}},"animation.gallade.faint":{"loop":true,"animation_length":3,"bones":{"leg_left":{"rotation":{"0.0":[25.07576,-77.99239,-66.72422],"0.0417":[24.37486,-75.4096,-66.63658],"0.0833":[23.15864,-70.92789,-66.41905],"0.125":[21.75562,-65.75785,-66.05807],"0.1667":[20.25155,-60.21542,-65.53637],"0.2083":[18.68497,-54.44268,-64.83655],"0.25":[17.07766,-48.5198,-63.93383],"0.2917":[15.44374,-42.49892,-62.80101],"0.3333":[13.79371,-36.41863,-61.39949],"0.375":[12.13603,-30.31018,-59.68489],"0.4167":[10.47836,-24.20172,-57.59308],"0.4583":[8.82832,-18.12144,-55.04029],"0.5":[7.19441,-12.10055,-51.89904],"0.5417":[5.58709,-6.17767,-47.9832],"0.5833":[4.02052,-0.40494,-42.97743],"0.625":[2.51645,5.1375,-36.30139],"0.6667":[1.11343,10.30754,-26.76552],"0.7083":[-0.10279,14.78925,-13.73088],"0.75":{"pre":[-0.80369,17.37204,-8.51468],"post":[-0.80369,17.37204,-8.51468],"lerp_mode":"catmullrom"},"1.25":{"post":[-0.80369,17.37204,-8.51468],"lerp_mode":"catmullrom"},"2.125":{"post":[-18.30369,17.37204,-8.51468],"lerp_mode":"catmullrom"}},"position":{"0.0":[0,0.5,0],"0.75":{"pre":[0,0.5,0],"post":[0,0.5,0],"lerp_mode":"catmullrom"},"1.25":{"post":[0,0.5,0],"lerp_mode":"catmullrom"},"2.125":{"post":[0,0.5,0],"lerp_mode":"catmullrom"}}},"leg_left2":{"rotation":{"0.0":[23.7084,11.45156,6.70328],"0.0417":[25.04958,11.07857,6.69402],"0.0833":[27.37681,10.43136,6.67143],"0.125":[30.06147,9.68475,6.63412],"0.1667":[32.93951,8.88436,6.58031],"0.4167":[51.64047,3.68355,5.76349],"0.5417":[60.99988,1.08067,4.77644],"0.5833":[63.99751,0.24702,4.26244],"0.625":[66.87555,-0.55338,3.57703],"0.6667":[69.56022,-1.29999,2.59815],"0.7083":[71.88745,-1.9472,1.2603],"0.75":{"pre":[73.22863,-2.32019,0.72498],"post":[73.22863,-2.32019,0.72498],"lerp_mode":"catmullrom"},"0.7917":[73.27885,-2.32019,0.72498],"1.25":[73.22863,-2.32019,0.72498],"1.2917":[73.14337,-2.32019,0.72498],"1.3333":[72.94202,-2.32019,0.72498],"1.375":[72.6124,-2.32019,0.72498],"1.4167":[72.14377,-2.32019,0.72498],"1.4583":[71.52416,-2.32019,0.72498],"1.5":[70.73679,-2.32019,0.72498],"1.5417":[69.76615,-2.32019,0.72498],"1.5833":[68.58954,-2.32019,0.72498],"1.625":[67.18289,-2.32019,0.72498],"1.6667":[65.51435,-2.32019,0.72498],"1.7083":[63.5457,-2.32019,0.72498],"1.75":[61.22635,-2.32019,0.72498],"1.7917":[58.49404,-2.32019,0.72498],"1.8333":[55.26252,-2.32019,0.72498],"1.875":[51.413,-2.32019,0.72498],"1.9167":[46.77261,-2.32019,0.72498],"1.9583":[41.08569,-2.32019,0.72498],"2.0":[33.96144,-2.32019,0.72498],"2.0417":[24.92907,-2.32019,0.72498],"2.0833":[14.98568,-2.32019,0.72498],"2.125":[10.72863,-2.32019,0.72498]}},"torso":{"rotation":{"0.0":[0,-10,0],"1.25":[0,-10,0]}},"waist":{"rotation":{"0.0":[0,0,0],"1.25":{"pre":[0,0,0],"post":[0,0,0],"lerp_mode":"catmullrom"}},"position":{"0.0":[0,0,0],"0.75":{"pre":[0,-0.4,0],"post":[0,-0.4,0],"lerp_mode":"catmullrom"},"1.2083":{"post":[0,0.1,0],"lerp_mode":"catmullrom"},"2.0":{"post":[0,-0.4,0],"lerp_mode":"catmullrom"}}},"arm_left":{"rotation":{"0.0":[8.74853,5.955,18.40897],"0.0417":[8.79746,5.77854,18.46935],"0.125":[8.98031,5.11911,18.84584],"0.1667":[9.08531,4.74043,19.18151],"0.2083":[9.19468,4.34602,19.63014],"0.25":[9.30688,3.94135,20.20744],"0.2917":[9.42095,3.52999,20.93067],"0.3333":[9.53614,3.11457,21.82431],"0.375":[9.65186,2.69722,22.91649],"0.4167":[9.76758,2.27988,24.24789],"0.4583":[9.88277,1.86445,25.87161],"0.5":[9.99684,1.45309,27.86851],"0.5417":[10.10905,1.04842,30.35658],"0.5833":[10.21841,0.65401,33.53578],"0.625":[10.32341,0.27534,37.77403],"0.6667":[10.42135,-0.07789,43.82538],"0.7083":[10.50626,-0.3841,52.09355],"0.75":{"pre":[10.55519,-0.56056,55.40126],"post":[10.55519,-0.56056,55.40126],"lerp_mode":"catmullrom"},"1.25":{"post":[10.55519,-0.56056,55.40126],"lerp_mode":"catmullrom"},"2.125":{"post":[10.12548,30.62882,22.69303],"lerp_mode":"catmullrom"}}},"arm_left3":{"rotation":{"0.0":[-142.5,-25,-147],"0.0417":[-139.2262,-25.52227,-144.606],"0.0833":[-133.54544,-26.42854,-141.90805],"0.125":[-126.9922,-27.47399,-138.87526],"0.1667":[-119.96692,-28.59474,-135.47422],"0.2083":[-112.64974,-29.76206,-131.66645],"0.25":[-105.14223,-30.95975,-127.40382],"0.2917":[-97.5105,-32.17725,-122.62862],"0.3333":[-89.80348,-33.40677,-117.27466],"0.375":[-82.06075,-34.64198,-111.25417],"0.4167":[-74.31803,-35.87719,-104.46071],"0.4583":[-66.61101,-37.1067,-96.75594],"0.5":[-58.97928,-38.3242,-87.96274],"0.5417":[-51.47177,-39.52189,-77.85021],"0.5833":[-44.15458,-40.68921,-66.13876],"0.625":[-37.12931,-41.80997,-52.57099],"0.6667":[-30.57607,-42.85542,-37.39929],"0.7083":[-24.89531,-43.76168,-23.41358],"0.75":{"pre":[-21.62151,-44.28395,-17.65743],"post":[-21.62151,-44.28395,-17.65743],"lerp_mode":"catmullrom"},"1.25":{"post":[-21.62151,-44.28395,-17.65743],"lerp_mode":"catmullrom"},"2.125":{"post":[-64.68452,-95.5081,-95.28628],"lerp_mode":"catmullrom"}}},"hand_left":{"rotation":{"0.0":[0.7522,2.38422,17.51565],"1.25":[0.7522,2.38422,17.51565]}},"neck":{"rotation":{"0.0":[0,0,0],"1.25":[0,0,0],"2.5":[0,0,0]}},"Head":{"rotation":{"0.0":[12.5,0,-0.5],"1.25":[12.5,0,-0.5],"2.5":[0,0,0]}},"arm_right":{"rotation":{"0.0":[-6.13015,-4.72816,10.05283],"0.0417":[-5.97237,-4.80947,9.94149],"0.0833":[-5.69858,-4.95055,9.71933],"0.125":[-5.38275,-5.1133,9.3748],"0.1667":[-5.04416,-5.28778,8.89316],"0.2083":[-4.69151,-5.46951,8.25957],"0.25":[-4.32968,-5.65596,7.45292],"0.2917":[-3.96187,-5.8455,6.45],"0.3333":[-3.59043,-6.03691,5.21792],"0.375":[-3.21726,-6.2292,3.71883],"0.4167":[-2.8441,-6.4215,1.89808],"0.4583":[-2.47266,-6.61291,-0.31574],"0.5":[-2.10485,-6.80244,-3.03127],"0.5417":[-1.74302,-6.9889,-6.40708],"0.5833":[-1.39037,-7.17062,-10.71179],"0.625":[-1.05178,-7.3451,-16.43954],"0.6667":[-0.73595,-7.50785,-24.60213],"0.7083":[-0.46216,-7.64894,-35.7334],"0.75":{"pre":[-0.30438,-7.73025,-40.17992],"post":[-0.30438,-7.73025,-40.17992],"lerp_mode":"catmullrom"},"1.25":{"post":[-0.30438,-7.73025,-40.17992],"lerp_mode":"catmullrom"},"2.125":{"post":[-6.59676,-22.12213,12.03929],"lerp_mode":"catmullrom"}}},"arm_right3":{"rotation":{"0.0":[235,12.5,-240],"0.0417":[237.96351,13.28038,-242.0077],"0.0833":[243.10584,14.6345,-244.32353],"0.125":[249.03796,16.19659,-246.97675],"0.1667":[255.39738,17.87121,-249.99773],"0.2083":[262.02104,19.61541,-253.4241],"0.25":[268.81698,21.40497,-257.29741],"0.2917":[275.72537,23.22415,-261.67251],"0.3333":[282.70191,25.06127,-266.60668],"0.375":[289.71078,26.9069,-272.17673],"0.4167":[296.71965,28.75254,-278.47005],"0.4583":[303.69619,30.58966,-285.59897],"0.5":[310.60458,32.40883,-293.69246],"0.5417":[317.40052,34.1984,-302.90649],"0.5833":[324.02418,35.9426,-313.38881],"0.625":[330.3836,37.61721,-325.17763],"0.6667":[336.31572,39.17931,-337.79264],"0.7083":[341.45805,40.53343,-349.01552],"0.75":{"pre":[344.42156,41.31381,-353.82113],"post":[344.42156,41.31381,-353.82113],"lerp_mode":"catmullrom"},"1.25":{"post":[344.42156,41.31381,-353.82113],"lerp_mode":"catmullrom"},"2.125":{"post":[286.65543,80.01469,-268.7833],"lerp_mode":"catmullrom"}}},"hand_right":{"rotation":{"0.0":[0,0,-10],"1.25":[0,0,-10]}},"legs":{"rotation":{"0.0":[0,-32.5,0],"1.25":[0,-32.5,0]}},"leg_right":{"rotation":{"0.0":[-32.83102,59.9933,11.24487],"0.0417":[-31.75409,59.11048,11.23478],"0.0833":[-29.88539,57.57859,11.20354],"0.125":[-27.72969,55.81143,11.14897],"0.3333":[-15.49635,45.78302,10.41175],"0.5":[-5.35664,37.47089,8.88233],"0.5417":[-2.88703,35.44639,8.24917],"0.5833":[-0.48002,33.47322,7.43857],"0.625":[1.83097,31.57877,6.35597],"0.6667":[3.98667,29.8116,4.80748],"0.7083":[5.85537,28.27972,2.68785],"0.75":{"pre":[6.9323,27.39689,1.83871],"post":[6.9323,27.39689,1.83871],"lerp_mode":"catmullrom"},"1.25":{"post":[6.9323,27.39689,1.83871],"lerp_mode":"catmullrom"},"2.125":{"post":[-3.0677,27.39689,1.83871],"lerp_mode":"catmullrom"}},"position":{"0.0":[0,0.5,0],"0.75":{"pre":[0,0.5,0],"post":[0,0.5,0],"lerp_mode":"catmullrom"},"1.25":{"post":[0,0.5,0],"lerp_mode":"catmullrom"},"2.125":{"post":[0,0.5,0],"lerp_mode":"catmullrom"}}},"leg_right2":{"rotation":{"0.0":[27.47766,1.15408,-2.21783],"0.0417":[28.76074,0.97007,-2.21081],"0.0833":[30.98717,0.65076,-2.19676],"0.125":[33.55555,0.28241,-2.17497],"0.1667":[36.30893,-0.11246,-2.1445],"0.5":[60.2115,-3.54047,-1.38967],"0.5833":[66.02166,-4.37374,-0.9034],"0.625":[68.77505,-4.76862,-0.54075],"0.6667":[71.34342,-5.13696,-0.02393],"0.7083":[73.56985,-5.45627,0.68088],"0.75":{"pre":[74.85294,-5.64028,0.96243],"post":[74.85294,-5.64028,0.96243],"lerp_mode":"catmullrom"},"0.7917":[75.05836,-5.64028,0.96243],"0.8333":[75.57279,-5.64028,0.96243],"0.875":[75.78992,-5.64028,0.96243],"1.25":[74.85294,-5.64028,0.96243],"1.2917":[74.68161,-5.64028,0.96243],"1.3333":[74.39218,-5.64028,0.96243],"1.375":[73.97013,-5.64028,0.96243],"1.4167":[73.40697,-5.64028,0.96243],"1.4583":[72.68896,-5.64028,0.96243],"1.5":[71.801,-5.64028,0.96243],"1.5417":[70.72293,-5.64028,0.96243],"1.5833":[69.43578,-5.64028,0.96243],"1.625":[67.91113,-5.64028,0.96243],"1.6667":[66.11706,-5.64028,0.96243],"1.7083":[64.01476,-5.64028,0.96243],"1.75":[61.55173,-5.64028,0.96243],"1.7917":[58.66148,-5.64028,0.96243],"1.8333":[55.25431,-5.64028,0.96243],"1.875":[51.20216,-5.64028,0.96243],"1.9167":[46.32258,-5.64028,0.96243],"1.9583":[40.33284,-5.64028,0.96243],"2.0":[32.78417,-5.64028,0.96243],"2.0417":[23.0623,-5.64028,0.96243],"2.0833":[12.03948,-5.64028,0.96243],"2.125":[7.35294,-5.64028,0.96243]}},"foot_left":{"rotation":{"0.0":[14.74805,-2.67652,12.10816],"0.0417":[14.72652,-2.46135,12.11132],"0.2917":[14.45219,0.28042,11.49477],"0.4583":[14.249,2.3113,10.08405],"0.5":[14.19881,2.8129,9.50048],"0.5417":[14.14944,3.30633,8.76791],"0.5833":[14.10132,3.78725,7.82559],"0.625":[14.05512,4.24899,6.56156],"0.6667":[14.01203,4.67971,4.74581],"0.7083":[13.97467,5.05307,2.24951],"0.75":{"pre":[13.95314,5.26825,1.24618],"post":[13.95314,5.26825,1.24618],"lerp_mode":"catmullrom"},"0.7917":[14.07283,5.26825,1.24618],"0.8333":[14.37255,5.26825,1.24618],"1.25":[13.95314,5.26825,1.24618],"1.5833":[12.69084,5.26825,1.24618],"1.8333":[10.55082,5.26825,1.24618],"2.0417":[7.40285,5.26825,1.24618],"2.0833":[6.75455,5.26825,1.24618],"2.125":[6.45314,5.26825,1.24618]}},"foot_right":{"rotation":{"0.0":[14.99067,0.43399,-2.46207],"0.0417":[14.71983,0.41037,-2.4402],"0.2917":[11.26866,0.1094,-1.74883],"0.4583":[8.71232,-0.11353,-0.40746],"0.5":[8.08094,-0.16859,0.13105],"0.5417":[7.45984,-0.22275,0.80055],"0.5833":[6.85449,-0.27554,1.65433],"0.625":[6.27328,-0.32623,2.79043],"0.6667":[5.73113,-0.37351,4.40959],"0.7083":[5.26115,-0.41449,6.61779],"0.75":{"pre":[4.99031,-0.43811,7.49993],"post":[4.99031,-0.43811,7.49993],"lerp_mode":"catmullrom"},"0.7917":[5.13093,-0.43811,7.49993],"0.8333":[5.48308,-0.43811,7.49993],"0.875":[5.63171,-0.43811,7.49993],"1.25":[4.99031,-0.43811,7.49993],"1.625":[3.43344,-0.43811,7.49993],"1.8333":[1.60599,-0.43811,7.49993],"2.0417":[-1.53503,-0.43811,7.49993],"2.0833":[-2.20469,-0.43811,7.49993],"2.125":[-2.50969,-0.43811,7.49993]}},"body":{"rotation":{"0.0":[0,0,0],"0.75":{"pre":[0,0,0],"post":[0,0,0],"lerp_mode":"catmullrom"},"0.7917":[-1.952,0,0],"0.8333":[-6.84041,0,0],"0.875":[-8.90366,0,0],"0.9167":[-9.41741,0,0],"0.9583":[-9.1749,0,0],"1.0":[-8.48178,0,0],"1.0417":[-7.48479,0,0],"1.0833":[-6.26696,0,0],"1.125":[-4.87934,0,0],"1.1667":[-3.35739,0,0],"1.25":[0,0,0],"1.2917":[1.06152,0,0.18113],"1.3333":[2.23057,0,0.48215],"1.375":[3.51553,0,0.82414],"1.4167":[4.92942,0,1.18815],"1.4583":[6.48233,0,1.56598],"1.5":[8.18844,0,1.95313],"1.5417":[10.06432,0,2.34674],"1.5833":[12.12989,0,2.74479],"1.625":[14.40957,0,3.14577],"1.6667":[16.93267,0,3.54841],"1.7083":[19.73726,0,3.95159],"1.75":[22.86925,0,4.35423],"1.7917":[26.39341,0,4.75521],"1.8333":[30.39444,0,5.15326],"1.875":[34.99583,0,5.54687],"1.9167":[40.38331,0,5.93402],"1.9583":[46.85548,0,6.31185],"2.0":[54.94555,0,6.67586],"2.0417":[65.67416,0,7.01785],"2.0833":[79.34295,0,7.31887],"2.125":[85,0,7.5]},"position":{"0.0":[0,-1.6,0],"0.75":{"pre":[0,-8.4,-7.3],"post":[0,-8.4,-7.3],"lerp_mode":"catmullrom"},"0.7917":[0,-8.6112,-7.15704],"0.8333":[0,-9.14011,-6.79901],"0.875":[0,-9.36335,-6.6479],"0.9167":[0,-9.41894,-6.61027],"0.9583":[0,-9.3927,-6.62803],"1.0":[0,-9.31771,-6.6788],"1.0417":[0,-9.20983,-6.75182],"1.0833":[0,-9.07807,-6.84101],"1.125":[0,-8.92793,-6.94264],"1.1667":[0,-8.76326,-7.05411],"1.25":[0,-8.4,-7.3],"1.2917":[0,-8.28382,-7.42522],"1.3333":[0,-8.19816,-7.59743],"1.375":[0,-8.14556,-7.82035],"1.4167":[0,-8.12888,-8.09708],"1.4583":[0,-8.15069,-8.43136],"1.5":[0,-8.21529,-8.82756],"1.5417":[0,-8.32638,-9.28995],"1.5833":[0,-8.48905,-9.82409],"1.625":[0,-8.70905,-10.4359],"1.6667":[0,-8.9934,-11.13211],"1.7083":[0,-9.35077,-11.92038],"1.75":[0,-9.79137,-12.80931],"1.7917":[0,-10.32829,-13.80859],"1.8333":[0,-10.97871,-14.92857],"1.875":[0,-11.76343,-16.17984],"1.9167":[0,-12.71051,-17.57103],"1.9583":[0,-13.85414,-19.10413],"2.0":[0,-15.22826,-20.75998],"2.0417":[0,-16.82312,-22.46201],"2.0833":[0,-18.38619,-23.97583],"2.125":[0,-19.1,-24.7]}},"gallade":{"position":{"0.0":[0,-1.25,0],"1.25":[0,-1.25,0]}},"chest":{"rotation":{"0.0":[5,0,0],"0.75":{"pre":[5,0,0],"post":[5,0,0],"lerp_mode":"catmullrom"},"1.25":{"post":[-5,0,0],"lerp_mode":"catmullrom"},"2.25":{"post":[4,0,0],"lerp_mode":"catmullrom"}}},"cape_left":{"rotation":{"0.0":[110,80,108],"0.25":{"pre":[98.3366,73.96034,90.02071],"post":[98.3366,73.96034,90.02071],"lerp_mode":"catmullrom"},"0.5":{"post":[66.67321,67.92069,72.04142],"lerp_mode":"catmullrom"},"0.75":{"post":[45.00981,61.88103,54.06213],"lerp_mode":"catmullrom"},"1.25":{"post":[45.00981,61.88103,54.06213],"lerp_mode":"catmullrom"},"2.125":{"post":[14.00194,47.59191,8.14892],"lerp_mode":"catmullrom"}}},"cape_left_bend":{"rotation":{"0.0":[12.5,0,0],"0.25":{"pre":[-5,0,0],"post":[-5,0,0],"lerp_mode":"catmullrom"},"0.5":{"post":[8.75,0,0],"lerp_mode":"catmullrom"},"0.75":{"post":[12.5,0,0],"lerp_mode":"catmullrom"},"1.25":{"post":[12.5,0,0],"lerp_mode":"catmullrom"},"2.125":{"post":[-25,0,0],"lerp_mode":"catmullrom"}}},"cape_left_end":{"rotation":{"0.0":[12.5,0,0],"0.25":{"pre":[2.5,0,0],"post":[2.5,0,0],"lerp_mode":"catmullrom"},"0.5":{"post":[-2.5,0,0],"lerp_mode":"catmullrom"},"0.75":{"post":[12.5,0,0],"lerp_mode":"catmullrom"},"1.25":{"post":[12.5,0,0],"lerp_mode":"catmullrom"},"2.125":{"post":[-7.5,0,0],"lerp_mode":"catmullrom"},"2.5":{"post":[-12.5,0,0],"lerp_mode":"catmullrom"}}},"cape_right":{"rotation":{"0.0":[25,-25,-25],"0.25":{"pre":[45,-25,-25],"post":[45,-25,-25],"lerp_mode":"catmullrom"},"0.5":{"post":[32.5,-25,-25],"lerp_mode":"catmullrom"},"1.25":{"post":[25,-25,-25],"lerp_mode":"catmullrom"}}},"cape_right_bend":{"rotation":{"0.0":[15,0,0],"0.25":{"pre":[-7.5,0,0],"post":[-7.5,0,0],"lerp_mode":"catmullrom"},"0.5":{"post":[5.63,0,0],"lerp_mode":"catmullrom"},"1.25":{"post":[15,0,0],"lerp_mode":"catmullrom"},"2.5":{"post":[-32.5,0,0],"lerp_mode":"catmullrom"}}},"cape_right_end":{"rotation":{"0.0":[12.5,0,0],"0.25":{"pre":[7.5,0,0],"post":[7.5,0,0],"lerp_mode":"catmullrom"},"0.5":{"post":[1.25,0,0],"lerp_mode":"catmullrom"},"1.25":{"post":[12.5,0,0],"lerp_mode":"catmullrom"},"2.5":{"post":[-10,0,0],"lerp_mode":"catmullrom"}}}}},"animation.gallade.ground_walk":{"loop":true,"animation_length":2,"bones":{"body":{"position":[0,-0.5,0]},"torso":{"rotation":[0,0,"-0.75 * math.sin(q.anim_time * 6 * 30)"],"position":[0,"-0.25 * math.sin(q.anim_time * 6 * 60) - 0.15",0]},"cape_left":{"rotation":["40 + 2 * math.sin(q.anim_time * 6 * 60 - 90)",0,0]},"cape_left_bend":{"rotation":["4 * math.sin(q.anim_time * 6 * 60 - 180)",0,0]},"cape_left_end":{"rotation":["4 * math.sin(q.anim_time * 6 * 60 - 270)",0,0]},"cape_right":{"rotation":["40 + 2 * math.sin(q.anim_time * 6 * 60 - 90)",0,0]},"cape_right_bend":{"rotation":["4 * math.sin(q.anim_time * 6 * 60 - 180)",0,0]},"cape_right_end":{"rotation":["4 * math.sin(q.anim_time * 6 * 60 - 270)",0,0]},"arm_left":{"rotation":[0,"7.5 * math.cos(q.anim_time * 6 * 30 - 45)",32.5]},"arm_left3":{"rotation":[75,-60,52.5]},"arm_right":{"rotation":[0,"7.5 * math.cos(q.anim_time * 6 * 30 - 45)",-32.5]},"arm_right3":{"rotation":[75,60,-52.5]},"neck":{"rotation":["1.5 * math.sin(q.anim_time * 6 * 60 - 45)",0,0]},"hair":{"rotation":["1.5 * math.sin(q.anim_time * 6 * 60 - 90)",0,0]},"leg_right":{"rotation":["-21.25 * math.cos(q.anim_time * 6 * 30) - 1.25",0,0],"position":{"0.0":[0,0,0],"0.5":{"pre":[0,0.4,0],"post":[0,0.4,0],"lerp_mode":"catmullrom"},"1.0":{"post":[0,0,0],"lerp_mode":"catmullrom"},"1.5":{"post":[0,1.1,0],"lerp_mode":"catmullrom"},"2.0":{"post":[0,0,0],"lerp_mode":"catmullrom"}}},"leg_right2":{"rotation":{"0.0":[0,0,0],"0.25":{"pre":[10,0,0],"post":[10,0,0],"lerp_mode":"catmullrom"},"0.5":{"post":[2.5,0,0],"lerp_mode":"catmullrom"},"0.75":{"post":[0,0,0],"lerp_mode":"catmullrom"},"1.0":{"post":[0,0,0],"lerp_mode":"catmullrom"},"1.25":{"post":[10,0,0],"lerp_mode":"catmullrom"},"1.5":{"post":[5,0,0],"lerp_mode":"catmullrom"},"1.75":{"post":[0.5,0,0],"lerp_mode":"catmullrom"},"2.0":{"post":[0,0,0],"lerp_mode":"catmullrom"}}},"foot_right":{"rotation":{"0.0":[0,0,0],"0.25":{"pre":[2.5,0,0],"post":[2.5,0,0],"lerp_mode":"catmullrom"},"0.5":{"post":[-1.25,0,0],"lerp_mode":"catmullrom"},"0.75":{"post":[0,0,0],"lerp_mode":"catmullrom"},"1.0":{"post":[0,0,0],"lerp_mode":"catmullrom"},"1.25":{"post":[7.5,0,0],"lerp_mode":"catmullrom"},"1.5":{"post":[2.5,0,0],"lerp_mode":"catmullrom"},"1.75":{"post":[1.25,0,0],"lerp_mode":"catmullrom"},"2.0":{"post":[0,0,0],"lerp_mode":"catmullrom"}}},"leg_left":{"rotation":["21.25 * math.cos(q.anim_time * 6 * 30) - 1.25",0,0],"position":{"0.0":[0,0,0],"0.5":{"pre":[0,1.1,0],"post":[0,1.1,0],"lerp_mode":"catmullrom"},"1.0":{"post":[0,0,0],"lerp_mode":"catmullrom"},"1.5":{"post":[0,0.4,0],"lerp_mode":"catmullrom"},"2.0":{"post":[0,0,0],"lerp_mode":"catmullrom"}}},"leg_left2":{"rotation":{"0.0":[0,0,0],"0.25":{"pre":[10,0,0],"post":[10,0,0],"lerp_mode":"catmullrom"},"0.5":{"post":[5,0,0],"lerp_mode":"catmullrom"},"0.75":{"post":[0.5,0,0],"lerp_mode":"catmullrom"},"1.0":{"post":[0,0,0],"lerp_mode":"catmullrom"},"1.25":{"post":[10,0,0],"lerp_mode":"catmullrom"},"1.5":{"post":[2.5,0,0],"lerp_mode":"catmullrom"},"1.75":{"post":[0,0,0],"lerp_mode":"catmullrom"},"2.0":{"post":[0,0,0],"lerp_mode":"catmullrom"}}},"foot_left":{"rotation":{"0.0":[0,0,0],"0.25":{"pre":[7.5,0,0],"post":[7.5,0,0],"lerp_mode":"catmullrom"},"0.5":{"post":[2.5,0,0],"lerp_mode":"catmullrom"},"0.75":{"post":[1.25,0,0],"lerp_mode":"catmullrom"},"1.0":{"post":[0,0,0],"lerp_mode":"catmullrom"},"1.25":{"post":[2.5,0,0],"lerp_mode":"catmullrom"},"1.5":{"post":[-1.25,0,0],"lerp_mode":"catmullrom"},"1.75":{"post":[0,0,0],"lerp_mode":"catmullrom"},"2.0":{"post":[0,0,0],"lerp_mode":"catmullrom"}}},"arm_right2":{"rotation":["7.5 * math.cos(q.anim_time * 6 * 30 - 45)",0,0]},"arm_left2":{"rotation":["-7.5 * math.cos(q.anim_time * 6 * 30 - 45)",0,0]}}}}}