{
	"format_version": "1.8.0",
	"animations": {
		"animation.genesect.canon": {
			"animation_length": 2.5,
			"bones": {
				"neck": {
					"rotation": [-22.5, 0, 0]
				},
				"body": {
					"position": [0, -2, 0]
				},
				"torso": {
					"rotation": [25, 0, 0]
				},
				"back_gun": {
					"rotation": [-50, 0, 0]
				},
				"left_arm": {
					"rotation": [0, 0, 22.5]
				},
				"left_end_arm": {
					"rotation": [0, -20, 0]
				},
				"right_arm": {
					"rotation": [0, 0, -22.5]
				},
				"right_end_arm": {
					"rotation": [0, 20, 0]
				},
				"left_leg": {
					"rotation": [-33.73499, -9.93191, -14.48174]
				},
				"left_knee": {
					"rotation": [44.56145, -7.05302, 7.10708]
				},
				"left_foot": {
					"rotation": [-5, 0, 0]
				},
				"right_leg": {
					"rotation": [-33.73499, 9.93191, 14.48174]
				},
				"right_knee": {
					"rotation": [44.56145, 7.05302, -7.10708]
				},
				"right_foot": {
					"rotation": [-5, 0, 0]
				},
				"canon_base": {
					"rotation": [7.5, 0, 0]
				},
				"barrel_tip": {
					"position": {
						"0.0": [0, 0, 6],
						"0.375": [0, 0, 0],
						"1.0": [0, 0, 0],
						"1.25": [0, 0, 6]
					}
				},
				"barrel": {
					"position": {
						"0.0": [0, 0, 6.2],
						"0.1667": [0, 0, 0.2],
						"1.25": [0, 0, 0.2],
						"1.4167": [0, 0, 6.2]
					}
				},
				"head": {
					"rotation": [12.5, 0, 0]
				}
			}
		},
		"animation.genesect.pose2": {
			"loop": true,
			"bones": {
				"neck": {
					"rotation": [-100, 0, 0],
					"position": [0, 0.6, 3.45]
				},
				"body": {
					"rotation": [90, 0, 0]
				},
				"back_gun": {
					"rotation": [-100, 0, 0],
					"position": [0, 0, -3]
				},
				"left_arm": {
					"rotation": [-90, 0, 0],
					"position": [-2, 1, 0]
				},
				"right_arm": {
					"rotation": [-90, 0, 0],
					"position": [2, 1, 0]
				},
				"left_leg": {
					"rotation": [0, -90, 0],
					"position": [2, 0, -4]
				},
				"left_knee": {
					"position": [0, 5, 0]
				},
				"left_foot": {
					"rotation": [90, 0, 0],
					"position": [0, 0, 0.5]
				},
				"right_leg": {
					"rotation": [0, 90, 0],
					"position": [-2, 0, -4]
				},
				"right_knee": {
					"position": [0, 5, 0]
				},
				"right_foot": {
					"rotation": [90, 0, 0],
					"position": [0, 0, 0.5]
				},
				"canon_base": {
					"position": [0, -3.5, 4]
				},
				"barrel": {
					"position": [0, 0, 6]
				},
				"barrel_tip": {
					"position": [0, 0, 6]
				}
			}
		},
		"animation.genesect.ground_idle": {
			"loop": true,
			"bones": {
				"neck": {
					"rotation": ["-22.5 - (math.sin((q.anim_time - 3.9) * 360 / 4) * 5) - 3", 0, 0]
				},
				"body": {
					"position": [0, -2, 0]
				},
				"torso": {
					"rotation": ["25 - (math.sin((q.anim_time - 3.4) * 360 / 4) * 2)", 0, 0],
					"position": [0, "(math.sin((q.anim_time - 0) * 360 / 4) * 0.5) + 0.5", "-(math.sin((q.anim_time - 3.6) * 360 / 4) * 0.3) "]
				},
				"back_gun": {
					"rotation": ["-50 + (math.cos((q.anim_time - 3) * 360 / 4) * 1)", 0, 0]
				},
				"left_arm": {
					"rotation": ["-(math.sin((q.anim_time - 4.6) * 360 / 4) * 5)", 10, "22.5 - (math.sin((q.anim_time - 3.5) * 360 / 4) * 5) - 3"]
				},
				"left_end_arm": {
					"rotation": [0, "-20 - (math.sin((q.anim_time - 4) * 360 / 4) * 5)", 0]
				},
				"right_arm": {
					"rotation": ["-(math.sin((q.anim_time - 4.4) * 360 / 4) * 5)", -10, "-22.5 + (math.sin((q.anim_time - 3.8) * 360 / 4) * 5) + 3"]
				},
				"right_end_arm": {
					"rotation": [0, "20 + (math.sin((q.anim_time - 4.4) * 360 / 4) * 5)", 0]
				},
				"left_leg": {
					"rotation": ["-33.735 + (math.sin((q.anim_time - 0) * 360 / 4) * 5) - 5", -9.93191, -14.48174],
					"position": [
						"-0.6563-(math.sin((q.anim_time - 0) * 360 / 4) * 0.05)",
						"(math.sin((q.anim_time - 0) * 360 / 4) * 0.389) - 0.7",
						"-(math.sin((q.anim_time - 0) * 360 / 4) * 0.47)"
					]
				},
				"left_knee": {
					"rotation": ["44.5615 - (math.sin((q.anim_time - 0) * 360 / 4) * 5) + 5", -7.05302, 7.10708]
				},
				"left_foot": {
					"rotation": [-7.50053, 2.58807, 2.17612]
				},
				"right_leg": {
					"rotation": ["-33.735 + (math.sin((q.anim_time - 0) * 360 / 4) * 5) - 5", 9.93191, 14.48174],
					"position": [
						"0.6563 +(math.sin((q.anim_time - 0) * 360 / 4) * 0.05)",
						"(math.sin((q.anim_time - 0) * 360 / 4) * 0.389) - 0.7",
						"-(math.sin((q.anim_time - 0) * 360 / 4) * 0.47)"
					]
				},
				"right_knee": {
					"rotation": ["44.5615 - (math.sin((q.anim_time - 0) * 360 / 4) * 5) + 5", 7.05302, -7.10708]
				},
				"right_foot": {
					"rotation": [-7.50053, -2.58807, -2.17612]
				},
				"canon_base": {
					"rotation": ["7.5 + (math.cos((q.anim_time - 3.2) * 360 / 4) * 1)", 0, 0]
				},
				"head": {
					"rotation": ["12.5 + (math.sin((q.anim_time - 4.2) * 360 / 4) * 3) - 3", 0, 0]
				},
				"chest": {
					"rotation": ["(math.sin((q.anim_time - 3.7) * 360 / 4) * 2)", 0, 0]
				},
				"left_thigh": {
					"position": [0, 0, -0.125]
				},
				"right_thigh": {
					"position": [0, 0, -0.1875]
				}
			}
		},
		"animation.genesect.battle_idle": {
			"loop": true,
			"bones": {
				"body": {
					"rotation": [0, -5, 0],
					"position": [0, -3.5625, 0]
				},
				"torso": {
					"rotation": ["41.7047 + (math.sin((q.anim_time - 1) * 360 / 2) * 1) + 1", -5.64966, 1.27575],
					"position": [0, "-2.375 + (math.sin((q.anim_time - 0) * 360 / 2) * 0.2)", -1.59375]
				},
				"chest": {
					"rotation": ["12.5075 - (math.sin((q.anim_time - 0.8) * 360 / 2) * 1)", 8.12356, -6.81895],
					"position": [0, "-(math.sin((q.anim_time - 0) * 360 / 2) * 0.2)", 0]
				},
				"back_gun": {
					"rotation": ["-42.5024 - (math.sin((q.anim_time - 1) * 360 / 2) * 1) - 2", 0.10901, -2.49762],
					"position": [0, 0.6875, 0.15625]
				},
				"canon_base": {
					"rotation": ["-17.5032 + (math.sin((q.anim_time -1.1) * 360 / 2) * 1)", -1.94629, 1.90149]
				},
				"neck": {
					"rotation": ["-30 + (math.sin((q.anim_time - 1.1) * 360 / 2) * 2)", 0, 0],
					"position": [0, 1.125, 0.96875]
				},
				"head": {
					"rotation": ["-(math.cos((q.anim_time - 1.5) * 360 / 2) * 3)", 0, -2.5]
				},
				"left_arm": {
					"rotation": [20.42481, "63.194 - (math.sin((q.anim_time - 1) * 360 / 2) * 2) - 2", 22.64713],
					"position": [
						"- (math.sin((q.anim_time - 1) * 360 / 2) * 0.13)",
						"0.5938 + (math.sin((q.anim_time - 1) * 360 / 2) * 0.46)- (math.cos((q.anim_time - 1) * 360 / 2) * 0.19)+(math.sin((q.anim_time - 0) * 360 / 2) * 0.2)",
						"-2.5 + (math.sin((q.anim_time - 1) * 360 / 2) * 0.1)"
					]
				},
				"left_end_arm": {
					"rotation": [0, "-40 + (math.sin((q.anim_time - 1) * 360 / 2) * 2) - 2", 0]
				},
				"right_arm": {
					"rotation": [0, "12.5 - (math.sin((q.anim_time - 1.6) * 360 / 2) * 3) - 3", 0]
				},
				"right_end_arm": {
					"rotation": [0, "52.5 - (math.sin((q.anim_time - 1.8) * 360 / 2) * 1) - 3", 0]
				},
				"left_leg": {
					"rotation": ["-17.9245 - (math.sin((q.anim_time - 0) * 360 / 2) * 1) + 1", 28.57252, -20.5247],
					"position": [
						"(math.sin((q.anim_time - 0) * 360 / 2) * 0.05)",
						"-1.8125 + (math.sin((q.anim_time - 0) * 360 / 2) * 0.08) + 0.1",
						"1.6251 + (math.sin((q.anim_time - 0) * 360 / 2) * 0.14)"
					]
				},
				"left_thigh": {
					"position": [0, 0, -0.3125]
				},
				"left_knee": {
					"rotation": ["72.5 + (math.sin((q.anim_time - 0) * 360 / 2) * 0.5) - 0.5", 0, 0]
				},
				"left_foot": {
					"rotation": ["20 + (math.sin((q.anim_time - 0) * 360 / 2) * 0.5) - 0.5", 0, 0]
				},
				"right_leg": {
					"rotation": ["-75.5275 + (math.sin((q.anim_time - 0) * 360 / 2) * 1) + 1", 37.84702, -0.17531],
					"position": [
						"0.25 - (math.sin((q.anim_time - 0) * 360 / 2) * 0.03)",
						"-1.7813 + (math.sin((q.anim_time - 0) * 360 / 2) * 0.115) + 0.11",
						"-2.8438 - (math.sin((q.anim_time - 0) * 360 / 2) * 0.02)"
					]
				},
				"right_thigh": {
					"position": [0, 0, -0.25]
				},
				"right_knee": {
					"rotation": ["77.5 - (math.sin((q.anim_time - 0) * 360 / 2) * 1) - 1", 0, 0]
				},
				"right_foot": {
					"rotation": [-2.5, 0, 0]
				}
			}
		},
		"animation.genesect.ground_walk": {
			"loop": true,
			"animation_length": 1,
			"bones": {
				"canon_base": {
					"rotation": ["-12.5 + (math.sin((q.anim_time - 0.1) * 360 * 2) * 1.5)", 0, 0]
				},
				"neck": {
					"rotation": [
						"-(math.cos((q.anim_time - 0) * 360 * 2) * 1.3) - 1.3",
						"(math.cos((q.anim_time - 0) * 360 / 1) * 1.5) - 0.5",
						"-(math.cos((q.anim_time - 0) * 360 / 1) * 1.5)"
					]
				},
				"left_leg": {
					"rotation": {
						"0.0": {
							"post": [-15, -4.0625, -2.25],
							"lerp_mode": "catmullrom"
						},
						"0.125": {
							"post": [-20.28125, -4.4375, -2.65625],
							"lerp_mode": "catmullrom"
						},
						"0.25": {
							"post": [-28.47205, -6.18878, -2.85471],
							"lerp_mode": "catmullrom"
						},
						"0.375": {
							"post": [-42.34552, -8.24774, 0.75109],
							"lerp_mode": "catmullrom"
						},
						"0.5": {
							"post": [-41.34117, -6.71471, 1.91683],
							"lerp_mode": "catmullrom"
						},
						"0.625": {
							"post": [-36.09375, -4.84375, 0.09375],
							"lerp_mode": "catmullrom"
						},
						"0.75": {
							"post": [-27.03125, -4, -1.21875],
							"lerp_mode": "catmullrom"
						},
						"0.875": {
							"post": [-21.98875, -3.84375, -1.65625],
							"lerp_mode": "catmullrom"
						},
						"1.0": {
							"post": [-15, -4.0625, -2.25],
							"lerp_mode": "catmullrom"
						}
					},
					"position": {
						"0.0": {
							"post": [-0.5, 0.935, 0],
							"lerp_mode": "catmullrom"
						},
						"0.125": {
							"post": [-0.5, 0.15125, 0],
							"lerp_mode": "catmullrom"
						},
						"0.25": {
							"post": [-0.5, 0.435, 0],
							"lerp_mode": "catmullrom"
						},
						"0.4583": [-0.5, 0.21875, -0.375],
						"0.5": [-0.5, 0.0975, -0.59375],
						"0.625": {
							"pre": [-0.5, -0.34375, 0],
							"post": [-0.5, -0.34375, 0],
							"lerp_mode": "catmullrom"
						},
						"0.75": {
							"post": [-0.5, -0.40625, 0],
							"lerp_mode": "catmullrom"
						},
						"0.875": {
							"post": [-0.5, 0.31125, 0],
							"lerp_mode": "catmullrom"
						},
						"1.0": {
							"post": [-0.5, 0.935, 0],
							"lerp_mode": "catmullrom"
						}
					}
				},
				"left_knee": {
					"rotation": {
						"0.0": {
							"post": [26.8125, 0, 0],
							"lerp_mode": "catmullrom"
						},
						"0.125": {
							"post": [44.41459, 0.81221, -0.06916],
							"lerp_mode": "catmullrom"
						},
						"0.25": {
							"post": [47.57919, 1.62443, -0.13831],
							"lerp_mode": "catmullrom"
						},
						"0.375": {
							"post": [23.69584, 0.81221, -0.06916],
							"lerp_mode": "catmullrom"
						},
						"0.5": {
							"post": [21.5, 0, 0],
							"lerp_mode": "catmullrom"
						},
						"0.625": {
							"post": [25.5, 0, 0],
							"lerp_mode": "catmullrom"
						},
						"0.75": {
							"post": [22.5, 0, 0],
							"lerp_mode": "catmullrom"
						},
						"0.875": {
							"post": [26.1875, 0, 0],
							"lerp_mode": "catmullrom"
						},
						"1.0": {
							"post": [26.8125, 0, 0],
							"lerp_mode": "catmullrom"
						}
					}
				},
				"left_foot": {
					"rotation": {
						"0.0": {
							"post": [-8.78125, 0, 0],
							"lerp_mode": "catmullrom"
						},
						"0.125": {
							"post": [-5.90625, 0, 0],
							"lerp_mode": "catmullrom"
						},
						"0.25": {
							"post": [5, 0, 0],
							"lerp_mode": "catmullrom"
						},
						"0.375": {
							"post": [10, 0, 0],
							"lerp_mode": "catmullrom"
						},
						"0.5": {
							"post": [20.875, 0, 0],
							"lerp_mode": "catmullrom"
						},
						"0.625": {
							"post": [11.125, 0, 0],
							"lerp_mode": "catmullrom"
						},
						"0.75": {
							"post": [5, 0, 0],
							"lerp_mode": "catmullrom"
						},
						"0.875": {
							"post": [-1.21875, 0, 0],
							"lerp_mode": "catmullrom"
						},
						"1.0": {
							"post": [-8.78125, 0, 0],
							"lerp_mode": "catmullrom"
						}
					}
				},
				"right_leg": {
					"rotation": {
						"0.0": {
							"post": [-41.34117, 6.71471, -1.91683],
							"lerp_mode": "catmullrom"
						},
						"0.125": {
							"post": [-36.09375, 4.84375, -0.09375],
							"lerp_mode": "catmullrom"
						},
						"0.25": {
							"post": [-27.03125, 4, 1.21875],
							"lerp_mode": "catmullrom"
						},
						"0.375": {
							"post": [-21.98875, 3.84375, 1.65625],
							"lerp_mode": "catmullrom"
						},
						"0.5": {
							"post": [-15, 4.0625, 2.25],
							"lerp_mode": "catmullrom"
						},
						"0.625": {
							"post": [-20.28125, 4.4375, 2.65625],
							"lerp_mode": "catmullrom"
						},
						"0.75": {
							"post": [-28.47205, 6.18878, 2.85471],
							"lerp_mode": "catmullrom"
						},
						"0.875": {
							"post": [-42.34552, 8.24774, -0.75109],
							"lerp_mode": "catmullrom"
						},
						"1.0": {
							"post": [-41.34117, 6.71471, -1.91683],
							"lerp_mode": "catmullrom"
						}
					},
					"position": {
						"0.0": [0.5, 0.0975, -0.59375],
						"0.125": {
							"pre": [0.5, -0.34375, 0],
							"post": [0.5, -0.34375, 0],
							"lerp_mode": "catmullrom"
						},
						"0.25": {
							"post": [0.5, -0.40625, 0],
							"lerp_mode": "catmullrom"
						},
						"0.375": {
							"post": [0.5, 0.31125, 0],
							"lerp_mode": "catmullrom"
						},
						"0.5": {
							"post": [0.5, 0.935, 0],
							"lerp_mode": "catmullrom"
						},
						"0.625": {
							"post": [0.5, 0.15125, 0],
							"lerp_mode": "catmullrom"
						},
						"0.75": {
							"post": [0.5, 0.435, 0],
							"lerp_mode": "catmullrom"
						},
						"0.9583": [0.5, 0.21875, -0.375],
						"1.0": [0.5, 0.0975, -0.59375]
					}
				},
				"right_knee": {
					"rotation": {
						"0.0": {
							"post": [21.5, 0, 0],
							"lerp_mode": "catmullrom"
						},
						"0.125": {
							"post": [25.5, 0, 0],
							"lerp_mode": "catmullrom"
						},
						"0.25": {
							"post": [22.5, 0, 0],
							"lerp_mode": "catmullrom"
						},
						"0.375": {
							"post": [26.1875, 0, 0],
							"lerp_mode": "catmullrom"
						},
						"0.5": {
							"post": [26.8125, 0, 0],
							"lerp_mode": "catmullrom"
						},
						"0.625": {
							"post": [44.41459, -0.81221, 0.06916],
							"lerp_mode": "catmullrom"
						},
						"0.75": {
							"post": [47.57919, -1.62443, 0.13831],
							"lerp_mode": "catmullrom"
						},
						"0.875": {
							"post": [23.69584, -0.81221, 0.06916],
							"lerp_mode": "catmullrom"
						},
						"1.0": {
							"post": [21.5, 0, 0],
							"lerp_mode": "catmullrom"
						}
					}
				},
				"right_foot": {
					"rotation": {
						"0.0": {
							"post": [20.875, 0, 0],
							"lerp_mode": "catmullrom"
						},
						"0.125": {
							"post": [11.125, 0, 0],
							"lerp_mode": "catmullrom"
						},
						"0.25": {
							"post": [5, 0, 0],
							"lerp_mode": "catmullrom"
						},
						"0.375": {
							"post": [-1.21875, 0, 0],
							"lerp_mode": "catmullrom"
						},
						"0.5": {
							"post": [-8.78125, 0, 0],
							"lerp_mode": "catmullrom"
						},
						"0.625": {
							"post": [-5.90625, 0, 0],
							"lerp_mode": "catmullrom"
						},
						"0.75": {
							"post": [5, 0, 0],
							"lerp_mode": "catmullrom"
						},
						"0.875": {
							"post": [10, 0, 0],
							"lerp_mode": "catmullrom"
						},
						"1.0": {
							"post": [20.875, 0, 0],
							"lerp_mode": "catmullrom"
						}
					}
				},
				"torso": {
					"rotation": [
						"27.5 + (math.sin((q.anim_time - 0) * 360 * 2) * 2)",
						"-(math.cos((q.anim_time - 0) * 360 / 1) * 2)",
						"-(math.cos((q.anim_time - 1.95 - (math.cos((q.anim_time - 0.05) * 360 / 1) * 0.06)) * 360 / 1) * 1)"
					],
					"position": [0, "0.75+(math.sin((q.anim_time - 0.3 - (math.sin((q.anim_time - 0.3) * 360 * 2) * 0.04)) * 360 * 2) * 0.4) +NaN", 0.15625]
				},
				"left_arm": {
					"rotation": {
						"0.0": {
							"post": [0, 1.15625, 33.15625],
							"lerp_mode": "catmullrom"
						},
						"0.125": {
							"post": [0, 0.59375, 36.1925],
							"lerp_mode": "catmullrom"
						},
						"0.25": {
							"post": [0, -1.875, 36.1925],
							"lerp_mode": "catmullrom"
						},
						"0.375": {
							"post": [0, -3.25, 32.255],
							"lerp_mode": "catmullrom"
						},
						"0.5": {
							"post": [0, -3.40625, 33.15625],
							"lerp_mode": "catmullrom"
						},
						"0.625": {
							"post": [0, -2.5, 36.1925],
							"lerp_mode": "catmullrom"
						},
						"0.75": {
							"post": [0, -0.84375, 36.1925],
							"lerp_mode": "catmullrom"
						},
						"0.875": {
							"post": [0, 0.625, 32.255],
							"lerp_mode": "catmullrom"
						},
						"0.9583": {
							"post": [0, 1.1875, 32.255],
							"lerp_mode": "catmullrom"
						},
						"1.0": {
							"post": [0, 1.15625, 33.15625],
							"lerp_mode": "catmullrom"
						}
					}
				},
				"left_end_arm": {
					"rotation": [0, "-5 + (math.cos((q.anim_time - 0.1) * 360 / 1) * 3) - 3", 0]
				},
				"right_arm": {
					"rotation": {
						"0.0": {
							"post": [0, 1.15625, -33.15625],
							"lerp_mode": "catmullrom"
						},
						"0.125": {
							"post": [0, 0.125, -36.1925],
							"lerp_mode": "catmullrom"
						},
						"0.25": {
							"post": [0, -1.875, -36.1925],
							"lerp_mode": "catmullrom"
						},
						"0.375": {
							"post": [0, -3.25, -32.255],
							"lerp_mode": "catmullrom"
						},
						"0.5": {
							"post": [0, -3.40625, -33.15625],
							"lerp_mode": "catmullrom"
						},
						"0.625": {
							"post": [0, -2.5, -36.1925],
							"lerp_mode": "catmullrom"
						},
						"0.75": {
							"post": [0, -0.84375, -36.1925],
							"lerp_mode": "catmullrom"
						},
						"0.875": {
							"post": [0, 0.625, -32.255],
							"lerp_mode": "catmullrom"
						},
						"0.9583": {
							"post": [0, 1.1875, -32.255],
							"lerp_mode": "catmullrom"
						},
						"1.0": {
							"post": [0, 1.15625, -33.15625],
							"lerp_mode": "catmullrom"
						}
					}
				},
				"right_end_arm": {
					"rotation": [0, "5+ (math.cos((q.anim_time - 0.1) * 360 / 1) * 3) + 3", 0]
				},
				"body": {
					"position": {
						"0.0": {
							"post": [0, -1.65875, 0],
							"lerp_mode": "catmullrom"
						},
						"0.25": {
							"post": [0, -0.4375, 0],
							"lerp_mode": "catmullrom"
						},
						"0.5": {
							"post": [0, -1.65875, 0],
							"lerp_mode": "catmullrom"
						},
						"0.75": {
							"post": [0, -0.4375, 0],
							"lerp_mode": "catmullrom"
						},
						"1.0": {
							"post": [0, -1.65875, 0],
							"lerp_mode": "catmullrom"
						}
					}
				},
				"chest": {
					"rotation": [
						"-17 + (math.sin((q.anim_time - 0.05) * 360 * 2) * 1)",
						"-(math.cos((q.anim_time - 0.38) * 360 / 1) * 1.3) + 0.3",
						"-(math.cos((q.anim_time - 0.38) * 360 / 1) * 2)"
					],
					"position": [0, -0.78125, 0]
				},
				"back_gun": {
					"rotation": [
						"-20 - (math.sin((q.anim_time - 0.05) * 360 * 2) * 1)",
						"(math.cos((q.anim_time - 0) * 360 / 1) * 1)",
						"(math.cos((q.anim_time - 0.38) * 360 / 1) * 2)"
					]
				},
				"head": {
					"rotation": ["-(math.cos((q.anim_time - 0.1) * 360 * 2) * 1)", 0, 0]
				}
			}
		},
		"animation.genesect.wallk_test": {
			"loop": true,
			"bones": {
				"genesect": {
					"position": [0, 0, "-q.anim_time*90*walk"]
				}
			}
		},
		"animation.genesect.ground_run": {
			"loop": true,
			"bones": {
				"neck": {
					"rotation": [-100, 0, 0],
					"position": [0, 0.6, 3.45]
				},
				"body": {
					"rotation": [
						"90 - (math.cos((q.anim_time - 0) * 360 / 2) * 2.5) + 1",
						"(math.cos((q.anim_time - 0.3) * 360 / 8) * 2)",
						"(math.cos((q.anim_time - 0.3) * 360 / 4) * 2)"
					],
					"position": [
						"(math.sin((q.anim_time - 1.8) * 360 / 8) * 1)",
						"(math.sin((q.anim_time - 1.8 + (math.sin((q.anim_time - 1.8) * 360 / 2) * 0.1)) * 360 / 2) * 1.2)",
						0
					]
				},
				"back_gun": {
					"rotation": [-100, 0, 0],
					"position": [0, 0, -3]
				},
				"left_arm": {
					"rotation": [-90, 0, 30],
					"position": [-2.5625, 1, 0]
				},
				"right_arm": {
					"rotation": [-90, 0, -30],
					"position": [2.5625, 1, 0]
				},
				"left_leg": {
					"rotation": [0, -90, 0],
					"position": [2, 0, -4]
				},
				"left_knee": {
					"position": [0, 5, 0]
				},
				"left_foot": {
					"rotation": [90, 0, 0],
					"position": [0, 0, 0.5]
				},
				"right_leg": {
					"rotation": [0, 90, 0],
					"position": [-2, 0, -4]
				},
				"right_knee": {
					"position": [0, 5, 0]
				},
				"right_foot": {
					"rotation": [90, 0, 0],
					"position": [0, 0, 0.5]
				},
				"canon_base": {
					"position": [0, -3.5, 4]
				},
				"barrel": {
					"position": [0, 0, 6]
				},
				"barrel_tip": {
					"position": [0, 0, 6]
				},
				"left_end_arm": {
					"rotation": [0, 30, 0]
				},
				"right_end_arm": {
					"rotation": [0, -30, 0]
				}
			}
		},
		"animation.genesect.run_test": {
			"loop": true,
			"bones": {
				"genesect": {
					"position": [0, 0, "-q.anim_time*90*run"]
				}
			}
		},
		"animation.genesect.sleep": {
			"loop": true,
			"bones": {
				"neck": {
					"rotation": ["-87.5 + (math.sin((q.anim_time - 12 - (math.sin((q.anim_time - 16) * 360 / 16) * 1)) * 360 / 16) * 4) + 3", 0, 0],
					"position": [0, 1.19375, 5.0125]
				},
				"body": {
					"rotation": [
						"92 + (math.sin((q.anim_time) * 360 / 8) * 3) - 2",
						"-(math.sin((q.anim_time - 0.9) * 360 / 8) * 1)",
						"-(math.sin((q.anim_time - 1) * 360 / 8) * 3)"
					],
					"position": [
						"(math.sin((q.anim_time - 0.5) * 360 / 8) * 2)",
						"-14 + (math.sin((q.anim_time - 0.1) * 360 / 16) * 2)",
						"(math.sin((q.anim_time - 2) * 360 / 4) * 0.5)"
					]
				},
				"torso": {
					"rotation": [-5, 0, 0]
				},
				"back_gun": {
					"rotation": [-100, 0, 0],
					"position": [0, 0, -3]
				},
				"left_arm": {
					"rotation": [-94.83776, "10.0088 + (math.sin((q.anim_time - 13 - (math.sin((q.anim_time - 1) * 360 / 16) * 2)) * 360 / 16) * 8) + 4", 0.45144],
					"position": [-2, 1, 0]
				},
				"left_end_arm": {
					"rotation": [0, -7.5, 0]
				},
				"right_arm": {
					"rotation": [-95, "-20 - (math.sin((q.anim_time - 12 - (math.sin((q.anim_time - 0) * 360 / 16) * 2)) * 360 / 16) * 3) + 6", 0],
					"position": [2, 1, 0]
				},
				"right_end_arm": {
					"rotation": [0, 7.5, 0]
				},
				"left_leg": {
					"rotation": [-89.99999, "-90 + (math.sin((q.anim_time - 10 - (math.sin((q.anim_time - 14) * 360 / 16) * 1)) * 360 / 16) * 2) + 5", 89.99999],
					"position": [2, 0, -3.625]
				},
				"left_knee": {
					"rotation": [5, 0, 0],
					"position": [0, 5, 0]
				},
				"left_foot": {
					"rotation": [90, 0, 0],
					"position": [0, 0, 0.5]
				},
				"right_leg": {
					"rotation": [-90, "90 - (math.sin((q.anim_time - 12 - (math.sin((q.anim_time - 14) * 360 / 16) * 0.5)) * 360 / 16) * 3) - 5", -90],
					"position": [-2, 0, -3.625]
				},
				"right_knee": {
					"rotation": [5, 0, 0],
					"position": [0, 5, 0]
				},
				"right_foot": {
					"rotation": [90, 0, 0],
					"position": [0, 0, 0.5]
				},
				"canon_base": {
					"rotation": ["(math.sin((q.anim_time - 0 + (math.sin((q.anim_time - 0) * 360 / 8) * 0.5)) * 360 / 8) * 2) - 5", 0, 0],
					"position": [0, -3.5, 4]
				},
				"head": {
					"rotation": ["17.5 + (math.sin((q.anim_time - 13 - (math.sin((q.anim_time - 1) * 360 / 16) * 1)) * 360 / 16) * 3)", 0, 0],
					"position": [0, -0.75, 0.96875]
				},
				"chest": {
					"rotation": [10, 0, 0]
				},
				"barrel": {
					"position": [0, 0, "5.0313 - (math.sin((q.anim_time - 1 + (math.sin((q.anim_time - 1) * 360 / 8) * 0.5)) * 360 / 8) * 0.6) + 0.3"]
				},
				"barrel_tip": {
					"position": [0, 0, "5 - (math.sin((q.anim_time - 2 + (math.sin((q.anim_time - 2) * 360 / 8) * 0.5)) * 360 / 8) * 0.8) + 0.1"]
				}
			}
		},
		"animation.genesect.faint": {
			"animation_length": 3,
			"bones": {
				"body": {
					"rotation": {
						"0.0": [0, -5, 0],
						"0.0417": {
							"pre": [-5.625, -4.78, 0],
							"post": [-5.625, -4.78, 0],
							"lerp_mode": "catmullrom"
						},
						"0.125": {
							"post": [-22.5, -3.78788, 0],
							"lerp_mode": "catmullrom"
						},
						"0.2083": {
							"post": [-9.5025, -1.83, 0],
							"lerp_mode": "catmullrom"
						},
						"0.2917": [0, 0, 0],
						"0.7917": [0, 0, 0],
						"1.2083": {
							"pre": [17.5, 0, 0],
							"post": [17.5, 0, 0],
							"lerp_mode": "catmullrom"
						},
						"1.375": {
							"post": [45, 0, 0],
							"lerp_mode": "catmullrom"
						},
						"1.5417": {
							"post": [82.37562, 0.53791, 3.24823],
							"lerp_mode": "catmullrom"
						},
						"1.75": [82.35953, 0.20582, 0.77033]
					},
					"position": {
						"0.0": [0, -3.5625, 0],
						"0.125": [0, -1.04625, -1.15625],
						"0.2917": [0, -4.71875, -1.65625],
						"0.7917": [0, -4.71875, -1.65625],
						"0.9583": {
							"pre": [0, -2.9225, -3.1725],
							"post": [0, -2.9225, -3.1725],
							"lerp_mode": "catmullrom"
						},
						"1.0417": {
							"post": [0, -1.8275, -4.89875],
							"lerp_mode": "catmullrom"
						},
						"1.2083": {
							"post": [0, -1.25125, -8.90625],
							"lerp_mode": "catmullrom"
						},
						"1.375": {
							"post": [0, -3.59375, -17.83875],
							"lerp_mode": "catmullrom"
						},
						"1.5417": {
							"post": [0, -15.12125, -27.77125],
							"lerp_mode": "catmullrom"
						},
						"1.7083": [0, -17.12, -29.4225],
						"1.8333": {
							"pre": [0, -15.4325, -30.9875],
							"post": [0, -15.4325, -30.9875],
							"lerp_mode": "catmullrom"
						},
						"1.9167": {
							"post": [0, -15.49625, -31.63375],
							"lerp_mode": "catmullrom"
						},
						"2.0417": {
							"post": [0, -18.0275, -32.51125],
							"lerp_mode": "catmullrom"
						},
						"2.1667": [0, -18.03, -32.51125]
					}
				},
				"torso": {
					"rotation": {
						"0.0": [42.7047, -5.64966, 1.27575],
						"0.2917": {
							"pre": [22.5, 0, 0],
							"post": [22.5, 0, 0],
							"lerp_mode": "catmullrom"
						},
						"1.5417": {
							"post": [22.5, 0, 0],
							"lerp_mode": "catmullrom"
						},
						"1.6667": {
							"post": [0.625, 0, 0],
							"lerp_mode": "catmullrom"
						},
						"1.8333": {
							"post": [9.25, 0, 0],
							"lerp_mode": "catmullrom"
						},
						"1.9583": [5, 0, 0]
					},
					"position": {
						"0.0": [0, -2.375, -1.59375],
						"0.1667": [0, -2.235, -0.72],
						"0.2917": [0, -0.59375, -0.0625],
						"0.375": [0, -0.30875, -0.06],
						"0.4167": [0, -0.59375, -0.0625],
						"0.5": [0, -0.30875, -0.06],
						"0.5417": [0, -0.5625, -0.0625],
						"0.625": [0, -0.27875, -0.06],
						"0.6667": [0, -0.57875, -0.06],
						"0.75": [0, -0.2775, -0.06],
						"0.7917": [0, -0.6275, -0.06],
						"0.875": [0, -0.345, -0.06],
						"1.0": [0, -0.59375, -0.0625],
						"1.5417": [0, -0.59375, -0.0625],
						"1.6667": [0, -0.59, -0.8725],
						"1.75": [0, -0.59, -0.02625]
					}
				},
				"chest": {
					"rotation": {
						"0.0": [13.09529, 8.12356, -6.81895],
						"0.0833": [13.09529, 8.12356, -6.81895],
						"0.2917": [12.5, 0, 0],
						"0.375": [8.7675, 0, 0],
						"0.5": [12.4375, 0, 0],
						"0.5833": [9.045, 0, 0],
						"0.7083": [12.4075, 0, 0],
						"0.7917": [9.1775, 0, 0],
						"0.875": [12.51625, 0, 0],
						"1.0417": [12.5, 0, 0],
						"1.25": {
							"pre": [-12.5, 0, 0],
							"post": [-12.5, 0, 0],
							"lerp_mode": "catmullrom"
						},
						"1.5417": {
							"post": [-21.7525, 0, 0],
							"lerp_mode": "catmullrom"
						},
						"1.7083": {
							"post": [-1.71875, 0, 0],
							"lerp_mode": "catmullrom"
						},
						"1.875": {
							"post": [-8.40625, 0, 0],
							"lerp_mode": "catmullrom"
						},
						"2.0833": [2.09, 0, 0]
					},
					"position": {
						"0.0": [0, 0, 0],
						"0.0833": [0, 0, 0]
					}
				},
				"back_gun": {
					"rotation": {
						"0.0": [-44.5024, 0.10901, -2.49762],
						"0.2917": [-17.5, 0, 0],
						"0.4167": [-20.71875, 0, 0],
						"0.5417": [-15.8425, 0, 0],
						"0.6667": [-20.4775, 0, 0],
						"0.7917": [-15.735, 0, 0],
						"1.0": [-17.5, 0, 0],
						"1.2083": {
							"pre": [-35.71875, 0, 0],
							"post": [-35.71875, 0, 0],
							"lerp_mode": "catmullrom"
						},
						"1.375": {
							"post": [-71.66, 0, 0],
							"lerp_mode": "catmullrom"
						},
						"1.5": {
							"post": [-74.59375, 0, 0],
							"lerp_mode": "catmullrom"
						},
						"1.75": {
							"post": [-47.28125, 0, 0],
							"lerp_mode": "catmullrom"
						},
						"1.9583": {
							"post": [-66.78125, 0, 0],
							"lerp_mode": "catmullrom"
						},
						"2.2083": [-44.78125, 0, 0]
					},
					"position": [0, 0.6875, 0.15625]
				},
				"canon_base": {
					"rotation": {
						"0.0": [-17.19418, -1.94629, 1.90149],
						"0.2917": {
							"pre": [-12.71875, 0, 0],
							"post": [-12.71875, 0, 0],
							"lerp_mode": "catmullrom"
						},
						"0.3333": {
							"post": [-10.3125, 0, 0],
							"lerp_mode": "catmullrom"
						},
						"0.4167": {
							"post": [-13.88, 0, 0],
							"lerp_mode": "catmullrom"
						},
						"0.5": {
							"post": [-10.79125, 0, 0],
							"lerp_mode": "catmullrom"
						},
						"0.5833": {
							"post": [-14.15125, 0, 0],
							"lerp_mode": "catmullrom"
						},
						"0.6667": {
							"post": [-10.51375, 0, 0],
							"lerp_mode": "catmullrom"
						},
						"0.75": {
							"post": [-14.07125, 0, 0],
							"lerp_mode": "catmullrom"
						},
						"0.8333": {
							"post": [-11.06375, 0, 0],
							"lerp_mode": "catmullrom"
						},
						"0.9167": {
							"post": [-13.91625, 0, 0],
							"lerp_mode": "catmullrom"
						},
						"1.0833": {
							"post": [-19.59375, 0, 0],
							"lerp_mode": "catmullrom"
						},
						"1.2917": {
							"post": [-16.90125, 0, 0],
							"lerp_mode": "catmullrom"
						},
						"1.4167": {
							"post": [-36.8125, 0, 0],
							"lerp_mode": "catmullrom"
						},
						"1.5417": {
							"post": [-44.7525, 0, 0],
							"lerp_mode": "catmullrom"
						},
						"1.7083": {
							"post": [-34.82812, 0, 0],
							"lerp_mode": "catmullrom"
						},
						"1.8333": {
							"post": [-30.76562, 0, 0],
							"lerp_mode": "catmullrom"
						},
						"1.9583": {
							"post": [-39.5175, 0, 0],
							"lerp_mode": "catmullrom"
						},
						"2.0417": {
							"post": [-41.18562, 0, 0],
							"lerp_mode": "catmullrom"
						},
						"2.25": [-37.60937, 0, 0],
						"2.5": [-37.60937, 0, 0]
					}
				},
				"barrel": {
					"position": {
						"0.0": [0, 0, 0],
						"0.1667": [0, 0, 0],
						"0.4167": [0, 0, 3.28125],
						"1.0": [0, 0, 3.28125],
						"1.1667": [0, 0, 5.53],
						"1.375": [0, 0, 5.905],
						"1.9583": [0, 0, 5.91],
						"2.125": [0, 0, 2.9725],
						"2.3333": [0, 0, 0.22125]
					}
				},
				"barrel_tip": {
					"position": {
						"0.0": [0, 0, 0],
						"0.25": [0, 0, 2.625],
						"1.0": [0, 0, 2.625],
						"1.0833": [0, 0, 2.63],
						"1.2083": [0, 0, 3.59875],
						"1.3333": [0, 0, 5.975],
						"2.0833": [0, 0, 5.98],
						"2.2917": [0, 0, 2.5425],
						"2.5": [0, 0, 0.20125]
					}
				},
				"neck": {
					"rotation": {
						"0.0": [-29.38197, 0, 0],
						"0.2917": [-20, 0, 0],
						"0.4167": {
							"pre": [-23.70125, 0, 0],
							"post": [-23.70125, 0, 0],
							"lerp_mode": "catmullrom"
						},
						"0.5417": {
							"post": [-20.03125, 0, 0],
							"lerp_mode": "catmullrom"
						},
						"0.625": {
							"post": [-23.42375, 0, 0],
							"lerp_mode": "catmullrom"
						},
						"0.75": {
							"post": [-20.06125, 0, 0],
							"lerp_mode": "catmullrom"
						},
						"0.8333": {
							"post": [-23.29125, 0, 0],
							"lerp_mode": "catmullrom"
						},
						"0.9167": {
							"post": [-19.9525, 0, 0],
							"lerp_mode": "catmullrom"
						},
						"1.0417": [-20, 0, 0],
						"1.375": {
							"pre": [-70, 0, 0],
							"post": [-70, 0, 0],
							"lerp_mode": "catmullrom"
						},
						"1.5833": {
							"post": [-80, 0, 0],
							"lerp_mode": "catmullrom"
						},
						"1.6667": {
							"post": [-67.5, 0, 0],
							"lerp_mode": "catmullrom"
						},
						"1.75": {
							"post": [-67.84625, 0, 0],
							"lerp_mode": "catmullrom"
						},
						"1.875": {
							"post": [-77.5, 0, 0],
							"lerp_mode": "catmullrom"
						},
						"2.0417": {
							"post": [-63.59375, 0, 0],
							"lerp_mode": "catmullrom"
						},
						"2.2083": {
							"post": [-63.59, 0, 0],
							"lerp_mode": "catmullrom"
						},
						"3.0": [-63.59, 0, 0]
					},
					"position": {
						"0.0": [0, 1.125, 0.96875],
						"0.2917": [0, 0.1875, 0.6875],
						"1.0417": [0, 0.1875, 0.6875],
						"1.25": {
							"pre": [0, 1, 1.75],
							"post": [0, 1, 1.75],
							"lerp_mode": "catmullrom"
						},
						"1.375": {
							"post": [0, 1, 1.75],
							"lerp_mode": "catmullrom"
						},
						"3.0": [0, 1, 1.75]
					}
				},
				"head": {
					"rotation": {
						"0.0": [0, 0, -2.5],
						"0.2917": [45, 0, 0],
						"0.375": {
							"pre": [40.98625, 0, 0],
							"post": [40.98625, 0, 0],
							"lerp_mode": "catmullrom"
						},
						"0.4583": {
							"post": [46.8125, 0, 0],
							"lerp_mode": "catmullrom"
						},
						"0.5417": {
							"post": [40.3575, 0, 0],
							"lerp_mode": "catmullrom"
						},
						"0.625": {
							"post": [46.4075, 0, 0],
							"lerp_mode": "catmullrom"
						},
						"0.7083": {
							"post": [39.95875, 0, 0],
							"lerp_mode": "catmullrom"
						},
						"0.7917": {
							"post": [45.68, 0, 0],
							"lerp_mode": "catmullrom"
						},
						"0.875": {
							"post": [44.735, 0, 0],
							"lerp_mode": "catmullrom"
						},
						"1.0833": [45, 0, 0],
						"1.3333": {
							"pre": [6.25, 0, 0],
							"post": [6.25, 0, 0],
							"lerp_mode": "catmullrom"
						},
						"1.5833": {
							"post": [-12.06024, -0.28977, 1.85957],
							"lerp_mode": "catmullrom"
						},
						"1.6667": {
							"post": [0.43976, -0.28977, 1.85957],
							"lerp_mode": "catmullrom"
						},
						"1.8333": {
							"post": [-10.37274, -0.28977, 1.85957],
							"lerp_mode": "catmullrom"
						},
						"2.0833": {
							"post": [-18.02899, -0.28977, 1.85957],
							"lerp_mode": "catmullrom"
						},
						"2.2083": {
							"post": [-19.37, -0.29, 1.86],
							"lerp_mode": "catmullrom"
						},
						"3.0": [-19.37, -0.29, 1.86]
					}
				},
				"left_arm": {
					"rotation": {
						"0.0": [20.42481, 61.194, 22.64713],
						"0.2917": [-15.22873, 43.72769, -6.01462],
						"1.1667": [-15.22873, 43.72769, -6.01462],
						"1.375": {
							"pre": [-71.35632, -2.26755, -1.24962],
							"post": [-71.35632, -2.26755, -1.24962],
							"lerp_mode": "catmullrom"
						},
						"1.5417": {
							"post": [-96.35632, -9.1738, -1.24962],
							"lerp_mode": "catmullrom"
						},
						"1.6667": {
							"post": [-85.60632, 7.66995, -1.24962],
							"lerp_mode": "catmullrom"
						},
						"1.7917": {
							"post": [-87.19227, 6.94737, 0.61781],
							"lerp_mode": "catmullrom"
						},
						"2.0": {
							"post": [-86.59413, -2.36646, -0.05408],
							"lerp_mode": "catmullrom"
						},
						"2.125": {
							"post": [-91.91834, 4.20067, 0.17592],
							"lerp_mode": "catmullrom"
						},
						"2.2083": {
							"post": [-91.92, 4.2, 0.18],
							"lerp_mode": "catmullrom"
						},
						"3.0": [-91.92, 4.2, 0.18]
					},
					"position": {
						"0.0": [0, 0.7838, -2.5],
						"1.1667": [0, 0.78, -2.5],
						"1.2917": [0, 0.78, -1.3125]
					}
				},
				"left_end_arm": {
					"rotation": {
						"0.0": [0, -42, 0],
						"0.2917": [0, -22.5, 0],
						"1.2083": [0, -22.5, 0],
						"1.4167": {
							"pre": [0, -40, 0],
							"post": [0, -40, 0],
							"lerp_mode": "catmullrom"
						},
						"1.625": {
							"post": [0, -40, 0],
							"lerp_mode": "catmullrom"
						},
						"3.0": [0, -40, 0]
					}
				},
				"right_arm": {
					"rotation": {
						"0.0": [0, 6.64683, 0],
						"0.2917": [-15.22873, -43.72769, 6.01462],
						"1.0417": [-15.22873, -43.72769, 6.01462],
						"1.2083": [-15.22873, -43.72769, 6.01462],
						"1.4167": {
							"pre": [-71.35632, 2.26755, 1.24962],
							"post": [-71.35632, 2.26755, 1.24962],
							"lerp_mode": "catmullrom"
						},
						"1.5833": {
							"post": [-96.35632, 1.0488, 1.24962],
							"lerp_mode": "catmullrom"
						},
						"1.7083": {
							"post": [-79.70007, -7.66995, 1.24962],
							"lerp_mode": "catmullrom"
						},
						"1.875": {
							"post": [-87.19227, -13.25987, -0.61781],
							"lerp_mode": "catmullrom"
						},
						"2.0": {
							"post": [-86.59413, -1.35229, 0.05408],
							"lerp_mode": "catmullrom"
						},
						"2.1667": {
							"post": [-91.41834, -5.60692, -0.17592],
							"lerp_mode": "catmullrom"
						},
						"2.25": {
							"post": [-91.92, -6.39, -0.18],
							"lerp_mode": "catmullrom"
						},
						"3.0": [-91.92, -6.39, -0.18]
					},
					"position": {
						"0.0": [0, 0, 0],
						"1.2083": [0, 0, 0],
						"1.3333": [0, 0.78, -1.3125]
					}
				},
				"right_end_arm": {
					"rotation": {
						"0.0": [0, 48.91221, 0],
						"0.2917": [0, 22.5, 0],
						"1.2917": [0, 22.5, 0],
						"1.5": {
							"pre": [0, 40, 0],
							"post": [0, 40, 0],
							"lerp_mode": "catmullrom"
						},
						"1.6667": {
							"post": [0, 40, 0],
							"lerp_mode": "catmullrom"
						},
						"3.0": [0, 40, 0]
					}
				},
				"left_leg": {
					"rotation": {
						"0.0": [-16.9245, 28.57252, -20.5247],
						"0.0833": {
							"pre": [-24.05875, 11.44125, -11.32125],
							"post": [-24.05875, 11.44125, -11.32125],
							"lerp_mode": "catmullrom"
						},
						"0.1667": {
							"post": [-46.1725, -0.85125, -0.59875],
							"lerp_mode": "catmullrom"
						},
						"0.25": {
							"post": [-67.28125, -3.74, 3.11],
							"lerp_mode": "catmullrom"
						},
						"0.2917": [-72.74558, -3.87905, 4.0264],
						"0.7917": [-72.74558, -3.87905, 4.0264],
						"1.2083": [-35.24558, -3.87905, 4.0264],
						"1.375": [-28.24558, -3.87905, 4.0264],
						"1.5": [-19.24558, -3.87905, 4.0264],
						"1.625": {
							"pre": [-7.99994, -16.18254, 1.91581],
							"post": [-7.99994, -16.18254, 1.91581],
							"lerp_mode": "catmullrom"
						},
						"1.7917": {
							"post": [-7.8475, -16.18, -1.83],
							"lerp_mode": "catmullrom"
						},
						"2.0417": {
							"post": [-16.84375, -16.18, -2.83],
							"lerp_mode": "catmullrom"
						},
						"2.0833": {
							"post": [-16.84, -16.18, -2.83],
							"lerp_mode": "catmullrom"
						},
						"3.0": [-16.84, -16.18, -2.83]
					},
					"position": {
						"0.0": [0, -1.7125, 1.6251],
						"0.2917": [-0.71875, 0, 0],
						"0.7917": [-0.71875, 0, 0]
					}
				},
				"left_knee": {
					"rotation": {
						"0.0": [72, 0, 0],
						"0.0833": {
							"pre": [90.55515, 1.2451, 9.32439],
							"post": [90.55515, 1.2451, 9.32439],
							"lerp_mode": "catmullrom"
						},
						"0.2083": {
							"post": [69.05, 0.53, 3.95],
							"lerp_mode": "catmullrom"
						},
						"0.2917": [77.5, 0, 0],
						"0.7917": [77.5, 0, 0],
						"1.2083": [32.5, 0, 0],
						"1.5417": [12.125, 0, 0],
						"1.7083": {
							"pre": [5.34375, 0, 0],
							"post": [5.34375, 0, 0],
							"lerp_mode": "catmullrom"
						},
						"1.7917": {
							"post": [15.28125, 0, 0],
							"lerp_mode": "catmullrom"
						},
						"1.875": {
							"post": [31.56125, 0, 0],
							"lerp_mode": "catmullrom"
						},
						"2.0417": {
							"post": [26.1575, 0, 0],
							"lerp_mode": "catmullrom"
						},
						"2.2083": {
							"post": [27.5, 0, 0],
							"lerp_mode": "catmullrom"
						},
						"3.0": [27.5, 0, 0]
					},
					"position": {
						"0.2917": [0, 0, 0.375],
						"0.7917": [0, 0, 0.375]
					}
				},
				"left_foot": {
					"rotation": {
						"0.0": [19.5, 0, 0],
						"0.125": [2.25237, -0.10891, -1.24525],
						"0.2917": [-4.99527, -0.21782, -2.4905],
						"0.7917": [-4.99527, -0.21782, -2.4905]
					}
				},
				"right_leg": {
					"rotation": {
						"0.0": [-74.5275, 37.84702, -0.17531],
						"0.0417": {
							"pre": [-63.8175, 29.71, 1.18],
							"post": [-63.8175, 29.71, 1.18],
							"lerp_mode": "catmullrom"
						},
						"0.125": {
							"post": [-21.71762, 9.79853, 3.94156],
							"lerp_mode": "catmullrom"
						},
						"0.2083": {
							"post": [-55.46125, 5.09, 0.21],
							"lerp_mode": "catmullrom"
						},
						"0.2917": [-72.74558, 3.87905, -4.0264],
						"0.7917": [-72.74558, 3.87905, -4.0264],
						"1.2083": [-30.14591, -1.63681, 1.0584],
						"1.375": [-30.14591, -1.63681, 1.0584],
						"1.5417": {
							"pre": [-29.14591, -1.63681, 1.0584],
							"post": [-29.14591, -1.63681, 1.0584],
							"lerp_mode": "catmullrom"
						},
						"1.75": {
							"post": [-24.6175, -1.66, 1.04],
							"lerp_mode": "catmullrom"
						},
						"2.0": {
							"post": [-11.43, -1.66, 1.04],
							"lerp_mode": "catmullrom"
						},
						"2.125": [-14.08625, -1.66, 1.04]
					},
					"position": {
						"0.0": [0.25, -1.6713, -2.8438],
						"0.125": [0.45, -0.96, -1.63],
						"0.1667": [0.52, -0.1575, -1.22],
						"0.2917": [0.71875, 0, 0],
						"0.7917": [0.71875, 0, 0]
					}
				},
				"right_knee": {
					"rotation": {
						"0.0": [76.5, 0, 0],
						"0.0417": {
							"pre": [69.66875, 0, 0],
							"post": [69.66875, 0, 0],
							"lerp_mode": "catmullrom"
						},
						"0.125": {
							"post": [49.03125, 0, 0],
							"lerp_mode": "catmullrom"
						},
						"0.2083": {
							"post": [66.8625, 0, 0],
							"lerp_mode": "catmullrom"
						},
						"0.2917": [77.5, 0, 0],
						"0.7917": [77.5, 0, 0],
						"1.2083": [27.5, 0, 0],
						"1.375": [27.5, 0, 0],
						"1.5417": [41, 0, 0],
						"1.7083": {
							"pre": [36.5, 0, 0],
							"post": [36.5, 0, 0],
							"lerp_mode": "catmullrom"
						},
						"1.875": {
							"post": [24.845, 0, 0],
							"lerp_mode": "catmullrom"
						},
						"2.0417": {
							"post": [29, 0, 0],
							"lerp_mode": "catmullrom"
						},
						"2.2083": [24.21875, 0, 0]
					},
					"position": {
						"0.2917": [0, 0, 0.375],
						"0.7917": [0, 0, 0.375]
					}
				},
				"right_foot": {
					"rotation": {
						"0.0": [-2.5, 0, 0],
						"0.2917": [-4.99527, 0.21782, 2.4905],
						"0.7917": [-4.99527, 0.21782, 2.4905],
						"1.375": [-5, 0.22, 2.49],
						"1.5417": [-2.5, 0.22, 2.49]
					}
				},
				"left_thigh": {
					"position": {
						"0.0": [0, 0, -0.3125],
						"0.125": [0, 0, 0]
					}
				},
				"right_thigh": {
					"position": [0, 0, -0.25]
				}
			}
		},
		"animation.genesect.quirk3_overlay": {
			"animation_length": 2.5,
			"bones": {
				"chest": {
					"rotation": {
						"0.0": [0, 0, 0],
						"0.0833": [0, -15, 0],
						"0.4167": [0, -15, 0],
						"0.5": [8.71875, -15, 0],
						"0.9167": [8.71875, -15, 0],
						"1.0417": [-4.17999, 7.37699, -0.17156],
						"1.3333": [-4.17999, 7.37699, -0.17156],
						"1.4583": [5.72626, 10.40824, -0.17156],
						"1.9167": [5.72626, 10.40824, -0.17156],
						"2.0833": [0, 0, 0]
					}
				},
				"neck": {
					"rotation": {
						"0.0417": [0, 0, 0],
						"0.125": [38.4375, -30, -40],
						"0.9167": [38.44, -30, -40],
						"1.0": [14.125, 33.9375, 0],
						"1.875": [14.13, 33.94, 0],
						"2.0": [29.03875, 16.97, 0],
						"2.125": [0, 0, 0]
					}
				},
				"head": {
					"rotation": {
						"0.0": [0, 0, 0],
						"0.125": [-20, 0, 0],
						"0.375": [-20, 0, 0],
						"0.4583": [-8.15625, 0, 16.96875],
						"0.9583": [-8.16, 0, 16.97],
						"1.0417": [7.74625, -10.4375, 26.9075],
						"1.4167": [7.74625, -10.4375, 26.9075],
						"1.5": [-4.21875, 19.59125, 26.91],
						"1.9583": [-4.22, 19.59, 26.91],
						"2.0833": [0, 0, 0]
					}
				}
			}
		},
		"animation.genesect.quirk2": {
			"animation_length": 5.125,
			"bones": {
				"body": {
					"rotation": {
						"0.0": [0, 0, 0],
						"0.2917": [0, -27.5, 0],
						"0.5833": [0, 0, 0],
						"0.875": [0, 0, 0],
						"1.0833": [0, 18.0625, 0],
						"1.4167": [15.8125, 0, -18.0625],
						"1.6667": [72.5, 0, -24.40625],
						"1.875": [257.5, 0, -20.15625],
						"2.0417": [360, 0, 0],
						"2.7083": {
							"pre": [360, 0, 0],
							"post": [360, 0, 0]
						},
						"2.8333": [369.71875, 0, 0],
						"2.9583": [360, 0, 0],
						"3.4167": [360, 0, 0],
						"3.5833": {
							"pre": [347.40625, 0, 0],
							"post": [347.40625, 0, 0],
							"lerp_mode": "catmullrom"
						},
						"3.6667": {
							"post": [335.3075, 0, 0],
							"lerp_mode": "catmullrom"
						},
						"3.75": {
							"post": [342.50375, 0, 0],
							"lerp_mode": "catmullrom"
						},
						"3.875": {
							"post": [366.40625, 0, 0],
							"lerp_mode": "catmullrom"
						},
						"4.0417": [365.59375, 0, 0],
						"4.1667": [360, 0, 0],
						"4.2083": {
							"pre": [360, 0, 0],
							"post": [0, 0, 0]
						}
					},
					"position": {
						"0.0": [0, -2, 0],
						"0.2917": [0, -2, 2.625],
						"0.5833": [-0.84375, -2, 8.15625],
						"0.875": [-0.84375, -2, 8.15625],
						"1.0833": [-0.84375, -2, 0],
						"1.1667": {
							"pre": [-1.93375, -1.4425, -8.03],
							"post": [-1.93375, -1.4425, -8.03],
							"lerp_mode": "catmullrom"
						},
						"1.3333": {
							"post": [-3.9375, 4.96875, -28.21875],
							"lerp_mode": "catmullrom"
						},
						"1.4583": {
							"post": [-5, 4.12375, -46.95625],
							"lerp_mode": "catmullrom"
						},
						"1.6667": {
							"post": [-6.25, -5.14625, -75.20625],
							"lerp_mode": "catmullrom"
						},
						"1.7917": {
							"post": [-6.28, -6.75, -97.04],
							"lerp_mode": "catmullrom"
						},
						"1.875": {
							"post": [-6.25, -6.2, -115.04125],
							"lerp_mode": "catmullrom"
						},
						"1.9583": [-6.23, -3.0075, -125.77],
						"2.0417": [-6.21875, -2, -134.25125],
						"2.4583": [-6.21875, -2, -134.25125],
						"2.7083": [-6.21875, -2, -134.25125],
						"2.9583": [-6.22, -2, -117.15375],
						"3.3333": [-6.22, -2, -117.15375],
						"3.375": [-6.22, -1.1025, -117.15],
						"3.4167": [-6.22, 1.75, -114.68125],
						"3.5417": {
							"pre": [-4.97, 14.41125, -104.35],
							"post": [-4.97, 14.41125, -104.35],
							"lerp_mode": "catmullrom"
						},
						"3.6667": {
							"post": [-3.47, 29.87875, -87.4625],
							"lerp_mode": "catmullrom"
						},
						"3.8333": {
							"post": [-1.77875, 37.1675, -60.12],
							"lerp_mode": "catmullrom"
						},
						"4.0": {
							"post": [-0.43875, 24.4125, -28.8725],
							"lerp_mode": "catmullrom"
						},
						"4.2083": [0, -0.125, -7.40625],
						"4.3333": [0, -2.78125, -2.31625],
						"4.4583": [0, -2, 0]
					},
					"scale": {
						"3.4583": [1, 1, 1],
						"3.625": [1, 1.13125, 1],
						"3.7917": [1, 1, 1],
						"3.875": [1, 1, 1],
						"4.0833": [1, 1.13125, 1],
						"4.25": [1, 1, 1]
					}
				},
				"torso": {
					"rotation": {
						"0.0": [23.38197, 0, 0],
						"1.0417": [23.38, 0, 0],
						"1.1667": [31.505, 0, 0],
						"1.25": [28.115, 0, 0],
						"1.375": {
							"pre": [49.0675, 0, 0],
							"post": [49.0675, 0, 0],
							"lerp_mode": "catmullrom"
						},
						"1.5": {
							"post": [77.505, 0, 0],
							"lerp_mode": "catmullrom"
						},
						"1.875": {
							"post": [77.51, 0, 0],
							"lerp_mode": "catmullrom"
						},
						"2.0": {
							"post": [60.01, -3.625, 4.9375],
							"lerp_mode": "catmullrom"
						},
						"2.1667": {
							"post": [62.3625, 1.46875, 5.3],
							"lerp_mode": "catmullrom"
						},
						"2.2917": {
							"post": [60.22875, 2.375, 4.94],
							"lerp_mode": "catmullrom"
						},
						"2.4583": {
							"post": [60.23, 1.1875, 4.94],
							"lerp_mode": "catmullrom"
						},
						"2.7083": {
							"post": [61.46, 0.21, 4.94],
							"lerp_mode": "catmullrom"
						},
						"2.7917": {
							"post": [66.7925, 0, 4.94],
							"lerp_mode": "catmullrom"
						},
						"2.9167": {
							"post": [42.73, 0, 4.94],
							"lerp_mode": "catmullrom"
						},
						"3.2917": {
							"post": [57.73, 0, 4.94],
							"lerp_mode": "catmullrom"
						},
						"3.4167": {
							"post": [12.73, 0, 4.94],
							"lerp_mode": "catmullrom"
						},
						"3.6667": {
							"post": [-3.30125, 0, 0],
							"lerp_mode": "catmullrom"
						},
						"3.9167": {
							"post": [17.70125, 0, 0],
							"lerp_mode": "catmullrom"
						},
						"4.2917": {
							"post": [28.7975, 0, 0],
							"lerp_mode": "catmullrom"
						},
						"4.5": {
							"post": [19.50697, 0, 0],
							"lerp_mode": "catmullrom"
						},
						"4.75": [23.38197, 0, 0]
					},
					"position": {
						"0.0": [0, 0.5, -0.17634],
						"1.0417": [0, 0.5, -0.18],
						"1.125": {
							"pre": [0, -0.40625, -0.18],
							"post": [0, -0.40625, -0.18],
							"lerp_mode": "catmullrom"
						},
						"1.3333": {
							"post": [0, 0.5, -0.18],
							"lerp_mode": "catmullrom"
						},
						"1.875": {
							"post": [0, 0.5, -0.18],
							"lerp_mode": "catmullrom"
						},
						"2.1667": {
							"post": [0.59, 0.09375, -0.18],
							"lerp_mode": "catmullrom"
						},
						"2.4583": [0.59, 0.5, -0.18],
						"3.0833": {
							"pre": [0.59, 0.1175, -0.18],
							"post": [0.59, 0.1175, -0.18],
							"lerp_mode": "catmullrom"
						},
						"3.2917": {
							"post": [0.59, -1.59375, -0.18],
							"lerp_mode": "catmullrom"
						},
						"3.4583": {
							"post": [0.43, -0.05, 1.945],
							"lerp_mode": "catmullrom"
						},
						"4.2083": {
							"post": [0, 0.5, -0.18],
							"lerp_mode": "catmullrom"
						},
						"4.3333": {
							"post": [0, 0.0625, 0.195],
							"lerp_mode": "catmullrom"
						},
						"4.5833": [0, 0.5, -0.17634]
					}
				},
				"chest": {
					"rotation": {
						"0.0": {
							"post": [0.90798, 0, 0],
							"lerp_mode": "catmullrom"
						},
						"0.125": {
							"post": [-0.27197, 7.53161, -2.32539],
							"lerp_mode": "catmullrom"
						},
						"0.2917": {
							"post": [-1.38315, 12.48266, -2.47021],
							"lerp_mode": "catmullrom"
						},
						"0.5417": {
							"post": [-0.30911, 9.17987, -1.31151],
							"lerp_mode": "catmullrom"
						},
						"0.625": {
							"post": [-8.42937, 7.50271, -2.36818],
							"lerp_mode": "catmullrom"
						},
						"1.0417": {
							"post": [-9.675, 7.5, -2.37],
							"lerp_mode": "catmullrom"
						},
						"1.1667": {
							"post": [-2.11625, 7.5, -2.37],
							"lerp_mode": "catmullrom"
						},
						"1.3333": {
							"post": [-3.7725, 7.5, -2.37],
							"lerp_mode": "catmullrom"
						},
						"1.875": {
							"post": [6.54, 7.5, -2.37],
							"lerp_mode": "catmullrom"
						},
						"2.0417": [-23.37604, -2.98664, -2.67667],
						"2.2083": [-21.72375, -2.99, -2.68],
						"2.3333": {
							"pre": [-23.38, -2.99, -2.68],
							"post": [-23.38, -2.99, -2.68],
							"lerp_mode": "catmullrom"
						},
						"2.4583": {
							"post": [-23.38, -2.99, -2.68],
							"lerp_mode": "catmullrom"
						},
						"2.75": {
							"post": [-23.38, -2.99, -2.68],
							"lerp_mode": "catmullrom"
						},
						"2.875": {
							"post": [-35.88, -2.99, -2.68],
							"lerp_mode": "catmullrom"
						},
						"3.0": {
							"post": [-23.38, -2.99, -2.68],
							"lerp_mode": "catmullrom"
						},
						"3.4583": {
							"post": [-2.78625, -2.99, -2.68],
							"lerp_mode": "catmullrom"
						},
						"3.7083": {
							"post": [17.6275, -2.04, -1.82],
							"lerp_mode": "catmullrom"
						},
						"3.9583": {
							"post": [-14.1625, -1.29, -1.15],
							"lerp_mode": "catmullrom"
						},
						"4.1667": {
							"post": [-7.28125, 0, 0],
							"lerp_mode": "catmullrom"
						},
						"4.3333": {
							"post": [3.68923, 0, 0],
							"lerp_mode": "catmullrom"
						},
						"4.5417": {
							"post": [-1.48875, 0, 0],
							"lerp_mode": "catmullrom"
						},
						"4.7917": {
							"post": [0.90798, 0, 0],
							"lerp_mode": "catmullrom"
						},
						"4.8333": {
							"post": [0.91, 0, 0],
							"lerp_mode": "catmullrom"
						},
						"5.125": [0.91, 0, 0]
					}
				},
				"back_gun": {
					"rotation": {
						"0.0": [-50, 0, 0],
						"1.2917": {
							"pre": [-50, 0, 0],
							"post": [-50, 0, 0],
							"lerp_mode": "catmullrom"
						},
						"1.5833": {
							"post": [-130, 0, 0],
							"lerp_mode": "catmullrom"
						},
						"1.875": {
							"post": [-130, 0, 0],
							"lerp_mode": "catmullrom"
						},
						"2.0417": {
							"post": [-12.5, 0, 0],
							"lerp_mode": "catmullrom"
						},
						"2.4583": [-12.5, 0, 0],
						"2.75": [-19.0625, 0, 0],
						"2.8333": {
							"pre": [-32.90625, 0, 0],
							"post": [-32.90625, 0, 0],
							"lerp_mode": "catmullrom"
						},
						"3.0417": {
							"post": [-55, 0, 0],
							"lerp_mode": "catmullrom"
						},
						"3.1667": {
							"post": [-46.72625, 0, 0],
							"lerp_mode": "catmullrom"
						},
						"3.3333": {
							"post": [-48.71875, 0, 0],
							"lerp_mode": "catmullrom"
						},
						"3.5": {
							"post": [-17.0325, 0, 0],
							"lerp_mode": "catmullrom"
						},
						"3.9583": {
							"post": [-53.68375, 0, 0],
							"lerp_mode": "catmullrom"
						},
						"4.1667": {
							"post": [-40.81, 0, 0],
							"lerp_mode": "catmullrom"
						},
						"4.5": [-50, 0, 0]
					},
					"position": {
						"1.2917": {
							"pre": [0, 0, 0],
							"post": [0, 0, 0],
							"lerp_mode": "catmullrom"
						},
						"1.875": {
							"post": [0, 0, 0],
							"lerp_mode": "catmullrom"
						},
						"2.0417": {
							"post": [0, 0, 0],
							"lerp_mode": "catmullrom"
						},
						"2.4583": {
							"post": [0, 0, 0],
							"lerp_mode": "catmullrom"
						}
					}
				},
				"canon_base": {
					"rotation": {
						"0.0": [7.80902, 0, 0],
						"1.3333": {
							"pre": [7.81, 0, 0],
							"post": [7.81, 0, 0],
							"lerp_mode": "catmullrom"
						},
						"1.625": {
							"post": [30.31, 0, 0],
							"lerp_mode": "catmullrom"
						},
						"1.875": {
							"post": [30.31, 0, 0],
							"lerp_mode": "catmullrom"
						},
						"2.0417": {
							"post": [-32.19, 0, 0],
							"lerp_mode": "catmullrom"
						},
						"2.4583": [-37.0025, 0, 0],
						"2.75": [-28.65875, 0, 0],
						"2.8333": {
							"pre": [-7.19, 0, 0],
							"post": [-7.19, 0, 0],
							"lerp_mode": "catmullrom"
						},
						"2.9583": {
							"post": [5.735, 0, 0],
							"lerp_mode": "catmullrom"
						},
						"3.2083": {
							"post": [-8.47125, 0, 0],
							"lerp_mode": "catmullrom"
						},
						"3.375": {
							"post": [2.9425, 0, 0],
							"lerp_mode": "catmullrom"
						},
						"3.625": {
							"post": [12.02625, 0, 0],
							"lerp_mode": "catmullrom"
						},
						"4.0": {
							"post": [18.975, 0, 0],
							"lerp_mode": "catmullrom"
						},
						"4.1667": {
							"post": [-14.85, 0, 0],
							"lerp_mode": "catmullrom"
						},
						"4.3333": {
							"post": [1.545, 0, 0],
							"lerp_mode": "catmullrom"
						},
						"4.5": {
							"post": [2.04875, 0, 0],
							"lerp_mode": "catmullrom"
						},
						"4.6667": [7.80902, 0, 0]
					}
				},
				"neck": {
					"rotation": {
						"0.0": {
							"post": [-26.28217, 0, 0],
							"lerp_mode": "catmullrom"
						},
						"0.3333": {
							"post": [-23.9675, 0, 0],
							"lerp_mode": "catmullrom"
						},
						"0.5833": {
							"post": [-20.0925, 0, 0],
							"lerp_mode": "catmullrom"
						},
						"0.75": {
							"post": [-24.05875, 0, 0],
							"lerp_mode": "catmullrom"
						},
						"1.0833": {
							"post": [-21.61, 0, 0],
							"lerp_mode": "catmullrom"
						},
						"1.1667": {
							"post": [-17.46625, 0, 0],
							"lerp_mode": "catmullrom"
						},
						"1.25": {
							"post": [-42.92625, 0, 0],
							"lerp_mode": "catmullrom"
						},
						"1.5417": {
							"post": [-59.06, 0, 0],
							"lerp_mode": "catmullrom"
						},
						"1.875": {
							"post": [-59.06, 0, 0],
							"lerp_mode": "catmullrom"
						},
						"2.0417": {
							"post": [-30, 0, 0],
							"lerp_mode": "catmullrom"
						},
						"2.4583": {
							"post": [-30, 0, 0],
							"lerp_mode": "catmullrom"
						},
						"2.7917": {
							"post": [-30, 0, 0],
							"lerp_mode": "catmullrom"
						},
						"2.875": {
							"post": [-5.59375, 0, 0],
							"lerp_mode": "catmullrom"
						},
						"3.125": {
							"post": [-31, 0, 0],
							"lerp_mode": "catmullrom"
						},
						"3.5": {
							"post": [-17.4375, 0, 0],
							"lerp_mode": "catmullrom"
						},
						"4.1667": {
							"post": [-25.09, 0, 0],
							"lerp_mode": "catmullrom"
						},
						"4.375": {
							"post": [-23.5, 0, 0],
							"lerp_mode": "catmullrom"
						},
						"4.5833": {
							"post": [-28.28217, 0, 0],
							"lerp_mode": "catmullrom"
						},
						"4.8333": {
							"post": [-26.28217, 0, 0],
							"lerp_mode": "catmullrom"
						},
						"4.9167": {
							"post": [-26.28, 0, 0],
							"lerp_mode": "catmullrom"
						},
						"5.125": [-26.28, 0, 0]
					}
				},
				"head": {
					"rotation": {
						"0.0": {
							"post": [8.57295, 0, 0],
							"lerp_mode": "catmullrom"
						},
						"0.4583": {
							"post": [11.39812, 0, 0],
							"lerp_mode": "catmullrom"
						},
						"0.7083": {
							"post": [8.4, 0, 0],
							"lerp_mode": "catmullrom"
						},
						"1.0417": {
							"post": [8.90375, 0, 0],
							"lerp_mode": "catmullrom"
						},
						"1.2083": {
							"post": [29.61, 0, 0],
							"lerp_mode": "catmullrom"
						},
						"1.4167": {
							"post": [20.0875, 0, 0],
							"lerp_mode": "catmullrom"
						},
						"1.5833": {
							"post": [79.4, 0, 0],
							"lerp_mode": "catmullrom"
						},
						"1.875": {
							"post": [79.4, 0, 0],
							"lerp_mode": "catmullrom"
						},
						"2.0417": {
							"post": [5, 0, 0],
							"lerp_mode": "catmullrom"
						},
						"2.4583": {
							"post": [5, 0, 0],
							"lerp_mode": "catmullrom"
						},
						"2.8333": {
							"post": [5, 0, 0],
							"lerp_mode": "catmullrom"
						},
						"2.9167": {
							"post": [8.0625, 0, 0],
							"lerp_mode": "catmullrom"
						},
						"3.0": {
							"post": [-1.03125, 0, 0],
							"lerp_mode": "catmullrom"
						},
						"3.25": {
							"post": [5, 0, 0],
							"lerp_mode": "catmullrom"
						},
						"3.7083": {
							"post": [6.34125, 0, 0],
							"lerp_mode": "catmullrom"
						},
						"3.9583": {
							"post": [3.2825, 0, 0],
							"lerp_mode": "catmullrom"
						},
						"4.375": {
							"post": [12.14, 0, 0],
							"lerp_mode": "catmullrom"
						},
						"4.75": {
							"post": [8.57295, 0, 0],
							"lerp_mode": "catmullrom"
						},
						"5.0": {
							"post": [8.57, 0, 0],
							"lerp_mode": "catmullrom"
						},
						"5.125": [8.57, 0, 0]
					},
					"position": {
						"1.2917": [0, 0, 0],
						"1.5833": [0, 1.875, -1],
						"1.875": [0, 1.88, -1],
						"2.0417": [0, 0, 0],
						"2.4583": [0, 0, 0]
					}
				},
				"left_arm": {
					"rotation": {
						"0.0": {
							"post": [4.04508, 10, 15.96447],
							"lerp_mode": "catmullrom"
						},
						"0.125": {
							"post": [4.23894, 19.97403, 16.71124],
							"lerp_mode": "catmullrom"
						},
						"0.4583": {
							"post": [8.92743, -11.10465, 25.23889],
							"lerp_mode": "catmullrom"
						},
						"0.625": {
							"post": [5.04, 3.23625, 33.47],
							"lerp_mode": "catmullrom"
						},
						"0.8333": {
							"post": [3.77, 7.805, 34.19],
							"lerp_mode": "catmullrom"
						},
						"0.9583": {
							"post": [4.86, 25.49625, 33.85],
							"lerp_mode": "catmullrom"
						},
						"1.0833": {
							"post": [-9.1225, 43.66375, 12.92],
							"lerp_mode": "catmullrom"
						},
						"1.2083": {
							"post": [26.7875, 42.60625, 39.10625],
							"lerp_mode": "catmullrom"
						},
						"1.4167": {
							"post": [38.15875, -6.68, 33.67],
							"lerp_mode": "catmullrom"
						},
						"1.8333": {
							"post": [-13.75125, -5.61, 32.96],
							"lerp_mode": "catmullrom"
						},
						"2.4583": {
							"post": [5.28, -5.61, 32.96],
							"lerp_mode": "catmullrom"
						},
						"2.875": {
							"post": [13.79625, 16.2125, 33.76],
							"lerp_mode": "catmullrom"
						},
						"3.1667": {
							"post": [-5.97, -13.0475, 8.2725],
							"lerp_mode": "catmullrom"
						},
						"3.2917": {
							"post": [13.50125, 26.88625, 19.42875],
							"lerp_mode": "catmullrom"
						},
						"3.625": {
							"post": [39.4125, 35.4125, 21.85],
							"lerp_mode": "catmullrom"
						},
						"3.875": {
							"post": [8.375, 7.2, 7.785],
							"lerp_mode": "catmullrom"
						},
						"4.1667": {
							"post": [42.00776, 20.21877, 26.87317],
							"lerp_mode": "catmullrom"
						},
						"4.5": {
							"post": [4.04508, 10, 15.96447],
							"lerp_mode": "catmullrom"
						},
						"4.8333": {
							"post": [4.05, 10, 15.96],
							"lerp_mode": "catmullrom"
						},
						"5.125": [4.05, 10, 15.96]
					}
				},
				"left_end_arm": {
					"rotation": {
						"0.0": [0, -20, 0],
						"0.5833": {
							"pre": [0, -28.96875, 0],
							"post": [0, -28.96875, 0],
							"lerp_mode": "catmullrom"
						},
						"0.75": {
							"post": [0, -18.715, 0],
							"lerp_mode": "catmullrom"
						},
						"0.9583": {
							"post": [0, -17.61, 0],
							"lerp_mode": "catmullrom"
						},
						"1.0833": {
							"post": [0, -32.715, 0],
							"lerp_mode": "catmullrom"
						},
						"1.4167": {
							"post": [0, -23.0225, 0],
							"lerp_mode": "catmullrom"
						},
						"1.625": {
							"post": [0, -25.64375, 0],
							"lerp_mode": "catmullrom"
						},
						"1.875": {
							"post": [0, -6.625, 0],
							"lerp_mode": "catmullrom"
						},
						"2.625": {
							"post": [0, -21.05, 0],
							"lerp_mode": "catmullrom"
						},
						"2.9167": {
							"post": [0, -15.51625, 0],
							"lerp_mode": "catmullrom"
						},
						"3.2083": {
							"post": [0, -24.59875, 0],
							"lerp_mode": "catmullrom"
						},
						"3.4167": {
							"post": [0, -14.96875, 0],
							"lerp_mode": "catmullrom"
						},
						"3.6667": {
							"post": [0, -8.05625, 0],
							"lerp_mode": "catmullrom"
						},
						"3.9167": {
							"post": [0, -14.97, 0],
							"lerp_mode": "catmullrom"
						},
						"4.1667": [0, -10, 0],
						"4.5417": [0, -20, 0]
					}
				},
				"right_arm": {
					"rotation": {
						"0.0": {
							"post": [2.93893, -10, -17.95492],
							"lerp_mode": "catmullrom"
						},
						"0.25": {
							"post": [3.19318, -32.51006, -18.79372],
							"lerp_mode": "catmullrom"
						},
						"0.5": {
							"post": [5.4, -3.965, -23.57],
							"lerp_mode": "catmullrom"
						},
						"0.75": {
							"post": [7.56873, -11.35872, -28.2412],
							"lerp_mode": "catmullrom"
						},
						"1.0833": {
							"post": [13.68, 29.65125, -32.77],
							"lerp_mode": "catmullrom"
						},
						"1.2917": {
							"post": [7.57, -11.36, -28.24],
							"lerp_mode": "catmullrom"
						},
						"1.5417": [-74.9168, -12.39196, 12.74725],
						"1.5833": [-80.04, 1.22, 19.79],
						"1.6667": [-76.49894, 11.65671, -44.81022],
						"1.7083": [-80.53171, -5.87027, -55.76937],
						"1.75": [-90.2804, -12.73278, -38.83009],
						"1.7917": {
							"pre": [-124.11472, -8.01612, -4.44397],
							"post": [-124.11472, -8.01612, -4.44397],
							"lerp_mode": "catmullrom"
						},
						"1.875": {
							"post": [-104.5, 33.81, 26.28],
							"lerp_mode": "catmullrom"
						},
						"2.0417": {
							"post": [-5.97649, -26.9273, -15.91945],
							"lerp_mode": "catmullrom"
						},
						"2.75": {
							"post": [-5.98, -26.93, -15.92],
							"lerp_mode": "catmullrom"
						},
						"2.875": {
							"post": [16.85, -26.93, -29.57375],
							"lerp_mode": "catmullrom"
						},
						"2.9583": {
							"post": [13.025, -26.93, -19.2325],
							"lerp_mode": "catmullrom"
						},
						"3.1667": {
							"post": [13.38, -11.64875, -15.92],
							"lerp_mode": "catmullrom"
						},
						"3.3333": {
							"post": [16.24, -45.3, -15.7],
							"lerp_mode": "catmullrom"
						},
						"3.5417": {
							"post": [39.81125, -44.33, -15.68],
							"lerp_mode": "catmullrom"
						},
						"3.875": {
							"post": [-0.765, -22.93875, -8.82625],
							"lerp_mode": "catmullrom"
						},
						"4.1667": {
							"post": [34.02, -26.93, -15.92],
							"lerp_mode": "catmullrom"
						},
						"4.4583": {
							"post": [2.93893, -10, -17.95492],
							"lerp_mode": "catmullrom"
						},
						"4.625": {
							"post": [2.94, -10, -17.95],
							"lerp_mode": "catmullrom"
						},
						"5.125": [2.94, -10, -17.95]
					}
				},
				"right_end_arm": {
					"rotation": {
						"0.0": [0, 17.06107, 0],
						"0.125": {
							"pre": [0, 18.0825, 0],
							"post": [0, 18.0825, 0],
							"lerp_mode": "catmullrom"
						},
						"0.3333": {
							"post": [0, 7.89875, 0],
							"lerp_mode": "catmullrom"
						},
						"0.5417": {
							"post": [0, 10.45625, 0],
							"lerp_mode": "catmullrom"
						},
						"0.625": {
							"post": [0, 17.67125, 0],
							"lerp_mode": "catmullrom"
						},
						"1.3333": {
							"post": [0, 17.06, 0],
							"lerp_mode": "catmullrom"
						},
						"1.5833": {
							"post": [0, 31.59125, 0],
							"lerp_mode": "catmullrom"
						},
						"1.6667": {
							"post": [0, -24.96, 0],
							"lerp_mode": "catmullrom"
						},
						"1.75": {
							"post": [0, -15.94, 0],
							"lerp_mode": "catmullrom"
						},
						"1.7917": {
							"post": [0, 8.57, 0],
							"lerp_mode": "catmullrom"
						},
						"1.875": {
							"post": [0, -2.94, 0],
							"lerp_mode": "catmullrom"
						},
						"2.4583": [0, -2.94, 0],
						"2.625": {
							"pre": [0, 3.52875, 0],
							"post": [0, 3.52875, 0],
							"lerp_mode": "catmullrom"
						},
						"2.9167": {
							"post": [0, -6.275, 0],
							"lerp_mode": "catmullrom"
						},
						"3.0833": {
							"post": [0, 26.485, 0],
							"lerp_mode": "catmullrom"
						},
						"3.4167": {
							"post": [0, 28.10375, 0],
							"lerp_mode": "catmullrom"
						},
						"3.7083": {
							"post": [0, 12.88125, 0],
							"lerp_mode": "catmullrom"
						},
						"3.9167": {
							"post": [0, 23.59375, 0],
							"lerp_mode": "catmullrom"
						},
						"4.4583": [0, 17.06107, 0]
					}
				},
				"left_leg": {
					"rotation": {
						"0.0": [-38.735, -9.93191, -14.48174],
						"0.1667": [-46.2325, -9.93096, -14.48087],
						"0.2917": [-40.61, -3.7, -14.48],
						"0.3333": [-41.07375, -1.6175, -14.48],
						"0.625": [-43.7282, -22.47216, -15.38829],
						"0.875": [-43.7282, -22.47216, -15.38829],
						"0.9167": {
							"pre": [-52.105, -22.47, -13.14],
							"post": [-52.105, -22.47, -13.14],
							"lerp_mode": "catmullrom"
						},
						"1.0417": {
							"post": [-51.75, -22.47, -13.14],
							"lerp_mode": "catmullrom"
						},
						"1.0833": [-43.73, -22.47, -13.14],
						"1.1667": {
							"pre": [-24.855, -15.12625, -9.2025],
							"post": [-24.855, -15.12625, -9.2025],
							"lerp_mode": "catmullrom"
						},
						"1.2083": {
							"post": [5.45875, -4.73875, -1.71875],
							"lerp_mode": "catmullrom"
						},
						"1.375": {
							"post": [30.15633, -2.77385, 1.27821],
							"lerp_mode": "catmullrom"
						},
						"1.5417": {
							"post": [42.65633, -8.02385, -3.44054],
							"lerp_mode": "catmullrom"
						},
						"1.875": {
							"post": [42.66, -8.02, -3.44],
							"lerp_mode": "catmullrom"
						},
						"2.0417": [-24.30875, -8.02, -3.44],
						"2.4583": [-24.31, -8.02, -3.44],
						"2.9583": [-24.31, -8.02, -3.44],
						"3.3333": [-38.31, -8.02, -3.44],
						"3.4167": [-6.81, -8.02, -3.44],
						"3.6667": {
							"pre": [-30.31, -7.8325, -3.44],
							"post": [-30.31, -7.8325, -3.44],
							"lerp_mode": "catmullrom"
						},
						"3.875": {
							"post": [-3.40375, -6.92625, -5.09625],
							"lerp_mode": "catmullrom"
						},
						"4.1667": {
							"post": [-3.77312, -5.2396, -8.37783],
							"lerp_mode": "catmullrom"
						},
						"4.3333": {
							"post": [-45.31955, -9.93191, -14.48174],
							"lerp_mode": "catmullrom"
						},
						"4.4583": [-38.735, -9.93191, -14.48174]
					},
					"position": {
						"0.0": [-0.6563, -0.7, 0],
						"0.2917": [-0.66, -0.7, 0],
						"0.3333": [-0.66, -0.7, 0.125],
						"0.375": [-0.66, -0.7, 0.125],
						"0.5": [-0.47625, -0.8875, -0.385],
						"0.5417": [-0.44, -0.98, -0.42625],
						"0.625": [-0.745, -1.15375, -0.03],
						"0.875": [-0.745, -1.15375, -0.03],
						"1.0417": [-0.66, -0.7, 0],
						"1.125": [-0.66, -0.10625, 0],
						"1.1667": [-0.66, -1.1375, 0.65625],
						"1.2083": [-0.66, -1.1775, 0],
						"1.4583": [-0.66, 1.86375, 0],
						"2.0833": [-0.66, 1.0825, 0],
						"2.4583": [-0.66, 1.08, 0],
						"2.9583": [-0.66, 1.08, 0],
						"3.3333": {
							"pre": [-0.66, 0.1425, 0],
							"post": [-0.66, 0.1425, 0],
							"lerp_mode": "catmullrom"
						},
						"4.1667": {
							"post": [-0.66, 0.14, 0],
							"lerp_mode": "catmullrom"
						},
						"4.3333": {
							"post": [-0.69389, -0.40753, -0.35336],
							"lerp_mode": "catmullrom"
						},
						"4.4583": [-0.6563, -0.7, 0]
					}
				},
				"left_knee": {
					"rotation": {
						"0.0": [49.5615, -7.05302, 7.10708],
						"0.1667": [67.06075, -7.05151, 7.10854],
						"0.2917": [53.94, -7.05, 7.11],
						"0.3333": [54.435, -7.05, 7.11],
						"0.625": [52.07144, -8.87862, 8.83143],
						"0.875": [52.07144, -8.87862, 8.83143],
						"0.9583": [65.07, -8.88, 8.83],
						"1.0833": [45.66375, -8.88, 8.83],
						"1.1667": [42.6325, -8.88, 8.83],
						"1.2083": {
							"pre": [9.72375, -7.1, 7.06],
							"post": [9.72375, -7.1, 7.06],
							"lerp_mode": "catmullrom"
						},
						"1.375": {
							"post": [24.71875, 0, 0],
							"lerp_mode": "catmullrom"
						},
						"1.5833": {
							"post": [40, 0, 0],
							"lerp_mode": "catmullrom"
						},
						"1.875": {
							"post": [40, 0, 0],
							"lerp_mode": "catmullrom"
						},
						"2.0417": [24.78125, 0, 0],
						"2.4583": [24.78, 0, 0],
						"2.9583": [24.78, 0, 0],
						"3.3333": [44.78, 0, 0],
						"3.4167": [-2.72, 0, 0],
						"3.7083": {
							"pre": [36.8425, 0, 0],
							"post": [36.8425, 0, 0],
							"lerp_mode": "catmullrom"
						},
						"4.1667": {
							"post": [18.72, 0, 0],
							"lerp_mode": "catmullrom"
						},
						"4.3333": {
							"post": [57.3648, -7.05302, 7.10708],
							"lerp_mode": "catmullrom"
						},
						"4.4583": [49.5615, -7.05302, 7.10708]
					}
				},
				"left_foot": {
					"rotation": {
						"0.0": [-7.50053, 2.58807, 2.17612],
						"0.3333": [-7.5, 2.59, 2.18],
						"0.625": [-2, 2.59, 2.18],
						"0.875": [-2, 2.59, 2.18],
						"1.0833": [9.12625, 2.59, 2.18],
						"1.125": [-1.1675, 2.59, 2.18],
						"1.1667": [-12.53, 2.59, 2.18],
						"1.2083": [2.6025, 2.59, 2.18],
						"1.2917": [19.95625, 2.59, 2.18],
						"1.875": [0.97, 2.59, 2.18],
						"2.4583": [0.97, 2.59, 2.18],
						"2.9583": [0.97, 2.59, 2.18],
						"3.3333": [-1.53, 2.59, 2.18],
						"3.4167": [10.97, 2.59, 2.18],
						"4.1667": [10.97, 2.59, 2.18],
						"4.25": [-2.84428, 2.58807, 2.17612],
						"4.3333": [-5.59, 2.59, 2.18],
						"4.4583": [-7.50053, 2.58807, 2.17612]
					}
				},
				"right_leg": {
					"rotation": {
						"0.0": [-38.735, 9.93191, 14.48174],
						"0.2917": [-33.51625, 33.03, 16.46],
						"0.3333": [-37.6445, 36.33182, 16.74414],
						"0.4583": [-37.80045, 36.33109, 16.74248],
						"0.5417": [-39.05022, 36.33055, 16.74124],
						"0.625": [-30.3, 36.33, 16.74],
						"0.875": [-30.3, 36.33, 16.74],
						"1.0833": [-7.80094, 20.21861, 29.38665],
						"1.4167": {
							"pre": [67.09996, 12.09512, 23.90911],
							"post": [67.09996, 12.09512, 23.90911],
							"lerp_mode": "catmullrom"
						},
						"1.7917": {
							"post": [-6.07743, -11.58516, 12.43008],
							"lerp_mode": "catmullrom"
						},
						"2.0": {
							"post": [-33.29875, -3.63, 16.67],
							"lerp_mode": "catmullrom"
						},
						"2.25": [-7.8, 20.22, 29.39],
						"3.125": [-7.8, 20.22, 29.39],
						"3.25": [-10.03459, 16.58294, 19.47737],
						"3.375": [-1.61118, 15.65013, 14.364],
						"3.5": {
							"pre": [-14.95288, 11.4068, 5.04746],
							"post": [-14.95288, 11.4068, 5.04746],
							"lerp_mode": "catmullrom"
						},
						"3.75": {
							"post": [-46.89038, 11.4068, 5.04746],
							"lerp_mode": "catmullrom"
						},
						"3.9167": {
							"post": [-18.9525, 11.41, 5.05],
							"lerp_mode": "catmullrom"
						},
						"4.0833": {
							"post": [-4.16875, 11.41, 5.05],
							"lerp_mode": "catmullrom"
						},
						"4.2083": {
							"post": [-25.10625, 11.41, 5.05],
							"lerp_mode": "catmullrom"
						},
						"4.5": [-38.735, 9.93191, 14.48174]
					},
					"position": {
						"0.0": [0.6563, -0.7, 0],
						"0.4583": [0.66, -0.7, 0],
						"0.625": [0.66, -0.54375, 0],
						"0.875": [0.66, -0.54375, 0],
						"1.1667": [0.66, -0.7, 0],
						"1.4167": [0.94125, 1.6125, -1.03125],
						"1.7917": [0.66, -0.7, 0],
						"1.9583": [0.66, 1.03, 0],
						"2.0833": [0.66, -0.29375, 0],
						"2.375": [0.66, -0.7, 0],
						"3.125": [0.66, -0.7, 0],
						"3.25": {
							"pre": [1.40625, 0.5625, 0],
							"post": [1.40625, 0.5625, 0],
							"lerp_mode": "catmullrom"
						},
						"3.3333": {
							"post": [1.40625, 1.0625, 0],
							"lerp_mode": "catmullrom"
						},
						"3.4167": [1.41, -0.44, 0],
						"3.5833": [0.62586, -0.93681, 0.28612],
						"4.2917": [0.63, 0.46625, 0.29],
						"4.3333": [0.63, 0.22, 0.29],
						"4.4583": [0.68927, -0.63101, -0.30989],
						"4.5": [0.6563, -0.7, 0]
					}
				},
				"right_knee": {
					"rotation": {
						"0.0": [49.5615, 7.05302, -7.10708],
						"0.125": [51.795, 7.05, -7.11],
						"0.2083": [52.545, 7.05, -7.11],
						"0.2917": [52.71775, 7.05302, -7.10708],
						"0.4167": [48.46125, 6.65, -6.94],
						"0.4583": [52.35671, 6.24936, -6.76781],
						"0.5417": [55.84898, 6.64968, -6.93891],
						"0.625": [47.06, 7.05, -7.11],
						"0.875": [47.06, 7.05, -7.11],
						"1.0833": [35.15375, 7.05, -7.11],
						"1.1667": {
							"pre": [51.31875, 7.05, -7.11],
							"post": [51.31875, 7.05, -7.11],
							"lerp_mode": "catmullrom"
						},
						"1.3333": {
							"post": [29.1275, 7.05, -7.11],
							"lerp_mode": "catmullrom"
						},
						"1.6667": {
							"post": [85.1975, 7.05, -7.11],
							"lerp_mode": "catmullrom"
						},
						"1.75": {
							"post": [111.78375, 7.05, -7.11],
							"lerp_mode": "catmullrom"
						},
						"1.875": {
							"post": [84.06, 7.05, -7.11],
							"lerp_mode": "catmullrom"
						},
						"2.0417": {
							"post": [34.8875, 7.05, -7.11],
							"lerp_mode": "catmullrom"
						},
						"2.2083": [37.06, 7.05, -7.11],
						"2.375": [37.06, 7.05, -7.11],
						"3.125": [37.06, 7.05, -7.11],
						"3.375": [7.09125, 7.05, -7.11],
						"3.5833": {
							"pre": [12.5, 0, 0],
							"post": [12.5, 0, 0],
							"lerp_mode": "catmullrom"
						},
						"3.7917": {
							"post": [54.09375, 0, 0],
							"lerp_mode": "catmullrom"
						},
						"4.125": {
							"post": [35.24625, 0, 0],
							"lerp_mode": "catmullrom"
						},
						"4.2917": {
							"post": [47.18, 0, 0],
							"lerp_mode": "catmullrom"
						},
						"4.5": [49.5615, 7.05302, -7.10708]
					}
				},
				"right_foot": {
					"rotation": {
						"0.0": [-7.50053, -2.58807, -2.17612],
						"0.2917": [-7.5, -2.59, -2.18],
						"0.3333": {
							"pre": [0.21875, -2.59, -2.18],
							"post": [0.21875, -2.59, -2.18],
							"lerp_mode": "catmullrom"
						},
						"0.4167": {
							"post": [-0.15625, -2.59, -2.18],
							"lerp_mode": "catmullrom"
						},
						"0.5417": [-2.5, -2.59, -2.18],
						"0.625": [-7.5, -2.59, -2.18],
						"1.0833": [-7.5, -2.59, -2.18],
						"1.3333": {
							"pre": [-5.835, -2.59, -2.18],
							"post": [-5.835, -2.59, -2.18],
							"lerp_mode": "catmullrom"
						},
						"1.625": {
							"post": [-0.72375, -2.59, -2.18],
							"lerp_mode": "catmullrom"
						},
						"1.9583": {
							"post": [1.0625, -2.59, -2.18],
							"lerp_mode": "catmullrom"
						},
						"2.4583": [-7.5, -2.59, -2.18],
						"3.0417": [-7.5, -2.59, -2.18],
						"3.25": [-2.5, -2.59, -2.18],
						"3.375": [10, -2.59, -2.18],
						"4.125": [10, -2.59, -2.18],
						"4.2917": {
							"pre": [-4.625, -2.59, -2.18],
							"post": [-4.625, -2.59, -2.18],
							"lerp_mode": "catmullrom"
						},
						"4.3333": {
							"post": [-15.21875, -2.59, -2.18],
							"lerp_mode": "catmullrom"
						},
						"4.4583": [-7.50053, -2.58807, -2.17612],
						"4.5": [-7.50053, -2.58807, -2.17612]
					}
				},
				"barrel": {
					"position": {
						"1.25": [0, 0, 0],
						"1.3333": [0, 0, 5.96875],
						"1.9167": [0, 0, 5.97],
						"2.0833": [0, 0, 0],
						"2.4167": [0, 0, 0],
						"2.625": [0, 0, 0.0625],
						"2.7917": [0, 0, 2.59125],
						"3.0417": [0, 0, 0],
						"3.25": [0, 0, 0],
						"3.4583": [0, 0, 5.97],
						"4.3333": [0, 0, 5.97],
						"4.4583": [0, 0, 0],
						"5.125": [0, 0, 0]
					}
				},
				"barrel_tip": {
					"position": {
						"1.2083": [0, 0, 0],
						"1.2917": [0, 0, 6],
						"1.875": [0, 0, 6],
						"2.0417": [0, 0, 0],
						"2.375": [0, 0, 0],
						"2.625": [0, 0, 0.2225],
						"2.75": [0, 0, 3.25125],
						"3.2083": [0, 0, 0],
						"3.375": [0, 0, 6],
						"4.4167": [0, 0, 6],
						"4.5417": [0, 0, 0]
					}
				},
				"particle_locator": {
					"position": {
						"2.6667": [0, 0, 6.53625],
						"2.75": [0, 0, 3.625],
						"3.0": [0, 0.25, -4.1875]
					}
				},
				"left_thigh": {
					"position": [0, 0, -0.125]
				},
				"right_thigh": {
					"position": [0, 0, -0.1875]
				}
			},
			"particle_effects": {
				"2.625": {
					"effect": "altered_confetti",
					"locator": "locator"
				},
				"2.8333": {
					"effect": "smoke",
					"locator": "locator"
				}
			}
		},
		"animation.genesect.quirk1": {
			"animation_length": 3.45833,
			"bones": {
				"neck": {
					"rotation": {
						"0.0": {
							"post": [-26.28217, 0, 0],
							"lerp_mode": "catmullrom"
						},
						"0.1667": {
							"post": [-43.84375, 0, 0],
							"lerp_mode": "catmullrom"
						},
						"0.4167": {
							"post": [-25.84467, 0, 0],
							"lerp_mode": "catmullrom"
						},
						"0.8333": [-100, 0, 0],
						"2.4167": [-100, 0, 0],
						"2.5417": {
							"pre": [-54.8125, 0, 0],
							"post": [-54.8125, 0, 0],
							"lerp_mode": "catmullrom"
						},
						"2.6667": {
							"post": [-33.02125, 0, 0],
							"lerp_mode": "catmullrom"
						},
						"2.8333": {
							"post": [-38.4225, 0, 0],
							"lerp_mode": "catmullrom"
						},
						"2.9583": {
							"post": [-25.28375, 0, 0],
							"lerp_mode": "catmullrom"
						},
						"3.125": {
							"post": [-26.28217, 0, 0],
							"lerp_mode": "catmullrom"
						},
						"3.4583": [-26.28, 0, 0]
					},
					"position": {
						"0.0": [0, 0, 0],
						"0.25": [0, 1.125, 0.96875],
						"0.375": [0, 1.125, 0.96875],
						"0.5": [0, 0, 0],
						"0.8333": [0, 0.6, 3.45],
						"2.5": [0, 0.6, 3.45],
						"2.7083": [0, 0, 0]
					}
				},
				"body": {
					"rotation": {
						"0.0": [0, 0, 0],
						"0.25": [0, -5, 0],
						"0.375": [0, -5, 0],
						"0.5": [0, 0, 0],
						"0.625": {
							"pre": [0, -37.5, -32.5],
							"post": [0, -37.5, -32.5],
							"lerp_mode": "catmullrom"
						},
						"0.7917": {
							"post": [97.63343, -0.99705, -320.43708],
							"lerp_mode": "catmullrom"
						},
						"1.0": {
							"post": [88.19307, -1.56277, -360.16367],
							"lerp_mode": "catmullrom"
						},
						"1.25": {
							"post": [96.63057, -1.56277, -360.16367],
							"lerp_mode": "catmullrom"
						},
						"1.625": {
							"post": [89.315, -1.56, -360.16],
							"lerp_mode": "catmullrom"
						},
						"1.9583": {
							"post": [95.8775, -1.56, -360.16],
							"lerp_mode": "catmullrom"
						},
						"2.125": {
							"post": [102.76, -1.56, -360.16],
							"lerp_mode": "catmullrom"
						},
						"2.2917": {
							"post": [88.09875, -1.56, -360.16],
							"lerp_mode": "catmullrom"
						},
						"2.5": [44.00625, -1.56, -360.16],
						"2.7083": [-21.17375, -0.69, -360.07],
						"2.8333": [-4.71875, 0, -360],
						"2.875": {
							"pre": [-4.71875, 0, -360],
							"post": [-4.71875, 0, 0]
						},
						"3.0": [0, 0, 0]
					},
					"position": {
						"0.0": [0, -2, 0],
						"0.25": [0, -3.5625, 0],
						"0.375": [0, -3.5625, 0],
						"0.5": [0, -2, 0],
						"0.625": {
							"pre": [0, 11.25, 3.90625],
							"post": [0, 11.25, 3.90625],
							"lerp_mode": "catmullrom"
						},
						"0.7917": {
							"post": [0, 19.15625, 8.71875],
							"lerp_mode": "catmullrom"
						},
						"0.9583": {
							"post": [0, 1.9725, 11.5],
							"lerp_mode": "catmullrom"
						},
						"1.2083": {
							"post": [0, -3.37, 11.8125],
							"lerp_mode": "catmullrom"
						},
						"1.5417": {
							"post": [0, -0.1875, 11.5],
							"lerp_mode": "catmullrom"
						},
						"1.8333": {
							"post": [0, -1.34375, 13.59375],
							"lerp_mode": "catmullrom"
						},
						"2.0833": {
							"post": [0, -0.80875, 15.84],
							"lerp_mode": "catmullrom"
						},
						"2.3333": {
							"post": [0, -3.09125, 11.78125],
							"lerp_mode": "catmullrom"
						},
						"2.5417": {
							"post": [0, 5.4275, 5.89],
							"lerp_mode": "catmullrom"
						},
						"2.7083": [0, -1.2275, 7.46],
						"2.8333": [0, -1.75, 0.3925],
						"2.875": [0, -2.255, -0.3325],
						"3.0417": [0, -2, 0]
					}
				},
				"torso": {
					"rotation": {
						"0.0": {
							"post": [23.38197, 0, 0],
							"lerp_mode": "catmullrom"
						},
						"0.125": {
							"post": [30.78, -2.45625, 0.69],
							"lerp_mode": "catmullrom"
						},
						"0.2083": {
							"post": [39.5, -4.97, 1.12],
							"lerp_mode": "catmullrom"
						},
						"0.25": [41.70474, -5.64966, 1.27575],
						"0.375": [41.70474, -5.64966, 1.27575],
						"1.0": [0, 0, 0],
						"2.5": [0, 0, 0],
						"2.625": {
							"pre": [8.51625, 0, 0],
							"post": [8.51625, 0, 0],
							"lerp_mode": "catmullrom"
						},
						"2.7083": {
							"post": [17.6, 0, 0],
							"lerp_mode": "catmullrom"
						},
						"2.7917": {
							"post": [23.38197, 0, 0],
							"lerp_mode": "catmullrom"
						},
						"3.4583": {
							"post": [23.38, 0, 0],
							"lerp_mode": "catmullrom"
						}
					},
					"position": {
						"0.0": [0, 0.5, -0.17634],
						"0.25": [0, -2.375, -1.59375],
						"0.375": [0, -2.375, -1.59375],
						"0.5": {
							"pre": [0, -1.96875, -0.17634],
							"post": [0, -1.96875, -0.17634],
							"lerp_mode": "catmullrom"
						},
						"0.625": {
							"post": [0, 0.24625, -0.01],
							"lerp_mode": "catmullrom"
						},
						"1.0": [0, 0, 0],
						"2.5": [0, 0, 0],
						"2.7917": [0, 0.5, -0.17634]
					}
				},
				"back_gun": {
					"rotation": {
						"0.0": {
							"post": [-49.38197, 0, 0],
							"lerp_mode": "catmullrom"
						},
						"0.5": {
							"post": [-49.38197, 0, 0],
							"lerp_mode": "catmullrom"
						},
						"0.8333": [-100, 0, 0],
						"2.5": [-100, 0, 0],
						"2.7917": {
							"pre": [-53.66322, 0, 0],
							"post": [-53.66322, 0, 0],
							"lerp_mode": "catmullrom"
						},
						"3.0": {
							"post": [-42.755, 0, 0],
							"lerp_mode": "catmullrom"
						},
						"3.2917": [-49.38197, 0, 0]
					},
					"position": {
						"0.0": [0, 0, 0],
						"0.25": [0, 0.6875, 0.15625],
						"0.375": [0, 0.6875, 0.15625],
						"0.5": [0, 0, 0],
						"0.8333": [0, 0, -3],
						"2.5": [0, 0, -3],
						"2.7917": [0, 0, 0]
					}
				},
				"left_arm": {
					"rotation": {
						"0.0": {
							"post": [4.04508, 10, 15.96447],
							"lerp_mode": "catmullrom"
						},
						"0.0833": {
							"post": [9.5, 25.0425, 18.19],
							"lerp_mode": "catmullrom"
						},
						"0.1667": {
							"post": [15.57, 47.43, 20.67],
							"lerp_mode": "catmullrom"
						},
						"0.25": [20.42481, 63.19404, 22.64713],
						"0.375": [20.42481, 63.19404, 22.64713],
						"0.4583": {
							"pre": [18.17, 43.67, 20.9],
							"post": [18.17, 43.67, 20.9],
							"lerp_mode": "catmullrom"
						},
						"0.5833": {
							"post": [2.67008, 11.15625, 15.96447],
							"lerp_mode": "catmullrom"
						},
						"0.7083": {
							"post": [-55.57, 2.14, 5.77],
							"lerp_mode": "catmullrom"
						},
						"0.7917": [-89.53125, 0, 0],
						"2.5": [-90, 0, 0],
						"2.7917": {
							"pre": [4.04508, 10, 15.96447],
							"post": [4.04508, 10, 15.96447],
							"lerp_mode": "catmullrom"
						},
						"2.9583": {
							"post": [4.05, 18.90625, 18.92875],
							"lerp_mode": "catmullrom"
						},
						"3.125": {
							"post": [4.04508, 10, 15.96447],
							"lerp_mode": "catmullrom"
						},
						"3.4583": [4.05, 10, 15.96]
					},
					"position": {
						"0.0": [0, 0, 0],
						"0.25": [0, 0.59375, -2.5],
						"0.375": [0, 0.59375, -2.5],
						"0.5": [0, 0, 0],
						"1.0": [-2, 1, 0],
						"2.5": [-2, 1, 0],
						"2.7917": [0, 0, 0]
					}
				},
				"left_end_arm": {
					"rotation": {
						"0.0": {
							"post": [0, -20, 0],
							"lerp_mode": "catmullrom"
						},
						"0.0833": {
							"post": [0, -24.35, 0],
							"lerp_mode": "catmullrom"
						},
						"0.2083": {
							"post": [0, -37.37125, 0],
							"lerp_mode": "catmullrom"
						},
						"0.25": [0, -40, 0],
						"0.375": [0, -40, 0],
						"0.4583": {
							"pre": [0, -34.1275, 0],
							"post": [0, -34.1275, 0],
							"lerp_mode": "catmullrom"
						},
						"0.5833": {
							"post": [0, -15.0175, 0],
							"lerp_mode": "catmullrom"
						},
						"0.7917": {
							"post": [0, -4.18125, 0],
							"lerp_mode": "catmullrom"
						},
						"1.0": [0, 0, 0],
						"2.5": [0, 0, 0],
						"2.7917": {
							"pre": [0, -20, 0],
							"post": [0, -20, 0],
							"lerp_mode": "catmullrom"
						},
						"3.0417": {
							"post": [0, -15.725, 0],
							"lerp_mode": "catmullrom"
						},
						"3.1667": {
							"post": [0, -20, 0],
							"lerp_mode": "catmullrom"
						},
						"3.4583": [0, -20, 0]
					}
				},
				"right_arm": {
					"rotation": {
						"0.0": {
							"post": [2.93893, -10, -17.95492],
							"lerp_mode": "catmullrom"
						},
						"0.25": {
							"post": [0, 12.5, 0],
							"lerp_mode": "catmullrom"
						},
						"0.375": {
							"post": [0, 7.46875, 0],
							"lerp_mode": "catmullrom"
						},
						"0.5833": {
							"post": [2.93893, -57.40625, -17.95492],
							"lerp_mode": "catmullrom"
						},
						"0.875": [-90, 0, 0],
						"2.5": [-90, 0, 0],
						"2.7917": {
							"pre": [2.93893, -10, -17.95492],
							"post": [2.93893, -10, -17.95492],
							"lerp_mode": "catmullrom"
						},
						"2.9583": {
							"post": [4.05, -18.90625, -18.92875],
							"lerp_mode": "catmullrom"
						},
						"3.125": {
							"post": [2.93893, -10, -17.95492],
							"lerp_mode": "catmullrom"
						},
						"3.4583": [2.94, -10, -17.95]
					},
					"position": {
						"0.0": [0, 0, 0],
						"0.5": [0, 0, 0],
						"1.0": [2, 1, 0],
						"2.5": [2, 1, 0],
						"2.7917": [0, 0, 0]
					}
				},
				"right_end_arm": {
					"rotation": {
						"0.0": {
							"post": [0, 17.06107, 0],
							"lerp_mode": "catmullrom"
						},
						"0.25": {
							"post": [0, 52.5, 0],
							"lerp_mode": "catmullrom"
						},
						"0.5417": {
							"post": [0, 53.71732, 0],
							"lerp_mode": "catmullrom"
						},
						"1.0": [0, 0, 0],
						"2.5": [0, 0, 0],
						"2.7917": {
							"pre": [0, 17.06107, 0],
							"post": [0, 17.06107, 0],
							"lerp_mode": "catmullrom"
						},
						"3.0417": {
							"post": [0, 15.725, 0],
							"lerp_mode": "catmullrom"
						},
						"3.1667": {
							"post": [0, 17.06107, 0],
							"lerp_mode": "catmullrom"
						},
						"3.4583": [0, 17.06, 0]
					}
				},
				"left_leg": {
					"rotation": {
						"0.0": [-38.735, -9.93191, -14.48174],
						"0.25": [-75.52753, -37.84702, 0.17531],
						"0.375": [-75.52753, -37.84702, 0.17531],
						"0.5": [-38.735, -9.93191, -14.48174],
						"1.0": [0, -90, 0],
						"2.5": [0, -90, 0],
						"2.7083": [-26.28875, -10.27, -8.04],
						"2.875": [-35.6675, -9.93, -14.48],
						"3.0417": [-38.73, -9.93, -14.48]
					},
					"position": {
						"0.0": [-0.6563, -0.7, 0],
						"0.25": [-0.25, -1.78125, -2.84375],
						"0.375": [-0.25, -1.78125, -2.84375],
						"0.5": [-0.6563, -0.7, 0],
						"1.0": [2, 0, -4],
						"2.5": [2, 0, -4],
						"2.7917": [-0.6563, -0.7, 0]
					}
				},
				"left_knee": {
					"rotation": {
						"0.0": [49.5615, -7.05302, 7.10708],
						"0.25": [77.5, 0, 0],
						"0.375": [77.5, 0, 0],
						"0.5": [49.5615, -7.05302, 7.10708],
						"1.0": [0, 0, 0],
						"2.5": [0, 0, 0],
						"2.7083": [31.08, -3.92, 3.95],
						"2.875": [55.9365, -7.05302, 7.10708],
						"2.9583": [51.6225, -7.05, 7.11],
						"3.0": [49.37125, -7.05, 7.11],
						"3.0417": [49.56, -7.05, 7.11]
					},
					"position": {
						"0.5": [0, 0, 0],
						"1.0": [0, 5, 0],
						"2.5": [0, 5, 0],
						"2.7917": [0, 0, 0]
					}
				},
				"left_foot": {
					"rotation": {
						"0.0": [-7.50053, 2.58807, 2.17612],
						"0.25": [-2.5, 0, 0],
						"0.375": [-2.5, 0, 0],
						"0.5": [-7.50053, 2.58807, 2.17612],
						"1.0": [90, 0, 0],
						"2.5": [90, 0, 0],
						"2.7083": [14.545, 1.85, 1.55],
						"2.7917": [-4.68803, 2.58807, 2.17612],
						"2.875": [-13.34375, 2.59, 2.18],
						"3.0417": [-7.5, 2.59, 2.18]
					},
					"position": {
						"0.0": [0, 0, 0],
						"0.5": [0, 0, 0],
						"1.0": [0, 0, 0.5],
						"2.5": [0, 0, 0.5],
						"2.7917": [0, 0, 0]
					}
				},
				"right_leg": {
					"rotation": {
						"0.0": [-38.735, 9.93191, 14.48174],
						"0.25": [-17.92445, -28.57252, 20.5247],
						"0.375": [-17.92445, -28.57252, 20.5247],
						"0.5": [-38.735, 9.93191, 14.48174],
						"1.0": [0, 90, 0],
						"2.5": [0, 90, 0],
						"2.7083": [-26.28875, 10.27, 8.04],
						"2.875": [-35.6675, 9.93, 14.48],
						"3.0417": [-38.73, 9.93, 14.48]
					},
					"position": {
						"0.0": [0.6563, -0.7, 0],
						"0.25": [0, -1.8125, 1.59375],
						"0.375": [0, -1.8125, 1.59375],
						"0.5": [0.6563, -0.7, 0],
						"1.0": [-2, 0, -4],
						"2.5": [-2, 0, -4],
						"2.7917": [0.6563, -0.7, 0]
					}
				},
				"right_knee": {
					"rotation": {
						"0.0": [49.5615, 7.05302, -7.10708],
						"0.25": [72.5, 0, 0],
						"0.375": [72.5, 0, 0],
						"0.5": [49.5615, 7.05302, -7.10708],
						"1.0": [0, 0, 0],
						"2.5": [0, 0, 0],
						"2.7083": [31.08, 3.92, -3.95],
						"2.875": [55.9365, 7.05302, -7.10708],
						"2.9583": [51.6225, 7.05, -7.11],
						"3.0": [49.37125, 7.05, -7.11],
						"3.0417": [49.56, 7.05, -7.11]
					},
					"position": {
						"0.5": [0, 0, 0],
						"1.0": [0, 5, 0],
						"2.5": [0, 5, 0],
						"2.7917": [0, 0, 0]
					}
				},
				"right_foot": {
					"rotation": {
						"0.0": [-7.50053, -2.58807, -2.17612],
						"0.25": [20, 0, 0],
						"0.375": [20, 0, 0],
						"0.5": [-7.50053, -2.58807, -2.17612],
						"1.0": [90, 0, 0],
						"2.5": [90, 0, 0],
						"2.7083": [14.545, -1.85, -1.55],
						"2.7917": [-4.68803, -2.58807, -2.17612],
						"2.875": [-13.34375, -2.59, -2.18],
						"3.0417": [-7.5, -2.59, -2.18]
					},
					"position": {
						"0.0": [0, 0, 0],
						"0.5": [0, 0, 0],
						"1.0": [0, 0, 0.5],
						"2.5": [0, 0, 0.5],
						"2.7917": [0, 0, 0]
					}
				},
				"canon_base": {
					"rotation": {
						"0.0": {
							"post": [7.65555, 0, 0],
							"lerp_mode": "catmullrom"
						},
						"0.2083": {
							"post": [-4.37821, -1.94629, 1.90149],
							"lerp_mode": "catmullrom"
						},
						"0.5": {
							"post": [1.53055, 0, 0],
							"lerp_mode": "catmullrom"
						},
						"0.8333": [0, 0, 0],
						"2.5": [0, 0, 0],
						"2.7917": {
							"pre": [2.59305, 0, 0],
							"post": [2.59305, 0, 0],
							"lerp_mode": "catmullrom"
						},
						"2.9167": {
							"post": [1.20375, 0, 0],
							"lerp_mode": "catmullrom"
						},
						"3.2083": {
							"post": [7.65555, 0, 0],
							"lerp_mode": "catmullrom"
						},
						"3.25": [7.65581, 0, 0],
						"3.4583": [7.66, 0, 0]
					},
					"position": {
						"0.0": [0, 0, 0],
						"0.5": [0, 0, 0],
						"0.8333": [0, -3.5, 4],
						"2.5": [0, -3.5, 4],
						"2.7917": [0, 0, 0]
					}
				},
				"head": {
					"rotation": {
						"0.0": {
							"post": [8.13803, 0, 0],
							"lerp_mode": "catmullrom"
						},
						"0.25": {
							"post": [5.1875, 0, -2.5],
							"lerp_mode": "catmullrom"
						},
						"0.4583": {
							"post": [13.4375, 0, -2.5],
							"lerp_mode": "catmullrom"
						},
						"0.8333": [0, 0, 0],
						"2.4583": [0, 0, 0],
						"2.7083": {
							"pre": [5.60678, 0, 0],
							"post": [5.60678, 0, 0],
							"lerp_mode": "catmullrom"
						},
						"2.875": {
							"post": [4.61, 0, 0],
							"lerp_mode": "catmullrom"
						},
						"3.0": {
							"post": [8.11, 0, 0],
							"lerp_mode": "catmullrom"
						},
						"3.1667": {
							"post": [8.13803, 0, 0],
							"lerp_mode": "catmullrom"
						},
						"3.4583": [8.14, 0, 0]
					}
				},
				"chest": {
					"rotation": {
						"0.0": [0.90798, 0, 0],
						"0.25": [12.50749, 8.12356, -6.81895],
						"0.375": [12.50749, 8.12356, -6.81895],
						"0.5": [0.90798, 0, 0],
						"1.0": [0, 0, 0],
						"2.3333": [0, 0, 0],
						"2.625": {
							"pre": [-7.15452, 0, 0],
							"post": [-7.15452, 0, 0],
							"lerp_mode": "catmullrom"
						},
						"2.875": {
							"post": [5.25, 0, 0],
							"lerp_mode": "catmullrom"
						},
						"3.0833": [0.91, 0, 0]
					}
				},
				"barrel": {
					"position": {
						"0.0": [0, 0, 0],
						"0.375": [0, 0, 0],
						"0.5": {
							"pre": [0, 0, 0.86],
							"post": [0, 0, 0.86],
							"lerp_mode": "catmullrom"
						},
						"0.625": {
							"post": [0, 0, 5.3],
							"lerp_mode": "catmullrom"
						},
						"1.0": [0, 0, 6],
						"2.5": [0, 0, 6],
						"2.7917": [0, 0, 0]
					}
				},
				"barrel_tip": {
					"position": {
						"0.0": [0, 0, 0],
						"0.375": [0, 0, 0],
						"0.4583": {
							"pre": [0, 0, 1.3025],
							"post": [0, 0, 1.3025],
							"lerp_mode": "catmullrom"
						},
						"0.5417": {
							"post": [0, 0, 4.00625],
							"lerp_mode": "catmullrom"
						},
						"0.7083": {
							"post": [0, 0, 5.82875],
							"lerp_mode": "catmullrom"
						},
						"1.0": [0, 0, 6],
						"2.5": [0, 0, 6],
						"2.7917": [0, 0, 0]
					}
				},
				"left_thigh": {
					"position": {
						"0.0": [0, 0, -0.125],
						"0.25": [0, 0, -0.3125],
						"0.375": [0, 0, -0.3125],
						"0.5": [0, 0, -0.125],
						"1.0": [0, 0, -0.125],
						"2.5": [0, 0, -0.125],
						"2.7917": [0, 0, -0.125]
					}
				},
				"right_thigh": {
					"position": {
						"0.0": [0, 0, -0.1875],
						"0.25": [0, 0, -0.25],
						"0.375": [0, 0, -0.25],
						"0.5": [0, 0, -0.1875],
						"1.0": [0, 0, -0.1875],
						"2.5": [0, 0, -0.1875],
						"2.7917": [0, 0, -0.1875]
					}
				}
			}
		},
		"animation.genesect.cry": {
			"animation_length": 2.5,
			"bones": {
				"neck": {
					"rotation": [-22.5, 0, 0]
				},
				"body": {
					"position": [0, -2, 0]
				},
				"torso": {
					"rotation": [25, 0, 0]
				},
				"back_gun": {
					"rotation": [-50, 0, 0]
				},
				"left_arm": {
					"rotation": [0, 0, 22.5]
				},
				"left_end_arm": {
					"rotation": [0, -20, 0]
				},
				"right_arm": {
					"rotation": [0, 0, -22.5]
				},
				"right_end_arm": {
					"rotation": [0, 20, 0]
				},
				"left_leg": {
					"rotation": [-33.73499, -9.93191, -14.48174]
				},
				"left_knee": {
					"rotation": [44.56145, -7.05302, 7.10708]
				},
				"left_foot": {
					"rotation": [-5, 0, 0]
				},
				"right_leg": {
					"rotation": [-33.73499, 9.93191, 14.48174]
				},
				"right_knee": {
					"rotation": [44.56145, 7.05302, -7.10708]
				},
				"right_foot": {
					"rotation": [-5, 0, 0]
				},
				"canon_base": {
					"rotation": [7.5, 0, 0]
				},
				"barrel_tip": {
					"position": {
						"0.0": [0, 0, 6],
						"0.375": [0, 0, 0],
						"1.0": [0, 0, 0],
						"1.25": [0, 0, 6]
					}
				},
				"barrel": {
					"position": {
						"0.0": [0, 0, 6.2],
						"0.1667": [0, 0, 0.2],
						"1.25": [0, 0, 0.2],
						"1.4167": [0, 0, 6.2]
					}
				},
				"head": {
					"rotation": [12.5, 0, 0]
				}
			},
			"sound_effects": {
				"0.0": {
					"effect": "pokemon.genesect.cry"
				}
			}
		}
	}
}