{"format_version":"1.8.0","animations":{"animation.greavard.cry":{"animation_length":1,"sound_effects":{"0.0417":{"effect":"pokemon.greavard.cry"}},"bones":{"head":{"rotation":{"0.0":{"post":[0,0,0],"lerp_mode":"catmullrom"},"0.125":{"post":[-22.5,0,0],"lerp_mode":"catmullrom"}},"position":{"0.0":{"post":[0,0,0],"lerp_mode":"catmullrom"},"0.125":{"post":[0,0.1,0],"lerp_mode":"catmullrom"},"0.25":{"post":[0,0.35,0],"lerp_mode":"catmullrom"},"0.375":{"post":[0,0.1,0],"lerp_mode":"catmullrom"},"0.5":{"post":[0,0.35,0],"lerp_mode":"catmullrom"},"0.5833":{"post":[0,0.1,0],"lerp_mode":"catmullrom"}}},"ear_left":{"rotation":[0,0,0]},"top_jaw":{"rotation":{"0.0":{"post":[0,0,0],"lerp_mode":"catmullrom"},"0.25":{"post":[-10,0,0],"lerp_mode":"catmullrom"},"0.375":{"post":[-2.5,0,0],"lerp_mode":"catmullrom"},"0.5":{"post":[-7.5,0,0],"lerp_mode":"catmullrom"},"0.5833":{"post":[-2.5,0,0],"lerp_mode":"catmullrom"}},"position":{"0.0":{"post":[0,0,0],"lerp_mode":"catmullrom"}}},"bottom_jaw":{"rotation":{"0.0":{"post":[0,0,0],"lerp_mode":"catmullrom"},"0.25":{"post":[7.5,0,0],"lerp_mode":"catmullrom"},"0.375":{"post":[0,0,0],"lerp_mode":"catmullrom"},"0.5":{"post":[7.5,0,0],"lerp_mode":"catmullrom"},"0.5833":{"post":[0,0,0],"lerp_mode":"catmullrom"}},"position":{"0.0":{"post":[0,0,0],"lerp_mode":"catmullrom"}}},"leg_right1":{"rotation":[0,0,0]}}},"animation.greavard.ground_idle":{"loop":true,"bones":{"torso":{"position":[0,"math.sin(q.anim_time*90*4-30)*0.1",0]},"tail":{"rotation":[0,"math.sin(q.anim_time*90*4-60)*8",0]},"head":{"rotation":["math.sin(q.anim_time*90*4-50)*1",0,0],"position":["math.sin(q.anim_time*90*4-90)*0.1","math.sin(q.anim_time*90*4)*0.2",0]},"ear_left":{"rotation":[0,0,"math.sin(q.anim_time*90*4)*2"]},"ear_right":{"rotation":[0,0,"math.sin(q.anim_time*90*4-70)*2"]},"top_jaw":{"rotation":["-math.sin(q.anim_time*90*4-40)*0.5",0,0]},"bottom_jaw":{"rotation":["math.sin(q.anim_time*90*4-40)*1",0,0]},"flame":{"rotation":[0,"math.sin(q.anim_time*90*6)*1","math.sin(q.anim_time*90*12)*2"]}}},"animation.greavard.ground_walk":{"loop":true,"animation_length":2,"bones":{"torso":{"rotation":[0,0,"math.sin(q.anim_time*90*4)*8"]},"leg_left1":{"rotation":["-math.cos(q.anim_time*90*4-180)*5",0,0],"position":[0,"math.clamp(-math.sin(q.anim_time*90*4-180)/3,0,3)","-math.cos(q.anim_time*90*4-180)/3"]},"leg_left2":{"rotation":["-math.cos(q.anim_time*90*4)*5",0,0],"position":[0,"math.clamp(-math.sin(q.anim_time*90*4)/3,0,3)","-math.cos(q.anim_time*90*4)/3"]},"leg_right2":{"rotation":["-math.cos(q.anim_time*90*4-180)*5",0,0],"position":[0,"math.clamp(-math.sin(q.anim_time*90*4-180)/3,0,3)","-math.cos(q.anim_time*90*4-180)/3"]},"leg_right1":{"rotation":["-math.cos(q.anim_time*90*4)*5",0,0],"position":[0,"math.clamp(-math.sin(q.anim_time*90*4)/3,0,3)","-math.cos(q.anim_time*90*4)/3"]},"tail":{"rotation":[0,"-math.cos(q.anim_time*90*4)*15",0]},"head":{"rotation":[0,0,"math.sin(q.anim_time*90*4-75)*8"]},"ear_left":{"rotation":["-math.sin(q.anim_time*90*4)*5",0,"-math.sin(q.anim_time*90*4-90)*5"]},"ear_right":{"rotation":["math.sin(q.anim_time*90*4)*5",0,"math.sin(q.anim_time*90*4-90)*5"]},"bottom_jaw":{"rotation":["-math.sin(q.anim_time*90*4)*2",0,0]},"flame":{"rotation":[0,"-math.cos(q.anim_time*90*6-90)*3","-math.cos(q.anim_time*90*4)*5"],"scale":["1+math.cos(q.anim_time*90*16)/11","1-math.cos(q.anim_time*90*16)/11","1+math.cos(q.anim_time*90*16)/11"]}}}}}