{"format_version":"1.8.0","animations":{"animation.greedent.ground_idle":{"loop":true,"bones":{"tail_1":{"rotation":["math.sin(query.anim_time * 360) * 3",0,"math.sin(query.anim_time * 120) * 5"]}}},"animation.greedent.ground_walk":{"loop":true,"bones":{"tail_1":{"rotation":["math.sin(query.anim_time * 360) * 3",0,"math.sin(query.anim_time * 120) * 5"]},"leg_left":{"rotation":["math.sin(query.anim_time * 360) * 25",0,0]},"foot_left":{"rotation":["math.sin(query.anim_time * 360) * 5",0,0]},"leg_left2":{"rotation":["math.sin(query.anim_time * 360) * -25",0,0]},"foot_left2":{"rotation":["math.sin(query.anim_time * 360) * -5",0,0]}}},"animation.greedent.blink":{"animation_length":0.16667,"bones":{"eyelid_right":{"position":{"0.0":[0,0,-1],"0.125":[0,0,0],"0.1667":[0,0,0]}},"eyelid_left":{"position":{"0.0":[0,0,-1],"0.125":[0,0,0],"0.1667":[0,0,0]}},"pupil_right":{"position":{"0.0":[0,0,1],"0.125":[0,0,0],"0.1667":[0,0,0]}},"pupil_left":{"position":{"0.0":[0,0,1],"0.125":[0,0,0],"0.1667":[0,0,0]}}}}}}