{"format_version":"1.8.0","animations":{"animation.gyarados_mega.water_idle":{"loop":true,"bones":{"body":{"rotation":[0,0,0],"position":[0,16.5,0]},"neck":{"rotation":["10+Math.cos((query.anim_time - 0.2) * 90) * 2",0,0],"position":[0,0,1]},"head":{"rotation":[-7.5,0,0]},"jaw_lower":{"rotation":[-15,0,0]},"segment1":{"rotation":["0+Math.cos((query.anim_time - 0.2) * 90) * -2",0,0],"position":[0,-1,1]},"segment2":{"rotation":[15,0,0]},"segment3":{"rotation":["-15+Math.cos((query.anim_time - 0.5) * 90) * -2",0,0],"position":[0,-1,-1]},"segment4":{"rotation":["0+Math.cos((query.anim_time - 0.8) * 90) * -2",0,0]},"segment5":{"rotation":["0+Math.cos((query.anim_time - 0.8) * 90) * 2",0,0]},"segment7":{"rotation":["0+Math.cos((query.anim_time - 0.8) * 90) * 2",0,0]},"segment8":{"rotation":["0+Math.cos((query.anim_time - 0.8) * 90) * 2",0,0]},"segment9":{"rotation":["0+Math.cos((query.anim_time - 0.8) * 90) * 2",0,0]},"segment10":{"rotation":["0+Math.cos((query.anim_time - 0.8) * 90) * 2",0,0]},"segment11":{"rotation":["0+Math.cos((query.anim_time - 0.8) * 90) * 2",0,0]},"segment12":{"rotation":["0+Math.cos((query.anim_time - 0.8) * 90) * 2",0,0]},"segment13":{"rotation":["0+Math.cos((query.anim_time - 1.1) * 90) * 2",0,0]},"whisker_right5":{"rotation":[0,0,-17.5]},"whisker_right2":{"rotation":[0,-20,-12.5]},"whisker_right3":{"rotation":[12.5,-20,-27.5]},"whisker_right4":{"rotation":[0,-15,-17.5]},"whisker_right6":{"rotation":[0,0,15]},"whisker_right7":{"rotation":[0.74866,-0.84571,19.72483]},"whisker_right8":{"rotation":[0,0,20]},"whisker_right9":{"rotation":[0,0,10]},"whisker_right10":{"rotation":[0,0,20]},"whisker_right11":{"rotation":[0,0,10]},"whisker_right12":{"rotation":[0,0,-7.5]},"whisker_right13":{"rotation":[0,0,-12.5]},"whisker_right14":{"rotation":[0,0,-12.5]},"whisker_right15":{"rotation":[0,0,-10]},"whisker_right16":{"rotation":[0,0,-10]},"whisker_left5":{"rotation":[0,0,17.5]},"whisker_left2":{"rotation":[0,20,12.5]},"whisker_left3":{"rotation":[12.5,20,27.5]},"whisker_left4":{"rotation":[0,15,5]},"whisker_left6":{"rotation":[0,0,-7.5]},"whisker_left7":{"rotation":[0,0,-15]},"whisker_left8":{"rotation":[0.74866,0.8457,-19.7248]},"whisker_left9":{"rotation":[0,0,-20]},"whisker_left10":{"rotation":[0,0,-10]},"whisker_left11":{"rotation":[0,0,-10]},"whisker_left12":{"rotation":[0,0,7.5]},"whisker_left13":{"rotation":[0,0,12.5]},"whisker_left14":{"rotation":[0,0,12.5]},"whisker_left15":{"rotation":[0,0,10]},"whisker_left16":{"rotation":[0,0,10]},"gyarados_mega":{"position":[0,-11,0]}}},"animation.gyarados_mega.water_swim":{"loop":true,"bones":{"body":{"rotation":["-2.5-math.cos((query.anim_time)*90*1+90)*4",0,0],"position":[0,"5+math.cos((query.anim_time)*90*1)*4",-6]},"neck":{"rotation":["10+math.cos((query.anim_time)*90*1+90)*-8",0,0]},"head":{"rotation":[-7.5,0,0]},"segment1":{"rotation":[-30,0,0]},"segment2":{"rotation":[15,0,0]},"segment3":{"rotation":["17.5+math.cos((query.anim_time)*90*1)*10",0,0]},"jaw_upper":{"rotation":[15,0,0]},"jaw_lower":{"rotation":[-45,0,0]},"jaw_lower2":{"rotation":[-45,0,0]},"fin_right":{"rotation":[0,"math.cos((query.anim_time)*90*1+90)*16",0]},"fin_left":{"rotation":[0,"-math.cos((query.anim_time)*90*1+90)*16",0]},"segment4":{"rotation":["math.cos((query.anim_time)*90*1-45)*10",0,0]},"segment5":{"rotation":["math.cos((query.anim_time)*90*1-90)*10",0,0]},"segment6":{"rotation":["math.cos((query.anim_time)*90*1-135)*12","-math.cos((query.anim_time)*90*1+135)*16",0]},"segment7":{"rotation":["math.cos((query.anim_time)*90*1-180)*14","-math.cos((query.anim_time)*90*1+90)*16",0]},"segment8":{"rotation":["math.cos((query.anim_time)*90*1-225)*18","-math.cos((query.anim_time)*90*1)*16",0]},"segment9":{"rotation":[0,"-math.cos((query.anim_time)*90*1-90)*16",0]},"segment13":{"rotation":["math.cos((query.anim_time)*90*1-180)*24","math.cos((query.anim_time)*90*1-180)*16",0]},"bone14":{"rotation":[0,0,"math.cos((query.anim_time)*90*1+90)*16"]},"bone32":{"rotation":[0,0,"-math.cos((query.anim_time)*90*1+90)*16"]}}},"animation.gyarados_mega.blink":{"animation_length":0.1667,"bones":{"eyelid_right":{"position":{"0.0":[-0.1,0,-0.1],"0.125":[-0.1,0,-0.1],"0.1667":[0,0,0]}},"eyelid_left":{"position":{"0.0":[0.1,0,-0.1],"0.125":[0.1,0,-0.1],"0.1667":[0,0,0]}}}},"animation.gyarados_mega.battle_pose":{"loop":true,"bones":{"body":{"rotation":[-37.5,0,0],"position":[0,21.3,0]},"neck":{"rotation":[17.5,0,0]},"head":{"rotation":[22.5,0,0]},"segment1":{"rotation":[-22.5,0,0]},"segment3":{"rotation":[-27.5,0,0]},"segment4":{"rotation":[22.5,0,0]},"segment5":{"rotation":[25,0,0]},"segment6":{"rotation":[25,0,0]},"segment7":{"rotation":[55,0,0]},"segment9":{"rotation":[5,0,0]},"segment10":{"rotation":[-30,0,0]},"segment11":{"rotation":[-37.5,0,0]},"segment12":{"rotation":[-30,0,0]},"segment13":{"rotation":[-42.5,0,0]},"whisker_right5":{"rotation":[0,0,-17.5]},"whisker_right2":{"rotation":[0,-20,-12.5]},"whisker_right3":{"rotation":[12.5,-20,-27.5]},"whisker_right4":{"rotation":[0,-15,-17.5]},"whisker_right6":{"rotation":[0,0,15]},"whisker_right7":{"rotation":[0.74866,-0.84571,19.72483]},"whisker_right8":{"rotation":[0,0,20]},"whisker_right9":{"rotation":[0,0,10]},"whisker_right10":{"rotation":[0,0,20]},"whisker_right11":{"rotation":[0,0,10]},"whisker_right12":{"rotation":[0,0,-7.5]},"whisker_right13":{"rotation":[0,0,-12.5]},"whisker_right14":{"rotation":[0,0,-12.5]},"whisker_right15":{"rotation":[0,0,-10]},"whisker_right16":{"rotation":[0,0,-10]},"whisker_left5":{"rotation":[0,0,17.5]},"whisker_left2":{"rotation":[0,20,12.5]},"whisker_left3":{"rotation":[12.5,20,27.5]},"whisker_left4":{"rotation":[0,15,5]},"whisker_left6":{"rotation":[0,0,-7.5]},"whisker_left7":{"rotation":[0,0,-15]},"whisker_left8":{"rotation":[0.74866,0.8457,-19.7248]},"whisker_left9":{"rotation":[0,0,-20]},"whisker_left10":{"rotation":[0,0,-10]},"whisker_left11":{"rotation":[0,0,-10]},"whisker_left12":{"rotation":[0,0,7.5]},"whisker_left13":{"rotation":[0,0,12.5]},"whisker_left14":{"rotation":[0,0,12.5]},"whisker_left15":{"rotation":[0,0,10]},"whisker_left16":{"rotation":[0,0,10]}}}}}