{"format_version":"1.8.0","animations":{"animation.hatterene.ground_idle":{"loop":true,"bones":{"body":{"position":[0,0.53125,0]},"body_hair_closed":{"rotation":[50,0,0]},"body_bend_base":{"rotation":[0,0,"(math.sin((q.anim_time - 0) * 360 / 4) * 0.3)"]},"torso":{"rotation":["(math.sin((q.anim_time - 0) * 360 / 4) * 0.5)",0,"(math.cos((q.anim_time - 0) * 360 / 8) * 1)"]},"right_arm":{"rotation":[0,0,-62.5]},"left_arm":{"rotation":[0,0,62.5]},"head_hair":{"rotation":["(math.sin((q.anim_time - 1) * 360 / 4) * 1)",0,0]},"hair_opened":{"scale":0},"hat":{"rotation":["(math.sin((q.anim_time - 0) * 360 / 4) * 0.5)",0,"(math.cos((q.anim_time - 0) * 360 / 8) * 1)"]},"hat_arm":{"rotation":[0,"-(math.sin((q.anim_time - 3) * 360 / 8) * 10)","(math.sin((q.anim_time - 3) * 360 / 8) * 6)"]},"hat_arm_elbow":{"rotation":["-(math.sin((q.anim_time - 0.3) * 360 / 4) * 6) - 6","-(math.sin((q.anim_time - 3.5) * 360 / 8) * 10)",0]},"hat_arm_bend":{"rotation":["-(math.sin((q.anim_time - 0.5) * 360 / 4) * 10) - 10","-(math.sin((q.anim_time - 4) * 360 / 8) * 13)","(math.sin((q.anim_time - 3.5) * 360 / 8) * 10)"]},"hat_wrist":{"rotation":["-(math.sin((q.anim_time - 0.7) * 360 / 4) * 7) - 7","-(math.sin((q.anim_time - 4.3) * 360 / 8) * 13)",0]},"hat_hand":{"rotation":["-(math.sin((q.anim_time - 0.9) * 360 / 4) * 5) - 5","-(math.sin((q.anim_time - 4.6) * 360 / 8) * 5)",0]},"hat_finger_middle":{"rotation":["-(math.sin((q.anim_time - 0.2) * 360 / 4) * 9) - 4","-(math.sin((q.anim_time - 4.6) * 360 / 8) * 10)",0]},"hat_finger_middle_bend":{"rotation":["-(math.sin((q.anim_time - 0.4) * 360 / 4) * 9) - 9",0,0]},"hat_finger_left":{"rotation":["-(math.sin((q.anim_time - 0.3) * 360 / 4) * 8) - 4","-(math.sin((q.anim_time - 4.8) * 360 / 8) * 9)",0]},"hat_finger_left_bend":{"rotation":["-(math.sin((q.anim_time - 0.5) * 360 / 4) * 9) - 9",0,0]},"hat_finger_right":{"rotation":["-(math.sin((q.anim_time - 0.3) * 360 / 4) * 8) - 4","-(math.sin((q.anim_time - 4.5) * 360 / 8) * 9)",0]},"hat_finger_right_bend":{"rotation":["-(math.sin((q.anim_time - 0.5) * 360 / 4) * 9) - 9",0,0]},"frontmost_right_toe":{"rotation":[20,0,0]},"frontmost_right_toe_bend":{"rotation":[-17.5,0,0]},"frontmost_left_toe":{"rotation":[20,0,0]},"frontmost_left_toe_bend":{"rotation":[-17.5,0,0]},"front_right_toe":{"rotation":[20,0,0]},"front_right_toe_bend":{"rotation":[-17.5,0,0]},"front_left_toe":{"rotation":[20,0,0]},"front_left_toe_bend":{"rotation":[-17.5,0,0]},"middle_right_toe":{"rotation":[13.5,0,0]},"middle_right_toe_bend":{"rotation":[-11.5,0,0]},"middle_left_toe":{"rotation":[13.5,0,0]},"middle_left_toe_bend":{"rotation":[-11.5,0,0]},"back_right_toe":{"rotation":[10,0,0]},"back_right_toe_bend":{"rotation":[-7.5,0,0]},"back_left_toe":{"rotation":[10,0,0]},"back_left_toe_bend":{"rotation":[-7.5,0,0]},"back_toe":{"rotation":[5,0,0]},"back_toe_bend":{"rotation":[-2.5,0,0]}}},"animation.hatterene.battle_idle":{"loop":true,"bones":{"body":{"rotation":[7.79062,-19.93354,-1.03842],"position":[0,"0.7813 - (math.cos((q.anim_time - 0) * 360 / 2) * 0.1) + 0.1",0]},"body_bend_base":{"rotation":["4.9811 - (math.sin((q.anim_time - 0) * 360 / 16) * 1)",-0.43523,"4.9811 - (math.cos((q.anim_time - 0) * 360 / 16) * 1)"],"position":[0,-0.46875,0]},"body_hair_closed":{"scale":0},"body_closed":{"scale":0},"torso":{"rotation":["-5.329 + (math.sin((q.anim_time - 4) * 360 / 16) * 2)",7.49282,"-2.5215 - (math.cos((q.anim_time - 4) * 360 / 16) * 2)"]},"torso_closed":{"scale":0},"head":{"rotation":["-3.7772 + (math.sin((q.anim_time - 8) * 360 / 16) * 2)",-7.87479,"-6.4484 - (math.cos((q.anim_time - 8) * 360 / 16) * 2)"]},"body_inside":{"position":[0,0,0.75]},"torso_inside":{"rotation":["- (math.sin((q.anim_time - 0) * 360 / 8) * 1)",0,0]},"head_inside":{"rotation":["(math.cos((q.anim_time - 1.4) * 360 / 4) * 2) + 2",20,0]},"right_arm":{"rotation":[6.90712,-33.83071,"-27.3678 - (math.cos((q.anim_time - 0.3) * 360 / 2) * 1)"]},"right_elbow":{"rotation":[0,"-35 - (math.cos((q.anim_time - 0.4) * 360 / 2) * 1)",0]},"left_arm":{"rotation":[0,-22.5,"42.5 + (math.cos((q.anim_time - 0.35) * 360 / 2) * 1)"]},"left_elbow":{"rotation":[0,"27.5 + (math.cos((q.anim_time - 0.45) * 360 / 2) * 1)",0]},"head_hair":{"rotation":[0,20,0]},"head_hair_closed":{"scale":0},"hair_opened":{"scale":1},"head_hair_opened_right":{"rotation":["(math.cos((q.anim_time - 1.4) * 360 / 4) * 2) + 2",0,"25 + (math.sin((q.anim_time - 2) * 360 / 4) * 4) + 4"]},"head_hair_opened_right_bend":{"rotation":[0,0,"(math.sin((q.anim_time - 2.5) * 360 / 4) * 12)"]},"head_hair_opened_right_end":{"rotation":[0,0,"(math.sin((q.anim_time - 3) * 360 / 4) * 14)"]},"head_hair_opened_right_tip":{"rotation":[0,0,"-15 + (math.sin((q.anim_time - 3.5) * 360 / 4) * 20) + 4"]},"head_hair_opened_left":{"rotation":["(math.cos((q.anim_time - 1.4) * 360 / 4) * 2) + 2",0,"-20 - (math.sin((q.anim_time - 2) * 360 / 4) * 4) - 4"],"position":[1.34375,-0.96875,0]},"head_hair_opened_left_bend":{"rotation":[0,0,"- (math.sin((q.anim_time - 2.5) * 360 / 4) * 12)"]},"head_hair_opened_left_end":{"rotation":[0,0,"- (math.sin((q.anim_time - 3) * 360 / 4) * 14)"]},"head_hair_opened_left_tip":{"rotation":[0,0,"- (math.sin((q.anim_time - 3.5) * 360 / 4) * 20)"]},"hat":{"rotation":["7.5 + (math.cos((q.anim_time - 1.4) * 360 / 4) * 2) + 2",0,-2.5]},"hat_arm":{"rotation":["-92.3159 - (math.cos((q.anim_time - 0.3) * 360 / 4) * 3)","-15.1199 - (math.cos((q.anim_time - 0.3) * 360 / 4) * 2)",129.12073]},"hat_arm_elbow":{"rotation":["-30- (math.cos((q.anim_time - 2) * 360 / 4) * 3)","12.9525 + (math.cos((q.anim_time - 0.7) * 360 / 4) * 1)",-7.63074]},"hat_arm_bend":{"rotation":["-30.0209 - (math.cos((q.anim_time - 5) * 360 / 4) * 1)","2.2656 + (math.cos((q.anim_time - 1) * 360 / 4) * 1)",-1.0571]},"hat_wrist":{"rotation":["-22.5 - (math.cos((q.anim_time - 5) * 360 / 4) * 3)","(math.cos((q.anim_time - 1.3) * 360 / 4) * 3)",0]},"hat_hand":{"rotation":["-15 - (math.cos((q.anim_time - 1.6) * 360 / 4) * 3)","(math.cos((q.anim_time - 1.6) * 360 / 4) * 3)",0],"position":[0,0,-0.40625]},"hat_finger_middle":{"rotation":["-17.5 - (math.cos((q.anim_time - 2.3) * 360 / 4) * 6)","(math.cos((q.anim_time - 2.3) * 360 / 4) * 3) + 3",0]},"hat_finger_middle_bend":{"rotation":["-50 - (math.cos((q.anim_time - 2.7) * 360 / 4) * 9)",0,0]},"hat_finger_left":{"rotation":["-12.5 - (math.cos((q.anim_time - 2) * 360 / 4) * 5)","(math.cos((q.anim_time - 2) * 360 / 4) * 3) + 3",0]},"hat_finger_left_bend":{"rotation":["-50 - (math.cos((q.anim_time - 2.4) * 360 / 4) * 8)",0,0]},"hat_finger_right":{"rotation":["-20 - (math.cos((q.anim_time - 2) * 360 / 4) * 5)","(math.cos((q.anim_time - 2.6) * 360 / 4) * 3) + 3",0]},"hat_finger_right_bend":{"rotation":["-42.5 - (math.cos((q.anim_time - 2.4) * 360 / 4) * 8)",0,0]},"frontmost_right_toe":{"rotation":["7.5 - (math.cos((q.anim_time - 0) * 360 / 2) * 2.5) + 2.5",0,0]},"frontmost_right_toe_bend":{"rotation":["-10 + (math.cos((q.anim_time - 0) * 360 / 2) * 2.5) - 2.5",0,0]},"frontmost_left_toe":{"rotation":["10 - (math.cos((q.anim_time - 0) * 360 / 2) * 2.5) + 2.5",0,0]},"frontmost_left_toe_bend":{"rotation":["-12.5 + (math.cos((q.anim_time - 0) * 360 / 2) * 2.5) - 2.5",0,0]},"front_right_toe":{"rotation":["5 - (math.cos((q.anim_time - 0) * 360 / 2) * 2.5) + 2.5",0,0]},"front_right_toe_bend":{"rotation":["-2.5 + (math.cos((q.anim_time - 0) * 360 / 2) * 2.5) - 2.5",0,0]},"front_left_toe":{"rotation":["2.1277 - (math.cos((q.anim_time - 0) * 360 / 2) * 2.5) + 2.5",-0.09311,9.3234]},"front_left_toe_bend":{"rotation":["-5 + (math.cos((q.anim_time - 0) * 360 / 2) * 2.5) - 2.5",0,0]},"middle_right_toe":{"rotation":["10 - (math.cos((q.anim_time - 0) * 360 / 2) * 2.5) + 2.5",0,0]},"middle_right_toe_bend":{"rotation":["-2.5 + (math.cos((q.anim_time - 0) * 360 / 2) * 2.5) - 2.5",0,0]},"middle_left_toe":{"rotation":["-142.0939 - (math.cos((q.anim_time - 0) * 360 / 2) * 2.5) + 2.5",22.27372,156.67064]},"middle_left_toe_bend":{"rotation":["-7.5 + (math.cos((q.anim_time - 0) * 360 / 2) * 2.5) - 2.5",0,0]},"back_right_toe":{"rotation":["-156.8562 - (math.cos((q.anim_time - 0) * 360 / 2) * 2.5) + 2.5",-102.61115,-170.98593]},"back_right_toe_bend":{"rotation":["-5 + (math.cos((q.anim_time - 0) * 360 / 2) * 2.5) - 2.5",0,0]},"back_left_toe":{"rotation":["20 - (math.cos((q.anim_time - 0) * 360 / 2) * 2.5) + 2.5",0,0]},"back_left_toe_bend":{"rotation":["-7.5 + (math.cos((q.anim_time - 0) * 360 / 2) * 2.5) - 2.5",0,0]},"back_toe":{"rotation":["17.5 - (math.cos((q.anim_time - 0) * 360 / 2) * 2.5) + 2.5",0,0]},"back_toe_bend":{"rotation":["-5 + (math.cos((q.anim_time - 0) * 360 / 2) * 2.5) - 2.5",0,0]}}},"animation.hatterene.ground_walk":{"loop":true,"bones":{"body":{"position":[0,0.53125,0]},"body_hair_closed":{"rotation":["52.5 + (math.sin((q.anim_time - 1.7) * 360 / 2) * 4)",0,0]},"body_bend_base":{"rotation":["2.5 + (math.cos((q.anim_time - 1.6) * 360 / 2) * 0.5)",0,0],"position":[0,"-0.2 - (math.sin((q.anim_time - 2) * 360 / 2) * 0.1)",0]},"torso":{"rotation":[0,0,"(math.sin((q.anim_time - 0) * 360 / 4) * 1)"]},"right_arm":{"rotation":[0,0,-62.5]},"left_arm":{"rotation":[0,0,62.5]},"head_hair":{"rotation":["-1.5 + (math.cos((q.anim_time - 1.8) * 360 / 2) * 0.5)",0,0]},"hair_opened":{"scale":0},"hat":{"rotation":[0,0,"(math.sin((q.anim_time - 1) * 360 / 4) * 1)"]},"hat_arm":{"rotation":["2.5 + (math.sin((q.anim_time - 1.7) * 360 / 2) * 3)",0,0]},"hat_arm_elbow":{"rotation":["5 + (math.sin((q.anim_time - 2) * 360 / 2) * 2)",0,0]},"hat_arm_bend":{"rotation":["7.5 + (math.sin((q.anim_time - 2.3) * 360 / 2) * 4)",0,0]},"hat_wrist":{"rotation":["7.5 + (math.sin((q.anim_time - 2.5) * 360 / 2) * 3)",0,0]},"hat_hand":{"rotation":["(math.sin((q.anim_time - 2.7) * 360 / 2) * 5)",0,0]},"hat_finger_middle":{"rotation":["(math.sin((q.anim_time - 3) * 360 / 2) * 5)",0,0]},"hat_finger_middle_bend":{"rotation":["(math.sin((q.anim_time - 3.1) * 360 / 2) * 4) - 4",0,0]},"hat_finger_left":{"rotation":["(math.sin((q.anim_time - 2.9) * 360 / 2) * 3)",0,0]},"hat_finger_left_bend":{"rotation":["(math.sin((q.anim_time - 3) * 360 / 2) * 4) - 4",0,0]},"hat_finger_right":{"rotation":["(math.sin((q.anim_time - 2.9) * 360 / 2) * 3)",0,0]},"hat_finger_right_bend":{"rotation":["(math.sin((q.anim_time - 3) * 360 / 2) * 4) - 4",0,0]},"frontmost_right_toe":{"rotation":["21.7902 - math.clamp( (math.cos((q.anim_time - 1.5 + (math.cos((q.anim_time - 1.9) * 360 / 1) * 0.05)) * 360 / 1) * 6), -3, 6)","9.7072 - (math.sin((q.anim_time - 1.5) * 360 / 1) * 6) - 6",3.20988]},"frontmost_right_toe_bend":{"rotation":[-17.5," - (math.sin((q.anim_time - 1.4) * 360 / 1) * 7)",0]},"frontmost_left_toe":{"rotation":["21.7902 - math.clamp( (math.cos((q.anim_time - 1.5 + (math.cos((q.anim_time - 1.9) * 360 / 1) * 0.05)) * 360 / 1) * 6), -3, 6)","-9.7072 + (math.sin((q.anim_time - 1.5) * 360 / 1) * 6) + 6",-3.20988]},"frontmost_left_toe_bend":{"rotation":[-17.5,"(math.sin((q.anim_time - 1.4) * 360 / 1) * 7)",0]},"front_right_toe":{"rotation":["18 - math.clamp( (math.cos((q.anim_time - 1.8 + (math.cos((q.anim_time - 0.2) * 360 / 1) * 0.05)) * 360 / 1) * 6), -3, 6)","8.0192 - (math.sin((q.anim_time - 1.7) * 360 / 1) * 8) - 4",0.37354]},"front_right_toe_bend":{"rotation":[-17.5,"-(math.sin((q.anim_time - 1.9) * 360 / 1) * 5)",0]},"front_left_toe":{"rotation":["18 - math.clamp( (math.cos((q.anim_time - 1.8 + (math.cos((q.anim_time - 0.2) * 360 / 1) * 0.05)) * 360 / 1) * 6), -3, 6)","-8.0192 + (math.sin((q.anim_time - 1.7) * 360 / 1) * 8) + 4",-0.37354]},"front_left_toe_bend":{"rotation":[-17.5,"(math.sin((q.anim_time - 1.9) * 360 / 1) * 5)",0]},"middle_right_toe":{"rotation":["185 - math.clamp( (math.cos((q.anim_time - 0.1 + (math.cos((q.anim_time - 0.5) * 360 / 1) * 0.05)) * 360 / 1) * 6), -3, 6)","-29.86 + (math.sin((q.anim_time - 0) * 360 / 1) * 8) + 4",173.14685]},"middle_right_toe_bend":{"rotation":[-11.5,"-(math.sin((q.anim_time - 0.2) * 360 / 1) * 5)",0]},"middle_left_toe":{"rotation":["185 - math.clamp( (math.cos((q.anim_time - 0.1 + (math.cos((q.anim_time - 0.5) * 360 / 1) * 0.05)) * 360 / 1) * 6), -3, 6)","29.86 - (math.sin((q.anim_time - 0) * 360 / 1) * 8) - 4",-173.14685]},"middle_left_toe_bend":{"rotation":[-11.5,"(math.sin((q.anim_time - 0.2) * 360 / 1) * 5)",0]},"back_right_toe":{"rotation":["189.0853 - math.clamp( (math.cos((q.anim_time - 0.4 + (math.cos((q.anim_time - 0.8) * 360 / 1) * 0.05)) * 360 / 1) * 6), -3, 6)","-107.3967 + (math.sin((q.anim_time - 0.3) * 360 / 1) * 8) + 4",178.45825]},"back_right_toe_bend":{"rotation":[-12.5,"-(math.sin((q.anim_time - 0.4) * 360 / 1) * 8) - 3",0]},"back_left_toe":{"rotation":["189.0853 - math.clamp( (math.cos((q.anim_time - 0.4 + (math.cos((q.anim_time - 0.8) * 360 / 1) * 0.05)) * 360 / 1) * 6), -3, 6)","107.3967 - (math.sin((q.anim_time - 0.3) * 360 / 1) * 8) - 4",-178.45825]},"back_left_toe_bend":{"rotation":[-12.5,"(math.sin((q.anim_time - 0.4) * 360 / 1) * 8) + 3",0]},"back_toe":{"rotation":[5,"(math.sin((q.anim_time - 0) * 360 / 4) * 4)",0]},"back_toe_bend":{"rotation":[-3.5,"-(math.sin((q.anim_time - 3) * 360 / 4) * 5)",0]},"body_closed":{"rotation":["-(math.sin((q.anim_time - 1.7) * 360 / 2) * 0.5) + 1",0,0],"position":[0,-0.1875,0]}}},"animation.hatterene.blink":{"animation_length":0.25,"bones":{"eye_right_closed":{"position":{"0.0":[0,0,0.91],"0.0833":[0,0,0.91],"0.125":[0,0,-0.09],"0.1667":[0,0,-0.09],"0.2083":[0,0,0.91]}},"eye_left_closed":{"position":{"0.0":[0,0,0.91],"0.0833":[0,0,0.91],"0.125":[0,0,-0.09],"0.1667":[0,0,-0.09],"0.2083":[0,0,0.91]}}}},"animation.hatterene.cry":{"animation_length":1.5,"sound_effects":{"0.0417":{"effect":"pokemon.hatterene.cry"}},"bones":{"body_bend_base":{"rotation":{"0.0":[0,0,0],"0.5":[-5,0,0],"1.3333":[0,0,0]}},"body_bend":{"rotation":{"0.0":[0,0,0],"0.1667":[10,0,0],"0.2917":[2.5,0,0],"1.0833":[10,0,0],"1.3333":[0,0,0]}},"torso":{"rotation":{"0.0":[0,0,0],"0.1667":[10,0,0],"0.2917":[2.5,0,0],"0.5":[-5,0,0],"1.0833":[7.5,0,0],"1.3333":[0,0,0]}},"head":{"rotation":{"0.0":[0,0,0],"0.1667":[7.5,0,0],"0.2917":[-12.5,0,0],"0.5":[-17.5,0,0],"1.0833":[-5,0,0],"1.3333":[0,0,0]}},"mouth_open":{"position":{"0.0":{"post":[0,0,0],"lerp_mode":"catmullrom"},"0.2083":{"post":[0,0,0],"lerp_mode":"catmullrom"},"0.25":{"post":[0,0.3,-0.1],"lerp_mode":"catmullrom"},"1.0833":{"post":[0,0.3,-0.1],"lerp_mode":"catmullrom"},"1.2083":{"post":[0,0.3,0.9],"lerp_mode":"catmullrom"},"1.3333":{"post":[0,0,0],"lerp_mode":"catmullrom"}},"scale":{"0.0":{"post":[1,1,1],"lerp_mode":"catmullrom"},"0.2917":{"post":[1,0.5,1],"lerp_mode":"catmullrom"},"0.4167":{"post":[1,0.8,1],"lerp_mode":"catmullrom"},"1.125":{"post":[1,0.5,1],"lerp_mode":"catmullrom"},"1.2083":{"post":[1,0.1,1],"lerp_mode":"catmullrom"},"1.3333":{"post":[1,1,1],"lerp_mode":"catmullrom"}}}}},"animation.hatterene.walk_test":{"loop":true,"bones":{"body":{"position":[0,0,"-q.anim_time*90*walk"]}}}}}