{"format_version":"1.8.0","animations":{"animation.hattrem.ground_idle":{"loop":true,"bones":{"right_leg":{"rotation":[25,0,"(math.sin((q.anim_time - 1.1) * 360 / 4) * 4)"]},"right_arm":{"rotation":[0,0,"-35 + (math.sin((q.anim_time - 0.9) * 360 / 4) * 2) - 1- (math.sin((q.anim_time - 0) * 360 / 2) * 1)"]},"right_elbow":{"rotation":[0,0,"10 + (math.sin((q.anim_time - 1.2) * 360 / 4) * 3) - 6- (math.sin((q.anim_time - 0.3) * 360 / 2) * 1)"]},"left_arm":{"rotation":[0,0,"35 + (math.sin((q.anim_time - 0.9) * 360 / 4) * 2) + 2+ (math.sin((q.anim_time - 0) * 360 / 2) * 1)"]},"left_elbow":{"rotation":[0,0,"-10 + (math.sin((q.anim_time - 1.2) * 360 / 4) * 3) + 6+ (math.sin((q.anim_time - 0.3) * 360 / 2) * 1)"]},"right_hat_hand":{"rotation":[0,17.5,0]},"left_hat_hand":{"rotation":[0,-17.5,0]},"left_leg":{"rotation":[25,0,"(math.sin((q.anim_time - 1.3) * 360 / 4) * 4)"]},"body":{"position":[0,"-(math.sin((q.anim_time - 0) * 360 / 2) * 0.12) - 0.05","-(math.sin((q.anim_time - 0) * 360 / 2) * 0.04)"]},"torso":{"rotation":["(math.cos((q.anim_time - 0.3) * 360 / 2) * 2)",0,"(math.sin((q.anim_time - 0.5) * 360 / 4) * 2)"]},"head":{"rotation":["(math.sin((q.anim_time - 0) * 360 / 2) * 1)",0,0]},"right_hat_arm":{"rotation":["-(math.sin((q.anim_time - 0) * 360 / 2) * 1)",0,0]},"left_hat_arm":{"rotation":["-(math.sin((q.anim_time - 0) * 360 / 2) * 1)",0,0]},"swirl":{"rotation":["(math.sin((q.anim_time - 0) * 360 / 2) * 0.5)",0,0]},"swirl2":{"rotation":["(math.sin((q.anim_time - 0.4) * 360 / 2) * 1)",0,0]},"bone":{"rotation":["(math.sin((q.anim_time - 0.3) * 360 / 2) * 1) - 1",0,0]},"bone2":{"rotation":["-(math.sin((q.anim_time - 0.5) * 360 / 2) * 1)","(math.cos((q.anim_time - 0.3) * 360 / 4) * 4)",0]},"bone3":{"rotation":["(math.sin((q.anim_time - 0.1) * 360 / 2) * 1)",0,"(math.cos((q.anim_time - 0.5) * 360 / 4) * 4)"]},"bone4":{"rotation":["-(math.sin((q.anim_time - 0.3) * 360 / 2) * 2)","(math.cos((q.anim_time - 0.7) * 360 / 4) * 4)",0]},"lower_body":{"rotation":["(math.cos((q.anim_time - 0.6) * 360 / 2) * 3)",0,"(math.sin((q.anim_time - 1) * 360 / 4) * 1)"]}}},"animation.hattrem.ground_walk":{"loop":true,"animation_length":2,"bones":{"body":{"rotation":{"0.0":[0,0,-6.9375],"0.5":{"pre":[-3.09472,22.2971,-8.11],"post":[-3.09472,22.2971,-8.11],"lerp_mode":"catmullrom"},"0.625":{"post":[-1.125,20.9825,-3.87],"lerp_mode":"catmullrom"},"0.75":{"post":[1.54375,3.775,1.2213],"lerp_mode":"catmullrom"},"1.0":{"post":[0,0,6.9375],"lerp_mode":"catmullrom"},"1.5":{"post":[-3.09472,-22.29711,8.11003],"lerp_mode":"catmullrom"},"1.625":{"post":[-1.125,-20.9825,3.87],"lerp_mode":"catmullrom"},"1.75":{"post":[1.54375,-3.775,-1.22125],"lerp_mode":"catmullrom"},"2.0":[0,0,-6.9375]},"position":{"0.0":[0,0.59375,0],"0.5":{"pre":[-1.3125,0.5625,-1.6875],"post":[-1.3125,0.5625,-1.6875],"lerp_mode":"catmullrom"},"0.75":{"post":[-0.1563,-0.15625,-0.9375],"lerp_mode":"catmullrom"},"1.0":[0,0.5938,0],"1.5":{"pre":[1.3125,0.5625,-1.6875],"post":[1.3125,0.5625,-1.6875],"lerp_mode":"catmullrom"},"1.75":{"post":[0.15625,-0.15625,-0.9375],"lerp_mode":"catmullrom"},"2.0":[0,0.59375,0]}},"right_hat_arm":{"rotation":{"0.0":[-10.0625,0,-6.21875],"0.5":{"pre":[5.6949,-8.44313,35.03947],"post":[5.6949,-8.44313,35.03947],"lerp_mode":"catmullrom"},"0.75":{"post":[27.29172,16.28807,52.99036],"lerp_mode":"catmullrom"},"1.0":{"post":[0,0,0],"lerp_mode":"catmullrom"},"1.5":{"post":[-42.5,0,0],"lerp_mode":"catmullrom"},"1.75":{"post":[-17.5,0,0],"lerp_mode":"catmullrom"},"1.875":[-19.62625,0,-3.11],"2.0":[-10.0625,0,-6.21875]}},"right_hat_hand":{"rotation":{"0.0":[8.59375,0,12.65625],"0.5":{"pre":[-7.30706,-0.96779,-29.93988],"post":[-7.30706,-0.96779,-29.93988],"lerp_mode":"catmullrom"},"0.75":{"post":[-6.95174,4.56805,-35.30934],"lerp_mode":"catmullrom"},"1.0":{"post":[0,0,0],"lerp_mode":"catmullrom"},"1.5":{"post":[17.5,0,0],"lerp_mode":"catmullrom"},"1.75":{"post":[14.68375,0,0],"lerp_mode":"catmullrom"},"1.875":[17.835,0,7.17375],"2.0":[8.59375,0,12.65625]}},"left_hat_arm":{"rotation":{"0.0":[0,0,0],"0.5":{"pre":[-42.5,0,0],"post":[-42.5,0,0],"lerp_mode":"catmullrom"},"0.75":{"post":[-17.5,0,0],"lerp_mode":"catmullrom"},"0.875":[-19.62625,0,3.11],"1.0":[-10.0625,0,6.21875],"1.5":{"pre":[5.6949,8.44313,-35.03947],"post":[5.6949,8.44313,-35.03947],"lerp_mode":"catmullrom"},"1.75":{"post":[27.29172,-16.28807,-52.99036],"lerp_mode":"catmullrom"},"2.0":[0,0,0]}},"left_hat_hand":{"rotation":{"0.0":[0,0,0],"0.5":{"pre":[17.5,0,0],"post":[17.5,0,0],"lerp_mode":"catmullrom"},"0.75":{"post":[14.68375,0,0],"lerp_mode":"catmullrom"},"0.875":[17.835,0,-7.17375],"1.0":[8.59375,0,-12.65625],"1.5":{"pre":[-7.30706,0.96779,29.93988],"post":[-7.30706,0.96779,29.93988],"lerp_mode":"catmullrom"},"1.75":{"post":[-6.95174,-4.56805,35.30934],"lerp_mode":"catmullrom"},"2.0":[0,0,0]}},"hat":{"rotation":{"0.0":[0,0,0],"0.5":[0,0,0],"1.0":[0,0,0]}},"torso":{"rotation":{"0.0":[4,0,9.31255],"0.25":{"pre":[0,0,6.56135],"post":[0,0,6.56135],"lerp_mode":"catmullrom"},"0.4583":{"post":[-2.25125,0,9.79],"lerp_mode":"catmullrom"},"0.6667":{"post":[-2.46875,0,10.68625],"lerp_mode":"catmullrom"},"0.9167":{"post":[3.5,0,-10.785],"lerp_mode":"catmullrom"},"1.0":{"post":[4.375,0,-12.9063],"lerp_mode":"catmullrom"},"1.25":{"post":[0.9375,0,-6.8113],"lerp_mode":"catmullrom"},"1.4583":{"post":[-1.2075,0,-7.53],"lerp_mode":"catmullrom"},"1.6667":{"post":[-1,0,-7.21755],"lerp_mode":"catmullrom"},"1.9167":{"post":[3.375,0,7.19125],"lerp_mode":"catmullrom"},"2.0":[4,0,9.31255]}},"right_arm":{"rotation":{"0.0":[0,0,-27.3125],"0.25":{"pre":[0,0,-20.96],"post":[0,0,-20.96],"lerp_mode":"catmullrom"},"0.5417":{"post":[0,0,-23.41625],"lerp_mode":"catmullrom"},"1.0":{"post":[0,0,-34.4375],"lerp_mode":"catmullrom"},"1.3333":{"post":[0,0,-30.25],"lerp_mode":"catmullrom"},"1.7917":{"post":[0,0,-32.46875],"lerp_mode":"catmullrom"},"2.0":[0,0,-27.3125]}},"right_elbow":{"rotation":{"0.0":[0,0,-13.4375],"0.1667":{"pre":[0,0,-6.99125],"post":[0,0,-6.99125],"lerp_mode":"catmullrom"},"0.4167":{"post":[0,0,-0.9175],"lerp_mode":"catmullrom"},"0.6667":{"post":[0,0,-7.8075],"lerp_mode":"catmullrom"},"1.125":{"post":[0,0,-20.0625],"lerp_mode":"catmullrom"},"1.3333":{"post":[0,0,-13.21875],"lerp_mode":"catmullrom"},"1.6667":{"post":[0,0,-17.21875],"lerp_mode":"catmullrom"},"2.0":[0,0,-13.4375]}},"lower_body":{"rotation":{"0.0":[1.3125,0,2.15],"0.0833":{"pre":[1.9375,0,5.535],"post":[1.9375,0,5.535],"lerp_mode":"catmullrom"},"0.1667":{"post":[1.75,0,7.6563],"lerp_mode":"catmullrom"},"0.4167":{"post":[-3.21875,0,2.3426],"lerp_mode":"catmullrom"},"0.8333":{"post":[-0.8125,0,3.2176],"lerp_mode":"catmullrom"},"1.0833":{"post":[1.9375,0,-5.535],"lerp_mode":"catmullrom"},"1.1667":{"post":[2.1875,0,-7.6563],"lerp_mode":"catmullrom"},"1.4167":{"post":[-2.03125,0,-2.3113],"lerp_mode":"catmullrom"},"1.8333":{"post":[0,0,-3.21755],"lerp_mode":"catmullrom"},"2.0":[1.3125,0,2.15]}},"swirl":{"rotation":["(math.sin((q.anim_time - 0.75 + (math.sin((q.anim_time - 0.75) * 360 / 1) * 0.05)) * 360 / 1) * 3) + 3",0,"(math.sin((q.anim_time - 0.1) * 360 / 2) * 3)"]},"swirl2":{"rotation":["(math.sin((q.anim_time - 1 + (math.sin((q.anim_time - 1) * 360 / 1) * 0.05)) * 360 / 1) * 4) + 3",0,0]},"bone":{"rotation":["-(math.sin((q.anim_time - 0.8 + (math.sin((q.anim_time - 0.8) * 360 / 1) * 0.05)) * 360 / 1) * 3)","-(math.sin((q.anim_time - 0) * 360 / 2) * 6)","-(math.cos((q.anim_time - 0) * 360 / 2) * 3)"]},"bone2":{"rotation":["-(math.sin((q.anim_time - 0.9 + (math.sin((q.anim_time - 0.9) * 360 / 1) * 0.07)) * 360 / 1) * 2)","-(math.cos((q.anim_time - 0.6) * 360 / 2) * 10)",0]},"bone3":{"rotation":["-(math.sin((q.anim_time - 1 + (math.sin((q.anim_time - 1) * 360 / 1) * 0.07)) * 360 / 1) * 3)",0,"-(math.sin((q.anim_time - 0.4) * 360 / 2) * 6)"]},"bone4":{"rotation":["-(math.sin((q.anim_time - 1.1 + (math.sin((q.anim_time - 1.1) * 360 / 1) * 0.07)) * 360 / 1) * 4)","(math.cos((q.anim_time - 0.4) * 360 / 2) * 3)",0]},"left_arm":{"rotation":{"0.0":[0,0,34.4375],"0.3333":{"pre":[0,0,30.25],"post":[0,0,30.25],"lerp_mode":"catmullrom"},"0.7917":{"post":[0,0,32.46875],"lerp_mode":"catmullrom"},"1.0":[0,0,27.3125],"1.25":{"pre":[0,0,20.96],"post":[0,0,20.96],"lerp_mode":"catmullrom"},"1.5417":{"post":[0,0,23.41625],"lerp_mode":"catmullrom"},"2.0":[0,0,34.4375]}},"left_elbow":{"rotation":{"0.0":[0,0,17.95],"0.125":{"pre":[0,0,20.0625],"post":[0,0,20.0625],"lerp_mode":"catmullrom"},"0.3333":{"post":[0,0,13.21875],"lerp_mode":"catmullrom"},"0.6667":{"post":[0,0,17.21875],"lerp_mode":"catmullrom"},"1.0":[0,0,13.4375],"1.1667":{"pre":[0,0,6.99125],"post":[0,0,6.99125],"lerp_mode":"catmullrom"},"1.4167":{"post":[0,0,0.9175],"lerp_mode":"catmullrom"},"1.6667":{"post":[0,0,7.8075],"lerp_mode":"catmullrom"},"2.0":[0,0,17.95]}},"left_leg":{"rotation":{"0.0":[0,0,-0.59],"0.125":{"pre":[2.4375,0,5.535],"post":[2.4375,0,5.535],"lerp_mode":"catmullrom"},"0.2083":{"post":[2.0313,0,7.6563],"lerp_mode":"catmullrom"},"0.5":{"post":[-3.84375,0,2.3426],"lerp_mode":"catmullrom"},"0.8333":{"post":[0,0,3.2176],"lerp_mode":"catmullrom"},"1.0833":{"post":[2.4375,0,-5.535],"lerp_mode":"catmullrom"},"1.2083":{"post":[2.03125,0,-7.6563],"lerp_mode":"catmullrom"},"1.5":{"post":[-3.8438,0,-2.3113],"lerp_mode":"catmullrom"},"1.875":{"post":[0,0,-3.21755],"lerp_mode":"catmullrom"},"2.0":[0,0,-0.59]}},"right_leg":{"rotation":{"0.0":[0.78125,0,-0.59],"0.1667":{"pre":[3.6406,0,5.535],"post":[3.6406,0,5.535],"lerp_mode":"catmullrom"},"0.2917":{"post":[2.9063,0,7.6563],"lerp_mode":"catmullrom"},"0.5":{"post":[-2.5781,0,2.3426],"lerp_mode":"catmullrom"},"0.9167":{"post":[0,0,3.2176],"lerp_mode":"catmullrom"},"1.1667":{"post":[3.64063,0,-5.535],"lerp_mode":"catmullrom"},"1.2917":{"post":[2.84375,0,-7.6563],"lerp_mode":"catmullrom"},"1.5":{"post":[-2.57812,0,-2.3113],"lerp_mode":"catmullrom"},"1.9167":{"post":[0,0,-3.21755],"lerp_mode":"catmullrom"},"2.0":[0.78125,0,-0.59]}}}},"animation.hattrem.walk_test":{"loop":true,"bones":{"body":{"position":[0,0,"-q.anim_time*90*walk"]}}},"animation.hattrem.blink":{"animation_length":0.25,"bones":{"eye_closed_right":{"position":{"0.0":[0,0,-0.1],"0.1667":[0,0,-0.1],"0.2083":[0,0,0]}},"eye_closed_left":{"position":{"0.0":[0,0,-0.1],"0.1667":[0,0,-0.1],"0.2083":[0,0,0]}}}},"animation.hattrem.cry":{"animation_length":1.41667,"sound_effects":{"0.0417":{"effect":"pokemon.hattrem.cry"}},"bones":{"mouth_opened":{"position":{"0.0":[0,0,0],"0.3333":{"pre":[0,0,0],"post":[0,0,-1]},"0.4167":{"pre":[0,0,-1],"post":[0,0,-1]},"0.8333":{"pre":[0,0,-1],"post":[0,0,0]}},"scale":1},"body":{"rotation":{"0.0":{"post":[0,0,0],"lerp_mode":"catmullrom"},"0.375":{"post":[-5,0,0],"lerp_mode":"catmullrom"},"1.0":{"post":[-17.5,0,0],"lerp_mode":"catmullrom"},"1.2083":{"post":[-5,0,0],"lerp_mode":"catmullrom"}},"position":{"0.0":{"post":[0,0,0],"lerp_mode":"catmullrom"},"0.2917":{"post":[0,-1.23,0],"lerp_mode":"catmullrom"},"0.375":{"post":[0,-0.3,0],"lerp_mode":"catmullrom"},"0.5":{"post":[0,1.9,0],"lerp_mode":"catmullrom"},"0.6667":{"post":[0,2.5,0],"lerp_mode":"catmullrom"},"0.8333":{"post":[0,0.7,0],"lerp_mode":"catmullrom"},"1.0":{"post":[0,0.2,0],"lerp_mode":"catmullrom"},"1.4167":{"post":[0,-0.3,0],"lerp_mode":"catmullrom"}}},"head":{"rotation":{"0.0":{"post":[-2.5,0,0],"lerp_mode":"catmullrom"},"0.2917":{"post":[-15,0,0],"lerp_mode":"catmullrom"},"0.375":{"post":[-5,0,0],"lerp_mode":"catmullrom"},"0.5":{"post":[-17.5,0,0],"lerp_mode":"catmullrom"},"0.6667":{"post":[-22.5,0,0],"lerp_mode":"catmullrom"},"1.0":{"post":[5,0,0],"lerp_mode":"catmullrom"},"1.2083":{"post":[-5,0,0],"lerp_mode":"catmullrom"},"1.3333":{"post":[-2.5,0,0],"lerp_mode":"catmullrom"}}},"hat":{"rotation":{"0.0":{"post":[0,0,0],"lerp_mode":"catmullrom"},"0.2917":{"post":[10,0,0],"lerp_mode":"catmullrom"}}},"right_hat_arm":{"rotation":{"0.0":{"post":[0,0,0],"lerp_mode":"catmullrom"},"0.2917":{"post":[7.5,0,0],"lerp_mode":"catmullrom"},"0.5":{"post":[7.5,0,0],"lerp_mode":"catmullrom"},"0.6667":{"post":[25,0,0],"lerp_mode":"catmullrom"},"1.0":{"post":[0,0,0],"lerp_mode":"catmullrom"},"1.2083":{"post":[0,0,0],"lerp_mode":"catmullrom"},"1.3333":{"post":[-5,0,0],"lerp_mode":"catmullrom"}},"position":{"0.0":{"post":[0,0,0],"lerp_mode":"catmullrom"},"0.2917":{"post":[0,2,0],"lerp_mode":"catmullrom"},"0.375":{"post":[0,0,0],"lerp_mode":"catmullrom"},"0.5":{"post":[0,0.8,0],"lerp_mode":"catmullrom"},"0.6667":{"post":[0,1.2,0],"lerp_mode":"catmullrom"},"1.0":{"post":[0,0,0],"lerp_mode":"catmullrom"},"1.3333":{"post":[0,-0.5,0],"lerp_mode":"catmullrom"}}},"right_hat_hand":{"rotation":{"0.0":{"post":[0,0,0],"lerp_mode":"catmullrom"},"0.2917":{"post":[0,0,0],"lerp_mode":"catmullrom"}}},"left_hat_arm":{"rotation":{"0.0":{"post":[0,0,0],"lerp_mode":"catmullrom"},"0.2917":{"post":[10,0,0],"lerp_mode":"catmullrom"},"0.5":{"post":[7.5,0,0],"lerp_mode":"catmullrom"},"0.6667":{"post":[25,0,0],"lerp_mode":"catmullrom"},"1.0":{"post":[0,0,0],"lerp_mode":"catmullrom"},"1.2083":{"post":[0,0,0],"lerp_mode":"catmullrom"},"1.3333":{"post":[-5,0,0],"lerp_mode":"catmullrom"}},"position":{"0.0":{"post":[0,0,0],"lerp_mode":"catmullrom"},"0.2917":{"post":[0,2,0],"lerp_mode":"catmullrom"},"0.375":{"post":[0,0,0],"lerp_mode":"catmullrom"},"0.5":{"post":[0,0.8,0],"lerp_mode":"catmullrom"},"0.6667":{"post":[0,1.2,0],"lerp_mode":"catmullrom"},"1.0":{"post":[0,0,0],"lerp_mode":"catmullrom"},"1.3333":{"post":[0,-0.5,0],"lerp_mode":"catmullrom"}}},"left_hat_hand":{"rotation":{"0.0":{"post":[0,0,0],"lerp_mode":"catmullrom"},"0.2917":{"post":[0,0,0],"lerp_mode":"catmullrom"}}},"torso":{"rotation":{"0.0":{"post":[0,0,0],"lerp_mode":"catmullrom"},"0.1667":{"post":[5,0,0],"lerp_mode":"catmullrom"},"0.625":{"post":[-2.5,0,0],"lerp_mode":"catmullrom"},"1.375":{"post":[0,0,0],"lerp_mode":"catmullrom"},"1.7083":{"post":[3,0,0],"lerp_mode":"catmullrom"}}}}}}}