{"format_version":"1.8.0","animations":{"animation.helioptile.ground_idle":{"loop":true,"bones":{"torso":{"rotation":[22.5,0,0],"position":[0,"-0.7+math.cos(40-query.anim_time*500)*0.1",0]},"neck":{"rotation":[-20,"math.cos(query.anim_time*300)*3",0],"position":[0,0.4,0]},"head":{"rotation":[0,"math.sin(query.anim_time*300)*3",0]},"left_ear1":{"rotation":[0,0,"-80+math.sin(query.anim_time*290)*3"]},"left_ear2":{"rotation":[0,0,"math.cos(query.anim_time*290)*-7"]},"left_ear3":{"rotation":[0,0,"math.sin(query.anim_time*290)*-8"]},"right_ear1":{"rotation":[0,0,"80+math.sin(query.anim_time*290)*3"]},"right_ear2":{"rotation":[0,0,"math.cos(query.anim_time*290)*-7"]},"right_ear3":{"rotation":[0,0,"math.sin(query.anim_time*290)*-8"]},"tail":{"rotation":["(math.sin((q.anim_time - 0.3) * 360 ) * 4)","(math.sin((q.anim_time - 0.4) * 360 / 2) * 2)","-(math.sin((q.anim_time - 0.5) * 360 / 2) * 6)"]},"tail1":{"rotation":["70+(math.cos((q.anim_time - 0.3) * 360 ) * 4)","(math.cos((q.anim_time - 0.4) * 360 / 2) * 2)","-(math.cos((q.anim_time - 0.5) * 360 / 2) * 6)"],"position":[0,0,-2]},"tail2":{"rotation":["7+(math.cos((q.anim_time - 0.3) * 360 ) * 4)","(math.cos((q.anim_time - 0.3) * 360 ) * 4)","-(math.cos((q.anim_time - 0.5) * 360 / 2) * 6)"]},"tail3":{"rotation":["5+(math.cos((q.anim_time - 0.65) * 360 ) * 6) + 8","(math.cos((q.anim_time - 0.45) * 360 / 2) * 3)",0]},"arms":{"rotation":[-20,"math.sin(query.anim_time*300)*-5",0],"position":[0,0.2,0]},"left_foot":{"rotation":[0,7.5,0]},"right_foot":{"rotation":[0,-7.5,0]},"right_leg1":{"rotation":[0,0,0]},"right_hand":{"rotation":[0,"math.sin(query.anim_time*300)*-10",0]},"left_hand":{"rotation":[0,"math.sin(query.anim_time*300)*-10",0]},"frill_right":{"position":[-3,0,0],"scale":[0.5,0.5,0]},"frill_left":{"position":[3,0,0],"scale":0.5},"just_left_leg1":{"rotation":["math.cos(query.anim_time*500)*2",0,0]},"just_right_leg1":{"rotation":["math.cos(query.anim_time*500)*2",0,0]}}},"animation.helioptile.ground_walk":{"loop":true,"bones":{"body":{"position":[0,"math.abs(math.cos(query.anim_time*360)*0.2)",0]},"torso":{"rotation":[62.5,0,0],"position":[0,"-0.7+math.cos(40-query.anim_time*500)*0.2",0]},"neck":{"rotation":[-45,"math.cos(query.anim_time*300)*3",0],"position":[0,0.4,0.4]},"head":{"rotation":[-17.5,"math.sin(query.anim_time*300)*3",0],"position":[0,0,-0.9]},"left_ear1":{"rotation":[0,"10+math.sin(query.anim_time*290)*3","-70+math.sin(query.anim_time*290)*3"]},"left_ear2":{"rotation":[0,0,"math.cos(query.anim_time*290)*-7"]},"left_ear3":{"rotation":[0,0,"math.sin(query.anim_time*290)*-9"]},"frill_right":{"position":[-3,0,0],"scale":[0.5,0.5,0]},"right_ear1":{"rotation":[0,0,"70+math.sin(query.anim_time*290)*3"]},"right_ear2":{"rotation":[0,0,"math.cos(query.anim_time*290)*-7"]},"right_ear3":{"rotation":[0,0,"math.sin(query.anim_time*290)*-9"]},"tail":{"rotation":["(math.sin((q.anim_time - 0.3) * 360 ) * 4)","(math.sin((q.anim_time - 0.4) * 360 / 2) * 2)","-(math.sin((q.anim_time - 0.5) * 360 / 2) * 6)"]},"tail1":{"rotation":["30+(math.cos((q.anim_time - 0.3) * 360 ) * 4)","(math.cos((q.anim_time - 0.4) * 360 / 2) * 2)","-(math.cos((q.anim_time - 0.5) * 360 / 2) * 6)"],"position":[0,0,0]},"tail2":{"rotation":["7+(math.cos((q.anim_time - 0.3) * 360 ) * 4)","(math.cos((q.anim_time - 0.3) * 360 ) * 4)","-(math.cos((q.anim_time - 0.5) * 360 / 2) * 6)"]},"tail3":{"rotation":["5+(math.cos((q.anim_time - 0.65) * 360 ) * 6) + 8","(math.cos((q.anim_time - 0.45) * 360 / 2) * 3)",0]},"arms":{"rotation":[-57.5,0,"math.sin(query.anim_time*300)*-10"],"position":[0,0.7,0]},"left_leg1":{"rotation":["-0.4845-math.sin(q.anim_time*90*4-155)*15",5.04224,-0.93134],"position":[0,"math.clamp(math.sin(q.anim_time*90*4-45)*1,0,180)","math.cos(q.anim_time*90*4-65)*1"]},"left_leg2":{"rotation":["math.clamp(math.sin(q.anim_time*90*4-45)*15,0,90)",0,0]},"left_foot":{"rotation":["math.clamp(-math.sin(q.anim_time*90*4+25)*20,-180,5)",0,0]},"right_leg1":{"rotation":["math.sin(q.anim_time*90*4-155)*15",5.0422,0],"position":[0,"math.clamp(-math.sin(q.anim_time*90*4-45)*1,0,180)","-1-math.cos(q.anim_time*90*4-65)*1"]},"right_leg2":{"rotation":["math.clamp(-math.sin(q.anim_time*90*4-45)*15,0,90)",0,0]},"right_foot":{"rotation":["math.clamp(math.sin(q.anim_time*90*4+25)*20,-180,5)",0,0]},"frill_left":{"position":[3,0,0],"scale":0.5},"right_hand":{"rotation":[0,0,"math.sin(query.anim_time*300)*-10"]},"left_hand":{"rotation":[0,0,"math.sin(query.anim_time*300)*-10"]}}},"animation.helioptile.sleep":{"loop":true,"bones":{"torso":{"rotation":[90,0,0],"position":[0,-5.2,0]},"neck":{"rotation":[0,32.5,0],"position":[0,0,1]},"head":{"rotation":[-90,"25+math.cos(40-query.anim_time*50)*2",0],"position":[0,-1.3,0]},"left_eye":{"position":[0,0,1]},"eyelid_left":{"position":[0,0,-1]},"left_ear1":{"rotation":[0,"math.sin(query.anim_time*50)*3",-47.5]},"left_ear2":{"rotation":[-0.06992,"math.cos(query.anim_time*50)*3.9994",36.00244]},"left_ear3":{"rotation":[0,"math.cos(query.anim_time*50)*4.2",12.5]},"right_ear1":{"rotation":[0,"math.sin(query.anim_time*50)*-3",52.5]},"right_ear2":{"rotation":[-0.17476,"-0.0038+math.cos(query.anim_time*50)*-4",-45.0061]},"right_ear3":{"rotation":[0,"math.cos(query.anim_time*50)*-4.2",-10]},"right_eye":{"position":[0,0,1]},"eyelid_right":{"position":[0,0,-1]},"tail":{"rotation":[0,"math.sin(40-query.anim_time*40)*3",0]},"tail1":{"rotation":[-15,"math.cos(40-query.anim_time*50)*-5",0]},"tail2":{"rotation":[0,"-52.5+math.sin(40-query.anim_time*40)*5",0]},"tail3":{"rotation":[-10,"-32.5+math.sin(40-query.anim_time*40)*7",0]},"left_leg1":{"rotation":[70,0,0],"position":[0,-2,1]},"left_leg2":{"rotation":[18.19144,-13.47157,35.3335]},"left_foot":{"rotation":[78,0,0],"position":[0,-0.4,0.2]},"right_leg2":{"rotation":[22.01816,4.75113,-11.57518]},"right_foot":{"rotation":[77.5,0,0],"position":[0,-0.6,0.3]},"right_leg1":{"rotation":[70,0,0],"position":[0,-2,1]},"frill_right":{"position":[-3,0,0],"scale":[0.5,0.5,0]},"right_arm":{"rotation":[-180,-30,-360],"position":[0,1,-2]},"left_arm":{"rotation":[-360,72.5,-180],"position":[-1,1,1]},"just_left_leg2":{"rotation":[0,0,0]},"frill_left":{"position":[3,0,0],"scale":0.5}}},"animation.helioptile.blink":{"animation_length":0.20833,"bones":{"right_eye":{"position":{"0.0":[0,0,1],"0.0833":[0,0,1],"0.1667":[0,0,0]}},"eyelid_right":{"position":{"0.0":[0,0,-1.03],"0.125":[0,0,-1.03],"0.1667":[0,0,0]}},"left_eye":{"position":{"0.0":[0,0,1],"0.125":[0,0,1],"0.1667":[0,0,0]}},"eyelid_left":{"position":{"0.0":[0,0,-1.03],"0.125":[0,0,-1.03],"0.1667":[0,0,0]}},"left_ear3":{"scale":[0.9,1,0.94]},"right_ear3":{"scale":[0.9,1,0.94]}}},"animation.helioptile.cry":{"animation_length":1.79167,"bones":{"head":{"rotation":{"0.0":{"post":[0,0,0],"lerp_mode":"catmullrom"},"0.125":{"post":[-2.5,0,0],"lerp_mode":"catmullrom"},"0.25":{"post":[-7.5,0,0],"lerp_mode":"catmullrom"},"1.25":{"post":[-9.5,0,0],"lerp_mode":"catmullrom"},"1.5":{"post":[0,0,0],"lerp_mode":"catmullrom"}}},"open_mouth":{"position":{"0.0":[0,0,0],"0.125":[0,0,0],"0.1667":[0,0,-1.02],"1.2083":[0,0,-1.02],"1.25":[0,0,0]}},"neck":{"rotation":{"0.0":{"post":[0,0,0],"lerp_mode":"catmullrom"},"0.125":{"post":[-1,0,0],"lerp_mode":"catmullrom"},"0.25":{"post":[-2,0,0],"lerp_mode":"catmullrom"},"1.25":{"post":[-4,0,0],"lerp_mode":"catmullrom"},"1.5":{"post":[0,0,0],"lerp_mode":"catmullrom"}}},"left_ear1":{"scale":{"0.0":[1,1,1],"0.1667":{"pre":[1,1,1],"post":[0.6,1,0]},"1.3333":{"pre":[0.6,1,0],"post":[0.6,1,0]},"1.4167":{"pre":[0.6,1,0],"post":[1,1,1]}}},"frill_right":{"position":{"0.0833":[0,0,0],"0.1667":{"pre":[0,0,0],"post":[12.5,0,0]},"1.4167":{"pre":[12.5,0,0],"post":[0,0,0]}},"scale":{"0.0":[1,0,1],"0.0833":{"pre":[1,0,1],"post":[1,1,1]},"0.1667":{"pre":[1,1,1],"post":[2,2,2]},"0.25":[2,2.1,2],"0.3333":[2,2,2],"0.4167":[2,2.1,2],"0.5":[2,2,2],"0.5833":[2,2.1,2],"0.6667":[2,2,2],"0.75":[2,2.1,2],"0.8333":[2,2,2],"0.9167":[2,2.1,2],"1.0":[2,2,2],"1.0833":[2,2.1,2],"1.1667":[2,2,2],"1.25":[2,2.1,2],"1.3333":[2,2,2],"1.4167":{"pre":[2,2,2],"post":[1,0,1]}}},"right_ear1":{"scale":{"0.0":[1,1,1],"0.1667":{"pre":[1,1,1],"post":[0.6,1,0]},"1.3333":{"pre":[0.6,1,0],"post":[0.6,1,0]},"1.4167":{"pre":[0.6,1,0],"post":[1,1,1]}}},"frill_left":{"position":{"0.0833":[0,0,0],"0.1667":{"pre":[0,0,0],"post":[-11.5,0,0]},"1.4167":{"pre":[-11.5,0,0],"post":[0,0,0]}},"scale":{"0.0":[1,0,1],"0.0833":{"pre":[1,0,1],"post":[1,1,1]},"0.1667":{"pre":[1,1,1],"post":[2,2,2]},"0.25":[2,2.1,2],"0.3333":[2,2,2],"0.4167":[2,2.1,2],"0.5":[2,2,2],"0.5833":[2,2.1,2],"0.6667":[2,2,2],"0.75":[2,2.1,2],"0.8333":[2,2,2],"0.9167":[2,2.1,2],"1.0":[2,2,2],"1.0833":[2,2.1,2],"1.1667":[2,2,2],"1.25":[2,2.1,2],"1.3333":[2,2,2],"1.4167":{"pre":[2,2,2],"post":[1,0,1]}}}},"sound_effects":{"0.0417":{"effect":"pokemon.helioptile.cry"}}}}}