{"format_version":"1.8.0","animations":{"animation.hoopa_unbound.ground_idle":{"loop":true,"bones":{"body":{"position":[0,"12+math.sin(q.anim_time*90*2)",0]},"chest":{"rotation":["7.5-math.sin(q.anim_time*90*2-45)",0,0]},"head":{"rotation":["15-math.sin(q.anim_time*90*2-90)*2",0,0]},"hair":{"rotation":["0-math.sin(q.anim_time*90*2-135)*2",0,0]},"jaw":{"rotation":["10-math.sin(q.anim_time*90*2-135)*2",0,0]},"skirt_left":{"rotation":[0,0,"-5+math.sin(q.anim_time*90*2-45)*3"]},"skirt_right":{"rotation":[0,0,"5-math.sin(q.anim_time*90*2-45)*3"]},"skirt_front":{"rotation":["-10+math.sin(q.anim_time*90*2-45)*3",0,0]},"skirt_back":{"rotation":["-42.5-math.sin(q.anim_time*90*2-45)*3",0,0]},"tail":{"rotation":["-25+math.sin(q.anim_time*90*2-45)*2","0-math.sin(q.anim_time*90*1)*10",0]},"tail1":{"rotation":["12.5+math.sin(q.anim_time*90*2-90)*3","0-math.sin(q.anim_time*90*1-45)*12",0]},"tail2":{"rotation":["12.5+math.sin(q.anim_time*90*2-135)*4","0-math.sin(q.anim_time*90*1-90)*14",0]},"tail3":{"rotation":["10+math.sin(q.anim_time*90*2-180)*5","0-math.sin(q.anim_time*90*1-135)*16",0]},"tail4":{"rotation":["12.5+math.sin(q.anim_time*90*2-225)*6","0-math.sin(q.anim_time*90*1-180)*18",0]},"leg_left":{"rotation":["-15+math.sin(q.anim_time*90*2)*2",0,"0+math.sin(q.anim_time*90*2)*2"]},"leg_left1":{"rotation":["5+math.sin(q.anim_time*90*2-45)*2",0,0]},"foot_left":{"rotation":["22.5+math.sin(q.anim_time*90*2-90)*2",0,0]},"leg_right":{"rotation":["-2.5+math.sin(q.anim_time*90*2)*2",0,"0-math.sin(q.anim_time*90*2)*2"]},"leg_right1":{"rotation":["15+math.sin(q.anim_time*90*2-45)*2",0,0]},"foot_right":{"rotation":["25+math.sin(q.anim_time*90*2-90)*2",0,0]},"arm1_left":{"rotation":["0+math.sin(q.anim_time*90*2)*7","75+math.sin(q.anim_time*90*2-90)*7",-90],"position":["15-math.sin(q.anim_time*90*2)*2","0-math.sin(q.anim_time*90*2+90)*2","0-math.sin(q.anim_time*90*2)"]},"arm1_hand_left":{"rotation":[0,"-25+math.sin(q.anim_time*90*2-180)*7",0]},"arm1_thumb_left":{"rotation":[20,"25+math.sin(q.anim_time*90*2-225)*30",-60]},"arm1_thumb_left1":{"rotation":[0,"55+math.sin(q.anim_time*90*2-270)*15",0]},"arm1_finger1_left":{"rotation":[0,"30+math.sin(q.anim_time*90*2-225)*30",-20]},"arm1_finger1_left1":{"rotation":[0,"55+math.sin(q.anim_time*90*2-270)*15",0]},"arm1_finger2_left":{"rotation":[0,"30+math.sin(q.anim_time*90*2-225)*30",20]},"arm1_finger2_left1":{"rotation":[0,"55+math.sin(q.anim_time*90*2-270)*15",0]},"arm2_left":{"rotation":[0,"90+math.sin(q.anim_time*90*2)*7","-90+math.sin(q.anim_time*90*2-90)*7"],"position":["20-math.sin(q.anim_time*90*2)*2","0-math.sin(q.anim_time*90*2+90)*2","0-math.sin(q.anim_time*90*2)"]},"arm2_hand_left":{"rotation":[0,"0+math.sin(q.anim_time*90*2-90)*7",0]},"arm2_thumb_left":{"rotation":[20,"25+math.sin(q.anim_time*90*2-135)*7","-60+math.sin(q.anim_time*90*2-135)*7"]},"arm2_thumb_left1":{"rotation":[0,"55+math.sin(q.anim_time*90*2-180)*7",0]},"arm2_finger1_left":{"rotation":[0,"30+math.sin(q.anim_time*90*2-135)*7",-20]},"arm2_finger1_left1":{"rotation":[0,"55+math.sin(q.anim_time*90*2-180)*7",0]},"arm2_finger2_left":{"rotation":[0,"30+math.sin(q.anim_time*90*2-135)*7",20]},"arm2_finger2_left1":{"rotation":[0,"55+math.sin(q.anim_time*90*2-180)*7",0]},"arm3_left":{"rotation":[-330,"60-math.sin(q.anim_time*90*2)*7",-270],"position":["15+math.sin(q.anim_time*90*2)*2","0+math.sin(q.anim_time*90*2+90)*2","0-math.sin(q.anim_time*90*2)"]},"arm3_hand_left":{"rotation":[0,"-25-math.sin(q.anim_time*90*2-90)*7",0]},"arm3_thumb_left":{"rotation":[20,"25-math.sin(q.anim_time*90*2-135)*10",-60]},"arm3_thumb_left1":{"rotation":[0,"55-math.sin(q.anim_time*90*2-135)*20",0]},"arm3_finger1_left":{"rotation":[0,"30-math.sin(q.anim_time*90*2-135)*10",-20]},"arm3_finger1_left1":{"rotation":[0,"55-math.sin(q.anim_time*90*2-135)*20",0]},"arm3_finger2_left":{"rotation":[0,"30-math.sin(q.anim_time*90*2-135)*10",20]},"arm3_finger2_left1":{"rotation":[0,"55-math.sin(q.anim_time*90*2-135)*20",0]},"arm1_right":{"rotation":["0+math.sin(q.anim_time*90*2)*7","-75+math.sin(q.anim_time*90*2-90)*7",90],"position":["-15+math.sin(q.anim_time*90*2)*2","0-math.sin(q.anim_time*90*2+90)*2","0-math.sin(q.anim_time*90*2)"]},"arm1_hand_right":{"rotation":[0,"25-math.sin(q.anim_time*90*2-180)*7",0]},"arm1_thumb_right":{"rotation":[20,"-25-math.sin(q.anim_time*90*2-225)*30",60]},"arm1_thumb_right1":{"rotation":[0,"-55-math.sin(q.anim_time*90*2-270)*15",0]},"arm1_finger1_right":{"rotation":[0,"-30-math.sin(q.anim_time*90*2-225)*30",20]},"arm1_finger1_right1":{"rotation":[0,"-55-math.sin(q.anim_time*90*2-270)*15",0]},"arm1_finger2_right":{"rotation":[0,"-30-math.sin(q.anim_time*90*2-225)*30",-20]},"arm1_finger2_right1":{"rotation":[0,"-55-math.sin(q.anim_time*90*2-270)*15",0]},"arm2_right":{"rotation":[0,"-90+math.sin(q.anim_time*90*2)*7","90+math.sin(q.anim_time*90*2-90)*7"],"position":["-20-math.sin(q.anim_time*90*2)*2","0+math.sin(q.anim_time*90*2+90)*2","0+math.sin(q.anim_time*90*2)"]},"arm2_hand_right":{"rotation":[0,"0+math.sin(q.anim_time*90*2-90)*7",0]},"arm2_thumb_right":{"rotation":[20,"-25+math.sin(q.anim_time*90*2-135)*7",60]},"arm2_thumb_right1":{"rotation":[0,"-55+math.sin(q.anim_time*90*2-180)*7",0]},"arm2_finger1_right":{"rotation":[0,"-30+math.sin(q.anim_time*90*2-135)*7",20]},"arm2_finger1_right1":{"rotation":[0,"-55+math.sin(q.anim_time*90*2-180)*7",0]},"arm2_finger2_right":{"rotation":[0,"-30+math.sin(q.anim_time*90*2-135)*7",-20]},"arm2_finger2_right1":{"rotation":[0,"-55+math.sin(q.anim_time*90*2-180)*7",0]},"arm3_right":{"rotation":[-330,"-60-math.sin(q.anim_time*90*2)*7",270],"position":["-15+math.sin(q.anim_time*90*2)*2","0+math.sin(q.anim_time*90*2+90)*2","0-math.sin(q.anim_time*90*2)"]},"arm3_hand_right":{"rotation":[0,"25-math.sin(q.anim_time*90*2-90)*7",0]},"arm3_thumb_right":{"rotation":[20,"-25-math.sin(q.anim_time*90*2-135)*10",60]},"arm3_thumb_right1":{"rotation":[0,"-55-math.sin(q.anim_time*90*2-180)*20",0]},"arm3_finger1_right":{"rotation":[0,"-30-math.sin(q.anim_time*90*2-135)*10",20]},"arm3_finger1_right1":{"rotation":[0,"-55-math.sin(q.anim_time*90*2-180)*20",0]},"arm3_finger2_right":{"rotation":[0,"-30-math.sin(q.anim_time*90*2-135)*10",-20]},"arm3_finger2_right1":{"rotation":[0,"-55-math.sin(q.anim_time*90*2-180)*20",0]}}},"animation.hoopa_unbound.pose":{"loop":true,"bones":{"body":{"position":[0,16,0]},"torso":{"rotation":[20,0,0]},"head":{"rotation":[-5.04292,-7.4713,0.6574]},"jaw":{"rotation":[27.5,0,0]},"tail":{"rotation":[-52.02923,13.09358,-20.63181]},"tail1":{"rotation":[-19.55124,37.05353,-0.61774]},"tail2":{"rotation":[-15.59243,21.74601,-17.439]},"tail3":{"rotation":[-11.43111,20.85041,-10.61607]},"arm1_left":{"rotation":[57.8991,60.97527,-2.58415],"position":[9,-8,-45]},"arm1_hand_left":{"rotation":[0,-35,0]},"arm1_thumb_left":{"rotation":[31.28223,9.29798,-77.39149]},"arm1_thumb_left1":{"rotation":[0,47.5,0]},"arm1_finger1_left":{"rotation":[0,0,-25]},"arm1_finger1_left1":{"rotation":[0,45,0]},"arm1_finger2_left":{"rotation":[0,0,25]},"arm1_finger2_left1":{"rotation":[0,45,0]},"arm2_left":{"rotation":[160,0,180],"position":[5,-3,-11.5]},"arm3_left":{"rotation":[50.96058,39.61011,-16.5347],"position":[0,-4,0]},"arm3_hand_left":{"rotation":[0,-15,0]},"arm3_thumb_left":{"rotation":[38.76479,30.89218,-20.09441]},"arm3_thumb_left1":{"rotation":[0,32.5,0]},"arm3_finger1_left":{"rotation":[0,0,-22.5]},"arm3_finger1_left1":{"rotation":[0,55,0]},"arm3_finger2_left":{"rotation":[0,0,20]},"arm3_finger2_left1":{"rotation":[0,55,0]},"arm1_right":{"rotation":[104.87231,-48.38957,-14.4319],"position":[-11,-8,-1]},"arm1_hand_right":{"rotation":[0,27.5,0]},"arm1_thumb_right":{"rotation":[40.66532,-22.14885,31.47561]},"arm1_thumb_right1":{"rotation":[0,-35,0]},"arm1_finger1_right":{"rotation":[0,-20,0]},"arm1_finger1_right1":{"rotation":[0,-35,0]},"arm1_finger2_right":{"rotation":[0,-12.5,0]},"arm1_finger2_right1":{"rotation":[0,-20,0]},"arm2_right":{"rotation":[95.23454,-52.09835,-0.52469],"position":[-12,-14,-7]},"arm2_hand_right":{"rotation":[0,-22.5,0]},"arm2_thumb_right":{"rotation":[56.942,-25.26848,53.44168]},"arm2_thumb_right1":{"rotation":[0,-27.5,0]},"arm2_finger1_right":{"rotation":[0,-20,0]},"arm2_finger1_right1":{"rotation":[0,-45,0]},"arm2_finger2_right":{"rotation":[0,-40,0]},"arm2_finger2_right1":{"rotation":[0,-45,0]},"arm3_right":{"rotation":[99.37299,-43.39599,-31.3126],"position":[-3,-12,0]},"arm3_hand_right":{"rotation":[0,25,0]},"arm3_thumb_right":{"rotation":[0,-32.5,37.5]},"arm3_thumb_right1":{"rotation":[0,-32.5,0]},"arm3_finger1_right":{"rotation":[0,0,22.5]},"arm3_finger1_right1":{"rotation":[0,-55,0]},"arm3_finger2_right":{"rotation":[0,-22.5,-22.5]},"arm3_finger2_right1":{"rotation":[0,-55,0]},"leg_left":{"rotation":[15,0,0]},"leg_left1":{"rotation":[-15,0,0]},"foot_left":{"rotation":[27.5,0,0]},"leg_right":{"rotation":[-15,0,0]},"leg_right1":{"rotation":[27.5,0,0]},"foot_right":{"rotation":[25,0,0]}}},"animation.hoopa_unbound.blink":{"animation_length":0.215,"bones":{"eyelid_left":{"position":{"0.0":[1,0,0],"0.1667":[1,0,0],"0.2083":[0,0,0]}},"eyelid_right":{"position":{"0.0":[-1,0,0],"0.1667":[-1,0,0],"0.2083":[0,0,0]}}}}},"geckolib_format_version":2}