{"format_version":"1.8.0","animations":{"animation.houndstone.ground_idle":{"loop":true,"bones":{"head":{"rotation":["-7.5-math.sin(q.anim_time*90*2-90)*1.5","-math.sin(q.anim_time*90*1-90)*1.5",0],"position":["math.sin(q.anim_time*90*2-45)*0.1","math.sin(q.anim_time*90*2-40)*0.3",0]},"lower_jaw":{"rotation":["math.sin(q.anim_time*90*2-20)*1",0,0]},"ear_right":{"rotation":[0,0,"math.sin(q.anim_time*90*2-50)*1"]},"ear_left":{"rotation":[0,0,"math.sin(q.anim_time*90*2-20)*2"]},"torso":{"position":[0,"math.sin(q.anim_time*90*2)*0.2",0]},"leg_left2":{"position":[0,"-math.sin(q.anim_time*90*2)*0.2",0]},"left_left1":{"position":[0,"-math.sin(q.anim_time*90*2)*0.2",0]},"leg_right1":{"position":[0,"-math.sin(q.anim_time*90*2)*0.2",0]},"leg_right2":{"position":[0,"-math.sin(q.anim_time*90*2)*0.2",0]},"tail":{"rotation":["-65+math.sin(q.anim_time*90*4-20)*3",0,"0+math.sin(q.anim_time*90*8-20)*3"]},"tail1":{"rotation":[0,0,"-math.sin(q.anim_time*90*8-90)*10"]}}},"animation.houndstone.cry":{"animation_length":0.83333,"sound_effects":{"0.0417":{"effect":"pokemon.houndstone.cry"}},"bones":{"head":{"rotation":{"0.0":[0,0,0],"0.1667":[-15,0,0],"0.25":[-17.5,0,0],"0.3333":[-15,0,0],"0.4167":[-17.5,0,0],"0.5":[-15,0,0]},"position":{"0.0":[0,0,0],"0.1667":[0,0,0],"0.25":[0,0.25,0],"0.3333":[0,0,0],"0.4167":[0,0.25,0],"0.5":[0,0,0]}},"upper_jaw":{"rotation":{"0.0":[0,0,0],"0.1667":[0,0,0],"0.25":[-2.5,0,0],"0.3333":[0,0,0],"0.4167":[-2.5,0,0],"0.5":[0,0,0]}},"lower_jaw":{"rotation":{"0.0":[0,0,0],"0.1667":[0,0,0],"0.25":[7.5,0,0],"0.3333":[0,0,0],"0.4167":[7.5,0,0],"0.5":[0,0,0]}},"ear_right":{"rotation":{"0.0":[0,0,0],"0.1667":[0,0,0],"0.2917":[0,0,5],"0.4167":[0,0,0],"0.5417":[0,0,5],"0.6667":[0,0,0]}},"ear_left":{"rotation":{"0.0":[0,0,0],"0.1667":[0,0,0],"0.2917":[0,0,-5],"0.4167":[0,0,0],"0.5417":[0,0,-5],"0.6667":[0,0,0]}}}},"animation.houndstone.ground_walk":{"loop":true,"animation_length":2.66667,"bones":{"head":{"rotation":[0,0,"-math.sin(q.anim_time*90*3)*3"]},"lower_jaw":{"rotation":["math.sin(q.anim_time*90*3)*1.5",0,0]},"ear_right":{"rotation":["-math.sin(q.anim_time*90*3)*4",0,"-math.sin(q.anim_time*90*3-90)*4"]},"ear_left":{"rotation":["math.sin(q.anim_time*90*3)*4",0,"math.sin(q.anim_time*90*3-90)*4"]},"torso":{"rotation":[0,0,"math.sin(q.anim_time*90*3-90)*4"]},"leg_left2":{"rotation":["-math.cos(q.anim_time*90*3)*4",0,0],"position":[0,"math.clamp(-math.sin(q.anim_time*90*3)/3,0,3)","-math.cos(q.anim_time*90*3)/1.5"]},"left_left1":{"rotation":["-math.cos(q.anim_time*90*3-180)*5",0,0],"position":[0,"math.clamp(-math.sin(q.anim_time*90*3-180)/3,0,3)","-math.cos(q.anim_time*90*3-180)/1.5"]},"leg_right1":{"rotation":["-math.cos(q.anim_time*90*3)*4",0,0],"position":[0,"math.clamp(-math.sin(q.anim_time*90*3)/3,0,3)","-math.cos(q.anim_time*90*3)/1.5"]},"leg_right2":{"rotation":["-math.cos(q.anim_time*90*3-180)*5",0,0],"position":[0,"math.clamp(-math.sin(q.anim_time*90*3-180)/3,0,3)","-math.cos(q.anim_time*90*3-180)/1.5"]},"tail":{"rotation":[0,"-math.sin(q.anim_time*90*3)*12",0]},"tail1":{"rotation":[0,"-math.sin(q.anim_time*90*3-90)*12",0]}}}}}