{"format_version":"1.8.0","animations":{"animation.indeedee_f.ground_idle":{"loop":true,"bones":{"arm_left":{"rotation":[18.17019,42.3799,1.0174]},"elbow_left":{"rotation":[39.01432,65.68255,46.11617]},"fingers_left":{"rotation":[0,0,25]},"arm_right":{"rotation":[18.17019,-42.37993,-1.01743]},"elbow_right":{"rotation":[60.24545,-55.66729,-69.91888]},"fingers_right":{"rotation":[0,0,-25]},"leg_left":{"rotation":[0,5,0],"position":[0,"-math.cos((q.anim_time-0.2)*360*0.5)*0.1",0]},"leg_right":{"rotation":[0,-2.5,0],"position":[0,"-math.cos((q.anim_time-0.2)*360*0.5)*0.1",0]},"body":{"rotation":[0,0,0],"position":[0,"math.cos((q.anim_time-0.2)*360*0.5)*0.1",0]},"head":{"rotation":[0,0,"math.cos((q.anim_time-0.2)*360*0.25)*2"]}}},"animation.indeedee_f.ground_walk":{"loop":true,"bones":{"arm_left":{"rotation":[18.17019,42.3799,1.0174]},"elbow_left":{"rotation":[39.01432,65.68255,46.11617]},"fingers_left":{"rotation":[0,0,25]},"arm_right":{"rotation":[18.17019,-42.37993,-1.01743]},"elbow_right":{"rotation":[60.24545,-55.66729,-69.91888]},"fingers_right":{"rotation":[0,0,-25]},"leg_left":{"rotation":["0+math.clamp(math.sin(query.anim_time*90*4*1+0)*5,-5,0)+math.clamp(math.sin(query.anim_time*90*4*1+0)*5,0,5)",0,0],"position":[0,"0+math.clamp(math.sin(query.anim_time*90*4*1+200)*0.1,-0.,0.1)","0+math.sin(q.anim_time*90*4-75)*0.65"]},"leg_right":{"rotation":["0+math.clamp(math.sin(query.anim_time*90*4*1+180)*5,-5,0)+math.clamp(math.sin(query.anim_time*90*4*1+180)*5,0,5)",0,0],"position":[0,"0+math.clamp(math.sin(query.anim_time*90*4*1+200+180)*0.1,-0.,0.1)","0+math.sin(q.anim_time*90*4-75+180)*0.65"]},"body":{"rotation":[0,0,"math.cos((q.anim_time-0.2)*360*0.5)*0.2"],"position":[0,"0.1+math.cos((q.anim_time-0.2)*360*2)*0.1",0]},"head":{"rotation":[0,0,"math.cos((q.anim_time-0.2)*360*0.25)*2"]}}},"animation.indeedee_f.cry":{"animation_length":1,"bones":{"head":{"rotation":{"0.0":[0,0,0],"0.2083":[7.5,0,0],"0.375":[-7.5,0,0],"0.75":[-17.5,0,0],"1.0":[0,0,0]}},"mouth_open":{"position":{"0.0":[0,0.5,-0.1],"0.2083":[0,0.5,-0.1],"0.3333":[0,-1,-0.1]},"scale":{"0.0":[0,0,1],"0.3333":{"pre":[0,0,1],"post":[1.02,0.77,1]},"0.6667":[1.02,0.81,1]}}}},"animation.indeedee_f.cry2":{"animation_length":0.25,"bones":{"eyelid_left":{"position":{"0.0":[0,0,-0.1],"0.125":{"pre":[0,0,-0.1],"post":[0,0,-0.1]},"0.1667":{"pre":[0,0,-0.1],"post":[0,0,0]}}},"eyelid_right":{"position":{"0.0":[0,0,-0.1],"0.125":{"pre":[0,0,-0.1],"post":[0,0,-0.1]},"0.1667":{"pre":[0,0,-0.1],"post":[0,0,0]}}}}},"animation.indeedee_f.blink":{"animation_length":0.25,"bones":{"eyelid_left":{"position":{"0.0":[0,0,-0.1],"0.125":{"pre":[0,0,-0.1],"post":[0,0,-0.1]},"0.1667":{"pre":[0,0,-0.1],"post":[0,0,0]}}},"eyelid_right":{"position":{"0.0":[0,0,-0.1],"0.125":{"pre":[0,0,-0.1],"post":[0,0,-0.1]},"0.1667":{"pre":[0,0,-0.1],"post":[0,0,0]}}}}}}}