{"format_version":"1.8.0","animations":{"animation.indeedee_m.ground_idle":{"loop":true,"bones":{"arm_left":{"rotation":[116.34161,-29.7547,-12.7677]},"elbow_left":{"rotation":[115.64659,59.99537,112.57641]},"fingers_left":{"rotation":[0,0,7.5]},"arm_right":{"rotation":[116.34161,29.75466,12.76769]},"elbow_right":{"rotation":[126.39941,-68.60852,-124.46799]},"fingers_right":{"rotation":[0,0,-10]},"leg_left":{"rotation":[0,0,0],"position":[0,"math.cos((q.anim_time-0.2)*360*0.5)*0.05",0]},"leg_right":{"rotation":[0,5,0],"position":[0,"-math.cos((q.anim_time-0.2)*360*0.5)*0.05",0]},"body":{"rotation":[0,0,"math.cos((q.anim_time-0.2)*360*0.5)*0.2"]},"torso":{"rotation":[0,0,"math.cos((q.anim_time-0.2)*360*0.5)*5"]},"head":{"rotation":[0,0,"math.cos((q.anim_time-0.2)*360*0.5)*8"]},"tail":{"rotation":[-32.45524,22.48694,-0.77273]}}},"animation.indeedee_m.ground_walk":{"loop":true,"bones":{"body":{"rotation":[0,0,"math.cos((q.anim_time-0.2)*360*0.5)*0.2"],"position":[0,"math.cos((q.anim_time-0.2)*360*2)*0.1",0]},"torso":{"rotation":[0,0,"math.cos((q.anim_time-0.2)*360*0.5)*5"]},"arm_left":{"rotation":[116.34161,-29.7547,-12.7677]},"elbow_left":{"rotation":[115.64659,59.99537,112.57641]},"fingers_left":{"rotation":[0,0,7.5]},"arm_right":{"rotation":[116.34161,29.75466,12.76769]},"elbow_right":{"rotation":[126.39941,-68.60852,-124.46799]},"fingers_right":{"rotation":[0,0,-10]},"head":{"rotation":[0,0,"math.cos((q.anim_time-0.2)*360*0.5)*8"]},"tail":{"rotation":[-32.45524,22.48694,-0.77273]},"leg_left":{"rotation":["0+math.clamp(math.sin(query.anim_time*90*4*1+0)*5,-5,0)+math.clamp(math.sin(query.anim_time*90*4*1+0)*5,0,5)",0,0],"position":[0,"0+math.clamp(math.sin(query.anim_time*90*4*1+200)*0.1,-0.,0.1)","0+math.sin(q.anim_time*90*4-75)*0.65"]},"leg_right":{"rotation":["0+math.clamp(math.sin(query.anim_time*90*4*1+180)*5,-5,0)+math.clamp(math.sin(query.anim_time*90*4*1+180)*5,0,5)",0,0],"position":[0,"0+math.clamp(math.sin(query.anim_time*90*4*1+200+180)*0.1,-0.,0.1)","0+math.sin(q.anim_time*90*4-75+180)*0.65"]}}},"animation.indeedee_m.blink":{"animation_length":0.25,"bones":{"eyelid_left":{"position":{"0.0":[0,0,-0.1],"0.125":{"pre":[0,0,-0.1],"post":[0,0,-0.1]},"0.1667":{"pre":[0,0,-0.1],"post":[0,0,0]}}},"eyelid_right":{"position":{"0.0":[0,0,-0.1],"0.125":{"pre":[0,0,-0.1],"post":[0,0,-0.1]},"0.1667":{"pre":[0,0,-0.1],"post":[0,0,0]}}}}},"animation.indeedee_m.cry":{"animation_length":1,"bones":{"head":{"rotation":{"0.0":[0,0,0],"0.2083":[7.5,0,0],"0.375":[-7.5,0,0],"0.75":[-17.5,0,0],"1.0":[0,0,0]}},"mouth_open":{"position":{"0.0":[0,0.5,-0.1],"0.2083":[0,0.5,-0.1]},"scale":{"0.0":[0,0,1],"0.3333":{"pre":[0,0,1],"post":[1.02,0.77,1]},"0.6667":[1.02,0.81,1]}}}}}}