{"format_version":"1.8.0","animations":{"animation.ironthorns.ground_idle":{"loop":true,"bones":{"leg_right":{"rotation":[0,15,0]},"torso":{"rotation":[15,0,0],"position":[0,1,0]},"chest":{"rotation":[-5,0,0],"position":[0,0,0]},"tail":{"rotation":[-30,0,0]},"tail2":{"rotation":[5,0,0]},"tail3":{"rotation":[10,0,0]},"tail4":{"rotation":[10,0,0]},"tail5":{"rotation":[7.5,0,0]},"neck":{"rotation":[-7.5,0,0],"position":[0,-4,-1]},"chest2":{"rotation":[0,0,0]},"arm_right":{"rotation":[15,-2.5,-20]},"arm_right2":{"rotation":[10.53252,-16.3619,-10.38658]},"hand_right":{"rotation":[8.03252,-16.3619,-10.38658]},"finger_index_right":{"rotation":[0,-17.5,0]},"finger_ring_right":{"rotation":[0,15,0]},"arm_left":{"rotation":[15,2.5,20]},"arm_left2":{"rotation":[10.53252,16.3619,10.3866]},"hand_left":{"rotation":[8.03252,16.3619,10.3866]},"leg_left":{"rotation":[0,-15,0]},"neck2":{"position":[0,1,2]},"head":{"rotation":[-15,0,0]},"head_rotation":{"rotation":[15,0,0]},"head_spike":{"rotation":[5,0,0]},"jaw_hidden":{"position":[0,-3,0]}}},"animation.tyranitar.blink":{"animation_length":0.16667,"bones":{"eyelid_left":{"position":{"0.0":[0.1,0,0],"0.125":[0.1,0,0],"0.1667":[0,0,0]}},"eyelid_right":{"position":{"0.0":[-0.1,0,0],"0.125":[-0.1,0,0],"0.1667":[0,0,0]}}}},"animation.tyranitar.mouth_open":{"animation_length":3.66667,"bones":{"chest":{"rotation":[10,0,0]},"arm_right":{"rotation":[-4.50432,19.50645,-13.27463]},"chest2":{"rotation":[-7.5,0,0]},"neck":{"rotation":[-2.5,0,0]},"neck2":{"rotation":[-12.5,0,0],"position":[0,0,-3]},"torso":{"rotation":[35,0,0]},"arm_left":{"rotation":[-4.50432,-19.5064,13.2746]},"jaw":{"rotation":[82.5,0,0]},"head_rotation":{"rotation":[-32.5,0,0]},"finger_index_right":{"rotation":[0,-15,-30]},"finger_ring_right":{"rotation":[-2.74715,12.19908,-12.79362]},"finger_index_left":{"rotation":[0,15,30]},"finger_ring_left":{"rotation":[-2.74715,-12.19908,12.79362]},"tail":{"rotation":[-10,0,0]},"tail2":{"rotation":[17.5,0,0]},"tail3":{"rotation":[20,0,0]},"tail4":{"rotation":[10,0,0]},"tail5":{"rotation":[15,0,0]},"leg_right":{"rotation":[6.58489,17.05448,11.43677]},"foot_right":{"rotation":[-2.50954,4.99523,-10.21865]},"leg_left":{"rotation":[6.58489,-17.05448,-11.43677]},"foot_left":{"rotation":[-2.50954,-4.99523,10.21865]},"jaw_hidden":{"rotation":[0,0,0],"position":[0,-3,0]}}},"animation.tyranitar.battle_cry/status":{"loop":"hold_on_last_frame","animation_length":4.33333,"bones":{"body":{"position":{"0.0":[0,0,0],"1.75":[0,0,0],"1.7917":[1,0,0],"1.8333":[0,0,0],"1.875":[1,0,0],"1.9167":[0,0,0],"1.9583":[1,0,0],"2.0":[0,0,0],"2.0417":[1,0,0],"2.0833":[0,0,0],"2.125":[1,0,0],"2.1667":[0,0,0],"2.2083":[1,0,0],"2.25":[0,0,0],"2.2917":[1,0,0],"2.3333":[0,0,0],"2.375":[1,0,0],"2.4167":[0,0,0],"2.4583":[1,0,0],"2.5":[0,0,0],"2.5417":[1,0,0],"2.5833":[0,0,0],"2.625":[1,0,0],"2.6667":[0,0,0],"2.7083":[1,0,0],"2.75":[0,0,0]}},"torso":{"rotation":{"0.0":{"post":[0,0,0],"lerp_mode":"catmullrom"},"0.25":{"post":[-0.79316,-0.10442,-7.49928],"lerp_mode":"catmullrom"},"0.375":{"post":[0,0,0],"lerp_mode":"catmullrom"},"0.5833":{"post":[0,0,0],"lerp_mode":"catmullrom"},"0.8333":{"post":[-2.54551,0.34238,8.01729],"lerp_mode":"catmullrom"},"1.0":{"post":[0,0,0],"lerp_mode":"catmullrom"},"1.25":{"post":[0,0,0],"lerp_mode":"catmullrom"},"1.5":[50,0,0],"2.5":[12.5,0,0],"3.0":{"pre":[0,0,0],"post":[0,0,0],"lerp_mode":"catmullrom"},"3.25":{"post":[-0.79316,-0.10442,-7.49928],"lerp_mode":"catmullrom"},"3.5":{"post":[0,0,0],"lerp_mode":"catmullrom"},"3.75":{"post":[-0.79316,0.1044,7.4993],"lerp_mode":"catmullrom"},"4.0":{"post":[0,0,0],"lerp_mode":"catmullrom"},"4.3333":{"post":[0,0,0],"lerp_mode":"catmullrom"}},"position":{"0.0":{"post":[0,0,0],"lerp_mode":"catmullrom"},"0.375":{"post":[1,0,0],"lerp_mode":"catmullrom"},"0.4167":{"post":[0,0,0],"lerp_mode":"catmullrom"},"0.4583":{"post":[1,0,0],"lerp_mode":"catmullrom"},"0.5":{"post":[0,0,0],"lerp_mode":"catmullrom"},"1.0":{"post":[1,0,0],"lerp_mode":"catmullrom"},"1.0417":{"post":[0,0,0],"lerp_mode":"catmullrom"},"1.0833":{"post":[1,0,0],"lerp_mode":"catmullrom"},"1.125":{"post":[0,0,0],"lerp_mode":"catmullrom"},"3.5":{"post":[1,0,0],"lerp_mode":"catmullrom"},"3.5417":{"post":[0,0,0],"lerp_mode":"catmullrom"},"3.5833":{"post":[1,0,0],"lerp_mode":"catmullrom"},"3.625":{"post":[0,0,0],"lerp_mode":"catmullrom"},"3.875":{"post":[1,0,0],"lerp_mode":"catmullrom"},"3.9167":{"post":[0,0,0],"lerp_mode":"catmullrom"},"3.9583":{"post":[1,0,0],"lerp_mode":"catmullrom"},"4.0":{"post":[0,0,0],"lerp_mode":"catmullrom"}}},"chest":{"rotation":{"0.0":[0,0,0],"1.0":[10,0,0],"1.25":[-10,0,0],"4.3333":[0,0,0]}},"arm_left":{"rotation":{"0.0":{"post":[0,0,0],"lerp_mode":"catmullrom"},"1.25":{"post":[-4.48581,52.96205,3.97517],"lerp_mode":"catmullrom"},"1.5":{"post":[-4.48581,52.96205,3.97517],"lerp_mode":"catmullrom"},"1.7917":{"post":[-4.50432,-19.5064,13.2746],"lerp_mode":"catmullrom"},"4.3333":{"post":[0,0,0],"lerp_mode":"catmullrom"}}},"arm_left2":{"rotation":{"0.0":{"post":[0,0,0],"lerp_mode":"catmullrom"},"1.25":{"post":[0,25,0],"lerp_mode":"catmullrom"},"4.3333":{"post":[0,0,0],"lerp_mode":"catmullrom"}}},"hand_left":{"rotation":{"0.0":[0,0,0],"1.25":[0,15,0],"4.3333":[0,0,0]}},"arm_right":{"rotation":{"0.0":{"post":[0,0,0],"lerp_mode":"catmullrom"},"1.25":{"post":[-6.32269,-47.76378,-7.07804],"lerp_mode":"catmullrom"},"1.5":{"post":[-6.32269,-47.76378,-7.07804],"lerp_mode":"catmullrom"},"1.7917":{"post":[-4.50432,19.50645,-13.27463],"lerp_mode":"catmullrom"},"4.3333":{"post":[0,0,0],"lerp_mode":"catmullrom"}}},"arm_right2":{"rotation":{"0.0":{"post":[0,0,0],"lerp_mode":"catmullrom"},"1.25":{"post":[0,-25,0],"lerp_mode":"catmullrom"},"4.3333":{"post":[0,0,0],"lerp_mode":"catmullrom"}}},"hand_right":{"rotation":{"0.0":[0,0,0],"1.25":[0,-15,0],"4.3333":[0,0,0]}},"chest2":{"rotation":{"0.0":[0,0,0],"1.5":[0,0,0],"1.75":[-7.5,0,0],"4.3333":[0,0,0]}},"neck":{"rotation":{"0.0":[0,0,0],"1.0":[-2.5,0,0],"4.3333":[0,0,0]}},"neck2":{"rotation":{"0.0":[0,0,0],"1.0":[-12.5,0,0],"1.25":[17.5,0,0],"1.75":[-12.5,0,0],"2.5":[-25,0,0],"3.625":[0,0,0]}},"head":{"rotation":{"0.0":[0,0,0],"0.75":[40,0,0],"1.75":[2.5,0,0],"4.3333":[0,0,0]}},"head_rotation":{"rotation":{"0.0":[0,0,0],"0.5":[-32.5,0,0],"3.625":[0,0,0],"4.3333":[0,0,0]}},"jaw":{"rotation":{"0.0":[0,0,0],"0.75":[0,0,0],"1.0":[0,0,0],"1.25":[7.5,0,0],"1.75":[82.5,0,0],"2.5":[72,0,0],"3.625":[0,0,0]}},"jaw_hidden":{"rotation":{"1.0":[0,0,0],"1.75":[0,0,0]},"position":{"0.0":[0,0,0],"0.75":[0,0,0],"1.0":[0,0,0],"1.75":[0,-3,0],"3.625":[0,0,0]}},"tail":{"rotation":{"0.0":[0,0,0],"1.75":[-10,0,0],"4.3333":[0,0,0]}},"tail2":{"rotation":{"0.0":[0,0,0],"1.75":[17.5,0,0],"4.3333":[0,0,0]}},"tail3":{"rotation":{"0.0":[0,0,0],"1.75":[20,0,0],"4.3333":[0,0,0]}},"tail_spike_top":{"rotation":{"0.0":[0,0,0],"1.75":[12.5,0,0],"4.3333":[0,0,0]}},"bone3":{"rotation":{"0.0":[0,0,0],"1.75":[0,-12.5,0],"4.3333":[0,0,0]}},"tail_spike_top4":{"rotation":{"0.0":[0,0,0],"1.75":[0,7.5,0],"4.3333":[0,0,0]}},"tail4":{"rotation":{"0.0":[0,0,0],"1.75":[10,0,0],"4.3333":[0,0,0]}},"tail5":{"rotation":{"0.0":[0,0,0],"1.75":[15,0,0],"4.3333":[0,0,0]}},"leg_left":{"rotation":{"0.0":{"post":[0,0,0],"lerp_mode":"catmullrom"},"0.1667":{"post":[0.30637,-28.20967,-0.62148],"lerp_mode":"catmullrom"},"0.375":{"post":[6.58489,-17.05448,-11.43677],"lerp_mode":"catmullrom"},"3.0":{"post":[6.58489,-17.05448,-11.43677],"lerp_mode":"catmullrom"},"3.25":{"post":[0.30637,-28.20967,-0.62148],"lerp_mode":"catmullrom"},"3.5":{"post":[0,0,0],"lerp_mode":"catmullrom"}},"position":{"0.0":{"post":[0,0,0],"lerp_mode":"catmullrom"},"0.1667":{"post":[0,3,0],"lerp_mode":"catmullrom"},"0.375":{"post":[0,0,0],"lerp_mode":"catmullrom"},"0.4167":{"post":[0.5,0,0],"lerp_mode":"catmullrom"},"0.4583":{"post":[0,0,0],"lerp_mode":"catmullrom"},"3.0":{"post":[0,0,0],"lerp_mode":"catmullrom"},"3.25":{"post":[0,3,0],"lerp_mode":"catmullrom"},"3.5":{"post":[0,0,0],"lerp_mode":"catmullrom"},"3.5417":{"post":[0.5,0,0],"lerp_mode":"catmullrom"},"3.5833":{"post":[0,0,0],"lerp_mode":"catmullrom"}}},"foot_left":{"rotation":{"0.0":[0,0,0],"0.375":[-2.50954,-4.99523,10.21865],"3.0":[-2.50954,-4.99523,10.21865],"3.625":[0,0,0]}},"leg_right":{"rotation":{"0.0":[0,0,0],"0.625":[0,0,0],"1.0":[6.58489,17.05448,11.43677],"3.625":[6.58489,17.05448,11.43677],"3.875":[0,0,0]},"position":{"0.0":[0,0,0],"0.625":[0,0,0],"0.8333":[0,4,0],"1.0":[0,0,0],"1.0417":[0.5,0,0],"1.0833":[0,0,0],"3.625":[0,0,0],"3.75":[0,3,0],"3.875":[0,0,0],"3.9167":[0.5,0,0],"3.9583":[0,0,0]}},"foot_right":{"rotation":{"0.0":[0,0,0],"0.625":[0,0,0],"1.0":[-2.50954,4.99523,-10.21865],"3.625":[-2.50954,4.99523,-10.21865],"3.875":[0,0,0]}},"tyranitar":{"position":[0,0,0],"scale":1}}}}}