{"format_version":"1.8.0","animations":{"animation.ironcrown.ground_idle":{"loop":true,"bones":{"neck":{"rotation":["15.0283 - (math.sin((q.anim_time - 0.2) * 360 / 2) * 1) - 1",-4.95712,0],"position":[0,0,0.5625]},"head":{"rotation":["-(math.sin((q.anim_time - 0.8) * 360 / 2) * 1) - 3",-2.5,0]},"leg_front_right":{"rotation":["-5.0429 + (math.sin((q.anim_time - 1.8) * 360 / 2) * 1)",-7.4713,0.6574],"position":["(math.sin((q.anim_time - 1.8) * 360 / 2) * 0.04) + 0.3","-0.25 -(math.sin((q.anim_time - 1.8) * 360 / 2) * 0.02) - 0.1","0.7813 - (math.sin((q.anim_time - 1.8) * 360 / 2) * 0.25)"]},"leg_knee_front_right":{"rotation":[10,0,0]},"body":{"rotation":[0,0,0]},"torso":{"rotation":["-2.5 - (math.sin((q.anim_time - 0) * 360 / 2) * 0.5)",0,0],"position":[0,"1.2188 + (math.sin((q.anim_time - 0) * 360 / 2) * 0.1)","-0.25 - (math.sin((q.anim_time - 1.8) * 360 / 2) * 0.2)"]},"chest":{"rotation":[0,-5,0]},"waist":{"rotation":[2,0,0],"position":[0,-0.15625,-0.71875]},"hip":{"rotation":["5+(math.sin((q.anim_time - 0.1) * 360 / 2) * 0.5)",2.5,0]},"leg_foot_front_right":{"rotation":["-5 - (math.sin((q.anim_time - 1.8) * 360 / 2) * 1) + 1",0,0]},"leg_front_left":{"rotation":["(math.sin((q.anim_time - 1.8) * 360 / 2) * 1)",-10,0],"position":["(math.sin((q.anim_time - 1.8) * 360 / 2) * 0.04)","-(math.sin((q.anim_time - 1.8) * 360 / 2) * 0.02) - 0.1","- (math.sin((q.anim_time - 1.8) * 360 / 2) * 0.25) - 0.2"]},"leg_knee_front_left":{"rotation":[0,0,0]},"leg_back_right":{"rotation":["(math.sin((q.anim_time - 1.8) * 360 / 2) * 0.5)",-5,-2.5],"position":["0.9375 + (math.sin((q.anim_time - 1.8) * 360 / 2) * 0.02)","-0.0625 -(math.sin((q.anim_time - 1.8) * 360 / 2) * 0.03) - 0.1","-1 - (math.sin((q.anim_time - 1.8) * 360 / 2) * 0.13)"]},"leg_knee_back_right":{"rotation":[0,0,2.5]},"leg_foot_back_right":{"rotation":["-(math.sin((q.anim_time - 1.8) * 360 / 2) * 0.5) + 0.5",0,0],"position":[0,0,-0.0625]},"leg_back_left":{"rotation":["-0.4407 + (math.sin((q.anim_time - 1.8) * 360 / 2) * 0.5)",-9.99038,2.53852],"position":["-1.0625 + (math.sin((q.anim_time - 1.8) * 360 / 2) * 0.02)","-(math.sin((q.anim_time - 1.8) * 360 / 2) * 0.03) - 0.1","-1.5 - (math.sin((q.anim_time - 1.8) * 360 / 2) * 0.13)"]},"leg_foot_back_left":{"rotation":["-(math.sin((q.anim_time - 1.8) * 360 / 2) * 0.5) + 0.5",0,-2.5],"position":[0,0,-0.09375]},"neck2":{"rotation":["(math.sin((q.anim_time - 0.7) * 360 / 2) * 1) + 1",0,0]},"tails":{"rotation":["(math.sin((q.anim_time - 2.1 - (math.sin((q.anim_time - 2.1) * 360 / 2) * 0.1)) * 360 / 2) * 1)",2,0]},"leg_foot_front_left":{"rotation":["-(math.sin((q.anim_time - 1.8) * 360 / 2) * 1) + 1",0,0]}}},"animation.ironcrown.ground_walk":{"loop":true,"animation_length":1.33333,"bones":{"leg_front_right":{"rotation":{"0.0":[15.375,0,0],"0.25":[-10.02445,0.34396,-1.00685],"0.3333":[-29.8125,1,-1.28125],"0.5":[-43.3125,0.75,-1.15625],"0.6667":[-39.46875,0,-0.25],"0.9167":[-21.36,0,0],"1.0":[-11.9375,0,0],"1.1667":[3.3475,0,0],"1.3333":[15.375,0,0]},"position":{"0.0":[0,-0.9375,0.40625],"0.25":[0,0.90625,0],"0.3333":[0,0.52625,0],"0.5":[0,-0.81375,0],"0.6667":[0,-2.59375,-0.40625],"0.9167":[0,-0.75,0],"1.0":[0,-0.375,0],"1.0833":[0,-0.0725,0],"1.1667":[0,-0.14375,0],"1.3333":[0,-0.9375,0.40625]}},"leg_knee_front_right":{"rotation":{"0.0":[2.3125,0,0],"0.25":[16.40625,0,0],"0.3333":[22.5,0,0],"0.4167":[24.8125,0,0],"0.5":[22.5,0,0],"0.6667":[5.25,0,0],"0.9167":[5.13,0,0],"1.0":[1.375,0,0],"1.1667":[0.78375,0,0],"1.3333":[2.3125,0,0]}},"leg_foot_front_right":{"rotation":{"0.0":[-0.46125,0,0],"0.125":[17.62625,0,0],"0.25":[15.40625,0,0],"0.3333":[20,0,0],"0.4167":[21.53125,0,0],"0.5":[20,0,0],"0.6667":[8.875,0,0],"0.9167":[9.84875,0,0],"1.0":[7.65625,0,0],"1.1667":[0.82125,0,0],"1.3333":[-0.46125,0,0]}},"leg_foot_front_right2":{"rotation":{"0.0":[0,0,0],"0.25":[0,0,0],"0.5":[0,0,0],"0.6667":[0,0,0],"1.0":[0,0,0],"1.1667":[0,0,0],"1.3333":[0,0,0]}},"leg_front_left":{"rotation":{"0.0":[-39.46875,0,0.25],"0.25":[-21.36,0,0],"0.3333":[-11.9375,0,0],"0.5":[3.3475,0,0],"0.6667":[15.375,0,0],"0.9167":[-10.02445,-0.34396,1.00685],"1.0":[-29.8125,-1,1.28125],"1.1667":[-43.3125,-0.75,1.15625],"1.3333":[-39.46875,0,0.25]},"position":{"0.0":[0,-2.59375,-0.40625],"0.25":[0,-0.75,0],"0.3333":[0,-0.375,0],"0.4167":[0,-0.0725,0],"0.5":[0,-0.14375,0],"0.6667":[0,-0.9375,0.40625],"0.9167":[0,0.90625,0],"1.0":[0,0.52625,0],"1.1667":[0,-0.81375,0],"1.3333":[0,-2.59375,-0.40625]}},"leg_knee_front_left":{"rotation":{"0.0":[5.25,0,0],"0.25":[5.13,0,0],"0.3333":[1.375,0,0],"0.5":[0.78375,0,0],"0.6667":[2.3125,0,0],"0.9167":[16.40625,0,0],"1.0":[22.5,0,0],"1.0833":[24.8125,0,0],"1.1667":[22.5,0,0],"1.3333":[5.25,0,0]}},"leg_foot_front_left":{"rotation":{"0.0":[8.875,0,0],"0.25":[9.84875,0,0],"0.3333":[7.65625,0,0],"0.5":[0.82125,0,0],"0.6667":[-0.46125,0,0],"0.7917":[17.62625,0,0],"0.9167":[15.40625,0,0],"1.0":[20,0,0],"1.0833":[21.53125,0,0],"1.1667":[20,0,0],"1.3333":[8.875,0,0]}},"leg_foot_front_left2":{"rotation":{"0.0":[0,0,0],"0.3333":[0,0,0],"0.5":[0,0,0],"0.6667":[0,0,0],"0.9167":[0,0,0],"1.1667":[0,0,0],"1.3333":[0,0,0]}},"leg_back_right":{"rotation":{"0.0":[-13.99998,2.84375,1.90625],"0.2083":[-23.3079,1.84375,1.15625],"0.2917":[-31.60936,0.65625,0.4375],"0.4583":[-18.40375,0,0],"0.5417":[-10.23,0,0],"0.6667":[-0.09089,0,0],"0.875":[16.5,0.5625,0.25],"1.0833":[12.51153,2.0625,1.40625],"1.3333":[-13.99998,2.84375,1.90625]},"position":{"0.0":[0,1.275,0.49625],"0.2083":[0,1.025,0],"0.2917":[0,-0.50625,0],"0.4583":[0,0.095,0],"0.5417":[0,0.135,0],"0.6667":[0,0.09375,0],"0.875":[0,-0.53125,0],"1.0833":[0,-0.06625,1.34375],"1.2083":[0,0.825,0.92],"1.3333":[0,1.275,0.49625]}},"leg_knee_back_right":{"rotation":{"0.0":[15.4375,0,0],"0.2083":[-10,0,0],"0.2917":[-8.7,0,0],"0.6667":[-3.5,0,0],"0.875":[-5.375,0,0],"1.0833":[8.78125,0,0],"1.3333":[15.4375,0,0]}},"leg_foot_back_right":{"rotation":{"0.0":[28.09375,0,0],"0.2083":[27.09375,0,0],"0.2917":[29.53125,0,0],"0.4583":[24.59,0,0],"0.5417":[17.26375,0,0],"0.6667":[12.90625,0,0],"0.875":[15.2,0,0],"1.0833":[23.1875,0,0],"1.3333":[28.09375,0,0]},"position":{"0.0":[0,0.09375,0],"0.2083":[0,0,0],"0.6667":[0,0.125,0],"1.0833":[0,0,0],"1.3333":[0,0.09375,0]}},"leg_back_left":{"rotation":{"0.0":[-0.09089,0,0],"0.2083":[16.5,-0.5625,-0.25],"0.4167":[12.51153,-2.0625,-1.40625],"0.6667":[-13.99998,-2.84375,-1.90625],"0.875":[-23.3079,-1.84375,-1.15625],"0.9583":[-31.60936,-0.65625,-0.4375],"1.125":[-18.40375,0,0],"1.2083":[-10.23,0,0],"1.3333":[-0.09089,0,0]},"position":{"0.0":[0,0.09375,0],"0.2083":[0,-0.53125,0],"0.4167":[0,-0.06625,1.34375],"0.5417":[0,0.825,0.92],"0.6667":[0,1.275,0.49625],"0.875":[0,1.025,0],"0.9583":[0,-0.50625,0],"1.125":[0,0.095,0],"1.2083":[0,0.135,0],"1.3333":[0,0.09375,0]}},"leg_knee_back_left":{"rotation":{"0.0":[-3.5,0,0],"0.2083":[-5.375,0,0],"0.4167":[8.78125,0,0],"0.6667":[15.4375,0,0],"0.875":[-10,0,0],"0.9583":[-8.7,0,0],"1.3333":[-3.5,0,0]}},"leg_foot_back_left":{"rotation":{"0.0":[12.90625,0,0],"0.2083":[15.2,0,0],"0.4167":[23.1875,0,0],"0.6667":[28.09375,0,0],"0.875":[27.09375,0,0],"0.9583":[29.53125,0,0],"1.125":[24.59,0,0],"1.2083":[17.26375,0,0],"1.3333":[12.90625,0,0]},"position":{"0.0":[0,0.125,0],"0.4167":[0,0,0],"0.6667":[0,0.09375,0],"0.875":[0,0,0],"1.3333":[0,0.125,0]}},"torso":{"rotation":["-(math.sin((q.anim_time - 0.45 - (math.sin((q.anim_time - 0.45) * 360 / (4/6) ) * 0.04)) * 360 / (4/6) ) * 1)","-(math.cos((q.anim_time - 0) * 360 / (4/3) ) * 0.5)","-(math.sin((q.anim_time - 0) * 360 / (4/3) ) * 1)"],"position":["(math.sin((q.anim_time - 0) * 360 / (4/3) ) * 0.2)","-(math.sin((q.anim_time - 0.7 + (math.sin((q.anim_time - 0.7) * 360 / (4/6) ) * 0.04)) * 360 / (4/6) ) * 0.5) + 0.5",0]},"hip":{"rotation":["(math.sin((q.anim_time - 0.55) * 360 / (4/6) ) * 2)","-(math.sin((q.anim_time - 0.2) * 360 / (4/3) ) * 2)",0]},"neck":{"rotation":["20+(math.sin((q.anim_time - 0.21 + (math.sin((q.anim_time - 0.21) * 360 / (4/6) ) * 0.04)) * 360 / (4/6) ) * 2)","-(math.cos((q.anim_time - 0.1) * 360 / (4/3) ) * 1)","-(math.sin((q.anim_time - 0.1) * 360 / (4/3) ) * 1)"]},"neck2":{"rotation":["(math.sin((q.anim_time - 0.3 + (math.sin((q.anim_time - 0.3) * 360 / (4/6) ) * 0.04)) * 360 / (4/6) ) * 1) + 1","(math.cos((q.anim_time - 0.15) * 360 / (4/3) ) * 2)","(math.sin((q.anim_time - 0.15) * 360 / (4/3) ) * 2)"]},"neck3":{"rotation":["-(math.sin((q.anim_time - 0.4 + (math.sin((q.anim_time - 0.4) * 360 / (4/6) ) * 0.04)) * 360 / (4/6) ) * 2) + 2",0,0]},"head":{"rotation":["-(math.sin((q.anim_time - 0.2 + (math.sin((q.anim_time - 0.2) * 360 / (4/6) ) * 0.04)) * 360 / (4/6) ) * 3) - 10",0,0]},"tails":{"rotation":["(math.sin((q.anim_time - 0.6) * 360 / (4/6) ) * 1)","-(math.cos((q.anim_time - 0.1) * 360 / (4/3) ) * 8)",0]},"chest":{"rotation":["-(math.sin((q.anim_time - 0.45) * 360 / (4/6) ) * 1)",0,0]},"waist":{"rotation":["(math.sin((q.anim_time - 0.5) * 360 / (4/6) ) * 1)","(math.sin((q.anim_time - 0.1) * 360 / (4/3) ) * 1)",0]}}}}}