{"format_version":"1.8.0","animations":{"animation.karrablast.ground_idle":{"loop":true,"animation_length":1,"bones":{"torso":{"rotation":[0,"-math.cos(q.anim_time*90*4)*2","-math.cos(q.anim_time*90*4)"],"position":[0,"-1/4-math.cos(q.anim_time*90*8-90)/4",0]},"arm_left":{"rotation":[0,"math.cos(q.anim_time*90*4+60)*5",67.5]},"arm_right":{"rotation":[0,"math.cos(q.anim_time*90*4+60)*5",-67.5]}}},"animation.karrablast.battle_idle":{"loop":true,"animation_length":1,"bones":{"body":{"position":[0,"math.sin(q.anim_time*90*8)/3",0]},"torso":{"rotation":["-math.sin(q.anim_time*90*8-60)*5","-math.sin(q.anim_time*90*4)*5","-math.sin(q.anim_time*90*4)*5"],"position":[0,0,0]},"mouth_open":{"position":[-0.25,1.625,-0.1],"scale":[0.5,0.6,1]},"teeth":{"position":[0,0.5,0],"scale":[0.9,1,1]},"arm_left":{"rotation":[-45,0,"-50+math.cos(q.anim_time*90*8)*10"]},"leg_left":{"position":[0,"math.clamp(math.sin(q.anim_time*90*4)*2,0,2)",0]},"leg_right":{"position":[0,"math.clamp(-math.sin(q.anim_time*90*4)*2,0,2)",0]},"arm_right":{"rotation":[-45,0,"50-math.cos(q.anim_time*90*8)*10"]}}},"animation.karrablast.ground_walk":{"loop":true,"animation_length":1,"bones":{"torso":{"rotation":[0,"-math.cos(q.anim_time*90*4)*2","math.cos(q.anim_time*90*4-60)*3"],"position":[0,"-1/2+math.cos(q.anim_time*90*4*2)/2",0]},"arm_left":{"rotation":[0,"math.sin(q.anim_time*90*4)*10",67.5]},"leg_left":{"rotation":{"0.0":[0,0,0],"0.25":[30,0,0],"0.5":[0,0,0],"0.75":[-30,0,0],"1.0":[0,0,0]},"position":{"0.0":[0,0,0],"0.25":[0,0,2],"0.3333":[0,0.75,1.34],"0.4167":[0,1.25,0.67],"0.5":[0,1.5,0],"0.5833":[0,1.25,-0.67],"0.6667":[0,0.75,-1.33],"0.75":[0,0,-2],"1.0":[0,0,0]}},"leg_right":{"rotation":{"0.0":[0,0,0],"0.25":[-30,0,0],"0.5":[0,0,0],"0.75":[30,0,0],"1.0":[0,0,0]},"position":{"0.0":[0,1.5,0],"0.0833":[0,1.25,-0.67],"0.1667":[0,0.75,-1.33],"0.25":[0,0,-2],"0.5":[0,0,0],"0.75":[0,0,2],"0.8333":[0,0.75,1.34],"0.9167":[0,1.25,0.67],"1.0":[0,1.5,0]}},"arm_right":{"rotation":[0,"math.sin(q.anim_time*90*4)*10",-67.5]}}},"animation.karrablast.ground_run":{"loop":true,"animation_length":0.5,"bones":{"torso":{"rotation":["20+math.cos(q.anim_time*90*4*4)*2","math.cos(q.anim_time*90*4*2+60)*3",0],"position":[0,"math.cos(q.anim_time*90*4*4-60)/3+math.clamp(math.sin(q.anim_time*90*4*4-60)*0.75,0,0.75)",0]},"arm_left":{"rotation":[0,"math.sin(q.anim_time*90*4*2)*15",25]},"leg_left":{"rotation":{"0.0":[0,0,0],"0.1667":[112.5,0,0],"0.25":[65,0,0],"0.3333":[-50,0,0],"0.5":[0,0,0]},"position":{"0.0":[0,0,0],"0.0833":{"pre":[0,1,2],"post":[0,1,2],"lerp_mode":"catmullrom"},"0.1667":{"post":[0,1.31,1.13],"lerp_mode":"catmullrom"},"0.25":{"post":[0,1,0],"lerp_mode":"catmullrom"},"0.3333":{"post":[0,0.5,-1],"lerp_mode":"catmullrom"},"0.4167":[0,-1,-2],"0.5":[0,0,0]}},"leg_right":{"rotation":{"0.0":[65,0,0],"0.0833":[-50,0,0],"0.25":[0,0,0],"0.4167":[112.5,0,0],"0.5":[65,0,0]},"position":{"0.0":{"post":[0,1,0],"lerp_mode":"catmullrom"},"0.0833":{"post":[0,0.5,-1],"lerp_mode":"catmullrom"},"0.1667":[0,-1,-2],"0.25":[0,0,0],"0.3333":{"pre":[0,1,2],"post":[0,1,2],"lerp_mode":"catmullrom"},"0.4167":{"post":[0,1.31,1.13],"lerp_mode":"catmullrom"},"0.5":{"post":[0,1,0],"lerp_mode":"catmullrom"}}},"arm_right":{"rotation":[0,"math.sin(q.anim_time*90*4*2)*15",-25]}}},"animation.karrablast.cry":{"animation_length":0.625,"bones":{"torso":{"rotation":{"0.0":[0,0,0],"0.0417":[-10,0,0],"0.2083":{"pre":[5,0,0],"post":[5,0,0],"lerp_mode":"catmullrom"},"0.25":{"post":[-5,0,0],"lerp_mode":"catmullrom"},"0.4583":{"post":[-7.5,0,0],"lerp_mode":"catmullrom"},"0.625":{"post":[0,0,0],"lerp_mode":"catmullrom"}}},"mouth_open":{"position":{"0.0":[0,0,0],"0.0417":{"pre":[0,0,0],"post":[-0.25,1.625,-0.1]},"0.5":{"pre":[-0.25,1.625,-0.1],"post":[0,0,0]}},"scale":{"0.0":[1,1,1],"0.0417":{"pre":[1,1,1],"post":[0.5,0.6,1]},"0.5":{"pre":[0.5,0.6,1],"post":[1,1,1]}}},"arm_left":{"rotation":{"0.2083":[0,0,0],"0.25":{"pre":[0,0,-45],"post":[0,0,-45],"lerp_mode":"catmullrom"},"0.4167":{"post":[0,0,-60],"lerp_mode":"catmullrom"},"0.5417":[0,0,0]}},"arm_right":{"rotation":{"0.2083":[0,0,0],"0.25":{"pre":[0,0,45],"post":[0,0,45],"lerp_mode":"catmullrom"},"0.4167":{"post":[0,0,60],"lerp_mode":"catmullrom"},"0.5417":[0,0,0]}}},"sound_effects":{"0.0":{"effect":"pokemon.karrablast.cry"}}}}}