{"format_version":"1.8.0","animations":{"animation.keldeo.ground_idle":{"animation_length":8.04167,"bones":{"head":{"rotation":["10 +(math.sin((q.anim_time - 0.2) * 360 / 1) * 1) - 10",0,"(math.cos((q.anim_time - 0.4) * 360 / 2) * 0.3)"]},"leg_front_left":{"rotation":["-8 - (math.sin((q.anim_time - 0) * 360 / 1) * 1) + 1",-10,"-4.8304 + (math.cos((q.anim_time - 0.1) * 360 / 2) * 0.8) + 0.8"],"position":["0.2188 - (math.sin((q.anim_time - 0) * 360 / 1) * 0.02) +(math.cos((q.anim_time - 0.1) * 360 / 2) * 0.22)","-0.5 - (math.sin((q.anim_time - 0) * 360 / 1) * 0.05)","(math.sin((q.anim_time - 0) * 360 / 1) * 0.11)"]},"leg_front_left2":{"rotation":["5.0024 + (math.sin((q.anim_time - 0) * 360 / 1) * 1) - 1",-0.10881,-0.00713]},"leg_front_right":{"rotation":["-8 - (math.sin((q.anim_time - 0) * 360 / 1) * 1) + 1",10,"4.8304+ (math.cos((q.anim_time - 0.1) * 360 / 2) * 0.8) - 0.8"],"position":["-0.2188+ (math.sin((q.anim_time - 0) * 360 / 1) * 0.02) +(math.cos((q.anim_time - 0.1) * 360 / 2) * 0.22)","-0.5 - (math.sin((q.anim_time - 0) * 360 / 1) * 0.05)","(math.sin((q.anim_time - 0) * 360 / 1) * 0.11)"]},"leg_front_right2":{"rotation":["5.0024 + (math.sin((q.anim_time - 0) * 360 / 1) * 1) - 1",0.10881,0.00713]},"torso":{"rotation":["-2.5 + (math.sin((q.anim_time - 0) * 360 / 1) * 1) + 1","-(math.cos((q.anim_time - 0.1) * 360 / 2) * 0.4)","(math.cos((q.anim_time - 0.1) * 360 / 2) * 1)"],"position":["(math.cos((q.anim_time - 0.1) * 360 / 2) * 0.1)","-0.6563 + (math.sin((q.anim_time - 0) * 360 / 1) * 0.1)",0]},"hip":{"rotation":["2.5 - (math.sin((q.anim_time - 0) * 360 / 1) * 2) - 2","-(math.cos((q.anim_time - 0.15) * 360 / 2) * 0.4)",0]},"neck_fur3":{"rotation":["-5 + (math.sin((q.anim_time - 0.15) * 360 / 1) * 2)",0,0],"position":[0,0,-0.03125]},"neck":{"rotation":["1+(math.sin((q.anim_time - 0.1) * 360 / 1) * 0.5)",0,"(math.cos((q.anim_time - 0.2) * 360 / 2) * 1)"]},"leg_front_left3":{"rotation":[2.5,0,0]},"leg_front_right3":{"rotation":[2.5,0,0]},"leg_back_right":{"rotation":["-7.3927 - (math.sin((q.anim_time - 0) * 360 / 1) * 0.5) + 0.5",2.8028,"2.155 + (math.cos((q.anim_time - 0.1) * 360 / 2) * 0.15)"],"position":["-0.2188 + (math.cos((q.anim_time - 0.1) * 360 / 2) * 0.05) + 0.05","0.1875 +(math.sin((q.anim_time - 0) * 360 / 1) * 0.01) + 0.1","-(math.sin((q.anim_time - 0) * 360 / 1) * 0.03)"]},"leg_back_right3":{"rotation":["7.5 + (math.sin((q.anim_time - 0) * 360 / 1) * 0.5) - 0.5",0,0]},"leg_back_left":{"rotation":["-7.3927 - (math.sin((q.anim_time - 0) * 360 / 1) * 0.5) + 0.5",-2.8028,"-2.155+ (math.cos((q.anim_time - 0.1) * 360 / 2) * 0.15)"],"position":["0.2188+ (math.cos((q.anim_time - 0.1) * 360 / 2) * 0.05) + 0.05","0.1875 +(math.sin((q.anim_time - 0) * 360 / 1) * 0.01) + 0.1","-(math.sin((q.anim_time - 0) * 360 / 1) * 0.03)"]},"leg_back_left3":{"rotation":["7.5 + (math.sin((q.anim_time - 0) * 360 / 1) * 0.5) - 0.5",0,0]},"tail":{"rotation":["- (math.sin((q.anim_time - 0.1) * 360 / 1) * 0.5)","-(math.sin((q.anim_time - 0.25) * 360 / 2) * 3)","(math.sin((q.anim_time - 0.25) * 360 / 2) * 3)"]},"tail2":{"rotation":["- (math.sin((q.anim_time - 0.2) * 360 / 1) * 0.5)",0,0]},"tail3":{"rotation":["- (math.sin((q.anim_time - 0.3) * 360 / 1) * 0.3)","-(math.sin((q.anim_time - 0.4) * 360 / 2) * 3)","(math.sin((q.anim_time - 0.4) * 360 / 2) * 3)"]},"tail4":{"rotation":["- (math.sin((q.anim_time - 0.4) * 360 / 1) * 1)","-(math.sin((q.anim_time - 0.5) * 360 / 2) * 5)","(math.sin((q.anim_time - 0.5) * 360 / 2) * 5)"]},"tail5":{"rotation":["- (math.sin((q.anim_time - 0.5) * 360 / 1) * 2)","-(math.sin((q.anim_time - 0.6) * 360 / 2) * 9)",0]},"hair":{"rotation":["(math.sin((q.anim_time - 0.3) * 360 / 1) * 0.5) - 0.5",0,0]},"hair2":{"rotation":["(math.sin((q.anim_time - 0.35) * 360 / 1) * 0.25)",0,0]},"hair3":{"rotation":["(math.sin((q.anim_time - 0.4) * 360 / 1) * 1)","(math.cos((q.anim_time - 0.5) * 360 / 2) * 1)","-(math.cos((q.anim_time - 0.5) * 360 / 2) * 1)"]},"hair2_detail_left":{"rotation":["(math.sin((q.anim_time - 0.63) * 360 / 1) * 4) - 3",0,0]},"hair2_detail_right":{"rotation":["(math.sin((q.anim_time - 0.65) * 360 / 1) * 3) - 3",0,0]},"hair4":{"rotation":["(math.sin((q.anim_time - 0.5) * 360 / 1) * 2)",0,"-(math.cos((q.anim_time - 0.6) * 360 / 2) * 2)"]},"hair5":{"rotation":["(math.sin((q.anim_time - 0.6) * 360 / 1) * 3) - 3",0,"-(math.cos((q.anim_time - 0.7) * 360 / 2) * 3)"]},"leg_back_right2":{"rotation":["(math.sin((q.anim_time - 0) * 360 / 1) * 0.5) - 0.5",0,0]},"leg_back_left2":{"rotation":["(math.sin((q.anim_time - 0) * 360 / 1) * 0.5) - 0.5",0,0]},"neck_fur2":{"rotation":["- (math.sin((q.anim_time - 0.3) * 360 / 1) * 1) - 1",0,0]},"neck_fur6":{"rotation":["- (math.sin((q.anim_time - 0.4) * 360 / 1) * 0.5)",0,0]},"neck_fur4":{"rotation":["(math.sin((q.anim_time - 0.2) * 360 / 1) * 2)",0,0]},"neck_fur5":{"rotation":["(math.sin((q.anim_time - 0.24) * 360 / 1) * 3) + 1",0,0]},"eyebrow_right":{"rotation":[0,0,0]},"bone2":{"rotation":["(math.sin((q.anim_time - 0.4) * 360 / 1) * 3)",0,0]},"eyebrow_right2":{"rotation":["(math.sin((q.anim_time - 0.5) * 360 / 1) * 4)",0,0]},"bone":{"rotation":["(math.sin((q.anim_time - 0.4) * 360 / 1) * 2)",0,0]},"eyebrow_left2":{"rotation":["(math.sin((q.anim_time - 0.54) * 360 / 1) * 4)",0,0]}}},"animation.keldeo.pose":{"loop":true,"bones":{"body":{"rotation":[15,-32.5,0]},"torso":{"rotation":[-10,0,0],"position":[0,1,0]},"neck_fur3":{"rotation":[-10,0,0]},"neck_fur4":{"rotation":[7.5,0,0]},"neck":{"rotation":[12.68664,9.76061,2.18558]},"head":{"rotation":[-15.94778,-13.33577,-3.08166]},"hair3":{"rotation":[0,0,-5]},"hair4":{"rotation":[0,0,-12.5]},"hair5":{"rotation":[0,0,-7.5]},"tail":{"rotation":[0,25,0]},"tail3":{"rotation":[0,15,0]},"tail4":{"rotation":[0,12.5,0]},"tail5":{"rotation":[0,-17.5,0]},"leg_front_left":{"rotation":[-19.8423,-2.55868,-7.05239],"position":[0,1,0]},"leg_front_left2":{"rotation":[42.5,0,0]},"leg_front_right":{"rotation":[-42.19372,5.4904,10.53063]},"leg_front_right2":{"rotation":[5,0,0]},"leg_back_right":{"rotation":[-22.5,0,0]},"leg_back_right2":{"rotation":[22.5,0,0]},"leg_back_left":{"rotation":[16.50371,5.90316,-19.14314]},"leg_back_left2":{"rotation":[-12.5,0,0]}}},"animation.keldeo.ground_walk":{"loop":true,"animation_length":0.83333,"bones":{"torso":{"rotation":["-(math.cos((q.anim_time - 0.34 - (math.cos((q.anim_time - 0.34) * 360 / (5/12) ) * 0.02)) * 360 / (5/12) ) * 0.5)","(math.sin((q.anim_time - 0.21) * 360 / (5/6) ) * 1)","-(math.cos((q.anim_time - 0.16) * 360 / (5/6) ) * 2)"],"position":["(math.cos((q.anim_time - 0.16) * 360 / (5/6) ) * 0.2)","(math.cos((q.anim_time - 0.3 - (math.cos((q.anim_time - 0.3) * 360 / (5/12) ) * 0.02)) * 360 / (5/12) ) * 0.2)",0]},"leg_front_left":{"rotation":{"0.0":[-22.5,0,0],"0.0833":[-15,0,0],"0.1667":[-1.65625,0,0],"0.3333":[20.46875,0,0],"0.4167":[26.34375,0,0],"0.5":[13.8125,0,0],"0.5833":[7.5,0,0],"0.75":[-27.5,0,0],"0.8333":[-22.5,0,0]},"position":{"0.0":[0,-0.65625,0],"0.0833":[0,-0.62875,0],"0.125":[0,-0.3175,0],"0.1667":[0,-0.1625,0],"0.2083":[0,-0.1275,0],"0.25":[0,-0.2125,0],"0.3333":[0,-0.63125,0],"0.4167":[0,-0.75,0.59375],"0.5":[0,-0.75,0.84],"0.5833":[0,-0.21875,0.84],"0.75":[0,-0.21875,0.84],"0.8333":[0,-0.65625,0]}},"leg_front_left2":{"rotation":{"0.0":[0,0,0],"0.0833":[6.84375,0,0],"0.1667":[1.8125,0,0],"0.3333":[0,0,0],"0.4167":[0,0,0],"0.5":[23.625,0,0],"0.5833":[40,0,0],"0.75":[30,0,0],"0.8333":[0,0,0]}},"leg_front_left3":{"rotation":{"0.0":[17.5,0,0],"0.0833":[5,0,0],"0.1667":[0,0,0],"0.3333":[-14.81217,-0.6147,1.27902],"0.4167":[-1.03125,0,0],"0.5":[11.77823,0,0],"0.5833":[17.43448,0,0],"0.75":[0,0,0],"0.8333":[17.5,0,0]},"position":{"0.0":[0,-0.3125,0.03125],"0.0833":[0,0,0],"0.1667":[0,0,0],"0.3333":[0,-0.46875,0],"0.4167":[0,-0.625,-0.0625],"0.5":[0,-0.62,0.0025],"0.5833":[0,-0.33875,0.03125],"0.75":[0,0,0],"0.8333":[0,-0.3125,0.03125]}},"leg_front_right":{"rotation":{"0.0":[26.34375,0,0],"0.0833":[13.8125,0,0],"0.1667":[7.5,0,0],"0.3333":[-27.5,0,0],"0.4167":[-22.5,0,0],"0.5":[-15,0,0],"0.5833":[-1.65625,0,0],"0.75":[20.46875,0,0],"0.8333":[26.34375,0,0]},"position":{"0.0":[0,-0.75,0.59375],"0.0833":[0,-0.75,0.84],"0.1667":[0,-0.21875,0.84],"0.3333":[0,-0.21875,0.84],"0.4167":[0,-0.65625,0],"0.5":[0,-0.62875,0],"0.5417":[0,-0.3175,0],"0.5833":[0,-0.1625,0],"0.625":[0,-0.1275,0],"0.6667":[0,-0.2125,0],"0.75":[0,-0.63125,0],"0.8333":[0,-0.75,0.59375]}},"leg_front_right2":{"rotation":{"0.0":[0,0,0],"0.0833":[23.625,0,0],"0.1667":[40,0,0],"0.3333":[30,0,0],"0.4167":[0,0,0],"0.5":[6.84375,0,0],"0.5833":[1.8125,0,0],"0.75":[0,0,0],"0.8333":[0,0,0]}},"leg_front_right3":{"rotation":{"0.0":[-1.03125,0,0],"0.0833":[11.77823,0,0],"0.1667":[17.43448,0,0],"0.3333":[0,0,0],"0.4167":[17.5,0,0],"0.5":[5,0,0],"0.5833":[0,0,0],"0.75":[-14.81217,0.6147,-1.27902],"0.8333":[-1.03125,0,0]},"position":{"0.0":[0,-0.625,-0.0625],"0.0833":[0,-0.62,0.0025],"0.1667":[0,-0.33875,0.03125],"0.3333":[0,0,0],"0.4167":[0,-0.3125,0.03125],"0.5":[0,0,0],"0.5833":[0,0,0],"0.75":[0,-0.46875,0],"0.8333":[0,-0.625,-0.0625]}},"leg_back_right":{"rotation":{"0.0":[-15,0,0],"0.1667":[-20.75,0,0],"0.25":[-15.40625,0,0],"0.4167":[0,0,0],"0.5":[6.84375,0,0],"0.5833":[12.40625,0,0],"0.6667":[9.28125,0,0],"0.8333":[-15,0,0]},"position":{"0.0":[0,1.40625,0],"0.1667":[0,1.19125,0],"0.25":[0,0.6275,0],"0.4167":[0,1.595,0],"0.5":[0,1.39375,0.56375],"0.5833":[0,0.8775,1],"0.6667":[0,0.94,0.90625],"0.8333":[0,1.40625,0]}},"leg_back_right2":{"rotation":{"0.0":[2.5,0,0],"0.0833":[-20,0,0],"0.1667":[-27.5,0,0],"0.25":[-15.75,0,0],"0.4167":[-20,0,0],"0.5":[-22.5,0,0],"0.5833":[-18.96875,0,0],"0.6667":[-5.34375,0,0],"0.8333":[2.5,0,0]}},"leg_back_right4":{"rotation":{"0.0":[5,0,0],"0.1667":[15,0,0],"0.25":[22.5,0,0],"0.4167":[0,0,0],"0.5":[-5.53125,0,0],"0.5833":[-7,0,0],"0.6667":[3.09375,0,0],"0.8333":[5,0,0]},"position":{"0.0":[0,-0.28125,-0.03125],"0.1667":[0,0.0625,-0.15625],"0.25":[0,0.02875,-0.16],"0.3333":[0,0.26,-0.08],"0.4167":[0,0,0],"0.5":[0,0.21625,0.03375],"0.5833":[0,-0.03,0.03],"0.6667":[0,0,0],"0.8333":[0,-0.28125,-0.03125]},"scale":{"0.25":[1,1,1],"0.3333":[1,1,1.0375],"0.4167":[1,1,1.0375],"0.5":[1,1,1.0125],"0.5833":[1,1,1.04375],"0.6667":[1,1,1.01563],"0.8333":[1,1,1]}},"leg_back_left":{"rotation":{"0.0":[0,0,0],"0.0833":[6.84375,0,0],"0.1667":[12.40625,0,0],"0.25":[9.28125,0,0],"0.4167":[-15,0,0],"0.5833":[-20.75,0,0],"0.6667":[-15.40625,0,0],"0.8333":[0,0,0]},"position":{"0.0":[0,1.595,0],"0.0833":[0,1.39375,0.56375],"0.1667":[0,0.8775,1],"0.25":[0,0.94,0.90625],"0.4167":[0,1.40625,0],"0.5833":[0,1.19125,0],"0.6667":[0,0.6275,0],"0.8333":[0,1.595,0]}},"leg_back_left2":{"rotation":{"0.0":[-20,0,0],"0.0833":[-22.5,0,0],"0.1667":[-18.96875,0,0],"0.25":[-5.34375,0,0],"0.4167":[2.5,0,0],"0.5":[-20,0,0],"0.5833":[-27.5,0,0],"0.6667":[-15.75,0,0],"0.8333":[-20,0,0]}},"leg_back_left4":{"rotation":{"0.0":[0,0,0],"0.0833":[-5.53125,0,0],"0.1667":[-7,0,0],"0.25":[3.09375,0,0],"0.4167":[5,0,0],"0.5833":[15,0,0],"0.6667":[22.5,0,0],"0.8333":[0,0,0]},"position":{"0.0":[0,0,0],"0.0833":[0,0.21625,0.03375],"0.1667":[0,-0.03,0.03],"0.25":[0,0,0],"0.4167":[0,-0.28125,-0.03125],"0.5833":[0,0.0625,-0.15625],"0.6667":[0,0.02875,-0.16],"0.75":[0,0.26,-0.08],"0.8333":[0,0,0]},"scale":{"0.0":[1,1,1.0375],"0.0833":[1,1,1.0125],"0.1667":[1,1,1.04375],"0.25":[1,1,1.01563],"0.4167":[1,1,1],"0.6667":[1,1,1],"0.75":[1,1,1.0375],"0.8333":[1,1,1.0375]}},"leg_back_left3":{"rotation":{"0.0":[22.5,0,0],"0.0833":[27.5625,0,0],"0.1667":[27.90625,0,0],"0.25":[23.65625,0,0],"0.4167":[5,0,0],"0.5":[8.75,0,0],"0.5833":[17.5,0,0],"0.6667":[5.78125,0,0],"0.8333":[22.5,0,0]}},"leg_back_right3":{"rotation":{"0.0":[5,0,0],"0.0833":[8.75,0,0],"0.1667":[17.5,0,0],"0.25":[5.78125,0,0],"0.4167":[22.5,0,0],"0.5":[27.5625,0,0],"0.5833":[27.90625,0,0],"0.6667":[23.65625,0,0],"0.8333":[5,0,0]}},"hip":{"rotation":["(math.cos((q.anim_time - 0.08) * 360 / (5/12) ) * 3)","-(math.cos((q.anim_time - 0.16) * 360 / (5/6) ) * 2)",0]},"tail":{"rotation":["(math.cos((q.anim_time - 0.15) * 360 / (5/12) ) * 3)","-(math.cos((q.anim_time - 0.2) * 360 / (5/6) ) * 7)","-(math.cos((q.anim_time - 0.24) * 360 / (5/6) ) * 2)"]},"tail2":{"rotation":["(math.cos((q.anim_time - 0.25) * 360 / (5/12) ) * 5) + 3",0,0]},"tail3":{"rotation":["(math.cos((q.anim_time - 0.35) * 360 / (5/12) ) * 3) + 5","-(math.cos((q.anim_time - 0.4) * 360 / (5/6) ) * 5)",0]},"tail4":{"rotation":["-(math.cos((q.anim_time - 0.5) * 360 / (5/12) ) * 5) + 14","-(math.cos((q.anim_time - 0.45) * 360 / (5/6) ) * 7)",0]},"tail5":{"rotation":["-(math.sin((q.anim_time - 0.7) * 360 / (5/12) ) * 7) - 10","-(math.cos((q.anim_time - 0.5) * 360 / (5/6) ) * 7)",0]},"tail_detail":{"rotation":["-(math.cos((q.anim_time - 0.5) * 360 / (5/12) ) * 7) - 7",0,0]},"neck_fur2":{"rotation":["(math.cos((q.anim_time - 0.44 - (math.cos((q.anim_time - 0.44) * 360 / (5/12) ) * 0.02)) * 360 / (5/12) ) * 3) + 3",0,0]},"neck_fur6":{"rotation":["(math.cos((q.anim_time - 0.5 - (math.cos((q.anim_time - 0.5) * 360 / (5/12) ) * 0.02)) * 360 / (5/12) ) * 1) + 1",0,0]},"neck_fur3":{"rotation":["-(math.cos((q.anim_time - 0.44 - (math.cos((q.anim_time - 0.44) * 360 / (5/12) ) * 0.02)) * 360 / (5/12) ) * 3) - 3",0,0]},"neck_fur4":{"rotation":["-(math.cos((q.anim_time - 0.5 - (math.cos((q.anim_time - 0.5) * 360 / (5/12) ) * 0.02)) * 360 / (5/12) ) * 1) - 1",0,0]},"neck_fur5":{"rotation":["-(math.cos((q.anim_time - 0.54 - (math.cos((q.anim_time - 0.54) * 360 / (5/12) ) * 0.02)) * 360 / (5/12) ) * 1) - 1",0,0]},"neck":{"rotation":["20-(math.cos((q.anim_time - 0.4 - (math.cos((q.anim_time - 0.4) * 360 / (5/12) ) * 0.02)) * 360 / (5/12) ) * 1)",0,"-(math.cos((q.anim_time - 0.25) * 360 / (5/6) ) * 0.5)"]},"head":{"rotation":["-18+(math.cos((q.anim_time - 0.5 - (math.cos((q.anim_time - 0.5) * 360 / (5/12) ) * 0.02)) * 360 / (5/12) ) * 1)","-(math.sin((q.anim_time - 0.3) * 360 / (5/6) ) * 1)","(math.cos((q.anim_time - 0.25) * 360 / (5/6) ) * 2)"]},"hair":{"rotation":["(math.cos((q.anim_time - 0.62) * 360 / (5/12) ) * 1) - 1",0,0]},"hair2":{"rotation":["(math.cos((q.anim_time - 0.7) * 360 / (5/12) ) * 1) - 1",0,0]},"hair3":{"rotation":["(math.cos((q.anim_time - 0.75) * 360 / (5/12) ) * 2) + 1","(math.sin((q.anim_time - 0.5) * 360 / (5/6) ) * 3)","-(math.sin((q.anim_time - 0.5) * 360 / (5/6) ) * 1)"]},"hair4":{"rotation":["(math.cos((q.anim_time - 0.85) * 360 / (5/12) ) * 6) - 4","(math.sin((q.anim_time - 0.6) * 360 / (5/6) ) * 3)","-(math.sin((q.anim_time - 0.6) * 360 / (5/6) ) * 1)"]},"hair5":{"rotation":["(math.cos((q.anim_time - 0.9) * 360 / (5/12) ) * 5) + 1","(math.sin((q.anim_time - 0.7) * 360 / (5/6) ) * 1)","-(math.sin((q.anim_time - 0.65) * 360 / (5/6) ) * 0.5)"]},"eyebrow_right":{"rotation":[0,0,"-(math.cos((q.anim_time - 0.7) * 360 / (5/12) ) * 2)"]},"bone2":{"rotation":["-(math.cos((q.anim_time - 0.8) * 360 / (5/12) ) * 5) - 5",0,0]},"eyebrow_right2":{"rotation":["-(math.cos((q.anim_time - 0.9) * 360 / (5/12) ) * 7) - 7",0,0]},"eyebrow_left":{"rotation":[0,0,"(math.cos((q.anim_time - 0.7) * 360 / (5/12) ) * 2)"]},"bone":{"rotation":["-(math.cos((q.anim_time - 0.8) * 360 / (5/12) ) * 5) - 5",0,0]},"eyebrow_left2":{"rotation":["-(math.cos((q.anim_time - 0.9) * 360 / (5/12) ) * 7) - 7",0,0]},"hair2_detail_left":{"rotation":[0,0,"-(math.cos((q.anim_time - 0.4) * 360 / (5/12) ) * 5) + 3"]},"hair2_detail_right":{"rotation":[0,0,"(math.cos((q.anim_time - 0.4) * 360 / (5/12) ) * 5) - 3"]}}},"animation.keldeo.walk_test":{"loop":true,"bones":{"body":{"position":[0,0,"-q.anim_time*90*0.35"]}}}}}