{"format_version":"1.8.0","animations":{"animation.klawf.pose":{"loop":true,"bones":{"body":{"position":[0,9,0]},"thigh_left":{"rotation":[-0.84021,9.89676,-7.50716]},"leg_left":{"rotation":[0,0,35]},"foot_left":{"rotation":[0,0,42.5]},"eyee_right":{"rotation":[-2.43524,4.95123,-1.18817]},"shoulder_left":{"rotation":[-65.03647,42.40649,-10.10341]},"arm_left":{"rotation":[-8.64067,4.35106,57.23366]},"pincher_left":{"rotation":[0,0,32.5]},"mouth":{"rotation":[0,0,0],"position":[0,-3.5,0.75]},"eyee_left":{"rotation":[-2.43524,4.95123,-1.18817]},"eye_left":{"rotation":[0,10,0]},"eye_right":{"rotation":[0,10,0]},"thigh_right3":{"rotation":[0,17.5,0]},"thigh_left2":{"rotation":[0,-5,-7.5]},"leg_left2":{"rotation":[1.09107,5.40772,36.46866]},"foot_left2":{"rotation":[0,0,42.5]},"thigh_left3":{"rotation":[0,-17.5,0]},"leg_left3":{"rotation":[-5.66943,2.92829,27.5603]},"foot_left3":{"rotation":[0,0,32.5]},"shoulder_right":{"rotation":[-65.03647,-42.40649,10.10341]},"arm_right":{"rotation":[-8.64067,-4.35106,-57.23366]},"pincher_right":{"rotation":[0,0,-32.5]},"thigh_right":{"rotation":[-0.84021,-9.89676,7.50716]},"leg_right":{"rotation":[0,0,-35]},"foot_right":{"rotation":[0,0,-42.5]},"thigh_right2":{"rotation":[0,5,7.5]},"leg_right2":{"rotation":[1.09107,-5.40772,-36.46866]},"foot_right2":{"rotation":[0,0,-42.5]},"leg_right3":{"rotation":[-5.66943,-2.92829,-27.5603]},"foot_right3":{"rotation":[0,0,-32.5]}}},"animation.klawf.new":{"loop":true,"bones":{"body":{"rotation":[-5,0,0],"position":[0,10.84375,0]},"torso":{"rotation":[0,0,0],"position":[0,-1.7813,0]},"mouth":{"position":[0,-3.03125,0]},"thigh_left":{"rotation":[1.60084,5.6056,-10.0716],"position":[0,0,0]},"leg_left":{"rotation":[0,0,47.5]},"foot_left":{"rotation":[0,0,30]},"thigh_right":{"rotation":[1.60084,-5.6056,10.0716],"position":[0,0,0]},"leg_right":{"rotation":[0,0,-47.5]},"foot_right":{"rotation":[0,0,-30]},"thigh_left2":{"rotation":[5.0047,-2.49048,-10],"position":[0,0,0]},"leg_left2":{"rotation":[0,0,45]},"foot_left2":{"rotation":[0,0,20]},"thigh_right2":{"rotation":[5.0047,2.49048,10],"position":[0,0,0]},"leg_right2":{"rotation":[0,0,-45]},"foot_right2":{"rotation":[0,0,-20]},"thigh_left3":{"rotation":[7.6563,-19.1719,-7.9127],"position":[0,0,0]},"leg_left3":{"rotation":[0,0,32.5]},"foot_left3":{"rotation":[0,0,29.5]},"thigh_right3":{"rotation":[7.6563,19.1719,7.9127],"position":[0,0,0]},"leg_right3":{"rotation":[0,0,-32.5]},"foot_right3":{"rotation":[0,0,-29.5]},"shoulder_left":{"rotation":[-18.08761,75.58018,59.31878],"position":[1.78125,0,1.28125]},"arm_left":{"rotation":[71.14942,-2.87702,57.76745]},"pincher_left":{"rotation":[0,0,19.88751]},"shoulder_right":{"rotation":[-118.07351,-73.95248,31.13202],"position":[-1.78125,0,1.28125]},"arm_right":{"rotation":[82.81698,19.67372,-66.51471]},"pincher_right":{"rotation":[0,0,-14]}}},"animation.klawf.texture":{"loop":true,"bones":{"body":{"position":[0,7,0]},"thigh_left":{"position":[16,0,12]},"leg_left":{"position":[9,0,0]},"foot_left":{"position":[7,0,0]},"shoulder_left":{"position":[14,0,-10]},"arm_left":{"position":[10,0,0]},"pincher_left":{"position":[0,-5,0]},"mouth":{"position":[0,-3,-18]},"eyee_left":{"position":[11,0,-11]},"eye_left":{"position":[0,0,-3]},"eyeclosed_left":{"position":[5,0,0]},"eyee_right":{"position":[-20,0,0]},"thigh_left2":{"position":[0,0,38]},"thigh_left3":{"position":[0,0,53]},"shoulder_right":{"position":[-25,0,0]},"thigh_right":{"position":[-24,0,0]},"thigh_right2":{"position":[-32,0,0]},"thigh_right3":{"position":[-29,0,0]}}},"animation.klawf.blink":{"animation_length":0.1667,"bones":{"eyeclosed_left":{"position":{"0.0":[0,0,-1],"0.125":{"pre":[0,0,-1],"post":[0,0,-1]},"0.1667":{"pre":[0,0,-1],"post":[0,0,0]}}},"eyeclosed_right":{"position":{"0.0":[0,0,-1],"0.125":{"pre":[0,0,-1],"post":[0,0,-1]},"0.1667":{"pre":[0,0,-1],"post":[0,0,0]}}}}},"animation.klawf.ground_idle":{"loop":true,"bones":{"body":{"rotation":[-5,0,0],"position":[0,10.84375,0]},"torso":{"rotation":["(math.cos((q.anim_time - 0) * 360 / 4) * 2) - 2",0,0],"position":[0,"-1.7813 - (math.cos((q.anim_time - 0) * 360 / 4) * 1) + 1",0]},"mouth":{"position":[0,-3.03125,0]},"thigh_left":{"rotation":[1.60084,"5.6056 + (math.cos((q.anim_time - 0) * 360 / 4) * 0.2) - 0.2","-10.0716 - (math.cos((q.anim_time - 0) * 360 / 4) * 3) + 3"],"position":["- (math.cos((q.anim_time - 0) * 360 / 4) * 0.05) + 0.05","-(math.cos((q.anim_time - 0) * 360 / 4) * 0.95) + 0.95",0]},"leg_left":{"rotation":[0,0,"47.5 + (math.cos((q.anim_time - 0) * 360 / 4) * 2) - 2"]},"foot_left":{"rotation":[0,0,"30 + (math.cos((q.anim_time - 0) * 360 / 4) * 1) - 1"]},"thigh_right":{"rotation":[1.60084,"-5.6056 - (math.cos((q.anim_time - 0) * 360 / 4) * 0.2) + 0.2","10.0716 + (math.cos((q.anim_time - 0) * 360 / 4) * 3) - 3"],"position":["(math.cos((q.anim_time - 0) * 360 / 4) * 0.05) - 0.05","-(math.cos((q.anim_time - 0) * 360 / 4) * 0.95) + 0.95",0]},"leg_right":{"rotation":[0,0,"-47.5 - (math.cos((q.anim_time - 0) * 360 / 4) * 2) + 2"]},"foot_right":{"rotation":[0,0,"-30 - (math.cos((q.anim_time - 0) * 360 / 4) * 1) + 1"]},"thigh_left2":{"rotation":["5.0047 + (math.cos((q.anim_time - 0) * 360 / 4) * 2) - 2",-2.49048,"-10 - (math.cos((q.anim_time - 0) * 360 / 4) * 2) + 2"],"position":[0,"- (math.cos((q.anim_time - 0) * 360 / 4) * 0.63) + 0.63",0]},"leg_left2":{"rotation":["-(math.cos((q.anim_time - 0) * 360 / 4) * 0.9) + 0.9","(math.cos((q.anim_time - 0) * 360 / 4) * 1.5) - 1.5","45 + (math.cos((q.anim_time - 0) * 360 / 4) * 1.5) - 1.5"]},"foot_left2":{"rotation":[0,0,"20 + (math.cos((q.anim_time - 0) * 360 / 4) * 0.5) - 0.5"]},"thigh_right2":{"rotation":["5.0047 + (math.cos((q.anim_time - 0) * 360 / 4) * 2) - 2",2.49048,"10 + (math.cos((q.anim_time - 0) * 360 / 4) * 2) - 2"],"position":[0,"- (math.cos((q.anim_time - 0) * 360 / 4) * 0.63) + 0.63",0]},"leg_right2":{"rotation":["-(math.cos((q.anim_time - 0) * 360 / 4) * 0.9) + 0.9","-(math.cos((q.anim_time - 0) * 360 / 4) * 1.5) + 1.5","-45 - (math.cos((q.anim_time - 0) * 360 / 4) * 1.5) + 1.5"]},"foot_right2":{"rotation":[0,0,"-20 - (math.cos((q.anim_time - 0) * 360 / 4) * 0.5) + 0.5"]},"thigh_left3":{"rotation":["7.6563 + (math.cos((q.anim_time - 0) * 360 / 4) * 0.4) - 0.4","-19.1719 + (math.cos((q.anim_time - 0) * 360 / 4) * 0.1) - 0.1","-7.9127 - (math.cos((q.anim_time - 0) * 360 / 4) * 1) + 1"],"position":[0,"- (math.cos((q.anim_time - 0) * 360 / 4) * 0.3) + 0.3",0]},"leg_left3":{"rotation":[0,0,"32.5 + (math.cos((q.anim_time - 0) * 360 / 4) * 0.75) - 0.75"]},"foot_left3":{"rotation":[0,0,"30 - (math.cos((q.anim_time - 0) * 360 / 4) * 0.25) - 0.25"]},"thigh_right3":{"rotation":["7.6563 + (math.cos((q.anim_time - 0) * 360 / 4) * 0.4) - 0.4","19.1719 - (math.cos((q.anim_time - 0) * 360 / 4) * 0.1) + 0.1","7.9127 + (math.cos((q.anim_time - 0) * 360 / 4) * 1) - 1"],"position":[0,"- (math.cos((q.anim_time - 0) * 360 / 4) * 0.3) + 0.3",0]},"leg_right3":{"rotation":[0,0,"-32.5 - (math.cos((q.anim_time - 0) * 360 / 4) * 0.75) + 0.75"]},"foot_right3":{"rotation":[0,0,"-30 + (math.cos((q.anim_time - 0) * 360 / 4) * 0.25) + 0.25"]},"shoulder_left":{"rotation":["-17.3805 - (math.cos((q.anim_time - 0.5) * 360 / 4) * 1)","72.7015 + (math.sin((q.anim_time - 0.5) * 360 / 4) * 3) + 5","61.4401 - (math.cos((q.anim_time - 0.5) * 360 / 4) * 3)"],"position":[1.78125,0,1.28125]},"arm_left":{"rotation":["68.4764 - (math.sin((q.anim_time - 0.7) * 360 / 4) * 3)","-0.204 + (math.sin((q.anim_time - 0.7) * 360 / 4) * 3)",57.76745]},"pincher_left":{"rotation":[0,0,"22.5 + (math.sin((q.anim_time - 0.7) * 360 / 8) * 5)"]},"shoulder_right":{"rotation":["-117.3664 - (math.cos((q.anim_time - 0.5) * 360 / 4) * 1)","-76.0738 - (math.sin((q.anim_time - 0.5) * 360 / 4) * 3)","29.0107 + (math.cos((q.anim_time - 0.5) * 360 / 4) * 3)"],"position":[-1.78125,0,1.28125]},"arm_right":{"rotation":["85.49 + (math.sin((q.anim_time - 0.7) * 360 / 4) * 3)","17.0007 - (math.sin((q.anim_time - 0.7) * 360 / 4) * 3)","-64.7327 + (math.sin((q.anim_time - 0.7) * 360 / 4) * 2)"]},"pincher_right":{"rotation":[0,0,"-10 + math.clamp( (math.cos((q.anim_time - 0 + (math.cos((q.anim_time - 1 + (math.cos((q.anim_time - 1.4) * 360 / 2) * 0.4)) * 360 / 2) * 0.9)) * 360 / 2) * 10),-4, 10 )"]}}},"animation.klawf.eye_quirk":{"animation_length":1.2083,"bones":{"eyee_left":{"rotation":{"0.0":[0,0,0],"0.2083":{"pre":[0,2.6075,0],"post":[0,2.6075,0],"lerp_mode":"catmullrom"},"0.5":{"post":[0,-25,0],"lerp_mode":"catmullrom"},"0.625":{"post":[0,0.045,0],"lerp_mode":"catmullrom"},"0.875":[0,0,0]},"position":{"0.0":[0,0,0],"0.3333":[0,0,-2.06],"0.5":[0,0,-2.34375],"0.7083":[0,0,-1.92],"0.875":[0,0,0]}},"eye_left":{"rotation":{"0.0":[0,0,0],"0.25":{"pre":[0,-3.21875,0],"post":[0,-3.21875,0],"lerp_mode":"catmullrom"},"0.5":{"post":[0,-55,0],"lerp_mode":"catmullrom"},"0.625":{"post":[0,-39.6775,0],"lerp_mode":"catmullrom"},"0.75":{"post":[0,4.01375,0],"lerp_mode":"catmullrom"},"0.9167":[0,0,0]}},"eyee_right":{"rotation":{"0.0":[0,0,0],"0.25":{"pre":[0,-2.1075,0],"post":[0,-2.1075,0],"lerp_mode":"catmullrom"},"0.3333":{"post":[0,11.16,0],"lerp_mode":"catmullrom"},"0.4167":{"post":[0,24.7325,0],"lerp_mode":"catmullrom"},"0.625":{"post":[0,25,0],"lerp_mode":"catmullrom"},"0.7917":{"post":[0,-3.07625,0],"lerp_mode":"catmullrom"},"0.9583":[0,0,0]},"position":{"0.0":[0,0,0],"0.3333":[0,0,-2.06],"0.625":[0,0,-2.34375],"0.8333":[0,0,-1.92],"0.9583":[0,0,0]}},"eye_right":{"rotation":{"0.0":[0,0,0],"0.1667":[0,0,0],"0.625":{"pre":[0,55,0],"post":[0,55,0],"lerp_mode":"catmullrom"},"0.75":{"post":[0,44.335,0],"lerp_mode":"catmullrom"},"0.8333":{"post":[0,1.67375,0],"lerp_mode":"catmullrom"},"1.0":[0,0,0]}},"shoulder_left":{"rotation":{"0.0":[0,0,0],"0.2917":{"pre":[-114,51.6563,-23.3125],"post":[-114,51.6563,-23.3125],"lerp_mode":"catmullrom"},"0.4167":{"post":[-127.0625,58.12505,-14.1875],"lerp_mode":"catmullrom"},"0.625":{"post":[-92.41,42.27,6.58625],"lerp_mode":"catmullrom"},"0.9167":{"post":[-8.1025,2.39,0.59],"lerp_mode":"catmullrom"},"1.1667":[0,0,0]},"position":{"0.0":[0,0,0],"0.5":[0,0,-1.75],"1.0":[0,0,0]}},"arm_left":{"rotation":{"0.0":[0,0,0],"0.25":{"pre":[0,0,3.21875],"post":[0,0,3.21875],"lerp_mode":"catmullrom"},"0.5":{"post":[0,0,12.5],"lerp_mode":"catmullrom"},"0.9167":{"post":[0,0,-1.03125],"lerp_mode":"catmullrom"},"1.2083":[0,0,0]}},"shoulder_right":{"rotation":{"0.0":[0,0,0],"0.2083":{"pre":[-84.37875,16.87625,48.2275],"post":[-84.37875,16.87625,48.2275],"lerp_mode":"catmullrom"},"0.2917":{"post":[-114.31875,15.87125,48.61625],"lerp_mode":"catmullrom"},"0.5833":{"post":[-104.75,24.15625,28.21875],"lerp_mode":"catmullrom"},"0.75":{"post":[-69.26,16.34,-9.4575],"lerp_mode":"catmullrom"},"0.9167":[-26.61,6.31,6.2025],"1.0417":[0,0,0]},"position":{"0.0":[0,0,0],"0.5833":[0,0,-1.75],"1.0833":[0,0,0]}},"arm_right":{"rotation":{"0.0":[0,0,0],"0.2083":{"pre":[0,0,-10.19625],"post":[0,0,-10.19625],"lerp_mode":"catmullrom"},"0.3333":{"post":[0,0,-10.02125],"lerp_mode":"catmullrom"},"0.625":{"post":[0,0,-11.90625],"lerp_mode":"catmullrom"},"0.9167":{"post":[0,0,0.885],"lerp_mode":"catmullrom"},"1.125":[0,0,0]}},"mouth":{"position":{"0.0":[0,0,0],"0.2083":[0,3,0],"0.75":[0,3,0],"0.875":[0,0,0]}}}},"animation.klawf.ground_walk":{"loop":true,"animation_length":1.5,"bones":{"body":{"rotation":[-5,0,0],"position":["-(math.cos((q.anim_time - 0) * 360 * (2/3)) * 1)",10.8,0]},"torso":{"rotation":["(math.cos((q.anim_time - 0.1) * 360 * (4/3)) * 0.4) + 0.4","-(math.cos((q.anim_time - 0.1) * 360 * (2/3)) * 1)","(math.cos((q.anim_time - 0) * 360 * (2/3)) * 0.5)"],"position":[0,-1.78125,0]},"mouth":{"position":[0,0,-0.01]},"thigh_left":{"rotation":{"0.0":[2.03565,32.90128,-15.42501],"0.1667":[1.9125,22.8325,-16.1725],"0.2917":{"pre":[0.875,22.1325,-17.0375],"post":[0.875,22.1325,-17.0375],"lerp_mode":"catmullrom"},"0.4583":{"post":[-4.67,28.85125,-17.12],"lerp_mode":"catmullrom"},"0.5833":{"post":[-6.98625,43.16125,-16.715],"lerp_mode":"catmullrom"},"0.75":[-9.14,50.62,-13.44],"0.9583":[-8.6,55.0725,-9.31875],"1.0833":[-5.30805,53.01927,-8.8625],"1.5":[2.03565,32.90128,-15.42501]}},"leg_left":{"rotation":{"0.0":[-6.4375,0,59.0625],"0.2083":[-5.5625,0,62.3125],"0.2917":{"pre":[-2.28,0,58.68875],"post":[-2.28,0,58.68875],"lerp_mode":"catmullrom"},"0.375":{"post":[0,0,47.625],"lerp_mode":"catmullrom"},"0.5417":{"post":[-3.14,0,39.31625],"lerp_mode":"catmullrom"},"0.75":[-7.125,0,38.89625],"0.9583":[-3.03125,0,41.5625],"1.125":[-4.15625,0,46.375],"1.5":[-6.4375,0,59.0625]}},"foot_left":{"rotation":{"0.0":[0,0,30],"0.1667":[0,0,30],"0.375":{"pre":[0,0,27.96875],"post":[0,0,27.96875],"lerp_mode":"catmullrom"},"0.5":{"post":[0,0,29.2975],"lerp_mode":"catmullrom"},"0.625":{"post":[0,0,26.0025],"lerp_mode":"catmullrom"},"0.75":[0,0,24.17],"1.0833":[0,0,30],"1.5":[0,0,30]}},"thigh_right":{"rotation":{"0.0":[-9.14,-50.62,13.44],"0.2083":[-8.6,-55.0725,9.31875],"0.3333":[-5.30805,-53.01927,8.8625],"0.75":[2.03565,-32.90128,15.42501],"0.9167":[1.9125,-22.8325,16.1725],"1.0417":{"pre":[0.875,-22.1325,17.0375],"post":[0.875,-22.1325,17.0375],"lerp_mode":"catmullrom"},"1.2083":{"post":[-4.67,-28.85125,17.12],"lerp_mode":"catmullrom"},"1.3333":{"post":[-6.98625,-43.16125,16.715],"lerp_mode":"catmullrom"},"1.5":[-9.14,-50.62,13.44]}},"leg_right":{"rotation":{"0.0":[-7.125,0,-38.89625],"0.2083":[-3.03125,0,-42.15625],"0.375":[-4.15625,0,-46.375],"0.75":[-6.4375,0,-59.0625],"0.9583":[-5.5625,0,-62.3125],"1.0417":{"pre":[-2.28,0,-58.68875],"post":[-2.28,0,-58.68875],"lerp_mode":"catmullrom"},"1.125":{"post":[0,0,-47.625],"lerp_mode":"catmullrom"},"1.2917":{"post":[-3.14,0,-39.31625],"lerp_mode":"catmullrom"},"1.5":[-7.125,0,-38.89625]}},"foot_right":{"rotation":{"0.0":[0,0,-24.17],"0.3333":[0,0,-30],"0.75":[0,0,-30],"0.9167":[0,0,-30],"1.125":{"pre":[0,0,-27.96875],"post":[0,0,-27.96875],"lerp_mode":"catmullrom"},"1.25":{"post":[0,0,-29.2975],"lerp_mode":"catmullrom"},"1.375":{"post":[0,0,-26.0025],"lerp_mode":"catmullrom"},"1.5":[0,0,-24.17]}},"thigh_left2":{"rotation":{"0.0":[-3.96878,34.41883,-8.38057],"0.2917":[1.5575,22.78,-11.5175],"0.75":[8.22437,0.13402,-14.87137],"1.0":{"pre":[4.2039,7.80521,-11.31044],"post":[4.2039,7.80521,-11.31044],"lerp_mode":"catmullrom"},"1.1667":{"post":[1.28,22.62,-10.06],"lerp_mode":"catmullrom"},"1.3333":{"post":[-5.12,30.6975,-8.95],"lerp_mode":"catmullrom"},"1.5":[-3.96878,34.41883,-8.38057]}},"leg_left2":{"rotation":{"0.0":[-6.1875,0,45],"0.2917":[-4.96875,0,49.92],"0.75":[0,0,54.78375],"1.0417":{"pre":[0,0,40],"post":[0,0,40],"lerp_mode":"catmullrom"},"1.2917":{"post":[0,0,36.23],"lerp_mode":"catmullrom"},"1.4583":{"post":[-5.32,0,43.29],"lerp_mode":"catmullrom"},"1.5":[-6.1875,0,45]}},"foot_left2":{"rotation":{"0.0":[0,0,20],"0.75":[0,0,20],"1.0417":{"pre":[0,0,24.5625],"post":[0,0,24.5625],"lerp_mode":"catmullrom"},"1.1667":{"post":[0,0,21.6],"lerp_mode":"catmullrom"},"1.2917":{"post":[0,0,18.2775],"lerp_mode":"catmullrom"},"1.5":[0,0,20]}},"thigh_right2":{"rotation":{"0.0":[8.22437,-0.13402,14.87137],"0.25":{"pre":[4.2039,-7.80521,11.31044],"post":[4.2039,-7.80521,11.31044],"lerp_mode":"catmullrom"},"0.4167":{"post":[1.28,-22.62,10.06],"lerp_mode":"catmullrom"},"0.5833":{"post":[-5.12,-30.6975,8.95],"lerp_mode":"catmullrom"},"0.75":[-3.96878,-34.41883,8.38057],"1.0417":[1.5575,-22.78,11.5175],"1.5":[8.22437,-0.13402,14.87137]}},"leg_right2":{"rotation":{"0.0":[0,0,-54.78375],"0.2917":{"pre":[0,0,-40],"post":[0,0,-40],"lerp_mode":"catmullrom"},"0.5417":{"post":[0,0,-36.23],"lerp_mode":"catmullrom"},"0.7083":{"post":[-5.32,0,-43.29],"lerp_mode":"catmullrom"},"0.75":[-6.1875,0,-45],"1.0417":[-4.96875,0,-49.92],"1.5":[0,0,-54.78375]}},"foot_right2":{"rotation":{"0.0":[0,0,-20],"0.2917":{"pre":[0,0,-24.5625],"post":[0,0,-24.5625],"lerp_mode":"catmullrom"},"0.4167":{"post":[0,0,-21.6],"lerp_mode":"catmullrom"},"0.5417":{"post":[0,0,-18.2775],"lerp_mode":"catmullrom"},"0.75":[0,0,-20],"1.5":[0,0,-20]}},"thigh_left3":{"rotation":{"0.0":[12.17953,-25.20185,-5.36085],"0.0833":{"pre":[12.4126,-27.37174,-7.6835],"post":[12.4126,-27.37174,-7.6835],"lerp_mode":"catmullrom"},"0.2917":{"post":[9.54,-18.14,-10.59],"lerp_mode":"catmullrom"},"0.5":{"post":[6.03,-7.17,-10.87625],"lerp_mode":"catmullrom"},"0.75":[1.20369,4.53056,-4.22974],"1.0417":[5.7225,-7.84375,-6.77375],"1.3333":[9.25875,-19.27375,-5.265],"1.5":[12.17953,-25.20185,-5.36085]}},"leg_left3":{"rotation":{"0.0":[0,0,27.875],"0.2083":{"pre":[0,0,30.375],"post":[0,0,30.375],"lerp_mode":"catmullrom"},"0.6667":{"post":[0,0,25],"lerp_mode":"catmullrom"},"0.75":[0,0,28.8075],"1.0417":[0,0,31.31125],"1.3333":[0,0,28.40625],"1.5":[0,0,27.875]}},"foot_left3":{"rotation":{"0.0":[0,0,20.71875],"0.25":[0,0,24.84375],"0.5833":[0,0,23.22875],"0.75":[0,0,30],"1.0417":[0,0,30],"1.3333":[0,0,24.6875],"1.5":[0,0,20.71875]}},"thigh_right3":{"rotation":{"0.0":[1.20369,-4.53056,4.22974],"0.2917":[5.7225,7.84375,6.77375],"0.5833":[9.25875,19.27375,5.265],"0.75":[12.17953,25.20185,5.36085],"0.8333":{"pre":[12.4126,27.37174,7.6835],"post":[12.4126,27.37174,7.6835],"lerp_mode":"catmullrom"},"1.0417":{"post":[9.54,18.14,10.2775],"lerp_mode":"catmullrom"},"1.25":{"post":[6.03,7.17,10.87625],"lerp_mode":"catmullrom"},"1.5":[1.20369,-4.53056,4.22974]}},"leg_right3":{"rotation":{"0.0":[0,0,-28.8075],"0.2917":[0,0,-31.31125],"0.5833":[0,0,-28.40625],"0.75":[0,0,-27.875],"0.9583":{"pre":[0,0,-30.375],"post":[0,0,-30.375],"lerp_mode":"catmullrom"},"1.4167":{"post":[0,0,-25],"lerp_mode":"catmullrom"},"1.5":[0,0,-28.8075]}},"foot_right3":{"rotation":{"0.0":[0,0,-30],"0.2917":[0,0,-30],"0.5833":[0,0,-24.6875],"0.75":[0,0,-20.71875],"1.0":[0,0,-24.84375],"1.3333":[0,0,-23.22875],"1.5":[0,0,-30]}},"shoulder_left":{"rotation":["2.7163 + (math.cos((q.anim_time - 0.3) * 360 * (4/3)) * 2)",80.70979,"80.7741 + (math.cos((q.anim_time - 0.3) * 360 * (4/3)) * 2)"],"position":[1.78125,0,1.28125]},"arm_left":{"rotation":[75.09453,"-10.2331 + (math.cos((q.anim_time - 0.5) * 360 * (4/3)) * 1)",52.56746]},"pincher_left":{"rotation":[0,0,20]},"shoulder_right":{"rotation":["-256.1416 + (math.cos((q.anim_time - 0.3) * 360 * (4/3)) * 3)",-79.15214,"185.9743 - (math.cos((q.anim_time - 0.3) * 360 * (4/3)) * 3)"],"position":[-1.78125,0,1.28125]},"arm_right":{"rotation":[73.25846,"11.7527 - (math.cos((q.anim_time - 0.5) * 360 * (4/3)) * 1)",-48.65034]},"pincher_right":{"rotation":[0,0,-20]}}},"animation.klawf.walk_test":{"loop":true,"bones":{"body":{"position":[0,0,"-q.anim_time*90*walk"]}}}}}