{"format_version":"1.8.0","animations":{"animation.latios.air_idle":{"loop":true,"bones":{"body":{"rotation":[0,0,"(math.cos(q.anim_time*180)*2.5)"],"position":["(math.cos(q.anim_time*180)*1)","2+(math.cos(q.anim_time*90)*0.1)",0]},"torso":{"rotation":[-40,0,0],"position":[0,3,0]},"wing_right":{"rotation":[0,0,"45+(math.sin(q.anim_time*90*3*1.5-60)*5)"]},"arm_right":{"rotation":[45,0,-67.5]},"arm_right2":{"rotation":[0,67.5,0]},"neck":{"rotation":[-10,0,0]},"head":{"rotation":[40,0,0]},"arm_left":{"rotation":[45,0,67.5]},"arm_left2":{"rotation":[0,-67.5,0]},"wing_left":{"rotation":[0,0,"-45+(math.sin(q.anim_time*90*3*1.5-60)*5)"]}}},"animation.latios.sleep":{"loop":true,"bones":{"eye_lid_left":{"position":[0.1,0,0]},"eye_lid_right":{"position":[0,0,-0.1]},"body":{"rotation":["(math.cos(q.anim_time*180)*0.5)",0,0],"position":[0,"(math.cos(q.anim_time*180)*-0.1)",0]},"torso":{"rotation":[-5,0,0],"position":[0,0.25,0]},"wing_right":{"rotation":[0,0,"-35+(math.sin(q.anim_time*180)*-2.5)"]},"wing_left":{"rotation":[0,0,"35+(math.sin(q.anim_time*180)*2.5)"]},"arm_right":{"rotation":[40,-35,-40]},"arm_right2":{"rotation":[0,0,-55]},"arm_left":{"rotation":[40,35,40]},"arm_left2":{"rotation":[0,0,50]},"neck":{"rotation":["15+(math.cos(q.anim_time*180)*0.5)",-22.5,0]},"head":{"rotation":["(math.cos(q.anim_time*180)*2.5)",-22.5,0]}}},"animation.latios.air_fly":{"loop":true,"bones":{"body":{"rotation":[20,"(math.sin(q.anim_time*45)*5) ","(math.cos(q.anim_time*180)*10)"],"position":["(math.cos(q.anim_time*180)*2) ","3+(math.sin(q.anim_time*90)*1)","(math.sin(q.anim_time*90)*1) "]},"torso":{"rotation":[-25,0,0]},"arm_right":{"rotation":[0,0,-40]},"arm_right2":{"rotation":[0,"22.5+(math.cos(q.anim_time*180)*15)",0]},"arm_left":{"rotation":[0,0,40]},"arm_left2":{"rotation":[0,"-22.5+(math.cos(q.anim_time*180)*-15)",0]},"neck":{"rotation":["10+(math.cos(q.anim_time*180)*5)",0,0]},"head":{"rotation":["-10+(math.cos(q.anim_time*180)*2.5)",0,0]},"wing_right":{"rotation":[0,0,"(math.sin(q.anim_time*180)*-15)"]},"wing_left":{"rotation":[0,0,"(math.sin(q.anim_time*180)*15)"]}}},"animation.latios.blink":{"animation_length":0.16667,"bones":{"eye_lid_left":{"position":{"0.0":[0.1,0,0],"0.125":[0.1,0,0],"0.1667":[0,0,0]}},"eye_lid_right":{"position":{"0.0":[0,0,-0.1],"0.125":[0,0,-0.1],"0.1667":[0,0,0]}}}}},"geckolib_format_version":2}