{"format_version":"1.8.0","animations":{"animation.leavanny.texture":{"loop":true,"bones":{"torso":{"position":[0,5,0]},"neck":{"position":[0,5,0]},"head_anim":{"position":[0,4,0]},"eyelid_left":{"position":[8,0,0]},"bottom":{"position":[0,0,5]},"thigh_left":{"position":[3,-3.37795,-3.68639]},"knee_left":{"position":[6,0,0]},"leg_left":{"position":[5,0,0]},"foot_left":{"position":[6,0,0]},"tail":{"position":[0,4.72913,5.16094]},"chest":{"position":[0,3,0]},"arm_left":{"position":[6,0,0]},"hand_left":{"position":[3,0,0]},"arm_right":{"position":[-10,0,0]},"thigh_right":{"position":[-5,0,0]}}},"animation.leavanny.ground_walk":{"loop":true,"bones":{"thigh_left":{"rotation":["math.cos((q.anim_time -0.2)*360*1)*15",0,0],"position":[0,"-0.5+math.cos((q.anim_time -0.3)*180*1)*1 * math.cos((q.anim_time -0.3)*180*1)*1",-0.5]},"thigh_right":{"rotation":["-math.cos((q.anim_time -0.2)*360*1)*15",0,0],"position":[0,0,"-0.5+math.cos((q.anim_time -0.7)*180*1)*1 * math.cos((q.anim_time -0.2)*180*1)*1"]},"body":{"position":[0,"math.cos((q.anim_time -0.2)*360*2)*0.5",0]},"tail":{"rotation":["math.cos((q.anim_time -0.3)*360*1)*13",0,0]},"chest":{"rotation":[-5,"math.cos((q.anim_time -0.2)*360*1)*4",0]},"arm_left":{"rotation":[0,-15,"20+math.cos((q.anim_time -0.5)*360*1)*8"]},"hand_left":{"rotation":[0,0,"35+math.cos((q.anim_time -0.75)*360*1)*8"]},"arm_right":{"rotation":[0,15,"-20-math.cos((q.anim_time -0.5)*360*1)*8"]},"hand_right":{"rotation":[0,0,"-35-math.cos((q.anim_time -0.75)*360*1)*8"]},"head_anim":{"rotation":["-7.5+math.cos((q.anim_time -0.2)*360*0.5)*5 * math.cos((q.anim_time -0.5)*360*0.5)*3",0,0]}}},"animation.leavanny.ground_idle":{"loop":true,"bones":{"tail":{"rotation":["math.cos((q.anim_time -0.3)*360*1)*1",0,0]},"chest":{"rotation":[0,0,"math.cos((q.anim_time -0.25)*360*1)*2"]},"arm_left":{"rotation":[0,10,"20+math.cos((q.anim_time -0.5)*360*1)*8"]},"hand_left":{"rotation":[0,0,"35+math.cos((q.anim_time -0.75)*360*1)*8"]},"arm_right":{"rotation":[0,0,"-20-math.cos((q.anim_time -0.5)*360*1)*8"]},"hand_right":{"rotation":[0,0,"-35-math.cos((q.anim_time -0.75)*360*1)*8"]},"head_anim":{"rotation":["math.cos((q.anim_time -0.3)*360*0.5)*1",0,0]},"eyelid_left":{"position":[0,0,0]}}},"animation.leavanny.blink":{"animation_length":0.25,"bones":{"eyelid_left":{"position":{"0.0":[0,0,0],"0.125":[0,0,0],"0.1667":[0,0,-1]}},"eyelid_right":{"position":{"0.0":[0,0,0],"0.125":[0,0,0],"0.1667":[0,0,-1]}}}}}}