{"format_version":"1.8.0","animations":{"animation.litten2.ground_idle":{"loop":true,"bones":{"leg_back_left1":{"rotation":[5,0,0]},"leg_back_left2":{"rotation":[-7.5,0,0]},"leg_back_left3":{"rotation":[2.5,0,0]},"leg_front_right1":{"rotation":[2.5,0,0]},"leg_front_right2":{"rotation":[-7.5,0,0]},"leg_front_right3":{"rotation":[5,0,0]},"leg_front_left1":{"rotation":[2.5,0,0]},"leg_front_left2":{"rotation":[-7.5,0,0]},"leg_front_left3":{"rotation":[5,0,0]},"leg_back_right1":{"rotation":[5,0,0]},"leg_back_right2":{"rotation":[-7.5,0,0]},"leg_back_right3":{"rotation":[2.5,0,0]},"tail4":{"rotation":[25,0,0]},"tail3":{"rotation":[10,0,0]},"tail2":{"rotation":[-35,0,0]},"tail1":{"rotation":[47.5,0,0]},"tail_end":{"rotation":[25,0,0]},"tail5":{"rotation":[30,0,0]},"neck":{"rotation":[30,0,0]},"head_angle":{"rotation":[-20,0,0]},"ear_left1":{"rotation":[2.5,0,10]},"ear_left2":{"rotation":[2.5,0,0]},"ear_right1":{"rotation":[2.5,0,-10]},"ear_right2":{"rotation":[2.5,0,0]},"head_ruff":{"rotation":[-7.5,0,0]}}},"animation.litten2.blink":{"animation_length":0.1667,"bones":{"eyelid_right_normal":{"position":{"0.0":[-0.1,0,-0.1],"0.125":[-0.1,0,-0.1],"0.1667":[0,0,0]}},"eyelid_left_normal":{"position":{"0.0":[0.1,0,-0.1],"0.125":[0.1,0,-0.1],"0.1667":[0,0,0]}}}},"animation.litten2.happy":{"loop":true,"bones":{"eyelid_right_happy":{"position":[-0.1,0,-0.1]},"eyelid_left_happy":{"position":[0.1,0,-0.1]}}},"animation.litten2.ground_walk":{"loop":true,"bones":{"leg_front_right1":{"rotation":["-math.cos((q.anim_time)*180*2)*6",0,0]},"leg_front_left1":{"rotation":["math.cos((q.anim_time)*180*2)*6",0,0]},"leg_back_right1":{"rotation":["math.cos((q.anim_time-0.3)*180*2)*6",0,0]},"leg_back_left1":{"rotation":["-math.cos((q.anim_time-0.1)*180*2)*6",0,0]}}},"animation.litten2.angry ":{"loop":true,"bones":{"pupil_right_normal":{"position":[0,0.1,0]},"pupil_left_normal":{"position":[0,0.1,0]},"eyebrow_left_normal":{"rotation":[0,0,-7.5]},"eyebrow_right_normal":{"rotation":[0,0,7.5]}}}}}