{"format_version":"1.8.0","animations":{"animation.lugia.air_idle":{"loop":true,"bones":{"wing_left":{"rotation":[-10,0,"math.sin(q.anim_time*90*1.2-70)*-41"]},"wing_left3":{"rotation":[0,2.5,"-(math.sin(q.anim_time*90*1.2-140)*25)"]},"hand_left":{"rotation":[0.21865,4.99523,"2.5095-(math.sin(q.anim_time*90*1.2-140)*30)"]},"thumb_left":{"rotation":[-10,38,"-1.5093-(math.sin(q.anim_time*90*1.2-140)*20)"]},"thumb_left2":{"rotation":[0,0,22.5]},"finger_left":{"rotation":[0,10,"-(math.sin(q.anim_time*90*1.2-140)*25)"]},"finger_left1_2":{"rotation":[0,0,"0-(math.sin(q.anim_time*90*1.2-140)*30)"]},"finger_left2":{"rotation":[0,2.5,"-(math.sin(q.anim_time*90*1.2-140)*20)"]},"finger_left2_2":{"rotation":[0,0,"0-(math.sin(q.anim_time*90*1.2-140)*30)"]},"finger_left3":{"rotation":[0,-5,"7.5-(math.sin(q.anim_time*90*1.2-140)*20)"]},"finger_left3_2":{"rotation":[0,0,"0-(math.sin(q.anim_time*90*1.2-140)*30)"]},"finger_left4":{"rotation":[0,-15,"12.5-(math.sin(q.anim_time*90*1.2-140)*20)"]},"finger_left4_2":{"rotation":[0,0,"0-(math.sin(q.anim_time*90*1.2-140)*30)"]},"body":{"position":[0,"25+1.5*math.sin(q.anim_time*90*1.2+160)*-5",0]},"torso":{"rotation":[22.5,0,0]},"chest":{"rotation":["5-5*math.sin(q.anim_time*90*1.2+150)*1",0,0]},"neck":{"rotation":[7.5,0,0]},"neck2":{"rotation":[17.5,0,0]},"neck3":{"rotation":[15,0,0]},"head":{"rotation":["-44+9*math.sin(q.anim_time*90*1.2+120)",0,0],"position":[0,1,-1]},"tail":{"rotation":["-35+Math.cos((query.anim_time) * 90 * 1.2- 60) * 2",0,0],"position":[0,-1,0]},"tail2":{"rotation":["Math.cos((query.anim_time) * 90 * 1.2- 60) * 11",0,0]},"tail3":{"rotation":["Math.cos((query.anim_time) * 90 * 1.2- 120) * 12",0,0]},"tail4":{"rotation":["Math.cos((query.anim_time) * 90 * 1.2- 180) * 13",0,0]},"tail5":{"rotation":["Math.cos((query.anim_time) * 90 * 1.2- 240) * 14",0,0]},"tail6":{"rotation":["Math.cos((query.anim_time) * 90 * 1.2- 240) * 15",0,0]},"bone3":{"rotation":["Math.cos((query.anim_time) * 90 * 1.2- 240) * 16",0,0]},"leg_right":{"rotation":["19.9-5*math.sin(q.anim_time*90*1.2-160)*2",-1.9,"4.6-3*math.sin(q.anim_time*90*1.2+160)*2"]},"leg_right2":{"rotation":[22.5,0,0]},"foot_right":{"rotation":["-6*math.sin(q.anim_time*90*1.2+160)*2",0,0]},"leg_left":{"rotation":["19.9-5*math.sin(q.anim_time*90*1.2+160)*3",1.9,"-4.6+3*math.sin(q.anim_time*90*1.2+160)*3"]},"leg_left2":{"rotation":[22.5,0,0]},"foot_left":{"rotation":["-6*math.sin(q.anim_time*90*1.2+160)*2",0,0]},"wing_right":{"rotation":[-10,0,"-math.sin(q.anim_time*90*1.2-70)*-41"]},"wing_right3":{"rotation":[0,-2.5,"(math.sin(q.anim_time*90*1.2-140)*25)"]},"hand_right":{"rotation":[0.21865,-4.9952,"2.5095+(math.sin(q.anim_time*90*1.2-140)*30)"]},"thumb_right":{"rotation":[-10,-38,"1.5093+(math.sin(q.anim_time*90*1.2-140)*20)"]},"thumb_right2":{"rotation":[0,0,-22.5]},"finger_right":{"rotation":[0,-10,"10+(math.sin(q.anim_time*90*1.2-140)*20)"]},"finger_right1_2":{"rotation":[0,0,"(math.sin(q.anim_time*90*1.2-140)*30)"]},"finger_right2":{"rotation":[0,-2.5,"(math.sin(q.anim_time*90*1.2-140)*20)"]},"finger_right2_2":{"rotation":[0,0,"(math.sin(q.anim_time*90*1.2-140)*20)"]},"finger_right3":{"rotation":[0,5,"-7.5+(math.sin(q.anim_time*90*1.2-140)*20)"]},"finger_right3_2":{"rotation":[0,0,"(math.sin(q.anim_time*90*1.2-140)*30)"]},"finger_right4":{"rotation":[0,15,"-12.5+(math.sin(q.anim_time*90*1.2-140)*20)"]},"finger_right4_2":{"rotation":[0,0,"(math.sin(q.anim_time*90*1.2-140)*30)"]},"scale_right2":{"rotation":[0,"-5.5+5*math.sin(q.anim_time*90*2+150)*1",0]},"scale_left2":{"rotation":[0,"5.5-5*math.sin(q.anim_time*90*2+150)*1",0]},"scale_left":{"rotation":[0,"-7.5+10*math.sin(q.anim_time*90*2+150)*1",0]},"scale_right":{"rotation":[0,"7.5-10*math.sin(q.anim_time*90*2+150)*1",0]},"jaw":{"rotation":["10-2*math.sin(q.anim_time*90*1.2+160)*2",0,0]},"tailscales_right":{"rotation":[0,0,"7.5-10*math.sin(q.anim_time*90*2+150)*1"]},"tailscales_left":{"rotation":[0,0,"-7.5+10*math.sin(q.anim_time*90*2+150)*1"]},"toe_right1":{"rotation":[10,0,0]},"toe_right2":{"rotation":[5,0,0]},"toe_right3":{"rotation":[15,0,0]},"toe_left1":{"rotation":[10,0,0]},"toe_left2":{"rotation":[5,0,0]},"toe_left3":{"rotation":[15,0,0]},"rotation_wing_left":{"rotation":[-20,0,0]},"rotation_wing_right":{"rotation":[-20,0,0]}}},"animation.lugia.air_fly":{"loop":true,"bones":{"wing_left":{"rotation":[0,0,"math.sin(q.anim_time*90*3-70)*-31"]},"wing_left3":{"rotation":[0,2.5,"-(math.sin(q.anim_time*90*3-140)*30)"]},"hand_left":{"rotation":[0.21865,4.99523,"2.5095-(math.sin(q.anim_time*90*3-140)*35)"]},"thumb_left":{"rotation":[-10,38,"-1.5093-(math.sin(q.anim_time*90*3-140)*20)"]},"thumb_left2":{"rotation":[0,0,22.5]},"finger_left":{"rotation":[0,10,"-(math.sin(q.anim_time*90*3-140)*25)"]},"finger_left1_2":{"rotation":[0,0,"0-(math.sin(q.anim_time*90*3-140)*30)"]},"finger_left2":{"rotation":[0,2.5,"-(math.sin(q.anim_time*90*3-140)*20)"]},"finger_left2_2":{"rotation":[0,0,"0-(math.sin(q.anim_time*90*3-140)*30)"]},"finger_left3":{"rotation":[0,-5,"7.5-(math.sin(q.anim_time*90*3-140)*20)"]},"finger_left3_2":{"rotation":[0,0,"0-(math.sin(q.anim_time*90*3-140)*30)"]},"finger_left4":{"rotation":[0,-15,"12.5-(math.sin(q.anim_time*90*3-140)*20)"]},"finger_left4_2":{"rotation":[0,0,"0-(math.sin(q.anim_time*90*3-140)*30)"]},"body":{"rotation":[27.5,0,0],"position":[0,"25+1.5*math.sin(q.anim_time*90*3+160)*-2.5",0]},"torso":{"rotation":[20,0,0]},"chest":{"rotation":["-5*math.sin(q.anim_time*90*3+150)*1",0,0]},"neck":{"rotation":[7.5,0,0]},"neck2":{"rotation":[7.5,0,0]},"neck3":{"rotation":[15,0,0]},"head":{"rotation":["-51.5+9*math.sin(q.anim_time*90*3+120)",0,0],"position":[0,1,-1]},"tail":{"rotation":["-60+Math.cos((query.anim_time) * 90 * 3- 60) * 10",0,0],"position":[0,-1,0]},"tail2":{"rotation":["Math.cos((query.anim_time) * 90 * 3- 60) * 11",0,0]},"tail3":{"rotation":["Math.cos((query.anim_time) * 90 * 3- 120) * 12",0,0]},"tail4":{"rotation":["Math.cos((query.anim_time) * 90 * 3- 180) * 13",0,0]},"tail5":{"rotation":["Math.cos((query.anim_time) * 90 * 3- 240) * 14",0,0]},"tail6":{"rotation":["Math.cos((query.anim_time) * 90 * 3- 240) * 15",0,0]},"bone3":{"rotation":["Math.cos((query.anim_time) * 90 * 3- 240) * 16",0,0]},"leg_right":{"rotation":["19.6-5*math.sin(q.anim_time*90*3-160)*2",4,"-9.18-1*math.sin(q.anim_time*90*3+160)*2"]},"leg_right2":{"rotation":[22.5,0,0]},"foot_right":{"rotation":["-6*math.sin(q.anim_time*90*3+160)*2",0,0]},"leg_left":{"rotation":["19.6-5*math.sin(q.anim_time*90*3+160)*3",-4,"9.18+1*math.sin(q.anim_time*90*3+160)*3"]},"leg_left2":{"rotation":[22.5,0,0]},"foot_left":{"rotation":["-6*math.sin(q.anim_time*90*3+160)*2",0,0]},"wing_right":{"rotation":[0,0,"-math.sin(q.anim_time*90*3-70)*-31"]},"wing_right3":{"rotation":[0,-2.5,"(math.sin(q.anim_time*90*3-140)*30)"]},"hand_right":{"rotation":[0.21865,-4.9952,"2.5095+(math.sin(q.anim_time*90*3-140)*35)"]},"thumb_right":{"rotation":[-10,-38,"1.5093+(math.sin(q.anim_time*90*3-140)*20)"]},"thumb_right2":{"rotation":[0,0,-22.5]},"finger_right":{"rotation":[0,-10,"10+(math.sin(q.anim_time*90*3-140)*20)"]},"finger_right1_2":{"rotation":[0,0,"(math.sin(q.anim_time*90*3-140)*30)"]},"finger_right2":{"rotation":[0,-2.5,"(math.sin(q.anim_time*90*3-140)*20)"]},"finger_right2_2":{"rotation":[0,0,"(math.sin(q.anim_time*90*3-140)*20)"]},"finger_right3":{"rotation":[0,5,"-7.5+(math.sin(q.anim_time*90*3-140)*20)"]},"finger_right3_2":{"rotation":[0,0,"(math.sin(q.anim_time*90*3-140)*30)"]},"finger_right4":{"rotation":[0,15,"-12.5+(math.sin(q.anim_time*90*3-140)*20)"]},"finger_right4_2":{"rotation":[0,0,"(math.sin(q.anim_time*90*3-140)*30)"]},"scale_right2":{"rotation":[0,"-5.5+5*math.sin(q.anim_time*90*2+150)*1",0]},"scale_left2":{"rotation":[0,"5.5-5*math.sin(q.anim_time*90*2+150)*1",0]},"scale_left":{"rotation":[0,"-7.5+10*math.sin(q.anim_time*90*2+150)*1",0]},"scale_right":{"rotation":[0,"7.5-10*math.sin(q.anim_time*90*2+150)*1",0]},"jaw":{"rotation":["10-2*math.sin(q.anim_time*90*1.2+160)*2",0,0]},"tailscales_right":{"rotation":[0,0,"7.5-10*math.sin(q.anim_time*90*2+150)*1"]},"tailscales_left":{"rotation":[0,0,"-7.5+10*math.sin(q.anim_time*90*2+150)*1"]},"toe_right1":{"rotation":[10,0,0]},"toe_right2":{"rotation":[5,0,0]},"toe_right3":{"rotation":[15,0,0]},"toe_left1":{"rotation":[10,0,0]},"toe_left2":{"rotation":[5,0,0]},"toe_left3":{"rotation":[15,0,0]},"rotation_wing_left":{"rotation":[-45,0,0]},"rotation_wing_right":{"rotation":[-45,0,0]}}},"animation.lugia.ground_idle":{"loop":true,"bones":{"wing_left":{"rotation":[25,"5+math.sin(q.anim_time*90*1)*-5",15]},"wing_left3":{"rotation":[0,"15+2*math.sin(q.anim_time*90*1-70)*-5",15]},"hand_left":{"rotation":[1,9.9,20]},"thumb_left":{"rotation":[0,15,25]},"thumb_left2":{"rotation":[0,0,20]},"finger_left":{"rotation":[-1.7,9.8,"22-12*math.sin(q.anim_time*90*1+160)"]},"finger_left1_2":{"rotation":[0,0,15]},"finger_left2":{"rotation":[-1,2.4,"24-14*math.sin(q.anim_time*90*1+160)"]},"finger_left2_2":{"rotation":[0,0,20]},"finger_left3":{"rotation":[0,-5,"30-15*math.sin(q.anim_time*90*1+160)"]},"finger_left3_2":{"rotation":[0,0,17.5]},"finger_left4":{"rotation":[-2.2,-12.3,"34-16*math.sin(q.anim_time*90*1+160)"]},"finger_left4_2":{"rotation":[0,0,17.5]},"body":{"position":[0,2.4,0]},"torso":{"rotation":["12.5-1*math.sin(q.anim_time*90*1+90)*2",0,0],"position":[0,"-1+1*math.sin(q.anim_time*90*1-20)",0]},"chest":{"rotation":["7.5-2*math.sin(q.anim_time*90*1+150)*1",0,0]},"neck":{"rotation":[7.5,0,0]},"neck2":{"rotation":[17.5,0,0]},"neck3":{"rotation":[15,0,0]},"head":{"rotation":["-24+5*math.sin(q.anim_time*90*2+120)",0,0],"position":[0,1,-1]},"tail":{"rotation":[-32.5,"-Math.cos((query.anim_time) * 90 * 1- 60) * 8",0],"position":[0,-1,0]},"tail2":{"rotation":[10,"-Math.cos((query.anim_time) * 90 * 1- 120) * 10",0]},"tail3":{"rotation":[10,"-Math.cos((query.anim_time) * 90 * 1- 120) * 10",0]},"tail4":{"rotation":[10,"-Math.cos((query.anim_time) * 90 * 1- 180) * 11",0]},"tail5":{"rotation":[10,"-Math.cos((query.anim_time) * 90 * 1- 240) * 12",0]},"tail6":{"rotation":[10,"-Math.cos((query.anim_time) * 90 * 1- 240) * 13",0]},"bone3":{"rotation":[10,"-Math.cos((query.anim_time) * 90 * 1- 240) * 14",0]},"leg_right":{"rotation":[0.17544,14.94159,1.3378],"position":[0,"-1+1*math.sin(q.anim_time*90*1-20)",0]},"leg_right2":{"rotation":[27.5,0,0],"position":[0,"1-0.5*math.sin(q.anim_time*90*1-20)*2","-0.6+0.3*math.sin(q.anim_time*90*1-20)"]},"foot_right":{"rotation":[-5,0,0]},"leg_left":{"rotation":[0.17544,-14.94159,-1.3378],"position":[0,"-1+1*math.sin(q.anim_time*90*1-20)",0]},"leg_left2":{"rotation":[27.5,0,0],"position":[0,"1-0.5*math.sin(q.anim_time*90*1-20)*2","-0.6+0.3*math.sin(q.anim_time*90*1-20)"]},"foot_left":{"rotation":[-5,0,0]},"wing_right":{"rotation":[25,"-5-math.sin(q.anim_time*90*1)*-5",-15]},"wing_right3":{"rotation":[0,"-15-2*math.sin(q.anim_time*90*1-70)*-5",-15]},"hand_right":{"rotation":[1,-9.9,-20]},"thumb_right":{"rotation":[0,-15,-25]},"thumb_right2":{"rotation":[0,0,-20]},"finger_right":{"rotation":[-1.7,-9.8,"-22+12*math.sin(q.anim_time*90*1+160)"]},"finger_right1_2":{"rotation":[0,0,-15]},"finger_right2":{"rotation":[-1,-2.4,"-24+14*math.sin(q.anim_time*90*1+160)"]},"finger_right2_2":{"rotation":[0,0,-20]},"finger_right3":{"rotation":[0,5,"-30+15*math.sin(q.anim_time*90*1+160)"]},"finger_right3_2":{"rotation":[0,0,-17.5]},"finger_right4":{"rotation":[-2.2,12.3,"-34+16*math.sin(q.anim_time*90*1+160)"]},"finger_right4_2":{"rotation":[0,0,-17.5]},"scale_right2":{"rotation":[0,"-5.5+5*math.sin(q.anim_time*90*1+150)*1",0]},"scale_left2":{"rotation":[0,"5.5-5*math.sin(q.anim_time*90*1+150)*1",0]},"scale_left":{"rotation":[0,"-7.5+10*math.sin(q.anim_time*90*1+150)*1",0]},"scale_right":{"rotation":[0,"7.5-10*math.sin(q.anim_time*90*1+150)*1",0]},"jaw":{"rotation":["10-2*math.sin(q.anim_time*90*1.2+160)*2",0,0]},"tailscales_right":{"rotation":[0,0,"7.5-10*math.sin(q.anim_time*90*1+150)*1"]},"tailscales_left":{"rotation":[0,0,"-7.5+10*math.sin(q.anim_time*90*1+150)*1"]},"toe_right1":{"rotation":[-22.5,0,0]},"toe_right2":{"rotation":[-22.5,0,0]},"toe_right3":{"rotation":[-22.5,0,0]},"toe_left1":{"rotation":[-22.5,0,0]},"toe_left2":{"rotation":[-22.5,0,0]},"toe_left3":{"rotation":[-22.5,0,0]},"rotation_wing_left":{"rotation":[-82,-18,24]},"rotation_wing_right":{"rotation":[-82,18,-24]}}},"animation.lugia.ground_walk":{"loop":true,"bones":{"wing_left":{"rotation":[0,0,"math.sin(q.anim_time*90*3-70)*-31"]},"wing_left3":{"rotation":[0,2.5,"-(math.sin(q.anim_time*90*3-140)*30)"]},"hand_left":{"rotation":[0.21865,4.99523,"2.5095-(math.sin(q.anim_time*90*3-140)*35)"]},"thumb_left":{"rotation":[-10,38,"-1.5093-(math.sin(q.anim_time*90*3-140)*20)"]},"thumb_left2":{"rotation":[0,0,22.5]},"finger_left":{"rotation":[0,10,"-(math.sin(q.anim_time*90*3-140)*25)"]},"finger_left1_2":{"rotation":[0,0,"0-(math.sin(q.anim_time*90*3-140)*30)"]},"finger_left2":{"rotation":[0,2.5,"-(math.sin(q.anim_time*90*3-140)*20)"]},"finger_left2_2":{"rotation":[0,0,"0-(math.sin(q.anim_time*90*3-140)*30)"]},"finger_left3":{"rotation":[0,-5,"7.5-(math.sin(q.anim_time*90*3-140)*20)"]},"finger_left3_2":{"rotation":[0,0,"0-(math.sin(q.anim_time*90*3-140)*30)"]},"finger_left4":{"rotation":[0,-15,"12.5-(math.sin(q.anim_time*90*3-140)*20)"]},"finger_left4_2":{"rotation":[0,0,"0-(math.sin(q.anim_time*90*3-140)*30)"]},"body":{"rotation":[27.5,0,0],"position":[0,"25+1.5*math.sin(q.anim_time*90*3+160)*-5",0]},"torso":{"rotation":[20,0,0]},"chest":{"rotation":["-5*math.sin(q.anim_time*90*3+150)*1",0,0]},"neck":{"rotation":[7.5,0,0]},"neck2":{"rotation":[7.5,0,0]},"neck3":{"rotation":[15,0,0]},"head":{"rotation":["-51.5+9*math.sin(q.anim_time*90*3+120)",0,0],"position":[0,1,-1]},"tail":{"rotation":["-60+Math.cos((query.anim_time) * 90 * 3- 60) * 2",0,0],"position":[0,-1,0]},"tail2":{"rotation":["Math.cos((query.anim_time) * 90 * 3- 60) * 11",0,0]},"tail3":{"rotation":["Math.cos((query.anim_time) * 90 * 3- 120) * 12",0,0]},"tail4":{"rotation":["Math.cos((query.anim_time) * 90 * 3- 180) * 13",0,0]},"tail5":{"rotation":["Math.cos((query.anim_time) * 90 * 3- 240) * 14",0,0]},"tail6":{"rotation":["Math.cos((query.anim_time) * 90 * 3- 240) * 15",0,0]},"bone3":{"rotation":["Math.cos((query.anim_time) * 90 * 3- 240) * 16",0,0]},"leg_right":{"rotation":["19.6-5*math.sin(q.anim_time*90*3-160)*2",4,"-9.18-1*math.sin(q.anim_time*90*3+160)*2"]},"leg_right2":{"rotation":[22.5,0,0]},"foot_right":{"rotation":["-6*math.sin(q.anim_time*90*3+160)*2",0,0]},"leg_left":{"rotation":["19.6-5*math.sin(q.anim_time*90*3+160)*2",-4,"9.18+1*math.sin(q.anim_time*90*3+160)*2"]},"leg_left2":{"rotation":[22.5,0,0]},"foot_left":{"rotation":["-6*math.sin(q.anim_time*90*3+160)*2",0,0]},"wing_right":{"rotation":[0,0,"-math.sin(q.anim_time*90*3-70)*-31"]},"wing_right3":{"rotation":[0,-2.5,"(math.sin(q.anim_time*90*3-140)*30)"]},"hand_right":{"rotation":[0.21865,-4.9952,"2.5095+(math.sin(q.anim_time*90*3-140)*35)"]},"thumb_right":{"rotation":[-10,-38,"1.5093+(math.sin(q.anim_time*90*3-140)*20)"]},"thumb_right2":{"rotation":[0,0,-22.5]},"finger_right":{"rotation":[0,-10,"10+(math.sin(q.anim_time*90*3-140)*20)"]},"finger_right1_2":{"rotation":[0,0,"(math.sin(q.anim_time*90*3-140)*30)"]},"finger_right2":{"rotation":[0,-2.5,"(math.sin(q.anim_time*90*3-140)*20)"]},"finger_right2_2":{"rotation":[0,0,"(math.sin(q.anim_time*90*3-140)*20)"]},"finger_right3":{"rotation":[0,5,"-7.5+(math.sin(q.anim_time*90*3-140)*20)"]},"finger_right3_2":{"rotation":[0,0,"(math.sin(q.anim_time*90*3-140)*30)"]},"finger_right4":{"rotation":[0,15,"-12.5+(math.sin(q.anim_time*90*3-140)*20)"]},"finger_right4_2":{"rotation":[0,0,"(math.sin(q.anim_time*90*3-140)*30)"]},"scale_right2":{"rotation":[0,"-5.5+5*math.sin(q.anim_time*90*2+150)*1",0]},"scale_left2":{"rotation":[0,"5.5-5*math.sin(q.anim_time*90*2+150)*1",0]},"scale_left":{"rotation":[0,"-7.5+10*math.sin(q.anim_time*90*2+150)*1",0]},"scale_right":{"rotation":[0,"7.5-10*math.sin(q.anim_time*90*2+150)*1",0]},"jaw":{"rotation":["10-2*math.sin(q.anim_time*90*3+160)*2",0,0]},"tailscales_right":{"rotation":[0,0,"7.5-10*math.sin(q.anim_time*90*2+150)*1"]},"tailscales_left":{"rotation":[0,0,"-7.5+10*math.sin(q.anim_time*90*2+150)*1"]},"toe_right1":{"rotation":[10,0,0]},"toe_right2":{"rotation":[5,0,0]},"toe_right3":{"rotation":[15,0,0]},"toe_left1":{"rotation":[10,0,0]},"toe_left2":{"rotation":[5,0,0]},"toe_left3":{"rotation":[15,0,0]},"rotation_wing_left":{"rotation":[-45,0,0]},"rotation_wing_right":{"rotation":[-45,0,0]}}},"animation.lugia.battle_idle":{"loop":true,"bones":{"wing_left":{"rotation":[-10,0,"math.sin(q.anim_time*90*2-70)*-41"]},"wing_left3":{"rotation":[0,2.5,"-(math.sin(q.anim_time*90*2-140)*25)"]},"hand_left":{"rotation":[0.21865,4.99523,"2.5095-(math.sin(q.anim_time*90*2-140)*30)"]},"thumb_left":{"rotation":[-10,38,"-1.5093-(math.sin(q.anim_time*90*2-140)*20)"]},"thumb_left2":{"rotation":[0,0,22.5]},"finger_left":{"rotation":[0,10,"-(math.sin(q.anim_time*90*2-140)*25)"]},"finger_left1_2":{"rotation":[0,0,"0-(math.sin(q.anim_time*90*2-140)*30)"]},"finger_left2":{"rotation":[0,2.5,"-(math.sin(q.anim_time*90*2-140)*20)"]},"finger_left2_2":{"rotation":[0,0,"0-(math.sin(q.anim_time*90*2-140)*30)"]},"finger_left3":{"rotation":[0,-5,"7.5-(math.sin(q.anim_time*90*2-140)*20)"]},"finger_left3_2":{"rotation":[0,0,"0-(math.sin(q.anim_time*90*2-140)*30)"]},"finger_left4":{"rotation":[0,-15,"12.5-(math.sin(q.anim_time*90*2-140)*20)"]},"finger_left4_2":{"rotation":[0,0,"0-(math.sin(q.anim_time*90*2-140)*30)"]},"body":{"position":[0,"25+1.5*math.sin(q.anim_time*90*2+160)*-5",0]},"torso":{"rotation":[30,0,0]},"chest":{"rotation":["5-5*math.sin(q.anim_time*90*2+150)*1",0,0]},"neck":{"rotation":[7.5,0,0]},"neck2":{"rotation":[17.5,0,0]},"neck3":{"rotation":[15,0,0]},"head":{"rotation":["-44+9*math.sin(q.anim_time*90*2+120)",0,0],"position":[0,1,-1]},"tail":{"rotation":["-32.5+Math.cos((query.anim_time) * 90 * 2- 60) * 2",0,0],"position":[0,-1,0]},"tail2":{"rotation":["Math.cos((query.anim_time) * 90 * 2- 60) * 11",0,0]},"tail3":{"rotation":["Math.cos((query.anim_time) * 90 * 2- 120) * 12",0,0]},"tail4":{"rotation":["Math.cos((query.anim_time) * 90 * 2- 180) * 13",0,0]},"tail5":{"rotation":["Math.cos((query.anim_time) * 90 * 2- 240) * 14",0,0]},"tail6":{"rotation":["Math.cos((query.anim_time) * 90 * 2- 240) * 15",0,0]},"bone3":{"rotation":["Math.cos((query.anim_time) * 90 * 2- 240) * 16",0,0]},"leg_right":{"rotation":["19.9-5*math.sin(q.anim_time*90*2-160)*2",-1.9,"4.6-3*math.sin(q.anim_time*90*2+160)*2"]},"leg_right2":{"rotation":[22.5,0,0]},"foot_right":{"rotation":["-6*math.sin(q.anim_time*90*2+160)*2",0,0]},"leg_left":{"rotation":["19.9-5*math.sin(q.anim_time*90*2+160)*3",1.9,"-4.6+3*math.sin(q.anim_time*90*2+160)*3"]},"leg_left2":{"rotation":[22.5,0,0]},"foot_left":{"rotation":["-6*math.sin(q.anim_time*90*2+160)*2",0,0]},"wing_right":{"rotation":[-10,0,"-math.sin(q.anim_time*90*2-70)*-41"]},"wing_right3":{"rotation":[0,-2.5,"(math.sin(q.anim_time*90*2-140)*25)"]},"hand_right":{"rotation":[0.21865,-4.9952,"2.5095+(math.sin(q.anim_time*90*2-140)*30)"]},"thumb_right":{"rotation":[-10,-38,"1.5093+(math.sin(q.anim_time*90*2-140)*20)"]},"thumb_right2":{"rotation":[0,0,-22.5]},"finger_right":{"rotation":[0,-10,"10+(math.sin(q.anim_time*90*2-140)*20)"]},"finger_right1_2":{"rotation":[0,0,"(math.sin(q.anim_time*90*2-140)*30)"]},"finger_right2":{"rotation":[0,-2.5,"(math.sin(q.anim_time*90*2-140)*20)"]},"finger_right2_2":{"rotation":[0,0,"(math.sin(q.anim_time*90*2-140)*20)"]},"finger_right3":{"rotation":[0,5,"-7.5+(math.sin(q.anim_time*90*2-140)*20)"]},"finger_right3_2":{"rotation":[0,0,"(math.sin(q.anim_time*90*2-140)*30)"]},"finger_right4":{"rotation":[0,15,"-12.5+(math.sin(q.anim_time*90*2-140)*20)"]},"finger_right4_2":{"rotation":[0,0,"(math.sin(q.anim_time*90*2-140)*30)"]},"scale_right2":{"rotation":[0,"-5.5+5*math.sin(q.anim_time*90*2+150)*1",0]},"scale_left2":{"rotation":[0,"5.5-5*math.sin(q.anim_time*90*2+150)*1",0]},"scale_left":{"rotation":[0,"-7.5+10*math.sin(q.anim_time*90*2+150)*1",0]},"scale_right":{"rotation":[0,"7.5-10*math.sin(q.anim_time*90*2+150)*1",0]},"jaw":{"rotation":["10-5*math.sin(q.anim_time*90*2+160)*2",0,0]},"tailscales_right":{"rotation":[0,0,"7.5-10*math.sin(q.anim_time*90*2+150)*1"]},"tailscales_left":{"rotation":[0,0,"-7.5+10*math.sin(q.anim_time*90*2+150)*1"]},"toe_right1":{"rotation":[10,0,0]},"toe_right2":{"rotation":[5,0,0]},"toe_right3":{"rotation":[15,0,0]},"toe_left1":{"rotation":[10,0,0]},"toe_left2":{"rotation":[5,0,0]},"toe_left3":{"rotation":[15,0,0]},"rotation_wing_left":{"rotation":[-20,0,0]},"rotation_wing_right":{"rotation":[-20,0,0]}}},"animation.lugia.cry":{"animation_length":0.08333,"sound_effects":{"0.042":{"effect":"pokemon.lugia.cry"}},"bones":{"ear_right4":{"rotation":{"0.0":[0,0,0],"0.4167":[22.5,0,0],"0.5417":[27.5,0,0],"0.625":[24.72,0,0],"0.7083":[29.59,0,0],"0.7917":[24.72,0,0],"0.875":[29.59,0,0],"1.0":[26.43,0,0],"1.75":[22.5,0,0],"2.0":[0,0,0]}},"ear_left4":{"rotation":{"0.0":[0,0,0],"0.4167":[22.5,0,0],"0.5417":[27.5,0,0],"0.625":[24.72,0,0],"0.7083":[29.59,0,0],"0.7917":[24.72,0,0],"0.875":[29.59,0,0],"1.0":[26.43,0,0],"1.75":[22.5,0,0],"2.0":[0,0,0]}},"arm_left":{"rotation":{"0.0":{"post":[0,0,0],"lerp_mode":"catmullrom"},"0.125":{"post":[0,0,2.5],"lerp_mode":"catmullrom"},"0.3333":{"post":[0,0,35],"lerp_mode":"catmullrom"},"1.5":{"post":[0,0,30],"lerp_mode":"catmullrom"},"2.0":{"post":[0,0,0],"lerp_mode":"catmullrom"}}},"arm_left2":{"rotation":{"0.0":{"post":[0,0,0],"lerp_mode":"catmullrom"},"0.125":{"post":[0,0,2.5],"lerp_mode":"catmullrom"},"0.3333":{"post":[0,0,15],"lerp_mode":"catmullrom"},"1.5":{"post":[0,0,20],"lerp_mode":"catmullrom"},"2.0":{"post":[0,0,0],"lerp_mode":"catmullrom"}}},"arm_left3":{"rotation":{"0.0":[0,0,0],"0.125":[0,0,-2.5],"0.3333":[0,0,-20],"0.5":[0,0,"-20+2*math.sin(q.anim_time*90*30+260)*2"],"1.5":[0,0,-20],"2.0":[0,0,0]}},"arm_right":{"rotation":{"0.0":{"post":[0,0,0],"lerp_mode":"catmullrom"},"0.125":{"post":[0,0,-2.5],"lerp_mode":"catmullrom"},"0.3333":{"post":[0,0,-35],"lerp_mode":"catmullrom"},"1.5":{"post":[0,0,-30],"lerp_mode":"catmullrom"},"2.0":{"post":[0,0,0],"lerp_mode":"catmullrom"}}},"arm_right2":{"rotation":{"0.0":{"post":[0,0,0],"lerp_mode":"catmullrom"},"0.125":{"post":[0,0,-2.5],"lerp_mode":"catmullrom"},"0.3333":{"post":[0,0,-15],"lerp_mode":"catmullrom"},"1.5":{"post":[0,0,-20],"lerp_mode":"catmullrom"},"2.0":{"post":[0,0,0],"lerp_mode":"catmullrom"}}},"arm_right3":{"rotation":{"0.0":[0,0,0],"0.125":[0,0,2.5],"0.3333":[0,0,20],"0.5":[0,0,"20-2*math.sin(q.anim_time*90*30+260)*2"],"1.5":[0,0,20],"2.0":[0,0,0]}},"neck":{"rotation":{"0.0":[0,0,0],"0.125":[-15,0,0],"1.25":[-20,0,0],"2.0":[0,0,0]}},"head":{"rotation":{"0.0":[0,0,0],"0.4167":[-12.5,12,0],"0.5417":[-17.5,7,0],"0.625":[-14.72,0,0],"0.7083":[-19.59,0,0],"0.7917":[-14.72,0,0],"0.875":[-19.59,-7,0],"1.0":[-16.43,-12,0],"1.75":[-12.5,0,0],"2.0":[0,0,0]}},"jaw":{"rotation":{"0.0":[0,0,0],"0.25":[42.5,0,0],"0.3333":[47.5,0,0],"0.4167":[40.5,0,0],"0.5417":[42.5,0,0],"2.0":[0,0,0]}}}},"animation.lugia.water_swim":{"loop":true,"bones":{"wing_left":{"rotation":[0,0,40]},"wing_left3":{"rotation":[0,"5+Math.cos((query.anim_time) * 90 * 3- 180) * 13",15]},"hand_left":{"rotation":[0,"5+Math.cos((query.anim_time) * 90 * 3- 240) * 14",15]},"thumb_left":{"rotation":[22.5,38,-1.5]},"thumb_left2":{"rotation":[0,0,22.5]},"finger_left":{"rotation":[-0.78795,17.48281,12.37884]},"finger_left1_2":{"rotation":[0,0,22.5]},"finger_left2":{"rotation":[0,2.5,15]},"finger_left2_2":{"rotation":[0,0,22.5]},"finger_left3":{"rotation":[-0.44067,-9.99038,17.53852]},"finger_left3_2":{"rotation":[0,0,27.5]},"finger_left4":{"rotation":[-3.09472,-22.29711,23.11003]},"finger_left4_2":{"rotation":[0,0,30]},"body":{"rotation":[20,0,0],"position":[0,"-32-0.5*math.sin(q.anim_time*90*3+160)*-10",0]},"torso":{"rotation":[52.5,0,0]},"chest":{"rotation":["10+Math.cos((query.anim_time) * 90 * 3- 60) * 7",0,0]},"neck":{"rotation":["5-Math.cos((query.anim_time) * 90 * 3- 120) * 9",0,0]},"neck2":{"rotation":[5,0,0]},"neck3":{"rotation":[7.5,0,0]},"head":{"rotation":["-50+Math.cos((query.anim_time) * 90 * 3- 180) * 5",0,0],"position":[0,1,-1]},"tail":{"rotation":["-85+Math.cos((query.anim_time) * 90 * 3- 60) * 10",0,0],"position":[0,-1,0]},"tail2":{"rotation":["Math.cos((query.anim_time) * 90 * 3- 60) * 11",0,0]},"tail3":{"rotation":["Math.cos((query.anim_time) * 90 * 3- 120) * 12",0,0]},"tail4":{"rotation":["Math.cos((query.anim_time) * 90 * 3- 180) * 13",0,0]},"tail5":{"rotation":["Math.cos((query.anim_time) * 90 * 3- 240) * 14",0,0]},"tail6":{"rotation":["Math.cos((query.anim_time) * 90 * 3- 240) * 15",0,0]},"bone3":{"rotation":["Math.cos((query.anim_time) * 90 * 3- 240) * 16",0,0]},"leg_right":{"rotation":["52-2*math.sin(q.anim_time*90*3-160)*2",4,"9.18-1*math.sin(q.anim_time*90*3+160)*2"],"position":[2,0,0]},"leg_right2":{"rotation":[22.5,0,0]},"foot_right":{"rotation":["20-2*math.sin(q.anim_time*90*3+160)*2",0,0]},"leg_left":{"rotation":["52-2*math.sin(q.anim_time*90*3+160)*3",-4,"-9.18+1*math.sin(q.anim_time*90*3+160)*3"],"position":[-2,0,0]},"leg_left2":{"rotation":[22.5,0,0]},"foot_left":{"rotation":["20-2*math.sin(q.anim_time*90*3+160)*2",0,0]},"thumb_right":{"rotation":[-10,-38,1.5]},"thumb_right2":{"rotation":[0,0,-22.5]},"scale_right2":{"rotation":[0,"-5.5+5*math.sin(q.anim_time*90*2+150)*1",0]},"scale_left2":{"rotation":[0,"5.5-5*math.sin(q.anim_time*90*2+150)*1",0]},"scale_left":{"rotation":[0,"-7.5+10*math.sin(q.anim_time*90*2+150)*1",0]},"scale_right":{"rotation":[0,"7.5-10*math.sin(q.anim_time*90*2+150)*1",0]},"tailscales_right":{"rotation":[0,0,"7.5-10*math.sin(q.anim_time*90*2+150)*1"]},"tailscales_left":{"rotation":[0,0,"-7.5+10*math.sin(q.anim_time*90*2+150)*1"]},"toe_right1":{"rotation":[10,0,0]},"toe_right2":{"rotation":[5,0,0]},"toe_right3":{"rotation":[15,0,0]},"toe_left1":{"rotation":[10,0,0]},"toe_left2":{"rotation":[5,0,0]},"toe_left3":{"rotation":[15,0,0]},"rotation_wing_left":{"rotation":["-2.5-Math.cos((query.anim_time) * 90 * 3- 120) * 12",0,0]},"rotation_wing_right":{"rotation":["-2.5-Math.cos((query.anim_time) * 90 * 3- 120) * 12",0,0]},"wing_right":{"rotation":[0,0,-40]},"wing_right3":{"rotation":[0,"-5-Math.cos((query.anim_time) * 90 * 3- 180) * 13",-15]},"hand_right":{"rotation":[0,"-5-Math.cos((query.anim_time) * 90 * 3- 240) * 14",-15]},"finger_right":{"rotation":[-0.78795,-17.48281,-12.37884]},"finger_right1_2":{"rotation":[0,0,-22.5]},"finger_right2":{"rotation":[0,-2.5,-15]},"finger_right2_2":{"rotation":[0,0,-22.5]},"finger_right3":{"rotation":[-0.44067,9.99038,-17.53852]},"finger_right3_2":{"rotation":[0,0,-27.5]},"finger_right4":{"rotation":[-3.09472,22.29711,-23.11003]},"finger_right4_2":{"rotation":[0,0,-30]}}},"animation.lugia.water_idle":{"loop":true,"bones":{"wing_left":{"rotation":[25,"5+math.sin(q.anim_time*90*1)*-5",15]},"wing_left3":{"rotation":[0,"15+2*math.sin(q.anim_time*90*1-70)*-5",15]},"hand_left":{"rotation":[1,9.9,20]},"thumb_left":{"rotation":[0,15,25]},"thumb_left2":{"rotation":[0,0,20]},"finger_left":{"rotation":[-1.7,9.8,"22-12*math.sin(q.anim_time*90*1+160)"]},"finger_left1_2":{"rotation":[0,0,15]},"finger_left2":{"rotation":[-1,2.4,"24-14*math.sin(q.anim_time*90*1+160)"]},"finger_left2_2":{"rotation":[0,0,20]},"finger_left3":{"rotation":[0,-5,"30-15*math.sin(q.anim_time*90*1+160)"]},"finger_left3_2":{"rotation":[0,0,17.5]},"finger_left4":{"rotation":[-2.2,-12.3,"34-16*math.sin(q.anim_time*90*1+160)"]},"finger_left4_2":{"rotation":[0,0,17.5]},"body":{"position":[0,-32.6,0]},"torso":{"rotation":["12.5-1*math.sin(q.anim_time*90*1+90)*2",0,0],"position":[0,"-1+1*math.sin(q.anim_time*90*1-20)",0]},"chest":{"rotation":["7.5-2*math.sin(q.anim_time*90*1+150)*1",0,0]},"neck":{"rotation":[7.5,0,0]},"neck2":{"rotation":[17.5,0,0]},"neck3":{"rotation":[15,0,0]},"head":{"rotation":["-24+5*math.sin(q.anim_time*90*2+120)",0,0],"position":[0,1,-1]},"tail":{"rotation":[-32.5,"-Math.cos((query.anim_time) * 90 * 1- 60) * 8",0],"position":[0,-1,0]},"tail2":{"rotation":[10,"-Math.cos((query.anim_time) * 90 * 1- 120) * 10",0]},"tail3":{"rotation":[10,"-Math.cos((query.anim_time) * 90 * 1- 120) * 10",0]},"tail4":{"rotation":[10,"-Math.cos((query.anim_time) * 90 * 1- 180) * 11",0]},"tail5":{"rotation":[10,"-Math.cos((query.anim_time) * 90 * 1- 240) * 12",0]},"tail6":{"rotation":[10,"-Math.cos((query.anim_time) * 90 * 1- 240) * 13",0]},"bone3":{"rotation":[10,"-Math.cos((query.anim_time) * 90 * 1- 240) * 14",0]},"leg_right":{"rotation":["19.9-5*math.sin(q.anim_time*90*1.2-160)*2",14.9,"4.6-3*math.sin(q.anim_time*90*1.2+160)*2"]},"leg_right2":{"rotation":[22.5,0,0]},"foot_right":{"rotation":["12.5-6*math.sin(q.anim_time*90*1.2+160)*2",0,0]},"leg_left":{"rotation":["19.9-5*math.sin(q.anim_time*90*1.2-160)*2",-14.9,"-4.6+3*math.sin(q.anim_time*90*1.2+160)*2"],"position":[0,"-1+1*math.sin(q.anim_time*90*1-20)",0]},"leg_left2":{"rotation":[22.5,0,0],"position":[0,"1-0.5*math.sin(q.anim_time*90*1-20)*2","-0.6+0.3*math.sin(q.anim_time*90*1-20)"]},"foot_left":{"rotation":["12.5-6*math.sin(q.anim_time*90*1.2+160)*2",0,0]},"wing_right":{"rotation":[25,"-5-math.sin(q.anim_time*90*1)*-5",-15]},"wing_right3":{"rotation":[0,"-15-2*math.sin(q.anim_time*90*1-70)*-5",-15]},"hand_right":{"rotation":[1,-9.9,-20]},"thumb_right":{"rotation":[0,-15,-25]},"thumb_right2":{"rotation":[0,0,-20]},"finger_right":{"rotation":[-1.7,-9.8,"-22+12*math.sin(q.anim_time*90*1+160)"]},"finger_right1_2":{"rotation":[0,0,-15]},"finger_right2":{"rotation":[-1,-2.4,"-24+14*math.sin(q.anim_time*90*1+160)"]},"finger_right2_2":{"rotation":[0,0,-20]},"finger_right3":{"rotation":[0,5,"-30+15*math.sin(q.anim_time*90*1+160)"]},"finger_right3_2":{"rotation":[0,0,-17.5]},"finger_right4":{"rotation":[-2.2,12.3,"-34+16*math.sin(q.anim_time*90*1+160)"]},"finger_right4_2":{"rotation":[0,0,-17.5]},"scale_right2":{"rotation":[0,"-5.5+5*math.sin(q.anim_time*90*1+150)*1",0]},"scale_left2":{"rotation":[0,"5.5-5*math.sin(q.anim_time*90*1+150)*1",0]},"scale_left":{"rotation":[0,"-7.5+10*math.sin(q.anim_time*90*1+150)*1",0]},"scale_right":{"rotation":[0,"7.5-10*math.sin(q.anim_time*90*1+150)*1",0]},"tailscales_right":{"rotation":[0,0,"7.5-10*math.sin(q.anim_time*90*1+150)*1"]},"tailscales_left":{"rotation":[0,0,"-7.5+10*math.sin(q.anim_time*90*1+150)*1"]},"toe_right1":{"rotation":[22.5,0,0]},"toe_right2":{"rotation":[22.5,0,0]},"toe_right3":{"rotation":[22.5,0,0]},"toe_left1":{"rotation":[22.5,0,0]},"toe_left2":{"rotation":[22.5,0,0]},"toe_left3":{"rotation":[22.5,0,0]},"rotation_wing_left":{"rotation":[-52.5,0,0]},"rotation_wing_right":{"rotation":[-52.5,0,0]}}},"animation.lugia.blink":{"animation_length":0.16667,"bones":{"eyelid_right":{"position":{"0.0":[-1,0,-0.17],"0.125":[-1,0,-0.17],"0.1667":[0,0,0]}},"eyelid_left":{"position":{"0.0":[1,0,-0.17],"0.125":[1,0,-0.17],"0.1667":[0,0,0]}}}},"animation.lugia.sleep":{"loop":true,"bones":{"wing_left":{"rotation":[25.31165,"2.8735+math.sin(q.anim_time*90*0.5)*-2",19.53622]},"wing_left3":{"rotation":[0,"15+2*math.sin(q.anim_time*90*0.5-70)*-2",15]},"hand_left":{"rotation":[1,9.9,20]},"thumb_left":{"rotation":[0,15,25]},"thumb_left2":{"rotation":[0,0,20]},"finger_left":{"rotation":[-1.7,9.8,"22-12*math.sin(q.anim_time*90*0.5+160)"]},"finger_left1_2":{"rotation":[0,0,15]},"finger_left2":{"rotation":[-1,2.4,"24-14*math.sin(q.anim_time*90*0.5+160)"]},"finger_left2_2":{"rotation":[0,0,20]},"finger_left3":{"rotation":[0,-5,"30-15*math.sin(q.anim_time*90*0.5+160)"]},"finger_left3_2":{"rotation":[0,0,17.5]},"finger_left4":{"rotation":[-2.2,-12.3,"34-16*math.sin(q.anim_time*90*0.5+160)"]},"finger_left4_2":{"rotation":[0,0,17.5]},"body":{"position":[0,2.4,0]},"torso":{"rotation":["12.5-1*math.sin(q.anim_time*90*0.5+90)*2",0,0],"position":[0,"-1+1*math.sin(q.anim_time*90*0.5-20)",0]},"chest":{"rotation":["7.5-2*math.sin(q.anim_time*90*0.5+150)*1",0,0]},"neck":{"rotation":[15,0,0]},"neck2":{"rotation":[25,0,0]},"neck3":{"rotation":[20,0,0]},"head":{"rotation":["-14+5*math.sin(q.anim_time*90*0.5+120)",0,0],"position":[0,1,-1]},"tail":{"rotation":["-47.6+1*math.sin(q.anim_time*90*0.5+90)*2",-3.8,3.1],"position":[0,"-2-1*math.sin(q.anim_time*90*0.5-20)",0]},"tail2":{"rotation":[12.519,-4.98093,-0.43688]},"tail3":{"rotation":[7.80702,-17.39431,-1.91255]},"tail4":{"rotation":[0,-17.5,0]},"tail5":{"rotation":[-0.42165,-22.62757,-5.413]},"tail6":{"rotation":[-2.5,-22.5,0]},"bone3":{"rotation":[-5,-25,0]},"leg_right":{"rotation":[0.17544,14.94159,1.3378],"position":[0,"-1+1*math.sin(q.anim_time*90*0.5-20)",0]},"leg_right2":{"rotation":[27.5,0,0],"position":[0,"1-0.5*math.sin(q.anim_time*90*0.5-20)*2","-0.6+0.3*math.sin(q.anim_time*90*0.5-20)"]},"foot_right":{"rotation":[-5,0,0]},"leg_left":{"rotation":[0.17544,-14.94159,-1.3378],"position":[0,"-1+1*math.sin(q.anim_time*90*0.5-20)",0]},"leg_left2":{"rotation":[27.5,0,0],"position":[0,"1-0.5*math.sin(q.anim_time*90*0.5-20)*2","-0.6+0.3*math.sin(q.anim_time*90*0.5-20)"]},"foot_left":{"rotation":[-5,0,0]},"wing_right":{"rotation":[25.31165,"-2.8735-math.sin(q.anim_time*90*0.5)*-2",-19.53622]},"wing_right3":{"rotation":[0,"-15-2*math.sin(q.anim_time*90*0.5-70)*-2",-15]},"hand_right":{"rotation":[1,-9.9,-20]},"thumb_right":{"rotation":[0,-15,-25]},"thumb_right2":{"rotation":[0,0,-20]},"finger_right":{"rotation":[-1.7,-9.8,"-22+12*math.sin(q.anim_time*90*0.5+160)"]},"finger_right1_2":{"rotation":[0,0,-15]},"finger_right2":{"rotation":[-1,-2.4,"-24+14*math.sin(q.anim_time*90*0.5+160)"]},"finger_right2_2":{"rotation":[0,0,-20]},"finger_right3":{"rotation":[0,5,"-30+15*math.sin(q.anim_time*90*0.5+160)"]},"finger_right3_2":{"rotation":[0,0,-17.5]},"finger_right4":{"rotation":[-2.2,12.3,"-34+16*math.sin(q.anim_time*90*0.5+160)"]},"finger_right4_2":{"rotation":[0,0,-17.5]},"scale_right2":{"rotation":[0,"-5.5+5*math.sin(q.anim_time*90*1+150)*1",0]},"scale_left2":{"rotation":[0,"5.5-5*math.sin(q.anim_time*90*1+150)*1",0]},"scale_left":{"rotation":[0,"-7.5+10*math.sin(q.anim_time*90*1+150)*1",0]},"scale_right":{"rotation":[0,"7.5-10*math.sin(q.anim_time*90*1+150)*1",0]},"jaw":{"rotation":["10-2*math.sin(q.anim_time*90*0.5+160)*2",0,0]},"tailscales_right":{"rotation":[0,0,"7.5-10*math.sin(q.anim_time*90*1+150)*1"]},"tailscales_left":{"rotation":[0,0,"-7.5+10*math.sin(q.anim_time*90*1+150)*1"]},"toe_right1":{"rotation":[-22.5,0,0]},"toe_right2":{"rotation":[-22.5,0,0]},"toe_right3":{"rotation":[-22.5,0,0]},"toe_left1":{"rotation":[-22.5,0,0]},"toe_left2":{"rotation":[-22.5,0,0]},"toe_left3":{"rotation":[-22.5,0,0]},"rotation_wing_left":{"rotation":[-30,0,0]},"rotation_wing_right":{"rotation":[-30,0,0]},"eyelid_right":{"position":[-1,0,-0.17]},"eyelid_left":{"position":[1,0,-0.17]}}},"animation.lugia.special":{"animation_length":2.5,"bones":{"wing_right2":{"rotation":[0,-20,0]},"neck_mid":{"rotation":[7.5,0,0]},"finger_top_left":{"rotation":[17.5,0,0]},"finger_top_left2":{"rotation":[52.5,0,0]},"finger_mid_left3":{"rotation":[0,17.5,-20]},"finger_mid_left2":{"rotation":[0,0,42.5]},"finger_bot_left4":{"rotation":[0,0,10]},"finger_bot_left2":{"rotation":[0,0,40]},"finger_top_right":{"rotation":[17.5,0,0]},"finger_top_right2":{"rotation":[52.5,0,0]},"finger_mid_right3":{"rotation":[0,-17.5,20]},"finger_mid_right2":{"rotation":[0,0,-42.5]},"finger_bot_right4":{"rotation":[0,0,-10]},"finger_bot_right2":{"rotation":[0,0,-40]},"bone":{"rotation":[10,0,0]},"bone7":{"rotation":[2.5,0,0]},"bone8":{"rotation":[5,0,0]},"fire":{"rotation":[-14,0,-12]},"torso":{"rotation":[30,0,0]},"neck":{"rotation":{"0.0":[7.5,0,0],"0.5":[-5,0,0],"0.8333":[3.69,0,0],"1.0833":[18.77,0,0],"1.125":[20.22,0,0],"1.1667":[19.02,0,0],"1.2917":[19.21,0,0],"1.4583":[16.94,0,0],"1.5833":[16.93,0,0],"2.1667":[8.7745,0,0],"2.5":[7.5,0,0]}},"neck2":{"rotation":{"0.0":[17.5,0,0],"0.5":[22.86,0,0],"1.0417":[12.5,0,0],"1.2083":[7.5,0,0],"1.9583":[7.5,0,0],"2.5":[17.5,0,0]}},"head":{"rotation":{"0.0":[-44,0,0],"0.2917":{"pre":[-14.42,0,0],"post":[-14.42,0,0],"lerp_mode":"catmullrom"},"0.6667":{"post":[-5,0,0],"lerp_mode":"catmullrom"},"1.125":{"post":[-65.1934,-2.91008,-0.93336],"lerp_mode":"catmullrom"},"1.6667":{"post":[-67.5,0,0],"lerp_mode":"catmullrom"},"1.9583":{"post":[-67.4799,0.41187,-0.51929],"lerp_mode":"catmullrom"},"2.2917":{"post":[-30.66,0,0],"lerp_mode":"catmullrom"},"2.5":[-44,0,0]},"position":{"0.0":[0,1,-1],"1.125":[0,1,-2],"1.9583":[0,1,-2],"2.5":[0,1,-1]}},"eyelid_right":{"position":{"0.5417":[0,0,0],"0.5833":[-0.1,0,0],"1.0833":[-0.1,0,0],"1.125":[0,0,0]}},"eyelid_left":{"position":{"0.5417":[0,0,0],"0.5833":[0.1,0,0],"1.0833":[0.1,0,0],"1.125":[0,0,0]}},"jaw":{"rotation":{"0.0":[1.5359,0,0],"1.0417":[1.54,0,0],"1.0833":{"pre":[46.54,0,0],"post":[46.54,0,0],"lerp_mode":"catmullrom"},"1.2917":{"post":[44.98,0,0],"lerp_mode":"catmullrom"},"1.5":{"post":[56.54,0,0],"lerp_mode":"catmullrom"},"1.75":{"post":[50.77,0,0],"lerp_mode":"catmullrom"},"2.125":{"post":[46.54,0,0],"lerp_mode":"catmullrom"},"2.3333":[1.54,0,0]}},"body":{"rotation":{"0.0":{"post":[0,0,0],"lerp_mode":"catmullrom"},"0.125":{"post":[7,0,0],"lerp_mode":"catmullrom"},"1.0":{"post":[-31.5,0,0],"lerp_mode":"catmullrom"},"1.125":{"post":[26,0,0],"lerp_mode":"catmullrom"},"1.25":[28.92,0,0],"1.3333":[27.47,0,0],"1.4167":[27.83,0,0],"1.5":[25.78,0,0],"1.5833":[26,0,0],"1.9167":[28.5,0,0],"2.125":[12.5,0,0],"2.4167":[0,0,0]},"position":{"0.0":[0,25,0],"0.8333":[0,25,-0.75],"1.0417":[0,25,0.25],"1.1667":[0,25,-1.75],"1.2083":[0,25,-1.69],"1.25":[0,25,-1.63],"1.3333":[0,25,-1.5],"1.4583":[0,25,-1.31],"1.8333":[0,25,-1.25],"2.4167":[0,25,0]}},"chest":{"rotation":[5,0,0]},"neck3":{"rotation":{"0.0":{"post":[15,0,0],"lerp_mode":"catmullrom"},"0.5":{"post":[27.5,0,0],"lerp_mode":"catmullrom"},"1.0":{"post":[17.5,0,0],"lerp_mode":"catmullrom"},"1.2083":[5,0,0],"1.875":[5,0,0],"2.2917":{"pre":[15,0,0],"post":[15,0,0],"lerp_mode":"catmullrom"}}},"rotation_wing_right":{"rotation":{"0.0":[0,0,0],"0.3333":{"pre":[-40,0,0],"post":[-40,0,0],"lerp_mode":"catmullrom"},"0.75":{"post":[-90,0,0],"lerp_mode":"catmullrom"},"1.125":{"post":[-35,0,0],"lerp_mode":"catmullrom"},"2.5":[0,0,0]}},"thumb_right":{"rotation":{"0.0":[7.91384,-54.38316,-15.33654],"0.75":{"pre":[20.88812,-51.8741,-31.51215],"post":[20.88812,-51.8741,-31.51215],"lerp_mode":"catmullrom"},"1.125":{"post":[-2.64161,-54.73007,-2.39867],"lerp_mode":"catmullrom"},"2.5":[7.91384,-54.38316,-15.33654]}},"thumb_right2":{"rotation":{"0.0":[0,0,20],"0.75":{"pre":[0,0,-20],"post":[0,0,-20],"lerp_mode":"catmullrom"},"1.125":{"post":[0,0,20],"lerp_mode":"catmullrom"},"2.5":[0,0,20]}},"finger_right":{"rotation":{"0.0":[0,-22.5,7.5],"0.75":{"pre":[6.1191,-21.69365,-8.67354],"post":[6.1191,-21.69365,-8.67354],"lerp_mode":"catmullrom"},"1.125":{"post":[-5.123,-21.93857,20.9936],"lerp_mode":"catmullrom"},"2.5":[0,-22.5,7.5]}},"finger_right1_2":{"rotation":{"0.0":[0,0,20],"0.75":{"pre":[0,0,-30],"post":[0,0,-30],"lerp_mode":"catmullrom"},"1.125":{"post":[0,0,17.5],"lerp_mode":"catmullrom"},"2.5":[0,0,20]}},"finger_right2":{"rotation":{"0.0":[0.1314,-5.49714,4.99083],"0.75":{"pre":[1.55369,-5.27528,-10.07444],"post":[1.55369,-5.27528,-10.07444],"lerp_mode":"catmullrom"},"1.125":{"post":[-1.06505,-5.39488,17.54732],"lerp_mode":"catmullrom"},"2.5":[0.1314,-5.49714,4.99083]}},"finger_right2_2":{"rotation":{"0.0":[0,0,22.5],"0.75":{"pre":[0,0,-32.5],"post":[0,0,-32.5],"lerp_mode":"catmullrom"},"1.125":{"post":[0,0,15],"lerp_mode":"catmullrom"},"2.5":[0,0,22.5]}},"finger_right3":{"rotation":{"0.0":[-0.39804,10.47413,-0.0622],"0.75":{"pre":[-3.12296,10.01053,-15.2993],"post":[-3.12296,10.01053,-15.2993],"lerp_mode":"catmullrom"},"1.125":{"post":[1.90336,10.30925,12.646],"lerp_mode":"catmullrom"},"2.5":[-0.39804,10.47413,-0.0622]}},"finger_right3_2":{"rotation":{"0.0":[0,0,25],"0.75":{"pre":[0,0,-35],"post":[0,0,-35],"lerp_mode":"catmullrom"},"1.125":{"post":[0,0,12.5],"lerp_mode":"catmullrom"},"2.5":[0,0,25]}},"finger_right4":{"rotation":{"0.0":[-2.32732,22.251,-5.69763],"0.75":{"pre":[-8.26359,20.85687,-21.76333],"post":[-8.26359,20.85687,-21.76333],"lerp_mode":"catmullrom"},"1.125":{"post":[2.80221,22.19894,7.80996],"lerp_mode":"catmullrom"},"2.5":[-2.32732,22.251,-5.69763]}},"finger_right4_2":{"rotation":{"0.0":[0,0,25],"0.75":{"pre":[0,0,-35],"post":[0,0,-35],"lerp_mode":"catmullrom"},"1.125":{"post":[0,0,12.5],"lerp_mode":"catmullrom"},"2.5":[0,0,25]}},"leg_right":{"rotation":{"0.0":{"post":[19.9,-1.9,4.6],"lerp_mode":"catmullrom"},"0.75":{"post":[-37.6,-1.9,4.6],"lerp_mode":"catmullrom"},"1.0":{"post":[-20.1,-1.9,4.6],"lerp_mode":"catmullrom"},"1.125":{"post":[12.4,-1.9,4.6],"lerp_mode":"catmullrom"},"1.375":{"post":[9.9,-1.9,4.6],"lerp_mode":"catmullrom"},"2.0833":{"post":[27.4,-1.9,4.6],"lerp_mode":"catmullrom"},"2.5":[19.9,-1.9,4.6]}},"leg_right2":{"rotation":{"0.0":{"post":[22.5,0,0],"lerp_mode":"catmullrom"},"0.75":{"post":[40,0,0],"lerp_mode":"catmullrom"},"1.125":{"post":[85,0,0],"lerp_mode":"catmullrom"},"1.4583":{"post":[65,0,0],"lerp_mode":"catmullrom"},"1.875":{"post":[47.5,0,0],"lerp_mode":"catmullrom"},"2.0833":{"post":[37.5,0,0],"lerp_mode":"catmullrom"},"2.5":[22.5,0,0]}},"foot_right":{"rotation":[-6,0,0]},"toe_right1":{"rotation":[10,0,0]},"toe_right2":{"rotation":[5,0,0]},"toe_right3":{"rotation":[15,0,0]},"leg_left":{"rotation":{"0.0":{"post":[19.9,1.9,-4.6],"lerp_mode":"catmullrom"},"0.75":{"post":[-37.6,1.9,-4.6],"lerp_mode":"catmullrom"},"1.0":{"post":[-20.1,1.9,-4.6],"lerp_mode":"catmullrom"},"1.125":{"post":[12.4,1.9,-4.6],"lerp_mode":"catmullrom"},"1.375":{"post":[9.9,1.9,-4.6],"lerp_mode":"catmullrom"},"2.0833":{"post":[27.4,1.9,-4.6],"lerp_mode":"catmullrom"},"2.5":[19.9,1.9,-4.6]}},"leg_left2":{"rotation":{"0.0":{"post":[22.5,0,0],"lerp_mode":"catmullrom"},"0.75":{"post":[40,0,0],"lerp_mode":"catmullrom"},"1.125":{"post":[85,0,0],"lerp_mode":"catmullrom"},"1.4583":{"post":[65,0,0],"lerp_mode":"catmullrom"},"1.875":{"post":[47.5,0,0],"lerp_mode":"catmullrom"},"2.0833":{"post":[37.5,0,0],"lerp_mode":"catmullrom"},"2.5":[22.5,0,0]}},"foot_left":{"rotation":[-6,0,0]},"toe_left1":{"rotation":[10,0,0]},"toe_left2":{"rotation":[5,0,0]},"toe_left3":{"rotation":[15,0,0]},"wing_right":{"rotation":{"0.0":[0,0,-10],"0.75":[0,-5,-42.5],"1.125":[1.75378,"9.8466-3*math.sin(q.anim_time*90*20)",0.15108],"2.5":[0,0,-10]}},"wing_right3":{"rotation":{"0.0":[0,0,7.5],"0.75":{"pre":[0,-5,-20],"post":[0,-5,-20],"lerp_mode":"catmullrom"},"0.875":{"post":[0.43688,-4.98093,-25.019],"lerp_mode":"catmullrom"},"1.125":{"post":[0,0,20],"lerp_mode":"catmullrom"},"2.5":[0,0,7.5]}},"hand_right":{"rotation":{"0.0":[0,0,12.5],"0.75":{"pre":[0,-10,-27.5],"post":[0,-10,-27.5],"lerp_mode":"catmullrom"},"0.875":{"post":[1.75378,-9.84655,-37.65108],"lerp_mode":"catmullrom"},"1.125":[0,0,20],"2.5":[0,0,12.5]}},"rotation_wing_left":{"rotation":{"0.0":[0,0,0],"0.3333":{"pre":[-40,0,0],"post":[-40,0,0],"lerp_mode":"catmullrom"},"0.75":{"post":[-90,0,0],"lerp_mode":"catmullrom"},"1.125":{"post":[-35,0,0],"lerp_mode":"catmullrom"},"2.5":[0,0,0]}},"wing_left":{"rotation":{"0.0":[0,0,10],"0.75":[0,5,42.5],"1.125":[1.75378,"-9.8466-3*math.sin(q.anim_time*90*20)",-0.15108],"2.5":[0,0,10]}},"wing_left3":{"rotation":{"0.0":[0,0,-7.5],"0.75":{"pre":[0,5,20],"post":[0,5,20],"lerp_mode":"catmullrom"},"0.875":{"post":[0.43688,4.98093,25.019],"lerp_mode":"catmullrom"},"1.125":{"post":[0,0,-20],"lerp_mode":"catmullrom"},"2.5":[0,0,-7.5]}},"hand_left":{"rotation":{"0.0":[0,0,-12.5],"0.75":{"pre":[0,10,27.5],"post":[0,10,27.5],"lerp_mode":"catmullrom"},"0.875":{"post":[1.75378,9.84655,37.65108],"lerp_mode":"catmullrom"},"1.125":[0,0,-20],"2.5":[0,0,-12.5]}},"thumb_left":{"rotation":{"0.0":[7.91384,54.38316,15.33654],"0.75":{"pre":[20.88812,51.8741,31.51215],"post":[20.88812,51.8741,31.51215],"lerp_mode":"catmullrom"},"1.125":{"post":[-2.64161,54.73007,2.39867],"lerp_mode":"catmullrom"},"2.5":[7.91384,54.38316,15.33654]}},"thumb_left2":{"rotation":{"0.0":[0,0,-20],"0.75":{"pre":[0,0,20],"post":[0,0,20],"lerp_mode":"catmullrom"},"1.125":{"post":[0,0,-20],"lerp_mode":"catmullrom"},"2.5":[0,0,-20]}},"finger_left":{"rotation":{"0.0":[0,22.5,-7.5],"0.75":{"pre":[6.1191,21.69365,8.67354],"post":[6.1191,21.69365,8.67354],"lerp_mode":"catmullrom"},"1.125":{"post":[-5.123,21.93857,-20.9936],"lerp_mode":"catmullrom"},"2.5":[0,22.5,-7.5]}},"finger_left1_2":{"rotation":{"0.0":[0,0,-20],"0.75":{"pre":[0,0,30],"post":[0,0,30],"lerp_mode":"catmullrom"},"1.125":{"post":[0,0,-17.5],"lerp_mode":"catmullrom"},"2.5":[0,0,-20]}},"finger_left2":{"rotation":{"0.0":[0.1314,5.49714,-4.99083],"0.75":{"pre":[1.55369,5.27528,10.07444],"post":[1.55369,5.27528,10.07444],"lerp_mode":"catmullrom"},"1.125":{"post":[-1.06505,5.39488,-17.54732],"lerp_mode":"catmullrom"},"2.5":[0.1314,5.49714,-4.99083]}},"finger_left2_2":{"rotation":{"0.0":[0,0,-22.5],"0.75":{"pre":[0,0,32.5],"post":[0,0,32.5],"lerp_mode":"catmullrom"},"1.125":{"post":[0,0,-15],"lerp_mode":"catmullrom"},"2.5":[0,0,-22.5]}},"finger_left3":{"rotation":{"0.0":[-0.39804,-10.47413,0.0622],"0.75":{"pre":[-3.12296,-10.01053,15.2993],"post":[-3.12296,-10.01053,15.2993],"lerp_mode":"catmullrom"},"1.125":{"post":[1.90336,-10.30925,-12.646],"lerp_mode":"catmullrom"},"2.5":[-0.39804,-10.47413,0.0622]}},"finger_left3_2":{"rotation":{"0.0":[0,0,-25],"0.75":{"pre":[0,0,35],"post":[0,0,35],"lerp_mode":"catmullrom"},"1.125":{"post":[0,0,-12.5],"lerp_mode":"catmullrom"},"2.5":[0,0,-25]}},"finger_left4":{"rotation":{"0.0":[-2.32732,-22.251,5.69763],"0.75":{"pre":[-8.26359,-20.85687,21.76333],"post":[-8.26359,-20.85687,21.76333],"lerp_mode":"catmullrom"},"1.125":{"post":[2.80221,-22.19894,-7.80996],"lerp_mode":"catmullrom"},"2.5":[-2.32732,-22.251,5.69763]}},"finger_left4_2":{"rotation":{"0.0":[0,0,-25],"0.75":{"pre":[0,0,35],"post":[0,0,35],"lerp_mode":"catmullrom"},"1.125":{"post":[0,0,-12.5],"lerp_mode":"catmullrom"},"2.5":[0,0,-25]}},"tail":{"rotation":{"0.0":[-42.5,0,0],"2.25":["-32.5+Math.cos((query.anim_time) * 90 * 5- 60) * 2",0,0],"2.5":[-42.5,0,0]}},"tail2":{"rotation":{"0.0":[7.5,0,0],"0.75":[-7.5,0,0],"2.25":["Math.cos((query.anim_time) * 90 * 5- 60) * 11",0,0],"2.5":[7.5,0,0]}},"tail3":{"rotation":{"0.0":[7.5,0,0],"0.75":[-7.5,0,0],"2.25":["Math.cos((query.anim_time) * 90 * 5- 120) * 12",0,0],"2.5":[7.5,0,0]}},"tail4":{"rotation":{"0.0":[-2.5,0,0],"0.75":[2.5,0,0],"2.25":["Math.cos((query.anim_time) * 90 * 5- 180) * 13",0,0],"2.5":[-2.5,0,0]}},"tail5":{"rotation":{"0.0":[-5,0,0],"0.75":[7.5,0,0],"2.25":["Math.cos((query.anim_time) * 90 * 5- 240) * 14",0,0],"2.5":[-5,0,0]}},"tail6":{"rotation":{"0.0":[-7.5,0,0],"0.75":[12.5,0,0],"2.25":["Math.cos((query.anim_time) * 90 * 5- 180) * 13",0,0],"2.5":[-7.5,0,0]}},"bone3":{"rotation":{"0.0":[-7.5,0,0],"0.75":[12.5,0,0],"2.25":["Math.cos((query.anim_time) * 90 * 5- 240) * 16",0,0],"2.5":[-7.5,0,0]}}}},"animation.lugia.physical":{"animation_length":2.625,"bones":{"wing_right2":{"rotation":[0,-20,0]},"neck_mid":{"rotation":[7.5,0,0]},"finger_top_left":{"rotation":[17.5,0,0]},"finger_top_left2":{"rotation":[52.5,0,0]},"finger_mid_left3":{"rotation":[0,17.5,-20]},"finger_mid_left2":{"rotation":[0,0,42.5]},"finger_bot_left4":{"rotation":[0,0,10]},"finger_bot_left2":{"rotation":[0,0,40]},"finger_top_right":{"rotation":[17.5,0,0]},"finger_top_right2":{"rotation":[52.5,0,0]},"finger_mid_right3":{"rotation":[0,-17.5,20]},"finger_mid_right2":{"rotation":[0,0,-42.5]},"finger_bot_right4":{"rotation":[0,0,-10]},"finger_bot_right2":{"rotation":[0,0,-40]},"bone":{"rotation":[10,0,0]},"bone7":{"rotation":[2.5,0,0]},"bone8":{"rotation":[5,0,0]},"fire":{"rotation":[-14,0,-12]},"torso":{"rotation":[30,0,0]},"neck":{"rotation":{"0.0":[7.5,0,0],"0.5":[-5,0,0],"0.8333":[3.69,0,0],"1.2083":[18.77,0,0],"1.25":[20.22,0,0],"1.2917":[19.02,0,0],"1.4167":[19.21,0,0],"1.5833":[16.94,0,0],"1.7083":[16.93,0,0],"2.2917":[8.7745,0,0],"2.625":[7.5,0,0]}},"neck2":{"rotation":{"0.0":[17.5,0,0],"0.5":[22.86,0,0],"1.1667":[12.5,0,0],"1.3333":[7.5,0,0],"2.0833":[7.5,0,0],"2.625":[17.5,0,0]}},"head":{"rotation":{"0.0":[-44,0,0],"0.2917":{"pre":[-14.42,0,0],"post":[-14.42,0,0],"lerp_mode":"catmullrom"},"0.6667":{"post":[-5,0,0],"lerp_mode":"catmullrom"},"1.25":{"post":[-65.1934,-2.91008,-0.93336],"lerp_mode":"catmullrom"},"1.7917":{"post":[-67.5,0,0],"lerp_mode":"catmullrom"},"2.0833":{"post":[-67.4799,0.41187,-0.51929],"lerp_mode":"catmullrom"},"2.4167":{"post":[-30.66,0,0],"lerp_mode":"catmullrom"},"2.625":[-44,0,0]},"position":{"0.0":[0,1,-1],"1.25":[0,1,-2],"2.0833":[0,1,-2],"2.625":[0,1,-1]}},"eyelid_right":{"position":{"0.5417":[0,0,0],"0.5833":[-0.1,0,0],"1.0833":[-0.1,0,0],"1.125":[0,0,0]}},"eyelid_left":{"position":{"0.5417":[0,0,0],"0.5833":[0.1,0,0],"1.0833":[0.1,0,0],"1.125":[0,0,0]}},"jaw":{"rotation":{"0.0":[1.5359,0,0],"1.0417":[1.54,0,0],"1.2083":{"pre":[46.54,0,0],"post":[46.54,0,0],"lerp_mode":"catmullrom"},"1.4167":{"post":[44.98,0,0],"lerp_mode":"catmullrom"},"1.625":{"post":[56.54,0,0],"lerp_mode":"catmullrom"},"1.875":{"post":[50.77,0,0],"lerp_mode":"catmullrom"},"2.25":{"post":[46.54,0,0],"lerp_mode":"catmullrom"},"2.4583":[1.54,0,0]}},"body":{"rotation":{"0.0":{"post":[0,0,0],"lerp_mode":"catmullrom"},"0.125":{"post":[7,0,0],"lerp_mode":"catmullrom"},"1.0":{"post":[-31.5,0,0],"lerp_mode":"catmullrom"},"1.25":{"post":[26,0,0],"lerp_mode":"catmullrom"},"1.375":[28.92,0,0],"1.4583":[27.47,0,0],"1.5417":[27.83,0,0],"1.625":[25.78,0,0],"1.7083":[26,0,0],"2.0417":[28.5,0,0],"2.25":[12.5,0,0],"2.5417":[0,0,0]},"position":{"0.0":[0,25,0],"0.8333":[0,25,-0.75],"1.0417":[0,25,0.25],"1.2917":[0,25,-1.75],"1.3333":[0,25,-1.69],"1.375":[0,25,-1.63],"1.4583":[0,25,-1.5],"1.5833":[0,25,-1.31],"1.9583":[0,25,-1.25],"2.5417":[0,25,0]}},"chest":{"rotation":[5,0,0]},"neck3":{"rotation":{"0.0":{"post":[15,0,0],"lerp_mode":"catmullrom"},"0.5":{"post":[27.5,0,0],"lerp_mode":"catmullrom"},"1.0":{"post":[17.5,0,0],"lerp_mode":"catmullrom"},"1.3333":[5,0,0],"2.0":[5,0,0],"2.4167":{"pre":[15,0,0],"post":[15,0,0],"lerp_mode":"catmullrom"}}},"rotation_wing_right":{"rotation":{"0.0":[0,0,0],"0.3333":{"pre":[-40,0,0],"post":[-40,0,0],"lerp_mode":"catmullrom"},"0.75":{"post":[-90,0,0],"lerp_mode":"catmullrom"},"1.25":{"post":[-35,0,0],"lerp_mode":"catmullrom"},"2.625":[0,0,0]}},"thumb_right":{"rotation":{"0.0":[7.91384,-54.38316,-15.33654],"0.75":{"pre":[20.88812,-51.8741,-31.51215],"post":[20.88812,-51.8741,-31.51215],"lerp_mode":"catmullrom"},"1.25":{"post":[-2.64161,-54.73007,-2.39867],"lerp_mode":"catmullrom"},"2.625":[7.91384,-54.38316,-15.33654]}},"thumb_right2":{"rotation":{"0.0":[0,0,20],"0.75":{"pre":[0,0,-20],"post":[0,0,-20],"lerp_mode":"catmullrom"},"1.25":{"post":[0,0,20],"lerp_mode":"catmullrom"},"2.625":[0,0,20]}},"finger_right":{"rotation":{"0.0":[0,-22.5,7.5],"0.75":{"pre":[6.1191,-21.69365,-8.67354],"post":[6.1191,-21.69365,-8.67354],"lerp_mode":"catmullrom"},"1.25":{"post":[-5.123,-21.93857,20.9936],"lerp_mode":"catmullrom"},"2.625":[0,-22.5,7.5]}},"finger_right1_2":{"rotation":{"0.0":[0,0,20],"0.75":{"pre":[0,0,-30],"post":[0,0,-30],"lerp_mode":"catmullrom"},"1.25":{"post":[0,0,17.5],"lerp_mode":"catmullrom"},"2.625":[0,0,20]}},"finger_right2":{"rotation":{"0.0":[0.1314,-5.49714,4.99083],"0.75":{"pre":[1.55369,-5.27528,-10.07444],"post":[1.55369,-5.27528,-10.07444],"lerp_mode":"catmullrom"},"1.25":{"post":[-1.06505,-5.39488,17.54732],"lerp_mode":"catmullrom"},"2.625":[0.1314,-5.49714,4.99083]}},"finger_right2_2":{"rotation":{"0.0":[0,0,22.5],"0.75":{"pre":[0,0,-32.5],"post":[0,0,-32.5],"lerp_mode":"catmullrom"},"1.25":{"post":[0,0,15],"lerp_mode":"catmullrom"},"2.625":[0,0,22.5]}},"finger_right3":{"rotation":{"0.0":[-0.39804,10.47413,-0.0622],"0.75":{"pre":[-3.12296,10.01053,-15.2993],"post":[-3.12296,10.01053,-15.2993],"lerp_mode":"catmullrom"},"1.25":{"post":[1.90336,10.30925,12.646],"lerp_mode":"catmullrom"},"2.625":[-0.39804,10.47413,-0.0622]}},"finger_right3_2":{"rotation":{"0.0":[0,0,25],"0.75":{"pre":[0,0,-35],"post":[0,0,-35],"lerp_mode":"catmullrom"},"1.25":{"post":[0,0,12.5],"lerp_mode":"catmullrom"},"2.625":[0,0,25]}},"finger_right4":{"rotation":{"0.0":[-2.32732,22.251,-5.69763],"0.75":{"pre":[-8.26359,20.85687,-21.76333],"post":[-8.26359,20.85687,-21.76333],"lerp_mode":"catmullrom"},"1.25":{"post":[2.80221,22.19894,7.80996],"lerp_mode":"catmullrom"},"2.625":[-2.32732,22.251,-5.69763]}},"finger_right4_2":{"rotation":{"0.0":[0,0,25],"0.75":{"pre":[0,0,-35],"post":[0,0,-35],"lerp_mode":"catmullrom"},"1.25":{"post":[0,0,12.5],"lerp_mode":"catmullrom"},"2.625":[0,0,25]}},"leg_right":{"rotation":{"0.0":{"post":[19.9,-1.9,4.6],"lerp_mode":"catmullrom"},"0.75":{"post":[-37.6,-1.9,4.6],"lerp_mode":"catmullrom"},"1.0":{"post":[-20.1,-1.9,4.6],"lerp_mode":"catmullrom"},"1.25":{"post":[12.4,-1.9,4.6],"lerp_mode":"catmullrom"},"1.5":{"post":[9.9,-1.9,4.6],"lerp_mode":"catmullrom"},"2.2083":{"post":[27.4,-1.9,4.6],"lerp_mode":"catmullrom"},"2.625":[19.9,-1.9,4.6]}},"leg_right2":{"rotation":{"0.0":{"post":[22.5,0,0],"lerp_mode":"catmullrom"},"0.75":{"post":[40,0,0],"lerp_mode":"catmullrom"},"1.25":{"post":[85,0,0],"lerp_mode":"catmullrom"},"1.5833":{"post":[65,0,0],"lerp_mode":"catmullrom"},"2.0":{"post":[47.5,0,0],"lerp_mode":"catmullrom"},"2.2083":{"post":[37.5,0,0],"lerp_mode":"catmullrom"},"2.625":[22.5,0,0]}},"foot_right":{"rotation":[-6,0,0]},"toe_right1":{"rotation":[10,0,0]},"toe_right2":{"rotation":[5,0,0]},"toe_right3":{"rotation":[15,0,0]},"leg_left":{"rotation":{"0.0":{"post":[19.9,1.9,-4.6],"lerp_mode":"catmullrom"},"0.75":{"post":[-37.6,1.9,-4.6],"lerp_mode":"catmullrom"},"1.0":{"post":[-20.1,1.9,-4.6],"lerp_mode":"catmullrom"},"1.25":{"post":[12.4,1.9,-4.6],"lerp_mode":"catmullrom"},"1.5":{"post":[9.9,1.9,-4.6],"lerp_mode":"catmullrom"},"2.2083":{"post":[27.4,1.9,-4.6],"lerp_mode":"catmullrom"},"2.625":[19.9,1.9,-4.6]}},"leg_left2":{"rotation":{"0.0":{"post":[22.5,0,0],"lerp_mode":"catmullrom"},"0.75":{"post":[40,0,0],"lerp_mode":"catmullrom"},"1.25":{"post":[85,0,0],"lerp_mode":"catmullrom"},"1.5833":{"post":[65,0,0],"lerp_mode":"catmullrom"},"2.0":{"post":[47.5,0,0],"lerp_mode":"catmullrom"},"2.2083":{"post":[37.5,0,0],"lerp_mode":"catmullrom"},"2.625":[22.5,0,0]}},"foot_left":{"rotation":[-6,0,0]},"toe_left1":{"rotation":[10,0,0]},"toe_left2":{"rotation":[5,0,0]},"toe_left3":{"rotation":[15,0,0]},"wing_right":{"rotation":{"0.0":[0,0,-10],"0.75":[0,-5,-42.5],"1.25":[1.75378,"9.8466-3*math.sin(q.anim_time*90*20)",0.15108],"2.625":[0,0,-10]}},"wing_right3":{"rotation":{"0.0":[0,0,7.5],"0.75":{"pre":[0,-5,-20],"post":[0,-5,-20],"lerp_mode":"catmullrom"},"0.875":{"post":[0.43688,-4.98093,-25.019],"lerp_mode":"catmullrom"},"1.25":{"post":[0,0,20],"lerp_mode":"catmullrom"},"2.625":[0,0,7.5]}},"hand_right":{"rotation":{"0.0":[0,0,12.5],"0.75":{"pre":[0,-10,-27.5],"post":[0,-10,-27.5],"lerp_mode":"catmullrom"},"0.875":{"post":[1.75378,-9.84655,-37.65108],"lerp_mode":"catmullrom"},"1.25":[0,0,20],"2.625":[0,0,12.5]}},"rotation_wing_left":{"rotation":{"0.0":[0,0,0],"0.3333":{"pre":[-40,0,0],"post":[-40,0,0],"lerp_mode":"catmullrom"},"0.75":{"post":[-90,0,0],"lerp_mode":"catmullrom"},"1.25":{"post":[-35,0,0],"lerp_mode":"catmullrom"},"2.625":[0,0,0]}},"wing_left":{"rotation":{"0.0":[0,0,10],"0.75":[0,5,42.5],"1.25":[1.75378,"-9.8466-3*math.sin(q.anim_time*90*20)",-0.15108],"2.625":[0,0,10]}},"wing_left3":{"rotation":{"0.0":[0,0,-7.5],"0.75":{"pre":[0,5,20],"post":[0,5,20],"lerp_mode":"catmullrom"},"0.875":{"post":[0.43688,4.98093,25.019],"lerp_mode":"catmullrom"},"1.25":{"post":[0,0,-20],"lerp_mode":"catmullrom"},"2.625":[0,0,-7.5]}},"hand_left":{"rotation":{"0.0":[0,0,-12.5],"0.75":{"pre":[0,10,27.5],"post":[0,10,27.5],"lerp_mode":"catmullrom"},"0.875":{"post":[1.75378,9.84655,37.65108],"lerp_mode":"catmullrom"},"1.25":[0,0,-20],"2.625":[0,0,-12.5]}},"thumb_left":{"rotation":{"0.0":[7.91384,54.38316,15.33654],"0.75":{"pre":[20.88812,51.8741,31.51215],"post":[20.88812,51.8741,31.51215],"lerp_mode":"catmullrom"},"1.25":{"post":[-2.64161,54.73007,2.39867],"lerp_mode":"catmullrom"},"2.625":[7.91384,54.38316,15.33654]}},"thumb_left2":{"rotation":{"0.0":[0,0,-20],"0.75":{"pre":[0,0,20],"post":[0,0,20],"lerp_mode":"catmullrom"},"1.25":{"post":[0,0,-20],"lerp_mode":"catmullrom"},"2.625":[0,0,-20]}},"finger_left":{"rotation":{"0.0":[0,22.5,-7.5],"0.75":{"pre":[6.1191,21.69365,8.67354],"post":[6.1191,21.69365,8.67354],"lerp_mode":"catmullrom"},"1.25":{"post":[-5.123,21.93857,-20.9936],"lerp_mode":"catmullrom"},"2.625":[0,22.5,-7.5]}},"finger_left1_2":{"rotation":{"0.0":[0,0,-20],"0.75":{"pre":[0,0,30],"post":[0,0,30],"lerp_mode":"catmullrom"},"1.25":{"post":[0,0,-17.5],"lerp_mode":"catmullrom"},"2.625":[0,0,-20]}},"finger_left2":{"rotation":{"0.0":[0.1314,5.49714,-4.99083],"0.75":{"pre":[1.55369,5.27528,10.07444],"post":[1.55369,5.27528,10.07444],"lerp_mode":"catmullrom"},"1.25":{"post":[-1.06505,5.39488,-17.54732],"lerp_mode":"catmullrom"},"2.625":[0.1314,5.49714,-4.99083]}},"finger_left2_2":{"rotation":{"0.0":[0,0,-22.5],"0.75":{"pre":[0,0,32.5],"post":[0,0,32.5],"lerp_mode":"catmullrom"},"1.25":{"post":[0,0,-15],"lerp_mode":"catmullrom"},"2.625":[0,0,-22.5]}},"finger_left3":{"rotation":{"0.0":[-0.39804,-10.47413,0.0622],"0.75":{"pre":[-3.12296,-10.01053,15.2993],"post":[-3.12296,-10.01053,15.2993],"lerp_mode":"catmullrom"},"1.25":{"post":[1.90336,-10.30925,-12.646],"lerp_mode":"catmullrom"},"2.625":[-0.39804,-10.47413,0.0622]}},"finger_left3_2":{"rotation":{"0.0":[0,0,-25],"0.75":{"pre":[0,0,35],"post":[0,0,35],"lerp_mode":"catmullrom"},"1.25":{"post":[0,0,-12.5],"lerp_mode":"catmullrom"},"2.625":[0,0,-25]}},"finger_left4":{"rotation":{"0.0":[-2.32732,-22.251,5.69763],"0.75":{"pre":[-8.26359,-20.85687,21.76333],"post":[-8.26359,-20.85687,21.76333],"lerp_mode":"catmullrom"},"1.25":{"post":[2.80221,-22.19894,-7.80996],"lerp_mode":"catmullrom"},"2.625":[-2.32732,-22.251,5.69763]}},"finger_left4_2":{"rotation":{"0.0":[0,0,-25],"0.75":{"pre":[0,0,35],"post":[0,0,35],"lerp_mode":"catmullrom"},"1.25":{"post":[0,0,-12.5],"lerp_mode":"catmullrom"},"2.625":[0,0,-25]}},"tail":{"rotation":{"0.0":[-42.5,0,0],"1.6667":["-32.5+Math.cos((query.anim_time) * 90 * 5- 60) * 2",0,0],"2.625":[-42.5,0,0]}},"tail2":{"rotation":{"0.0":[7.5,0,0],"0.75":[-7.5,0,0],"2.1667":["Math.cos((query.anim_time) * 90 * 5- 60) * 11",0,0],"2.625":[7.5,0,0]}},"tail3":{"rotation":{"0.0":[7.5,0,0],"0.75":[-7.5,0,0],"1.6667":["Math.cos((query.anim_time) * 90 * 5- 120) * 12",0,0],"2.625":[7.5,0,0]}},"tail4":{"rotation":{"0.0":[-2.5,0,0],"0.75":[2.5,0,0],"1.6667":["Math.cos((query.anim_time) * 90 * 5- 180) * 13",0,0],"2.625":[-2.5,0,0]}},"tail5":{"rotation":{"0.0":[-5,0,0],"0.75":[7.5,0,0],"1.6667":["Math.cos((query.anim_time) * 90 * 5- 240) * 14",0,0],"2.625":[-5,0,0]}},"tail6":{"rotation":{"0.0":[-7.5,0,0],"0.75":[12.5,0,0],"1.6667":["Math.cos((query.anim_time) * 90 * 5- 180) * 13",0,0],"2.625":[-7.5,0,0]}},"bone3":{"rotation":{"0.0":[-7.5,0,0],"0.75":[12.5,0,0],"1.6667":["Math.cos((query.anim_time) * 90 * 5- 240) * 16",0,0],"2.625":[-7.5,0,0]}}}},"animation.lugia.status":{"animation_length":2.625,"bones":{"wing_right2":{"rotation":[0,-20,0]},"neck_mid":{"rotation":[7.5,0,0]},"finger_top_left":{"rotation":[17.5,0,0]},"finger_top_left2":{"rotation":[52.5,0,0]},"finger_mid_left3":{"rotation":[0,17.5,-20]},"finger_mid_left2":{"rotation":[0,0,42.5]},"finger_bot_left4":{"rotation":[0,0,10]},"finger_bot_left2":{"rotation":[0,0,40]},"finger_top_right":{"rotation":[17.5,0,0]},"finger_top_right2":{"rotation":[52.5,0,0]},"finger_mid_right3":{"rotation":[0,-17.5,20]},"finger_mid_right2":{"rotation":[0,0,-42.5]},"finger_bot_right4":{"rotation":[0,0,-10]},"finger_bot_right2":{"rotation":[0,0,-40]},"bone":{"rotation":[10,0,0]},"bone7":{"rotation":[2.5,0,0]},"bone8":{"rotation":[5,0,0]},"fire":{"rotation":[-14,0,-12]},"torso":{"rotation":[30,0,0]},"neck":{"rotation":{"0.0":[7.5,0,0],"0.2917":[20.22,0,0],"0.3333":[19.02,0,0],"0.4583":[19.21,0,0],"0.625":[16.94,0,0],"0.75":[16.93,0,0],"1.3333":[8.7745,0,0],"1.6667":[7.5,0,0]}},"neck2":{"rotation":{"0.0":[17.5,0,0],"0.375":[7.5,0,0],"1.125":[7.5,0,0],"1.6667":[17.5,0,0]}},"head":{"rotation":{"0.0":[-44,0,0],"0.2917":{"pre":[-65.1934,-2.91008,-0.93336],"post":[-65.1934,-2.91008,-0.93336],"lerp_mode":"catmullrom"},"0.8333":{"post":[-67.5,0,0],"lerp_mode":"catmullrom"},"1.125":{"post":[-67.4799,0.41187,-0.51929],"lerp_mode":"catmullrom"},"1.4583":{"post":[-30.66,0,0],"lerp_mode":"catmullrom"},"1.6667":[-44,0,0]},"position":{"0.0":[0,1,-1],"0.2917":[0,1,-2],"1.125":[0,1,-2],"1.6667":[0,1,-1]}},"jaw":{"rotation":{"0.0":[1.5359,0,0],"0.25":{"pre":[46.54,0,0],"post":[46.54,0,0],"lerp_mode":"catmullrom"},"0.4583":{"post":[44.98,0,0],"lerp_mode":"catmullrom"},"0.6667":{"post":[56.54,0,0],"lerp_mode":"catmullrom"},"0.9167":{"post":[50.77,0,0],"lerp_mode":"catmullrom"},"1.2917":{"post":[46.54,0,0],"lerp_mode":"catmullrom"},"1.5":[1.54,0,0]}},"body":{"rotation":{"0.0":{"post":[0,0,0],"lerp_mode":"catmullrom"},"0.2917":{"post":[26,0,0],"lerp_mode":"catmullrom"},"0.4167":[28.92,0,0],"0.5":[27.47,0,0],"0.5833":[27.83,0,0],"0.6667":[25.78,0,0],"0.75":[26,0,0],"1.0833":[28.5,0,0],"1.2917":[12.5,0,0],"1.5833":[0,0,0]},"position":{"0.0":[0,25,0],"0.3333":[0,25,-1.75],"0.375":[0,25,-1.69],"0.4167":[0,25,-1.63],"0.5":[0,25,-1.5],"0.625":[0,25,-1.31],"1.0":[0,25,-1.25],"1.5833":[0,25,0]}},"chest":{"rotation":[5,0,0]},"neck3":{"rotation":{"0.0":{"post":[15,0,0],"lerp_mode":"catmullrom"},"0.375":[5,0,0],"1.0417":[5,0,0],"1.4583":{"pre":[15,0,0],"post":[15,0,0],"lerp_mode":"catmullrom"}}},"rotation_wing_right":{"rotation":{"0.0":[0,0,0],"0.2917":{"pre":[-35,0,0],"post":[-35,0,0],"lerp_mode":"catmullrom"},"1.6667":[0,0,0]}},"thumb_right":{"rotation":{"0.0":[7.91384,-54.38316,-15.33654],"0.2917":{"pre":[-2.64161,-54.73007,-2.39867],"post":[-2.64161,-54.73007,-2.39867],"lerp_mode":"catmullrom"},"1.6667":[7.91384,-54.38316,-15.33654]}},"thumb_right2":{"rotation":{"0.0":[0,0,20],"0.2917":{"pre":[0,0,20],"post":[0,0,20],"lerp_mode":"catmullrom"},"1.6667":[0,0,20]}},"finger_right":{"rotation":{"0.0":[0,-22.5,7.5],"0.2917":{"pre":[-5.123,-21.93857,20.9936],"post":[-5.123,-21.93857,20.9936],"lerp_mode":"catmullrom"},"1.6667":[0,-22.5,7.5]}},"finger_right1_2":{"rotation":{"0.0":[0,0,20],"0.2917":{"pre":[0,0,17.5],"post":[0,0,17.5],"lerp_mode":"catmullrom"},"1.6667":[0,0,20]}},"finger_right2":{"rotation":{"0.0":[0.1314,-5.49714,4.99083],"0.2917":{"pre":[-1.06505,-5.39488,17.54732],"post":[-1.06505,-5.39488,17.54732],"lerp_mode":"catmullrom"},"1.6667":[0.1314,-5.49714,4.99083]}},"finger_right2_2":{"rotation":{"0.0":[0,0,22.5],"0.2917":{"pre":[0,0,15],"post":[0,0,15],"lerp_mode":"catmullrom"},"1.6667":[0,0,22.5]}},"finger_right3":{"rotation":{"0.0":[-0.39804,10.47413,-0.0622],"0.2917":{"pre":[1.90336,10.30925,12.646],"post":[1.90336,10.30925,12.646],"lerp_mode":"catmullrom"},"1.6667":[-0.39804,10.47413,-0.0622]}},"finger_right3_2":{"rotation":{"0.0":[0,0,25],"0.2917":{"pre":[0,0,12.5],"post":[0,0,12.5],"lerp_mode":"catmullrom"},"1.6667":[0,0,25]}},"finger_right4":{"rotation":{"0.0":[-2.32732,22.251,-5.69763],"0.2917":{"pre":[2.80221,22.19894,7.80996],"post":[2.80221,22.19894,7.80996],"lerp_mode":"catmullrom"},"1.6667":[-2.32732,22.251,-5.69763]}},"finger_right4_2":{"rotation":{"0.0":[0,0,25],"0.2917":{"pre":[0,0,12.5],"post":[0,0,12.5],"lerp_mode":"catmullrom"},"1.6667":[0,0,25]}},"leg_right":{"rotation":{"0.0":{"post":[19.9,-1.9,4.6],"lerp_mode":"catmullrom"},"0.2917":{"post":[12.4,-1.9,4.6],"lerp_mode":"catmullrom"},"0.5417":{"post":[9.9,-1.9,4.6],"lerp_mode":"catmullrom"},"1.25":{"post":[27.4,-1.9,4.6],"lerp_mode":"catmullrom"},"1.6667":[19.9,-1.9,4.6]}},"leg_right2":{"rotation":{"0.0":{"post":[22.5,0,0],"lerp_mode":"catmullrom"},"0.2917":{"post":[85,0,0],"lerp_mode":"catmullrom"},"0.625":{"post":[65,0,0],"lerp_mode":"catmullrom"},"1.0417":{"post":[47.5,0,0],"lerp_mode":"catmullrom"},"1.25":{"post":[37.5,0,0],"lerp_mode":"catmullrom"},"1.6667":[22.5,0,0]}},"foot_right":{"rotation":[-6,0,0]},"toe_right1":{"rotation":[10,0,0]},"toe_right2":{"rotation":[5,0,0]},"toe_right3":{"rotation":[15,0,0]},"leg_left":{"rotation":{"0.0":{"post":[19.9,1.9,-4.6],"lerp_mode":"catmullrom"},"0.2917":{"post":[12.4,1.9,-4.6],"lerp_mode":"catmullrom"},"0.5417":{"post":[9.9,1.9,-4.6],"lerp_mode":"catmullrom"},"1.25":{"post":[27.4,1.9,-4.6],"lerp_mode":"catmullrom"},"1.6667":[19.9,1.9,-4.6]}},"leg_left2":{"rotation":{"0.0":{"post":[22.5,0,0],"lerp_mode":"catmullrom"},"0.2917":{"post":[85,0,0],"lerp_mode":"catmullrom"},"0.625":{"post":[65,0,0],"lerp_mode":"catmullrom"},"1.0417":{"post":[47.5,0,0],"lerp_mode":"catmullrom"},"1.25":{"post":[37.5,0,0],"lerp_mode":"catmullrom"},"1.6667":[22.5,0,0]}},"foot_left":{"rotation":[-6,0,0]},"toe_left1":{"rotation":[10,0,0]},"toe_left2":{"rotation":[5,0,0]},"toe_left3":{"rotation":[15,0,0]},"wing_right":{"rotation":{"0.0":[0,0,-10],"0.2917":[1.75378,"9.8466-3*math.sin(q.anim_time*90*10)",0.15108],"1.6667":[0,0,-10]}},"wing_right3":{"rotation":{"0.0":[0,0,7.5],"0.2917":{"pre":[0,0,20],"post":[0,0,20],"lerp_mode":"catmullrom"},"1.6667":[0,0,7.5]}},"hand_right":{"rotation":{"0.0":[0,0,12.5],"0.2917":[0,0,20],"1.6667":[0,0,12.5]}},"rotation_wing_left":{"rotation":{"0.0":[0,0,0],"0.2917":{"pre":[-35,0,0],"post":[-35,0,0],"lerp_mode":"catmullrom"},"1.6667":[0,0,0]}},"wing_left":{"rotation":{"0.0":[0,0,10],"0.2917":[1.75378,"-9.8466-3*math.sin(q.anim_time*90*10)",-0.15108],"1.6667":[0,0,10]}},"wing_left3":{"rotation":{"0.0":[0,0,-7.5],"0.2917":{"pre":[0,0,-20],"post":[0,0,-20],"lerp_mode":"catmullrom"},"1.6667":[0,0,-7.5]}},"hand_left":{"rotation":{"0.0":[0,0,-12.5],"0.2917":[0,0,-20],"1.6667":[0,0,-12.5]}},"thumb_left":{"rotation":{"0.0":[7.91384,54.38316,15.33654],"0.2917":{"pre":[-2.64161,54.73007,2.39867],"post":[-2.64161,54.73007,2.39867],"lerp_mode":"catmullrom"},"1.6667":[7.91384,54.38316,15.33654]}},"thumb_left2":{"rotation":{"0.0":[0,0,-20],"0.2917":{"pre":[0,0,-20],"post":[0,0,-20],"lerp_mode":"catmullrom"},"1.6667":[0,0,-20]}},"finger_left":{"rotation":{"0.0":[0,22.5,-7.5],"0.2917":{"pre":[-5.123,21.93857,-20.9936],"post":[-5.123,21.93857,-20.9936],"lerp_mode":"catmullrom"},"1.6667":[0,22.5,-7.5]}},"finger_left1_2":{"rotation":{"0.0":[0,0,-20],"0.2917":{"pre":[0,0,-17.5],"post":[0,0,-17.5],"lerp_mode":"catmullrom"},"1.6667":[0,0,-20]}},"finger_left2":{"rotation":{"0.0":[0.1314,5.49714,-4.99083],"0.2917":{"pre":[-1.06505,5.39488,-17.54732],"post":[-1.06505,5.39488,-17.54732],"lerp_mode":"catmullrom"},"1.6667":[0.1314,5.49714,-4.99083]}},"finger_left2_2":{"rotation":{"0.0":[0,0,-22.5],"0.2917":{"pre":[0,0,-15],"post":[0,0,-15],"lerp_mode":"catmullrom"},"1.6667":[0,0,-22.5]}},"finger_left3":{"rotation":{"0.0":[-0.39804,-10.47413,0.0622],"0.2917":{"pre":[1.90336,-10.30925,-12.646],"post":[1.90336,-10.30925,-12.646],"lerp_mode":"catmullrom"},"1.6667":[-0.39804,-10.47413,0.0622]}},"finger_left3_2":{"rotation":{"0.0":[0,0,-25],"0.2917":{"pre":[0,0,-12.5],"post":[0,0,-12.5],"lerp_mode":"catmullrom"},"1.6667":[0,0,-25]}},"finger_left4":{"rotation":{"0.0":[-2.32732,-22.251,5.69763],"0.2917":{"pre":[2.80221,-22.19894,-7.80996],"post":[2.80221,-22.19894,-7.80996],"lerp_mode":"catmullrom"},"1.6667":[-2.32732,-22.251,5.69763]}},"finger_left4_2":{"rotation":{"0.0":[0,0,-25],"0.2917":{"pre":[0,0,-12.5],"post":[0,0,-12.5],"lerp_mode":"catmullrom"},"1.6667":[0,0,-25]}},"tail":{"rotation":{"0.0":[-42.5,0,0],"0.75":["-32.5+Math.cos((query.anim_time) * 90 * 5- 60) * 2",0,0],"1.7917":[-42.5,0,0]}},"tail2":{"rotation":{"0.0":[7.5,0,0],"0.75":["Math.cos((query.anim_time) * 90 * 5- 60) * 11",0,0],"1.7917":[7.5,0,0]}},"tail3":{"rotation":{"0.0":[7.5,0,0],"0.75":["Math.cos((query.anim_time) * 90 * 5- 120) * 12",0,0],"1.7917":[7.5,0,0]}},"tail4":{"rotation":{"0.0":[-2.5,0,0],"0.75":["Math.cos((query.anim_time) * 90 * 5- 180) * 13",0,0],"1.7917":[-2.5,0,0]}},"tail5":{"rotation":{"0.0":[-5,0,0],"0.75":["Math.cos((query.anim_time) * 90 * 5- 240) * 14",0,0],"1.7917":[-5,0,0]}},"tail6":{"rotation":{"0.0":[-7.5,0,0],"0.75":["Math.cos((query.anim_time) * 90 * 5- 180) * 13",0,0],"1.7917":[-7.5,0,0]}},"bone3":{"rotation":{"0.0":[-7.5,0,0],"0.75":["Math.cos((query.anim_time) * 90 * 5- 240) * 16",0,0],"1.7917":[-7.5,0,0]}}}},"animation.lugia.recoil":{"animation_length":1.625,"bones":{"torso2":{"rotation":{"0.0":[0,0,0],"0.0833":[4.98,0,0],"0.4167":{"pre":[0,0,0],"post":[0,0,0],"lerp_mode":"catmullrom"},"0.7083":{"post":[1.5,0,0],"lerp_mode":"catmullrom"},"1.4167":[0,0,0]}},"arm_left":{"rotation":{"0.0":[0,0,0],"0.125":{"pre":[0,30,0],"post":[0,30,0],"lerp_mode":"catmullrom"},"0.9167":{"post":[0,0,0],"lerp_mode":"catmullrom"},"1.2917":[0,0,0]}},"forearm_left":{"rotation":{"0.0":[0,0,0],"0.375":[0,17.5,0],"1.125":[0,0,0]}},"arm_right":{"rotation":{"0.0":[0,0,0],"0.125":{"pre":[0,-30,0],"post":[0,-30,0],"lerp_mode":"catmullrom"},"0.9167":{"post":[0,0,0],"lerp_mode":"catmullrom"},"1.2917":[0,0,0]}},"forearm_right":{"rotation":{"0.0":[0,0,0],"0.375":[0,-17.5,0],"1.125":[0,0,0]}},"torso":{"rotation":{"0.0":[0,0,0],"0.125":[-12,0,0],"0.4583":{"pre":[2.24067,0,0],"post":[2.24067,0,0],"lerp_mode":"catmullrom"},"0.8333":{"post":[2.24067,0,0],"lerp_mode":"catmullrom"},"1.2917":[0,0,0]}},"neck":{"rotation":{"0.0":[0,0,0],"0.0833":{"pre":[-25,0,0],"post":[-25,0,0],"lerp_mode":"catmullrom"},"0.625":{"post":[-12.5,0,0],"lerp_mode":"catmullrom"},"1.125":{"post":[0,0,0],"lerp_mode":"catmullrom"},"1.5":[0,0,0]}},"head":{"rotation":{"0.0":[0,0,0],"0.125":{"pre":[10,0,0],"post":[10,0,0],"lerp_mode":"catmullrom"},"0.25":{"post":[-10,0,0],"lerp_mode":"catmullrom"},"0.5833":{"post":[-10,0,0],"lerp_mode":"catmullrom"},"0.8333":{"post":[0,0,0],"lerp_mode":"catmullrom"},"0.9167":{"post":[15.55,0,0],"lerp_mode":"catmullrom"},"1.0417":{"post":[15.9493,16.86528,4.73975],"lerp_mode":"catmullrom"},"1.125":{"post":[14.55119,-10.158,-2.32002],"lerp_mode":"catmullrom"},"1.2083":{"post":[15.9493,16.86528,4.73975],"lerp_mode":"catmullrom"},"1.2917":{"post":[14.55119,-10.158,-2.32002],"lerp_mode":"catmullrom"},"1.625":[0,0,0]}},"eyelid_right":{"position":{"0.0":[-1,0,-0.17],"0.125":[-1,0,-0.17],"0.1667":[0,0,0],"0.9167":[-1,0,-0.17],"1.375":[-1,0,-0.17],"1.4583":[0,0,0]}},"eyelid_left":{"position":{"0.0":[1,0,-0.17],"0.125":[1,0,-0.17],"0.1667":[0,0,0],"0.9167":[1,0,-0.17],"1.375":[1,0,-0.17],"1.4583":[0,0,0]}},"tail":{"rotation":{"0.0":[0,0,0],"0.1667":{"pre":[17.5,0,0],"post":[17.5,0,0],"lerp_mode":"catmullrom"},"0.625":{"post":[15.38,0,0],"lerp_mode":"catmullrom"},"1.3333":[0,0,0]}}}}}}