{
	"format_version": "1.8.0",
	"animations": {
		"animation.manectric_mega.ground_idle": {
			"loop": true,
			"animation_length": 4.125,
			"bones": {
				"torso": {
					"rotation": ["math.cos(q.anim_time*90*2+90)", 0, "math.sin(q.anim_time*90)*2"],
					"position": [0, "math.cos(q.anim_time*90*2)/2", 0]
				}
			}
		},
		"animation.manectric_mega.ground_walk": {
			"loop": true,
			"animation_length": 1,
			"bones": {
				"arm_left": {
					"rotation": {
						"0.0": [0, 0, 0],
						"0.25": [20, 0, 0],
						"0.5": [-5, 0, 0],
						"0.75": [-30, 0, 0],
						"1.0": [0, 0, 0]
					},
					"position": {
						"0.0": [0, 0, 0],
						"0.25": [0, -1, 2],
						"0.5": [0, 1, 0],
						"0.75": [0, -1, -1],
						"0.875": [0, 0, -0.5],
						"1.0": [0, 0, 0]
					}
				},
				"elbow_left": {
					"rotation": {
						"0.0": [0, 0, 0],
						"0.25": ["-20/3", 0, 0],
						"0.5": ["-22.5-20/3", 0, 0],
						"0.75": [0, 0, 0],
						"1.0": [0, 0, 0]
					}
				},
				"forearm_left": {
					"rotation": {
						"0.0": [0, 0, 0],
						"0.25": ["-20/3", 0, 0],
						"0.5": ["-27.5-20/3", 0, 0],
						"0.75": [0, 0, 0],
						"1.0": [0, 0, 0]
					}
				},
				"front_paw_left": {
					"rotation": {
						"0.0": [0, 0, 0],
						"0.25": ["-20/3", 0, 0],
						"0.5": ["150-20/3", 0, 0],
						"0.6667": [17.96798, 0.99004, -1.21948],
						"0.75": ["34.2693-20/3", 1.98008, -2.43897],
						"1.0": [0, 0, 0]
					}
				},
				"arm_right": {
					"rotation": {
						"0.0": [-5, 0, 0],
						"0.25": [-30, 0, 0],
						"0.5": [0, 0, 0],
						"0.75": [20, 0, 0],
						"1.0": [-5, 0, 0]
					},
					"position": {
						"0.0": [0, 1, 0],
						"0.25": [0, -1, -1],
						"0.375": [0, 0, -0.5],
						"0.5": [0, 0, 0],
						"0.75": [0, -1, 2],
						"1.0": [0, 1, 0]
					}
				},
				"elbow_right": {
					"rotation": {
						"0.0": ["-22.5-20/3", 0, 0],
						"0.25": [0, 0, 0],
						"0.5": [0, 0, 0],
						"0.75": ["-20/3", 0, 0],
						"1.0": ["-22.5-20/3", 0, 0]
					}
				},
				"forearm_right": {
					"rotation": {
						"0.0": ["-27.5-20/3", 0, 0],
						"0.25": [0, 0, 0],
						"0.5": [0, 0, 0],
						"0.75": ["-20/3", 0, 0],
						"1.0": ["-27.5-20/3", 0, 0]
					}
				},
				"front_paw_right": {
					"rotation": {
						"0.0": ["150-20/3", 0, 0],
						"0.1667": [17.96798, 0.99004, -1.21948],
						"0.25": ["34.2693-20/3", 1.98008, -2.43897],
						"0.5": [0, 0, 0],
						"0.75": ["-20/3", 0, 0],
						"1.0": ["150-20/3", 0, 0]
					}
				},
				"leg_left": {
					"rotation": {
						"0.0": [30, 0, 0],
						"0.5": [-10, 0, 0],
						"1.0": [30, 0, 0]
					},
					"position": {
						"0.0": [0, -2.5, 2],
						"0.25": [0, 1.5, -0.5],
						"0.5": [0, 0.75, -3],
						"1.0": [0, -2.5, 2]
					}
				},
				"knee_left": {
					"rotation": {
						"0.0": ["-30/3", 0, 0],
						"0.0833": [10, 0, 0],
						"0.125": [15, 0, 0],
						"0.25": [21.67, 0, 0],
						"0.375": [15, 0, 0],
						"0.4167": [12.5, 0, 0],
						"0.5": ["10/3", 0, 0],
						"1.0": ["-30/3", 0, 0]
					}
				},
				"ankle_left": {
					"rotation": {
						"0.0": ["-30/3", 0, 0],
						"0.25": [-58.33, 0, 0],
						"0.5": ["10/3", 0, 0],
						"1.0": ["-30/3", 0, 0]
					}
				},
				"back_paw_left": {
					"rotation": {
						"0.0": ["-30/3", 0, 0],
						"0.125": [23.33, 0, 0],
						"0.25": [38.33, 0, 0],
						"0.375": [-30, 0, 0],
						"0.5": ["10/3", 0, 0],
						"1.0": ["-30/3", 0, 0]
					}
				},
				"leg_right": {
					"rotation": {
						"0.0": [-10, 0, 0],
						"0.5": [30, 0, 0],
						"1.0": [-10, 0, 0]
					},
					"position": {
						"0.0": [0, 0.75, -3],
						"0.5": [0, -2.5, 2],
						"0.75": [0, 1.5, -0.5],
						"1.0": [0, 0.75, -3]
					}
				},
				"knee_right": {
					"rotation": {
						"0.0": ["10/3", 0, 0],
						"0.5": ["-30/3", 0, 0],
						"0.5833": [10, 0, 0],
						"0.625": [15, 0, 0],
						"0.75": [21.67, 0, 0],
						"0.875": [15, 0, 0],
						"0.9167": [12.5, 0, 0],
						"1.0": ["10/3", 0, 0]
					}
				},
				"ankle_right": {
					"rotation": {
						"0.0": ["10/3", 0, 0],
						"0.5": ["-30/3", 0, 0],
						"0.75": [-58.33, 0, 0],
						"1.0": ["10/3", 0, 0]
					}
				},
				"back_paw_right": {
					"rotation": {
						"0.0": ["10/3", 0, 0],
						"0.5": ["-30/3", 0, 0],
						"0.625": [23.33, 0, 0],
						"0.75": [38.33, 0, 0],
						"0.875": [-30, 0, 0],
						"1.0": ["10/3", 0, 0]
					}
				},
				"torso": {
					"rotation": [0, 0, "math.cos(q.anim_time*90*4)*2"],
					"position": [0, "-math.cos(q.anim_time*90*4*2-45)/3", 0]
				}
			}
		},
		"animation.manectric_mega.walkspeed": {
			"loop": true,
			"bones": {
				"manectric": {
					"position": [0, 0, "0-q.anim_time*90*0.25"]
				}
			}
		},
		"animation.manectric_mega.cry": {
			"animation_length": 4.25,
			"bones": {
				"arceus": {
					"rotation": {
						"0.0": [0, 0, 0],
						"3.0": [7.5, 0, 0]
					},
					"position": {
						"0.0": [0, 0, 0],
						"3.0": [0, -2.1, 0]
					}
				},
				"front_leg_left": {
					"rotation": {
						"0.0": [-15, 0, 0],
						"2.75": [-44.37, 0, 0],
						"3.0": [-22.5, 0, 0],
						"4.0": [-53.5, 0, 0]
					},
					"position": [0, 0, 0]
				},
				"BottomLegFL": {
					"rotation": {
						"0.0": [15, 0, 0],
						"4.0": [60, 0, 0]
					},
					"position": [0, 0, 0]
				},
				"front_leg_right": {
					"rotation": {
						"0.0": [2.5, 0, 0],
						"3.0": [-7.5, 0, 0],
						"4.0": [-27.5, 0, 0]
					},
					"position": [0, 0, 0]
				},
				"bottomLegFR": {
					"rotation": {
						"0.0": [7.5, 0, 0],
						"3.0": [20, 0, 0],
						"4.0": [46, 0, 0]
					},
					"position": [0, 0, 0]
				},
				"tail": {
					"rotation": {
						"0.0": [0, 0, 0],
						"1.0": [15, 0, 0],
						"2.0": [62.5, 0, 0],
						"4.0": [-10, 0, 0]
					},
					"position": [0, 0, 0]
				},
				"tail_piece_1": {
					"rotation": {
						"0.0": [0, 0, 0],
						"1.0": [7.5, 0, 0],
						"4.0": [-7.5, 0, 0]
					},
					"position": [0, 0, 0]
				},
				"tail_piece_2": {
					"rotation": {
						"0.0": [0, 0, 0],
						"1.0": [7.5, 0, 0],
						"4.0": [-12.5, 0, 0]
					},
					"position": [0, 0, 0]
				},
				"tail_piece_3": {
					"rotation": {
						"0.0": [0, 0, 0],
						"1.0": [10, 0, 0],
						"4.0": [-5, 0, 0]
					},
					"position": [0, 0, 0]
				},
				"ring": {
					"rotation": [0, 0, 0],
					"position": [0, 0, 0]
				},
				"back_leg_left": {
					"rotation": {
						"0.0": [5, 0, 0],
						"3.0": [-5, 0, 0]
					},
					"position": [0, 0, 0]
				},
				"BottomLegBL": {
					"rotation": [-5, 0, 0],
					"position": [0, 0, 0]
				},
				"back_leg_right": {
					"rotation": [5, 0, 0],
					"position": [0, 0, 0]
				},
				"BottomLegBR": {
					"rotation": [-5, 0, 0],
					"position": [0, 0, 0]
				},
				"neck_upper": {
					"rotation": {
						"0.0": [0, 0, 0],
						"4.0": [20, 0, 0]
					},
					"position": [0, 0, 0]
				},
				"head_tail": {
					"rotation": {
						"0.0": [0, 0, 0],
						"1.0": [15, 0, 0]
					},
					"position": {
						"0.0": [0, 0, 0],
						"1.0": [0, 0, -1.1]
					}
				},
				"head_tail_2": {
					"rotation": {
						"0.0": [0, 0, 0],
						"1.0": [12.5, 0, 0]
					},
					"position": {
						"0.0": [0, 0, 0],
						"1.0": [0, 0, -0.8]
					}
				},
				"head_tail_3": {
					"rotation": {
						"0.0": [0, 0, 0],
						"1.0": [10, 0, 0]
					},
					"position": {
						"0.0": [0, 0, 0],
						"1.0": [0, 0, -0.5]
					}
				},
				"head_tail_4": {
					"rotation": {
						"0.0": [0, 0, 0],
						"1.0": [10, 0, 0]
					},
					"position": [0, 0, 0]
				},
				"torso": {
					"rotation": [0, 0, 0],
					"position": [0, 0, 0]
				},
				"neck": {
					"rotation": [0, 0, 0],
					"position": [0, 0, 0]
				},
				"head": {
					"rotation": {
						"0.0": [0, 0, 0],
						"1.0": [-47.5, 0, 0],
						"2.0": [-67.5, 0, 0],
						"4.0": [30, 0, 0]
					},
					"position": {
						"0.0": [0, 0, 0],
						"4.0": [0, -2.1, 0.6]
					}
				}
			},
			"sound_effects": {
				"0.0": {
					"effect": "pokemon.manectric.cry"
				}
			}
		}
	}
}