{"format_version":"1.8.0","animations":{"animation.manectric.ground_idle":{"loop":true,"bones":{"torso":{"rotation":["0+math.sin(q.anim_time*90*2)",0,0],"position":[0,0,0]},"tail":{"rotation":["10-math.sin(q.anim_time*90*2-45)","0-math.sin(q.anim_time*90*2+45)",0]},"tail1":{"rotation":["15-math.sin(q.anim_time*90*2-90)*2","0-math.sin(q.anim_time*90*2+45)*2",0]},"tail2":{"rotation":["20-math.sin(q.anim_time*90*2-135)*3","-math.sin(q.anim_time*90*2)*3",0]},"neck":{"rotation":["7.5+math.sin(q.anim_time*90*2-45)*2",0,0]},"head":{"rotation":["-7.5+math.sin(q.anim_time*90*2-90)*2","-math.sin(q.anim_time*90*2+45)*2",0]},"jaw":{"rotation":["2.5+math.sin(q.anim_time*90*1)*2",0,0]},"leg_front_left1":{"rotation":["-math.sin(q.anim_time*90*2)*6",0,0]},"foot_front_left":{"rotation":["math.sin(q.anim_time*90*2)*3",0,0]},"leg_back_left1":{"rotation":["0-math.sin(q.anim_time*90*2)*6",0,0]},"foot_back_left":{"rotation":["0+math.sin(q.anim_time*90*2)*3",0,0]},"body":{"position":[0,"-math.sin(q.anim_time*90*2)*1/6",0]},"tail3":{"rotation":["17.5-math.sin(q.anim_time*90*2-180)*4","-math.sin(q.anim_time*90*2)*4",0]},"leg_front_right1":{"rotation":["-math.sin(q.anim_time*90*2)*6",0,0]},"foot_front_right":{"rotation":["math.sin(q.anim_time*90*2)*3",0,0]},"leg_back_right1":{"rotation":["-math.sin(q.anim_time*90*2)*6",0,0]},"foot_back_right":{"rotation":["math.sin(q.anim_time*90*2)*3",0,0]},"leg_front_left":{"position":[0,"math.sin(q.anim_time*90*2)*1/6",0]},"leg_front_right":{"position":[0,"math.sin(q.anim_time*90*2)*1/6",0]},"leg_back_left":{"position":[0,"math.sin(q.anim_time*90*2)*1/6",0]},"leg_back_right":{"position":[0,"math.sin(q.anim_time*90*2)*1/6",0]}}},"animation.manectric.pose":{"loop":true,"bones":{"tail":{"rotation":[-15.91527,-19.291,5.38152]},"tail1":{"rotation":[-11.00966,-24.59477,4.62934]},"tail2":{"rotation":[-17.5,-32.5,0]},"tail3":{"rotation":[24.52871,-11.16374,-89.65647]},"neck":{"rotation":[0,20,0]},"head":{"rotation":[-15,0,0]},"leg_front_left":{"rotation":[10,0,0]},"leg_front_left1":{"rotation":[-50,0,0]},"foot_front_left":{"rotation":[47.5,0,0]},"leg_back_right":{"rotation":[10,0,0]},"leg_back_right1":{"rotation":[-10,0,0]},"foot_back_right":{"rotation":[5,0,0]}}},"animation.manectric.ground_walk":{"loop":true,"animation_length":2,"bones":{"tail":{"rotation":["10 - 2 * math.sin(q.anim_time * 6 * 120 + 270)","-3 * math.sin(q.anim_time * 6 * 60 + 45)",0]},"tail1":{"rotation":["15 -2 * math.sin(q.anim_time * 6 * 120 + 90)","-3 * math.sin(q.anim_time * 6 * 60 + 90)",0]},"tail2":{"rotation":["20 -4 * math.sin(q.anim_time * 6 * 120 + 135)"," 1.5 * math.sin(q.anim_time * 6 * 60 + 135)",0]},"tail3":{"rotation":["12.5 -4 * math.sin(q.anim_time * 6 * 120)"," 1.5 * math.sin(q.anim_time * 6 * 60 + 180)",0]},"neck":{"rotation":["5 + 0.75 * math.sin(q.anim_time * 6*60/2 + 45)",0,"1 * math.cos(q.anim_time * 6 * 60 + 45)"]},"head":{"rotation":["math.sin(q.anim_time*6*60/2)",0,0]},"torso":{"rotation":[0,"-2.5 * math.sin(q.anim_time * 6 * 60 - 45)","1.5 * math.cos(q.anim_time * 6 * 60)"],"position":[0,"0.2 * math.sin(q.anim_time * 6 * 120)",0]},"waist":{"rotation":["-1 * math.sin(q.anim_time * 6 * 120 - 45)","2.5 * math.sin(q.anim_time * 6 * 60 - 45)","-1.5 * math.cos(q.anim_time * 6 * 60)"]},"hip":{"rotation":["-0.5 * math.sin(q.anim_time * 6 * 120)","2.5 * math.sin(q.anim_time * 6 * 60 - 45)","-1 * math.sin(q.anim_time * 6 * 60)"]},"leg_front_left":{"rotation":["15 * math.sin(q.anim_time * 6 * 60)",0,0],"position":[0,"0.25 * math.clamp(-math.cos(q.anim_time * 6 * 60), -1, 0) + 1 * math.clamp(-math.cos(q.anim_time * 6 * 60), 0, 1)","0.4 * math.sin(q.anim_time * 6 * 60)"]},"leg_front_left1":{"rotation":{"0.0":[-7.07,0,0],"0.125":{"pre":[3.5,0,0],"post":[3.5,0,0],"lerp_mode":"catmullrom"},"0.25":{"post":[10,0,0],"lerp_mode":"catmullrom"},"0.375":{"post":[-1.87,0,0],"lerp_mode":"catmullrom"},"0.5":{"post":[-3.75,0,0],"lerp_mode":"catmullrom"},"0.625":{"post":[-4.62,0,0],"lerp_mode":"catmullrom"},"0.75":{"post":[2.5,0,0],"lerp_mode":"catmullrom"},"0.875":{"post":[-1.1,0,0],"lerp_mode":"catmullrom"},"1.0":{"post":[-7.07,0,0],"lerp_mode":"catmullrom"}}},"foot_front_left":{"rotation":{"0.0":[7,0,0],"0.125":{"pre":[-11.25,0,0],"post":[-11.25,0,0],"lerp_mode":"catmullrom"},"0.25":{"post":[-7.5,0,0],"lerp_mode":"catmullrom"},"0.375":{"post":[3.25,0,0],"lerp_mode":"catmullrom"},"0.5":{"post":[12,0,0],"lerp_mode":"catmullrom"},"0.625":{"post":[10,0,0],"lerp_mode":"catmullrom"},"0.75":{"post":[-0.5,0,0],"lerp_mode":"catmullrom"},"0.875":{"post":[7.75,0,0],"lerp_mode":"catmullrom"},"1.0":{"post":[7,0,0],"lerp_mode":"catmullrom"}}},"leg_front_right":{"rotation":["-15 * math.sin(q.anim_time * 6 * 60)",0,0],"position":[0,"-1 * math.clamp(-math.cos(q.anim_time * 6 * 60), -1, 0) - 0.25 * math.clamp(-math.cos(q.anim_time * 6 * 60), 0, 1)","-0.4 * math.sin(q.anim_time * 6 * 60)"]},"leg_front_right1":{"rotation":{"0.0":[-3.75,0,0],"0.125":{"pre":[-4.62,0,0],"post":[-4.62,0,0],"lerp_mode":"catmullrom"},"0.25":{"post":[2.5,0,0],"lerp_mode":"catmullrom"},"0.375":{"post":[-1.1,0,0],"lerp_mode":"catmullrom"},"0.5":{"post":[-7.07,0,0],"lerp_mode":"catmullrom"},"0.625":{"post":[3.5,0,0],"lerp_mode":"catmullrom"},"0.75":{"post":[10,0,0],"lerp_mode":"catmullrom"},"0.875":{"post":[-1.87,0,0],"lerp_mode":"catmullrom"},"1.0":{"post":[-3.75,0,0],"lerp_mode":"catmullrom"}}},"foot_front_right":{"rotation":{"0.0":[12,0,0],"0.125":{"pre":[10,0,0],"post":[10,0,0],"lerp_mode":"catmullrom"},"0.25":{"post":[-0.5,0,0],"lerp_mode":"catmullrom"},"0.375":{"post":[7.75,0,0],"lerp_mode":"catmullrom"},"0.5":{"post":[7,0,0],"lerp_mode":"catmullrom"},"0.625":{"post":[-11.25,0,0],"lerp_mode":"catmullrom"},"0.75":{"post":[-7.5,0,0],"lerp_mode":"catmullrom"},"0.875":{"post":[3.25,0,0],"lerp_mode":"catmullrom"},"1.0":{"post":[12,0,0],"lerp_mode":"catmullrom"}}},"leg_back_left":{"rotation":["17.5 * math.cos(q.anim_time * 6 * 60) - 7.5",0,0],"position":[0,"-1 * math.clamp(-math.sin(q.anim_time * 6 * 60), -1, 0) - 0.25 * math.clamp(-math.sin(q.anim_time * 6 * 60), 0, 1)","0.3 * math.cos(q.anim_time * 6 * 60)"]},"leg_back_left1":{"rotation":{"0.0":[10,0,0],"0.25":{"pre":[-6.25,0,0],"post":[-6.25,0,0],"lerp_mode":"catmullrom"},"0.5":{"post":[2.5,0,0],"lerp_mode":"catmullrom"},"0.625":{"post":[-1.1,0,0],"lerp_mode":"catmullrom"},"0.75":{"post":[-7.5,0,0],"lerp_mode":"catmullrom"},"0.875":{"post":[-1.25,0,0],"lerp_mode":"catmullrom"},"1.0":{"post":[10,0,0],"lerp_mode":"catmullrom"}}},"foot_back_left":{"rotation":{"0.0":[-5,0,0],"0.125":{"pre":[6,0,0],"post":[6,0,0],"lerp_mode":"catmullrom"},"0.25":{"post":[13.75,0,0],"lerp_mode":"catmullrom"},"0.375":{"post":[5.63,0,0],"lerp_mode":"catmullrom"},"0.5":{"post":[-10,0,0],"lerp_mode":"catmullrom"},"0.625":{"post":[16.5,0,0],"lerp_mode":"catmullrom"},"0.75":{"post":[14.5,0,0],"lerp_mode":"catmullrom"},"0.875":{"post":[-0.25,0,0],"lerp_mode":"catmullrom"},"1.0":{"post":[-5,0,0],"lerp_mode":"catmullrom"}}},"leg_back_right":{"rotation":["-17.5 * math.cos(q.anim_time * 6 * 60) - 7.5",0,0],"position":[0,"0.25 * math.clamp(-math.sin(q.anim_time * 6 * 60), -1, 0) + math.clamp(-math.sin(q.anim_time * 6 * 60), 0, 1)","-0.3 * math.cos(q.anim_time * 6 * 60)"]},"leg_back_right1":{"rotation":{"0.0":[2.5,0,0],"0.125":{"pre":[-1.1,0,0],"post":[-1.1,0,0],"lerp_mode":"catmullrom"},"0.25":{"post":[-7.5,0,0],"lerp_mode":"catmullrom"},"0.375":{"post":[-1.25,0,0],"lerp_mode":"catmullrom"},"0.5":{"post":[10,0,0],"lerp_mode":"catmullrom"},"0.75":{"post":[-6.25,0,0],"lerp_mode":"catmullrom"},"1.0":{"post":[2.5,0,0],"lerp_mode":"catmullrom"}}},"foot_back_right":{"rotation":{"0.0":[-10,0,0],"0.125":{"pre":[16.5,0,0],"post":[16.5,0,0],"lerp_mode":"catmullrom"},"0.25":{"post":[14.5,0,0],"lerp_mode":"catmullrom"},"0.375":{"post":[-0.25,0,0],"lerp_mode":"catmullrom"},"0.5":{"post":[-5,0,0],"lerp_mode":"catmullrom"},"0.625":{"post":[6,0,0],"lerp_mode":"catmullrom"},"0.75":{"post":[13.75,0,0],"lerp_mode":"catmullrom"},"0.875":{"post":[5.63,0,0],"lerp_mode":"catmullrom"},"1.0":{"post":[-10,0,0],"lerp_mode":"catmullrom"}}},"leg_front_left3":{"rotation":{"0.0":[0,0,0],"0.25":[-5,0,0],"0.5":[17.5,0,0],"0.75":[-10,0,0],"1.0":[0,0,0],"1.25":[-5,0,0],"1.5":[17.5,0,0],"1.75":[-10,0,0],"2.0":[0,0,0]},"position":{"0.25":[0,0,0],"0.5":[0,0.25,0],"0.75":[0,0,0],"1.0":[0,0,0],"1.25":[0,0,0],"1.5":[0,0.25,0],"1.75":[0,0,0],"2.0":[0,0,0]}},"leg_front_right3":{"rotation":{"0.0":[17.5,0,0],"0.25":[-10,0,0],"0.5":[0,0,0],"0.75":[-5,0,0],"1.0":[17.5,0,0],"1.25":[-10,0,0],"1.5":[0,0,0],"1.75":[-5,0,0],"2.0":[17.5,0,0]},"position":{"0.0":[0,0.25,0],"0.25":[0,0,0],"0.5":[0,0,0],"0.75":[0,0,0],"1.0":[0,0.25,0],"1.25":[0,0,0],"1.75":[0,0,0],"2.0":[0,0.25,0]}},"toe3_right":{"rotation":[0,0,-5]},"leg_back_left3":{"rotation":{"0.0":[0,0,0],"0.25":[70,0,0],"0.5":[38.33,0,0],"0.625":[22.5,0,0],"0.75":[7.5,0,0],"1.0":[0,0,0],"1.25":[70,0,0],"1.5":[38.33,0,0],"1.625":[22.5,0,0],"1.75":[7.5,0,0],"2.0":[0,0,0]},"position":{"0.0":[0,0,0],"0.25":[0,0,0],"0.5":[0,0.25,0],"0.75":[0,0.5,0],"1.0":[0,0.5,0],"1.25":[0,0,0],"1.5":[0,0.25,0],"1.75":[0,0.5,0],"2.0":[0,0,0]}},"leg_back_right3":{"rotation":{"0.0":[38.33,0,0],"0.125":[22.5,0,0],"0.25":[7.5,0,0],"0.5":[0,0,0],"0.75":[70,0,0],"1.0":[38.33,0,0],"1.125":[22.5,0,0],"1.25":[7.5,0,0],"1.5":[0,0,0],"1.75":[70,0,0],"2.0":[38.33,0,0]},"position":{"0.0":[0,0.25,0],"0.25":[0,0.5,0],"0.5":[0,0.5,0],"0.75":[0,0,0],"1.0":[0,0.25,0],"1.25":[0,0.5,0],"1.5":[0,0.5,0],"1.75":[0,0,0],"2.0":[0,0.25,0]}},"leg_front_left2":{"rotation":{"0.0":[-12.5,0,0],"0.25":[0,0,0],"0.5":[0,0,0],"0.75":[0,0,0],"1.0":[-12.5,0,0],"1.25":[0,0,0],"1.5":[0,0,0],"1.75":[0,0,0],"2.0":[-12.5,0,0]}},"leg_front_right2":{"rotation":{"0.0":[0,0,0],"0.25":[0,0,0],"0.5":[-12.5,0,0],"0.75":[0,0,0],"1.0":[0,0,0],"1.25":[0,0,0],"1.5":[-12.5,0,0],"1.75":[0,0,0],"2.0":[0,0,0]}},"leg_back_left2":{"rotation":{"0.0":[0,0,0],"0.25":[20,0,0],"0.5":[10,0,0],"0.75":[0,0,0],"1.0":[0,0,0],"1.25":[20,0,0],"1.5":[10,0,0],"1.75":[0,0,0],"2.0":[0,0,0]}},"ankle_left":{"rotation":{"0.0":[0,0,0],"0.25":[-30,0,0],"0.5":[-15,0,0],"0.75":[0,0,0],"1.0":[0,0,0],"1.25":[-30,0,0],"1.5":[-15,0,0],"1.75":[0,0,0],"2.0":[0,0,0]}},"leg_back_right2":{"rotation":{"0.0":[10,0,0],"0.25":[0,0,0],"0.5":[0,0,0],"0.75":[20,0,0],"1.0":[10,0,0],"1.25":[0,0,0],"1.5":[0,0,0],"1.75":[20,0,0],"2.0":[10,0,0]}},"ankle_right":{"rotation":{"0.0":[-15,0,0],"0.25":[0,0,0],"0.5":[0,0,0],"0.75":[-30,0,0],"1.0":[-15,0,0],"1.25":[0,0,0],"1.5":[0,0,0],"1.75":[-30,0,0],"2.0":[-15,0,0]}}}},"animation.manectric.pose2":{"loop":true,"bones":{"tail":{"rotation":[-15.91527,-19.291,5.38152]},"tail1":{"rotation":[-11.00966,-24.59477,4.62934]},"tail2":{"rotation":[-17.5,-32.5,0]},"tail3":{"rotation":[24.52871,-11.16374,-89.65647]},"neck":{"rotation":[0,20,0]},"head":{"rotation":[-15,0,0]},"leg_front_left":{"rotation":[10,0,0]},"leg_front_left1":{"rotation":[-50,0,0]},"foot_front_left":{"rotation":[47.5,0,0]},"leg_back_right":{"rotation":[10,0,0]},"leg_back_right1":{"rotation":[-10,0,0]},"foot_back_right":{"rotation":[5,0,0]}}},"animation.manectric.walk_test":{"loop":true,"bones":{"body":{"position":[0,0,"-q.anim_time * 90 * 0.32"]},"leg_front_left3":{"rotation":[0,0,0]},"leg_front_right3":{"rotation":[0,0,0]},"leg_back_left3":{"rotation":[0,0,0]},"leg_back_right3":{"rotation":[0,0,0]}}}}}