{"format_version":"1.8.0","animations":{"animation.marill.ground_idle":{"loop":true,"animation_length":2,"bones":{"bb_rightarm":{"rotation":{"0.0":{"post":[0,0,0],"lerp_mode":"catmullrom"},"0.5":{"post":[0,7.5,0],"lerp_mode":"catmullrom"},"1.0":{"post":[0,0,0],"lerp_mode":"catmullrom"},"1.5":{"post":[0,7.5,0],"lerp_mode":"catmullrom"},"2.0":{"post":[0,0,0],"lerp_mode":"catmullrom"}}},"bb_leaftarm":{"rotation":{"0.0":{"post":[0,0,0],"lerp_mode":"catmullrom"},"0.5":{"post":[0,-7.5,0],"lerp_mode":"catmullrom"},"1.0":{"post":[0,0,0],"lerp_mode":"catmullrom"},"1.5":{"post":[0,-7.5,0],"lerp_mode":"catmullrom"},"2.0":{"post":[0,0,0],"lerp_mode":"catmullrom"}}},"bb_upperbdody":{"rotation":{"0.0":{"post":[0,0,0],"lerp_mode":"catmullrom"},"0.5":{"post":[0,5,0],"lerp_mode":"catmullrom"},"1.0":{"post":[0,0,0],"lerp_mode":"catmullrom"},"1.5":{"post":[0,-5,0],"lerp_mode":"catmullrom"},"2.0":{"post":[0,0,0],"lerp_mode":"catmullrom"}},"position":{"0.0":{"post":[0,0,0],"lerp_mode":"catmullrom"},"0.5":{"post":[0,0.5,0],"lerp_mode":"catmullrom"},"1.0":{"post":[0,0,0],"lerp_mode":"catmullrom"},"1.5":{"post":[0,0.5,0],"lerp_mode":"catmullrom"},"2.0":{"post":[0,0,0],"lerp_mode":"catmullrom"}}},"bb_tail":{"rotation":{"0.0":{"post":[0,0,0],"lerp_mode":"catmullrom"},"0.5":{"post":[0,-10,0],"lerp_mode":"catmullrom"},"1.0":{"post":[0,0,0],"lerp_mode":"catmullrom"},"1.5":{"post":[0,10,0],"lerp_mode":"catmullrom"},"2.0":{"post":[0,0,0],"lerp_mode":"catmullrom"}}},"lfoot":{"rotation":{"0.0":{"post":[0,0,0],"lerp_mode":"catmullrom"},"0.5":{"post":[20,0,0],"lerp_mode":"catmullrom"},"1.0":{"post":[0,0,0],"lerp_mode":"catmullrom"},"1.5":{"post":[20,0,0],"lerp_mode":"catmullrom"},"2.0":{"post":[0,0,0],"lerp_mode":"catmullrom"}},"position":{"0.0":{"post":[0,0,0],"lerp_mode":"catmullrom"},"0.5":{"post":[0,0.5,0],"lerp_mode":"catmullrom"},"1.0":{"post":[0,0,0],"lerp_mode":"catmullrom"},"1.5":{"post":[0,0.5,0],"lerp_mode":"catmullrom"},"2.0":{"post":[0,0,0],"lerp_mode":"catmullrom"}}},"rfoot":{"rotation":{"0.0":{"post":[0,0,0],"lerp_mode":"catmullrom"},"0.5":{"post":[20,0,0],"lerp_mode":"catmullrom"},"1.0":{"post":[0,0,0],"lerp_mode":"catmullrom"},"1.5":{"post":[20,0,0],"lerp_mode":"catmullrom"},"2.0":{"post":[0,0,0],"lerp_mode":"catmullrom"}},"position":{"0.0":{"post":[0,0,0],"lerp_mode":"catmullrom"},"0.5":{"post":[0,0.5,0],"lerp_mode":"catmullrom"},"1.0":{"post":[0,0,0],"lerp_mode":"catmullrom"},"1.5":{"post":[0,0.5,0],"lerp_mode":"catmullrom"},"2.0":{"post":[0,0,0],"lerp_mode":"catmullrom"}}}}},"animation.marill.ground_walk":{"loop":true,"animation_length":1.83333,"bones":{"lfoot":{"rotation":{"0.0":{"post":[0,0,0],"lerp_mode":"catmullrom"},"0.2917":{"post":[0,0,0],"lerp_mode":"catmullrom"},"0.4583":{"post":[0,0,0],"lerp_mode":"catmullrom"},"0.7083":{"post":[-20,0,0],"lerp_mode":"catmullrom"},"0.9167":{"post":[0,0,0],"lerp_mode":"catmullrom"},"1.2083":{"post":[0,0,0],"lerp_mode":"catmullrom"},"1.375":{"post":[0,0,0],"lerp_mode":"catmullrom"},"1.625":{"post":[-20,0,0],"lerp_mode":"catmullrom"},"1.8333":{"post":[0,0,0],"lerp_mode":"catmullrom"}},"position":{"0.0":{"post":[0,0,-1.7],"lerp_mode":"catmullrom"},"0.2917":{"post":[0,0,1],"lerp_mode":"catmullrom"},"0.4583":{"post":[0,0,0],"lerp_mode":"catmullrom"},"0.7083":{"post":[0,0.3,-1.6],"lerp_mode":"catmullrom"},"0.9167":{"post":[0,0,-1.7],"lerp_mode":"catmullrom"},"1.2083":{"post":[0,0,1],"lerp_mode":"catmullrom"},"1.375":{"post":[0,0,0],"lerp_mode":"catmullrom"},"1.625":{"post":[0,0.3,-1.6],"lerp_mode":"catmullrom"},"1.8333":{"post":[0,0,-1.7],"lerp_mode":"catmullrom"}}},"rfoot":{"rotation":{"0.0":{"post":[0,0,0],"lerp_mode":"catmullrom"},"0.25":{"post":[-20,0,0],"lerp_mode":"catmullrom"},"0.4583":{"post":[0,0,0],"lerp_mode":"catmullrom"},"0.75":{"post":[0,0,0],"lerp_mode":"catmullrom"},"0.9167":{"post":[0,0,0],"lerp_mode":"catmullrom"},"1.1667":{"post":[-20,0,0],"lerp_mode":"catmullrom"},"1.375":{"post":[0,0,0],"lerp_mode":"catmullrom"},"1.6667":{"post":[0,0,0],"lerp_mode":"catmullrom"},"1.8333":{"post":[0,0,0],"lerp_mode":"catmullrom"}},"position":{"0.0":{"post":[0,0,0],"lerp_mode":"catmullrom"},"0.25":{"post":[0,0.3,-1.6],"lerp_mode":"catmullrom"},"0.4583":{"post":[0,0,-1.7],"lerp_mode":"catmullrom"},"0.75":{"post":[0,0,1],"lerp_mode":"catmullrom"},"0.9167":{"post":[0,0,0],"lerp_mode":"catmullrom"},"1.1667":{"post":[0,0.3,-1.6],"lerp_mode":"catmullrom"},"1.375":{"post":[0,0,-1.7],"lerp_mode":"catmullrom"},"1.6667":{"post":[0,0,1],"lerp_mode":"catmullrom"},"1.8333":{"post":[0,0,0],"lerp_mode":"catmullrom"}}},"bb_upperbdody":{"rotation":{"0.0":{"post":[0,0,0],"lerp_mode":"catmullrom"},"0.25":{"post":[-5,0,0],"lerp_mode":"catmullrom"},"0.4583":{"post":[0,0,0],"lerp_mode":"catmullrom"},"0.7083":{"post":[-5,0,0],"lerp_mode":"catmullrom"},"0.9167":{"post":[0,0,0],"lerp_mode":"catmullrom"},"1.1667":{"post":[-5,0,0],"lerp_mode":"catmullrom"},"1.375":{"post":[0,0,0],"lerp_mode":"catmullrom"},"1.625":{"post":[-5,0,0],"lerp_mode":"catmullrom"},"1.8333":{"post":[0,0,0],"lerp_mode":"catmullrom"}}},"bb_leaftarm":{"rotation":{"0.0":{"post":[1,-20,-2.5],"lerp_mode":"catmullrom"},"0.3333":{"post":[-10,7.5,0],"lerp_mode":"catmullrom"},"0.7083":{"post":[1,-20,-2.5],"lerp_mode":"catmullrom"},"0.9167":{"post":[1,-20,-2.5],"lerp_mode":"catmullrom"},"1.25":{"post":[-10,7.5,0],"lerp_mode":"catmullrom"},"1.625":{"post":[1,-20,-2.5],"lerp_mode":"catmullrom"},"1.8333":{"post":[1,-20,-2.5],"lerp_mode":"catmullrom"}},"position":{"0.0":{"post":[0.1,0,0],"lerp_mode":"catmullrom"},"0.3333":{"post":[0.2,0,0],"lerp_mode":"catmullrom"},"0.7083":{"post":[0.1,0,0],"lerp_mode":"catmullrom"},"0.9167":{"post":[0.1,0,0],"lerp_mode":"catmullrom"},"1.25":{"post":[0.2,0,0],"lerp_mode":"catmullrom"},"1.625":{"post":[0.1,0,0],"lerp_mode":"catmullrom"},"1.8333":{"post":[0.1,0,0],"lerp_mode":"catmullrom"}}},"bb_rightarm":{"rotation":{"0.0":{"post":[-7.56,10.28,-0.56],"lerp_mode":"catmullrom"},"0.25":{"post":[1,20,-2.5],"lerp_mode":"catmullrom"},"0.4583":{"post":[1,20,-2.5],"lerp_mode":"catmullrom"},"0.7917":{"post":[-10,7.5,0],"lerp_mode":"catmullrom"},"1.1667":{"post":[1,20,-2.5],"lerp_mode":"catmullrom"},"1.375":{"post":[1,20,-2.5],"lerp_mode":"catmullrom"},"1.7083":{"post":[-10,7.5,0],"lerp_mode":"catmullrom"},"1.8333":{"post":[-7.56,10.28,-0.56],"lerp_mode":"catmullrom"}},"position":{"0.0":{"post":[-0.18,0,0],"lerp_mode":"catmullrom"},"0.25":{"post":[-0.1,0,0],"lerp_mode":"catmullrom"},"0.4583":{"post":[-0.1,0,0],"lerp_mode":"catmullrom"},"0.7917":{"post":[-0.2,0,0],"lerp_mode":"catmullrom"},"1.1667":{"post":[-0.1,0,0],"lerp_mode":"catmullrom"},"1.375":{"post":[-0.1,0,0],"lerp_mode":"catmullrom"},"1.7083":{"post":[-0.2,0,0],"lerp_mode":"catmullrom"},"1.8333":{"post":[-0.18,0,0],"lerp_mode":"catmullrom"}}},"bb_tail":{"rotation":{"0.0":{"post":[0,-3.73,0],"lerp_mode":"catmullrom"},"0.25":{"post":[0,15,0],"lerp_mode":"catmullrom"},"0.7083":{"post":[0,-15,0],"lerp_mode":"catmullrom"},"1.1667":{"post":[0,15,0],"lerp_mode":"catmullrom"},"1.625":{"post":[0,-15,0],"lerp_mode":"catmullrom"},"1.8333":{"post":[0,-3.73,0],"lerp_mode":"catmullrom"}}}}},"animation.marill.blink":{"animation_length":0.625,"bones":{"eye_left":{"scale":{"0.0":[1,1,1],"0.2083":[1,1,1],"0.2917":[1,0,1],"0.375":[1,0,1],"0.4583":[1,1.1,1],"0.5":[1,1,1],"0.625":[1,1,1]}},"eye_right":{"scale":{"0.0":[1,1,1],"0.2083":[1,1,1],"0.2917":[1,0,1],"0.375":[1,0,1],"0.4583":[1,1.1,1],"0.5":[1,1,1],"0.625":[1,1,1]}}}},"animation.marill.faint":{"animation_length":2.5}}}