{"format_version":"1.8.0","animations":{"animation.megagengar.ground_idle":{"loop":true,"bones":{"arm_right":{"rotation":["9.8414+Math.cos((query.anim_time - 0.2) * 90) * -2",-38.87796,"-1*(49.7132+Math.cos((query.anim_time - 0.2) * 90) * -4)"],"position":[1,0,-1]},"arm_right2":{"rotation":[1.29739,-4.9442,-4.9423]},"arm_left":{"rotation":[9.8414,38.87796,"49.7132+Math.cos((query.anim_time - 0.2) * 90) * -4"],"position":[-1,0,-1]},"arm_left2":{"rotation":[1.29739,4.94422,4.94229]},"tail":{"rotation":["-10+(2.25*math.sin(q.anim_time*90*2)*0.4-2.25*math.sin(q.anim_time*90*2-30)*0.4-2.25*math.sin(q.anim_time*90*2-60)*0.4+2.25*math.sin(q.anim_time*90*2-90)*0.4)*5",0,"(2.25*math.sin(q.anim_time*90*2)*0.4-2.25*math.sin(q.anim_time*90*2-30)*0.4+2.25*math.sin(q.anim_time*90*2-60)*0.4-2.25*math.sin(q.anim_time*90*2-90)*0.4)*5"]},"tail2":{"rotation":["7.5+(2.25*math.sin(q.anim_time*90*2)*0.4-2.25*math.sin(q.anim_time*90*2-30)*0.4-2.25*math.sin(q.anim_time*90*2-60)*0.4+2.25*math.sin(q.anim_time*90*2-90)*0.4)*10",0,"0+(2.25*math.sin(q.anim_time*90*2)*0.4-2.25*math.sin(q.anim_time*90*2-30)*0.4+2.25*math.sin(q.anim_time*90*2-60)*0.4-2.25*math.sin(q.anim_time*90*2-90)*0.4)*5"]},"arm_left3":{"rotation":["11.2665+Math.cos((query.anim_time - 0.2) * 90) * -2",-25.252,-55.0315],"position":[-3,-2.5,-4]},"arm_left4":{"rotation":[1.29739,-4.9442,-4.9423],"position":[0,0,-1]},"body":{"rotation":["0+Math.cos((query.anim_time - 0.2) * 90) * 2",0,0],"position":[0,-4.5,0]},"torso":{"rotation":[0,0,0]},"bone4":{"scale":0},"leg_right":{"rotation":["(15+math.sin(q.anim_time*90*1-220)*-8)",10,"(0.2*math.sin(q.anim_time*90*15))*0.5"],"position":[0,-1.1,0]},"leg_left":{"rotation":["(15+math.sin(q.anim_time*90*1-220)*-8)",-10,"(0.2*math.sin(q.anim_time*90*15))*-0.5"],"position":[0,-1.1,0]},"hand_left":{"rotation":["(0.2*math.sin(q.anim_time*90*15))*1.5",10,"15+math.sin(q.anim_time*90*1-220)*-8"]},"finger_left_index":{"rotation":["-25+math.sin(q.anim_time*90*1-220)*8",15,0]},"finger_left_index2":{"rotation":["30+math.sin(q.anim_time*90*1-280)*10",0,0]},"finger_left_middle":{"rotation":["-20+math.sin(q.anim_time*90*1-250)*12",0,0]},"finger_left_middle2":{"rotation":["30+math.sin(q.anim_time*90*1-280)*10",0,0]},"finger_left_ring":{"rotation":["-30+math.sin(q.anim_time*90*1-220)*8",-15,15]},"finger_left_ring2":{"rotation":["30+math.sin(q.anim_time*90*1-280)*10",0,0]},"hand_right":{"rotation":["(0.2*math.sin(q.anim_time*90*15))*1.5",-10,"-1*(15+math.sin(q.anim_time*90*1-220)*-8)"]},"finger_right_index":{"rotation":["-25+math.sin(q.anim_time*90*1-220)*8",-15,0]},"finger_right_index2":{"rotation":["30+math.sin(q.anim_time*90*1-280)*10",0,0]},"finger_right_middle":{"rotation":["-20+math.sin(q.anim_time*90*1-250)*12",0,0]},"finger_right_middle2":{"rotation":["30+math.sin(q.anim_time*90*1-280)*10",0,0]},"finger_right_ring":{"rotation":["-30+math.sin(q.anim_time*90*1-220)*8",15,-15]},"finger_right_ring2":{"rotation":["30+math.sin(q.anim_time*90*1-280)*10",0,0]},"waist":{"rotation":["0-Math.cos((query.anim_time - 0.2) * 90) * 1",0,0]},"leg_right2":{"rotation":["(-20+math.sin(q.anim_time*90*1-250)*6+30)",0,0]},"foot_right":{"rotation":["math.sin(q.anim_time*90*1-280)*10",0,0]},"leg_left2":{"rotation":["(-20+math.sin(q.anim_time*90*1-250)*6+30)",0,0]},"foot_left":{"rotation":["math.sin(q.anim_time*90*1-280)*10",0,0]},"tail3":{"rotation":["(0.2*math.sin(q.anim_time*90*15))*2.5",0,0]}}},"animation.megagengar.ground_walk":{"loop":true,"bones":{"body":{"position":["0.5*math.sin(q.anim_time*90*3/2)-0.5*math.sin(q.anim_time*90*3/2-60)","9+1*math.sin(q.anim_time*90*3)*0.4-1*math.sin(q.anim_time*90*3-30)*0.4-1*math.sin(q.anim_time*90*3-60)*0.4+1*math.sin(q.anim_time*90*3-90)*0.4","1.25*math.sin(q.anim_time*90*3)*0.4-1.*math.sin(q.anim_time*90*3-30)*0.4+1*math.sin(q.anim_time*90*3-60)*0.4-1.25*math.sin(q.anim_time*90*3-90)*0.4"]},"torso":{"rotation":["5-4*math.sin(q.anim_time*90*3-30)+math.clamp(3*math.sin(q.anim_time*90*2-30)*1,0,3)",0,"(0.2*math.sin(q.anim_time*90*15))*0.5"]},"arm_left":{"rotation":[20,"-(NaN-((5-4*math.sin(q.anim_time*90*3-30)+math.clamp(3*math.sin(q.anim_time*90*2-0)*1,0,3))*-1-20))","-(NaN-((5-4*math.sin(q.anim_time*90*3-0)+math.clamp(3*math.sin(q.anim_time*90*2-0)*1,0,3))*1+30))"]},"arm_left2":{"rotation":[0,35,0]},"arm_right":{"rotation":[20,"-((5-4*math.sin(q.anim_time*90*3-30)+math.clamp(3*math.sin(q.anim_time*90*2-0)*1,0,3))*-1-20)","-((5-4*math.sin(q.anim_time*90*3-0)+math.clamp(3*math.sin(q.anim_time*90*2-0)*1,0,3))*1+30)"]},"arm_right2":{"rotation":[0,-35,0]},"waist":{"rotation":["2.5-1*math.sin(q.anim_time*90*3-30)+math.clamp(3*math.sin(q.anim_time*90*2-30)*1,0,3)",0,"0+(0.1*math.sin(q.anim_time*90*15))*0.2"]},"tail":{"rotation":["-17.5+(2.25*math.sin(q.anim_time*90*2)*0.4-2.25*math.sin(q.anim_time*90*2-30)*0.4-2.25*math.sin(q.anim_time*90*2-60)*0.4+2.25*math.sin(q.anim_time*90*2-90)*0.4)*5",0,"0+(2.25*math.sin(q.anim_time*90*2)*0.4-2.25*math.sin(q.anim_time*90*2-30)*0.4+2.25*math.sin(q.anim_time*90*2-60)*0.4-2.25*math.sin(q.anim_time*90*2-90)*0.4)*5"]},"tail2":{"rotation":["(2.25*math.sin(q.anim_time*90*2)*0.4-2.25*math.sin(q.anim_time*90*2-30)*0.4-2.25*math.sin(q.anim_time*90*2-60)*0.4+2.25*math.sin(q.anim_time*90*2-90)*0.4)*10",0,"(2.25*math.sin(q.anim_time*90*2)*0.4-2.25*math.sin(q.anim_time*90*2-30)*0.4+2.25*math.sin(q.anim_time*90*2-60)*0.4-2.25*math.sin(q.anim_time*90*2-90)*0.4)*5"]},"leg_right":{"rotation":["(5-4*math.sin(q.anim_time*90*3-0)+math.clamp(3*math.sin(q.anim_time*90*2-0)*1,0,3))*2",15,0]},"leg_left":{"rotation":["(5-4*math.sin(q.anim_time*90*3-0)+math.clamp(3*math.sin(q.anim_time*90*2-0)*1,0,3))*2",-15,0]},"tail3":{"rotation":["(0.2*math.sin(q.anim_time*90*15))*7.5",0,0]}}},"animation.megagengar.air_idle":{"loop":true,"bones":{"body":{"position":[0,"10-1.5*(math.sin(q.anim_time*45*2))",0]},"torso":{"rotation":["5*(math.sin(q.anim_time*45*2))+2.5",0,0]},"arm_left":{"rotation":[15.82013,37.43432,"31.6279-10*(math.cos(q.anim_time*45*2))"]},"arm_left2":{"rotation":[0,37.5,0]},"finger_left_index":{"rotation":["-20+math.sin(q.anim_time*90*1-250)*12",0,0]},"finger_left_index2":{"rotation":["30+math.sin(q.anim_time*90*1-280)*10",0,0]},"finger_left_middle":{"rotation":["-20+math.sin(q.anim_time*90*1-250)*12",0,0]},"finger_left_middle2":{"rotation":["30+math.sin(q.anim_time*90*1-280)*10",0,0]},"finger_left_ring":{"rotation":["-30+math.sin(q.anim_time*90*1-220)*8",-15,15]},"finger_left_ring2":{"rotation":["30+math.sin(q.anim_time*90*1-280)*10",0,0]},"arm_right":{"rotation":[15.82013,-37.43432,"-(31.6279-10*(math.cos(q.anim_time*45*2)))"]},"arm_right2":{"rotation":[0,-37.5,0]},"finger_right_index":{"rotation":["-25+math.sin(q.anim_time*90*1-220)*8",-15,0]},"finger_right_index2":{"rotation":["30+math.sin(q.anim_time*90*1-280)*10",0,0]},"finger_right_middle":{"rotation":["-20+math.sin(q.anim_time*90*1-250)*12",0,0]},"finger_right_middle2":{"rotation":["30+math.sin(q.anim_time*90*1-280)*10",0,0]},"finger_right_ring":{"rotation":["-30+math.sin(q.anim_time*90*1-220)*8",15,-15]},"finger_right_ring2":{"rotation":["30+math.sin(q.anim_time*90*1-280)*10",0,0]},"waist":{"rotation":["2.5*(math.sin(q.anim_time*45*2))+0",0,0]},"tail":{"rotation":["-20+(2.25*math.sin(q.anim_time*90*2)*0.4-2.25*math.sin(q.anim_time*90*2-30)*0.4-2.25*math.sin(q.anim_time*90*2-60)*0.4+2.25*math.sin(q.anim_time*90*2-90)*0.4)*5",0,"(2.25*math.sin(q.anim_time*90*2)*0.4-2.25*math.sin(q.anim_time*90*2-30)*0.4+2.25*math.sin(q.anim_time*90*2-60)*0.4-2.25*math.sin(q.anim_time*90*2-90)*0.4)*5"]},"tail2":{"rotation":["7.5+(2.25*math.sin(q.anim_time*90*2)*0.4-2.25*math.sin(q.anim_time*90*2-30)*0.4-2.25*math.sin(q.anim_time*90*2-60)*0.4+2.25*math.sin(q.anim_time*90*2-90)*0.4)*10",0,"0+(2.25*math.sin(q.anim_time*90*2)*0.4-2.25*math.sin(q.anim_time*90*2-30)*0.4+2.25*math.sin(q.anim_time*90*2-60)*0.4-2.25*math.sin(q.anim_time*90*2-90)*0.4)*5"]},"leg_right":{"rotation":["-10*(math.cos(q.anim_time*45*2))",10,0]},"leg_left":{"rotation":["-10*(math.cos(q.anim_time*45*2))",-10,0]},"tail3":{"rotation":["(0.2*math.sin(q.anim_time*90*15))*2.5",0,0]}}},"animation.megagengar.blink":{"animation_length":0.1667,"bones":{"eyelid_right":{"position":{"0.0":[0,0,-0.1],"0.125":[0,0,-0.1],"0.1667":[0,0,0]}},"eyelid_left":{"position":{"0.0":[0,0,-0.1],"0.125":[0,0,-0.1],"0.1667":[0,0,0]}},"eye_right":{"position":{"0.0":[0,0,0.1],"0.125":[0,0,0],"0.1667":[0,0,0]}},"eye_left":{"position":{"0.0":[0,0,0.1],"0.125":[0,0,0],"0.1667":[0,0,0]}}}},"animation.megagengar.sleep":{"loop":true,"bones":{"arm_right":{"rotation":["9.8414+Math.cos((query.anim_time - 0.2) * 90) * -2",-38.87796,"-1*(49.7132+Math.cos((query.anim_time - 0.2) * 90) * -4)"],"position":[1,0,-1]},"arm_right2":{"rotation":[1.29739,-4.9442,-4.9423],"position":[0,0,-1]},"arm_left":{"rotation":[9.8414,38.87796,"49.7132+Math.cos((query.anim_time - 0.2) * 90) * -4"],"position":[-1,0,-1]},"arm_left2":{"rotation":[1.29739,4.94422,4.94229],"position":[0,0,-1]},"tail":{"rotation":["-10+(2.25*math.sin(q.anim_time*90*2)*0.4-2.25*math.sin(q.anim_time*90*2-30)*0.4-2.25*math.sin(q.anim_time*90*2-60)*0.4+2.25*math.sin(q.anim_time*90*2-90)*0.4)*5",0,"(2.25*math.sin(q.anim_time*90*2)*0.4-2.25*math.sin(q.anim_time*90*2-30)*0.4+2.25*math.sin(q.anim_time*90*2-60)*0.4-2.25*math.sin(q.anim_time*90*2-90)*0.4)*5"]},"tail2":{"rotation":["7.5+(2.25*math.sin(q.anim_time*90*2)*0.4-2.25*math.sin(q.anim_time*90*2-30)*0.4-2.25*math.sin(q.anim_time*90*2-60)*0.4+2.25*math.sin(q.anim_time*90*2-90)*0.4)*10",0,"0+(2.25*math.sin(q.anim_time*90*2)*0.4-2.25*math.sin(q.anim_time*90*2-30)*0.4+2.25*math.sin(q.anim_time*90*2-60)*0.4-2.25*math.sin(q.anim_time*90*2-90)*0.4)*5"]},"arm_left3":{"rotation":["11.2665+Math.cos((query.anim_time - 0.2) * 90) * -2",-25.252,-55.0315],"position":[-3,-2.5,-4]},"arm_left4":{"rotation":[1.29739,-4.9442,-4.9423],"position":[0,0,-1]},"body":{"rotation":["0+Math.cos((query.anim_time - 0.2) * 90) * 2",0,0]},"torso":{"rotation":[0,0,0]},"bone4":{"scale":0},"gengar_mega":{"position":[0,0,0]},"leg_right":{"rotation":["(15+math.sin(q.anim_time*90*1-220)*-8)",10,"(0.2*math.sin(q.anim_time*90*15))*0.5"],"position":[0,-1.1,0]},"leg_left":{"rotation":["(15+math.sin(q.anim_time*90*1-220)*-8)",-10,"(0.2*math.sin(q.anim_time*90*15))*-0.5"],"position":[0,-1.1,0]},"hand_left":{"rotation":["(0.2*math.sin(q.anim_time*90*15))*1.5",10,"15+math.sin(q.anim_time*90*1-220)*-8"]},"finger_left_index":{"rotation":["-25+math.sin(q.anim_time*90*1-220)*8",15,0]},"finger_left_index2":{"rotation":["30+math.sin(q.anim_time*90*1-280)*10",0,0]},"finger_left_middle":{"rotation":["-20+math.sin(q.anim_time*90*1-250)*12",0,0]},"finger_left_middle2":{"rotation":["30+math.sin(q.anim_time*90*1-280)*10",0,0]},"finger_left_ring":{"rotation":["-30+math.sin(q.anim_time*90*1-220)*8",-15,15]},"finger_left_ring2":{"rotation":["30+math.sin(q.anim_time*90*1-280)*10",0,0]},"hand_right":{"rotation":["(0.2*math.sin(q.anim_time*90*15))*1.5",-10,"-1*(15+math.sin(q.anim_time*90*1-220)*-8)"]},"finger_right_index":{"rotation":["-25+math.sin(q.anim_time*90*1-220)*8",-15,0]},"finger_right_index2":{"rotation":["30+math.sin(q.anim_time*90*1-280)*10",0,0]},"finger_right_middle":{"rotation":["-20+math.sin(q.anim_time*90*1-250)*12",0,0]},"finger_right_middle2":{"rotation":["30+math.sin(q.anim_time*90*1-280)*10",0,0]},"finger_right_ring":{"rotation":["-30+math.sin(q.anim_time*90*1-220)*8",15,-15]},"finger_right_ring2":{"rotation":["30+math.sin(q.anim_time*90*1-280)*10",0,0]},"waist":{"rotation":["0-Math.cos((query.anim_time - 0.2) * 90) * 1",0,0]},"leg_right2":{"rotation":["(-20+math.sin(q.anim_time*90*1-250)*6+30)",0,0]},"foot_right":{"rotation":["math.sin(q.anim_time*90*1-280)*10",0,0]},"leg_left2":{"rotation":["(-20+math.sin(q.anim_time*90*1-250)*6+30)",0,0]},"foot_left":{"rotation":["math.sin(q.anim_time*90*1-280)*10",0,0]},"tail3":{"rotation":["(0.2*math.sin(q.anim_time*90*15))*2.5",0,0]},"eye_right":{"position":[0,0,1]},"eye_left":{"position":[0,0,1]},"mouth_2":{"position":[0,"Math.cos((query.anim_time - 0.2) * 90) * 0.5-1",0]},"teeth":{"position":[0,-1,0]}}},"animation.megagengar.cry":{"animation_length":1.5,"bones":{"mouth_closed":{"position":{"0.0":[0,0,0],"0.25":{"pre":[0,0,0],"post":[0,0,1.1]},"1.25":{"pre":[0,0,1.1],"post":[0,0,0]},"1.5":[0,0,0]}},"mouth_open":{"position":{"0.0":[0,0,0],"0.25":{"pre":[0,0,0],"post":[0,0,-1.1]},"1.25":{"pre":[0,0,-1.1],"post":[0,0,0]},"1.5":[0,0,0]}},"torso":{"rotation":{"0.0":{"post":[0,0,0],"lerp_mode":"catmullrom"},"0.0833":{"post":[10,0,0],"lerp_mode":"catmullrom"},"0.25":{"post":[-2.5,0,0],"lerp_mode":"catmullrom"},"0.6667":{"post":[-5,0,0],"lerp_mode":"catmullrom"},"1.25":[0,0,0]}},"arm_left":{"rotation":{"0.0":{"post":[0,0,0],"lerp_mode":"catmullrom"},"0.0833":{"post":[0,20,10],"lerp_mode":"catmullrom"},"0.25":{"post":[-30,-15,-50],"lerp_mode":"catmullrom"},"0.9167":{"post":[-35,-20,-55],"lerp_mode":"catmullrom"},"1.5":[0,0,0]}},"arm_left2":{"rotation":{"0.0":{"post":[0,0,0],"lerp_mode":"catmullrom"},"0.4167":{"post":[0,50,0],"lerp_mode":"catmullrom"},"1.0":{"post":[0,57.5,0],"lerp_mode":"catmullrom"},"1.5":[0,0,0]}},"hand_left":{"rotation":[0,0,0]},"arm_right":{"rotation":{"0.0":{"post":[0,0,0],"lerp_mode":"catmullrom"},"0.0833":{"post":[0,-20,-10],"lerp_mode":"catmullrom"},"0.25":{"post":[-30,15,50],"lerp_mode":"catmullrom"},"0.9167":{"post":[-35,20,55],"lerp_mode":"catmullrom"},"1.5":[0,0,0]}},"arm_right2":{"rotation":{"0.0":{"post":[0,0,0],"lerp_mode":"catmullrom"},"0.4167":{"post":[0,-50,0],"lerp_mode":"catmullrom"},"1.0833":{"post":[0,-57.5,0],"lerp_mode":"catmullrom"},"1.5":[0,0,0]}},"mouth_2":{"position":{"0.0":[0,0,0],"0.0833":[0,0,0],"0.1667":[0,-3,0],"1.0833":[0,-3,0],"1.1667":[0,0,0]}},"teeth":{"position":{"0.0":[0,0,0],"0.0833":[0,0,0],"0.1667":[0,-1,0],"1.0833":[0,-1,0],"1.1667":[0,0,0]}}},"sound_effects":{"0.0":{"effect":"megagengar"}}},"animation.megagengar.laugh_quirk":{"animation_length":1.64,"bones":{"torso":{"rotation":{"0.0":{"post":[0,0,"-5*math.sin(q.anim_time*22.5*15)"],"lerp_mode":"catmullrom"},"0.84":{"post":[0,0,"-5*math.sin(q.anim_time*22.5*15)"],"lerp_mode":"catmullrom"},"1.24":[0,0,0],"1.48":[0,0,0]},"position":{"0.0":{"post":["-0.5*math.sin(q.anim_time*22.5*15)",0,0],"lerp_mode":"catmullrom"},"0.84":{"post":["-0.5*math.sin(q.anim_time*22.5*15)",0,0],"lerp_mode":"catmullrom"},"1.24":[0,0,0],"1.48":[0,0,0]}},"arm_left":{"rotation":{"0.0":{"post":[0,0,"10*math.sin(q.anim_time*22.5*15)"],"lerp_mode":"catmullrom"},"0.84":{"post":[0,0,"10*math.sin(q.anim_time*22.5*15)"],"lerp_mode":"catmullrom"},"1.24":[0,0,0],"1.48":[0,0,0]}},"arm_right":{"rotation":{"0.0":{"post":[0,0,"10*math.sin(q.anim_time*22.5*15)"],"lerp_mode":"catmullrom"},"0.84":{"post":[0,0,"10*math.sin(q.anim_time*22.5*15)"],"lerp_mode":"catmullrom"},"1.24":[0,0,0],"1.48":[0,0,0]}},"spike_left":{"rotation":{"0.0":{"post":[0,0,0],"lerp_mode":"catmullrom"},"0.12":{"post":[0,0,"-5*math.sin((q.anim_time*22.5*15)-30)"],"lerp_mode":"catmullrom"},"0.84":{"post":[0,0,"-5*math.sin((q.anim_time*22.5*15)-30)"],"lerp_mode":"catmullrom"},"1.24":[0,0,0],"1.48":[0,0,0]}},"spike_right":{"rotation":{"0.0":{"post":[0,0,0],"lerp_mode":"catmullrom"},"0.12":{"post":[0,0,"-5*math.sin((q.anim_time*22.5*15)-30)"],"lerp_mode":"catmullrom"},"0.84":{"post":[0,0,"-5*math.sin((q.anim_time*22.5*15)-30)"],"lerp_mode":"catmullrom"},"1.24":[0,0,0],"1.48":[0,0,0]}},"mouth_2":{"scale":0.5},"teeth":{"position":{"0.0":[0,1,0],"0.16":[0,1,0],"0.2":{"pre":[0,1,0],"post":[0,"1.5-0.5*math.sin(q.anim_time*90*15)",0]},"1.16":{"pre":[0,"1.5-0.5*math.sin(q.anim_time*90*15)",0],"post":[0,1,0]},"1.2":[0,1,0]},"scale":2}},"sound_effects":{"0.0":{"effect":"gengarlaugh"}}}}}