{"format_version":"1.8.0","animations":{"animation.meloetta.ground_idle":{"loop":true,"bones":{"head":{"rotation":["2*Math.cos((query.anim_time-0.5) * 90 * 3) *1",0,"1*Math.cos((query.anim_time-0.25) * 90 * 3) *1"]},"hair_base":{"rotation":[0,"0+1*Math.cos((query.anim_time-0.5) * 90 * 3) *1","-10+2*Math.cos((query.anim_time-0.25) * 90 * 3) *1"]},"hair_mid":{"rotation":[0,0,"-25+4*Math.cos((query.anim_time-0.75) * 90 * 3) *1"]},"hair_end":{"rotation":[0,0,"35+2*Math.cos((query.anim_time-0.75) * 90 * 3) *1"]},"mic":{"rotation":["-2*Math.cos((query.anim_time-0.25) * 90 * 3) *1","1*Math.cos((query.anim_time-0.5) * 90 * 3) *1",0]},"skirt":{"rotation":[0,0,"-10+4*Math.cos((query.anim_time-0.5) * 90 * 3) *1"]},"right_leg":{"rotation":["0+1.5*Math.cos((query.anim_time-0.25) * 90 * 3) *1",5,"-4-2.75*Math.cos((query.anim_time-0) * 90 * 3) *1"]},"left_leg":{"rotation":["0+1.5*Math.cos((query.anim_time-0.25) * 90 * 3) *1",-5,"4-2.75*Math.cos((query.anim_time-0) * 90 * 3) *1"]},"right_arm":{"rotation":[0,"10+2*Math.cos((query.anim_time-0.75) * 90 * 3) *1","-55+2*Math.cos((query.anim_time-0.75) * 90 * 3) *1"]},"torso":{"rotation":["-1*Math.cos((query.anim_time-0.5) * 90 * 3) *1",0,"-1*Math.cos((query.anim_time-0.25) * 90 * 3) *1"]},"body":{"rotation":[0,0,"1*Math.cos((query.anim_time-0) * 90 * 3) *1"],"position":["-0.25*Math.cos((query.anim_time-0) * 90 * 3) *1",0,"-0.25*Math.cos((query.anim_time-0.25) * 90 * 3) *1"]},"leaf_front":{"rotation":[0,0,"2*Math.cos((query.anim_time-0.25) * 90 * 3) *1"]},"leaf_back":{"rotation":[0,0,"2*Math.cos((query.anim_time-0.25) * 90 * 3) *1"]},"right_elbow":{"rotation":[0,"-12.5+4*Math.cos((query.anim_time-0) * 90 * 3) *1",0]},"right_hand":{"rotation":[0,"0-2*Math.cos((query.anim_time-0.25) * 90 * 3) *1","12.5-2*Math.cos((query.anim_time-0.5) * 90 * 3) *1"]},"right_knee":{"rotation":[10.5,0,0]},"left_arm":{"rotation":[0,"-10-2*Math.cos((query.anim_time-0.25) * 90 * 3) *1","55-2*Math.cos((query.anim_time-0.25) * 90 * 3) *1"]},"left_elbow":{"rotation":[0,"12-4*Math.cos((query.anim_time-0.5) * 90 * 3) *1",0]},"left_hand":{"rotation":[0,"0+2*Math.cos((query.anim_time-0.75) * 90 * 3) *1","-12.5+2*Math.cos((query.anim_time-0) * 90 * 3) *1"]},"hair_base_bend":{"rotation":[0,0,"-4+2*Math.cos((query.anim_time-0.5) * 90 * 3) *1"]},"hair_mid_bend":{"rotation":[0,0,"4+2*Math.cos((query.anim_time-0.5) * 90 * 3) *1"]},"hair_end_bend":{"rotation":[0,0,"4+2*Math.cos((query.anim_time-0.5) * 90 * 3) *1"]},"hair_tip":{"rotation":[0,0,"4+2*Math.cos((query.anim_time-0.75) * 90 * 3) *1"]}}},"animation.meloetta.ground_walk":{"loop":true,"bones":{"head":{"rotation":[0,0,"math.cos((q.anim_time-0.2)*360*1)*1"]},"hair_base":{"rotation":[0,"0+1*Math.cos((query.anim_time-0.5) * 90 * 3) *1","-10+2*Math.cos((query.anim_time-0.25) * 90 * 3) *1"]},"hair_mid":{"rotation":[0,0,"-25+4*Math.cos((query.anim_time-0.75) * 90 * 3) *1"]},"hair_end":{"rotation":[0,0,"35+2*Math.cos((query.anim_time-0.75) * 90 * 3) *1"]},"mic":{"rotation":["-2*Math.cos((query.anim_time-0.25) * 90 * 3) *1","1*Math.cos((query.anim_time-0.5) * 90 * 3) *1",0]},"skirt":{"rotation":["math.cos((q.anim_time -0.75)*360*1)*25",0,"-10+4*Math.cos((query.anim_time-0.5) * 90 * 3) *1"]},"right_leg":{"rotation":["-math.cos((q.anim_time -0.8)*360*1)*25",0,0]},"left_leg":{"rotation":["math.cos((q.anim_time -0.8)*360*1)*25",0,0]},"right_arm":{"rotation":[0,"-17.5+math.cos((q.anim_time-0.4)*360*1)*12",-32.5]},"torso":{"rotation":["-1*Math.cos((query.anim_time-0.5) * 90 * 3) *1",0,"-1*Math.cos((query.anim_time-0.25) * 90 * 3) *1"]},"body":{"rotation":[0,0,"1*Math.cos((query.anim_time-0) * 90 * 3) *1"],"position":[0,"math.cos((q.anim_time-0.2)*360*2)*0.25",0]},"leaf_front":{"rotation":[0,0,"2*Math.cos((query.anim_time-0.25) * 90 * 3) *1"]},"leaf_back":{"rotation":[0,0,"2*Math.cos((query.anim_time-0.25) * 90 * 3) *1"]},"right_elbow":{"rotation":[0,"-42.5+4*Math.cos((query.anim_time-0) * 90 * 3) *1",0]},"right_hand":{"rotation":[0,"0-2*Math.cos((query.anim_time-0.25) * 90 * 3) *1","12.5-2*Math.cos((query.anim_time-0.5) * 90 * 3) *1"]},"right_knee":{"rotation":["20-math.cos((q.anim_time)*90*4)*12",0,0]},"left_arm":{"rotation":[0,"15+math.cos((q.anim_time-0.4)*360*1)*12",32.5]},"left_elbow":{"rotation":[0,"44.5-4*Math.cos((query.anim_time-0.5) * 90 * 3) *1",0]},"left_hand":{"rotation":[0,"0+2*Math.cos((query.anim_time-0.75) * 90 * 3) *1","-12.5+2*Math.cos((query.anim_time-0) * 90 * 3) *1"]},"hair_base_bend":{"rotation":[0,0,"-4+2*Math.cos((query.anim_time-0.5) * 90 * 3) *1"]},"hair_mid_bend":{"rotation":[0,0,"4+2*Math.cos((query.anim_time-0.5) * 90 * 3) *1"]},"hair_end_bend":{"rotation":[0,0,"4+2*Math.cos((query.anim_time-0.5) * 90 * 3) *1"]},"hair_tip":{"rotation":[0,0,"4+2*Math.cos((query.anim_time-0.75) * 90 * 3) *1"]},"left_knee":{"rotation":["10+math.cos((q.anim_time)*90*4)*12",0,0]}}},"animation.meloetta.blink":{"animation_length":0.1667,"bones":{"eye_left_open":{"position":{"0.0":[0,0,0.1],"0.125":[0,0,0.1],"0.1667":[0,0,0]}},"eye_left_closed":{"position":{"0.0":[0,0,-0.1],"0.125":[0,0,-0.1],"0.1667":[0,0,0]}},"eye_right_open":{"position":{"0.0":[0,0,0.1],"0.125":[0,0,0.1],"0.1667":[0,0,0]}},"eye_right_closed":{"position":{"0.0":[0,0,-0.1],"0.125":[0,0,-0.1],"0.1667":[0,0,0]}}}},"animation.meloetta.angry_eyes":{"loop":true,"bones":{"eye_left_open":{"position":[0,0,0.1]},"eye_left_angry":{"position":[0,0,-0.1]},"eye_right_open":{"position":[0,0,0.1]},"eye_right_angry":{"position":[0,0,-0.1]}}},"animation.meloetta.displeased_eyes":{"loop":true,"bones":{"eye_left_open":{"position":[0,0,0.1]},"eye_left_displeased":{"position":[0,0,-0.1]},"eye_right_open":{"position":[0,0,0.1]},"eye_right_displeased":{"position":[0,0,-0.1]}}},"animation.meloetta.happy_eyes":{"loop":true,"bones":{"eye_left_open":{"position":[0,0,0.1]},"eye_left_happy":{"position":[0,0,-0.1]},"eye_right_open":{"position":[0,0,0.1]},"eye_right_happy":{"position":[0,0,-0.1]}}},"animation.meloetta.hurt_eyes":{"loop":true,"bones":{"eye_left_open":{"position":[0,0,0.1]},"eye_left_hurt":{"position":[0,0,-0.1]},"eye_right_open":{"position":[0,0,0.1]},"eye_right_hurt":{"position":[0,0,-0.1]}}},"animation.meloetta.sad_eyes":{"loop":true,"bones":{"eye_left_open":{"position":[0,0,0.1]},"eye_left_sad":{"position":[0,0,-0.1]},"eye_right_open":{"position":[0,0,0.1]},"eye_right_sad":{"position":[0,0,-0.1]}}},"animation.meloetta.smile_mouth":{"loop":true,"bones":{"mouth_neutral":{"position":[0,0,0.1]},"mouth_smile":{"position":[0,0,-0.1]}}},"animation.meloetta.frown_mouth":{"loop":true,"bones":{"mouth_neutral":{"position":[0,0,0.1]},"mouth_frown":{"position":[0,0,-0.1]}}},"animation.meloetta.sing_mouth":{"loop":true,"bones":{"mouth_neutral":{"position":[0,0,0.1]},"mouth_sing":{"position":[0,0,-0.1]}}},"animation.meloetta.smile_open_mouth":{"loop":true,"bones":{"mouth_neutral":{"position":[0,0,0.1]},"mouth_smile_open":{"position":[0,0,-0.1]}}},"animation.meloetta.frown_open_mouth":{"loop":true,"bones":{"mouth_neutral":{"position":[0,0,0.1]},"mouth_frown_open":{"position":[0,0,-0.1]}}},"animation.meloetta.render":{"loop":true,"bones":{"body":{"rotation":[-10.55935,-54.30595,12.92714]},"torso":{"rotation":[-7.43656,-0.9762,-7.43656]},"head":{"rotation":[11.55246,28.86727,9.02729]},"hair_base":{"rotation":[0,0,-12.5]},"hair_base_bend":{"rotation":[0,0,-2.5]},"hair_mid":{"rotation":[0,0,-15]},"hair_mid_bend":{"rotation":[0,0,0]},"hair_end":{"rotation":[0,0,37.5]},"hair_end_bend":{"rotation":[0,0,7.5]},"hair_tip":{"rotation":[0,0,10]},"mic":{"rotation":[-7.5,0,0]},"mic_end":{"rotation":[-5,0,0]},"mouth_sing":{"position":[0,0,-0.1]},"mouth_neutral":{"position":[0,0,0.1]},"right_arm":{"rotation":[-21.62261,36.70584,-62.72429]},"right_elbow":{"rotation":[0,0,7.5]},"right_hand":{"rotation":[0,0,52.5]},"left_arm":{"rotation":[-9.11714,6.6771,61.76861]},"left_elbow":{"rotation":[0,77.5,0]},"left_hand":{"rotation":[-12.75141,51.3798,73.84641]},"skirt":{"rotation":[0,0,-15]},"left_knee":{"rotation":[65,0,0]},"right_leg":{"rotation":[-6.90353,5.58254,-8.90823]},"right_knee":{"rotation":[7.5,0,0]},"eye_right_open":{"position":[0,0,0.1]},"eye_right_closed":{"position":[0,0,-0.1]},"torso2":{"rotation":[-5,0,0]}}}}}