{
	"format_version": "1.8.0",
	"animations": {
		"animation.metagross_mega.ground_idle": {
			"loop": true,
			"bones": {
				"body": {
					"rotation": [
						"(math.cos((q.anim_time - 3.8) * 360 / 4) * 1)",
						0,
						"-(math.cos((q.anim_time - 3.8 + (math.cos((q.anim_time - 3.8) * 360 / 4) * 0.3)) * 360 / 4) * 1.5 )"
					],
					"position": [
						"(math.cos((q.anim_time - 4 - (math.sin((q.anim_time - 0.7) * 360 / 4) * 0.1)) * 360 / 4) * 0.6)",
						"(math.sin((q.anim_time - 3.7) * 360 / 4) * 1)",
						0
					]
				},
				"horn": {
					"rotation": ["(math.cos((q.anim_time - 0) * 360 / 4) * 1)", 0, 0]
				},
				"leg_top_front_left": {
					"rotation": [0, "-(math.sin((q.anim_time - 0.1) * 360 / 4) * 6)", -40],
					"position": [0, 0, 0]
				},
				"leg_top_front_left2": {
					"rotation": [90, "-(math.cos((q.anim_time - 0.8) * 360 / 4) * 5) + 1", 0]
				},
				"hand_top_front_left": {
					"rotation": [0, 0, "(math.cos((q.anim_time - 0.5) * 360 / 4) * 2) + 1"]
				},
				"leg_top_front_right": {
					"rotation": [0, "(math.sin((q.anim_time - 0.2) * 360 / 4) * 6)", 40],
					"position": [0, 0, 0]
				},
				"leg_top_front_right2": {
					"rotation": [90, "(math.cos((q.anim_time - 0.9) * 360 / 4) * 5) - 1", 0]
				},
				"hand_top_front_right": {
					"rotation": [0, 0, "-(math.cos((q.anim_time - 0.6) * 360 / 4) * 2) - 1"]
				},
				"leg_back_top_left": {
					"rotation": [0, "(math.cos((q.anim_time - 1) * 360 / 4) * 3) - 1", 45],
					"position": [-1.3125, 0, 0]
				},
				"leg_back_top_left2": {
					"rotation": [0, 0, "15 + (math.cos((q.anim_time - 0.4) * 360 / 4) * 5)"]
				},
				"hand_back_top_left": {
					"rotation": [0, 0, "(math.cos((q.anim_time - 0.6) * 360 / 4) * 2) + 2"]
				},
				"leg_back_bottom_left": {
					"rotation": [0, "(math.cos((q.anim_time - 0.9) * 360 / 4) * 3) - 1", -45],
					"position": [-1.3125, 0, 0]
				},
				"leg_back_bottom_left2": {
					"rotation": [0, 0, "(math.cos((q.anim_time - 0.3) * 360 / 4) * 5)"]
				},
				"hand_back_bottom_left": {
					"rotation": [0, 0, "(math.cos((q.anim_time - 0.5) * 360 / 4) * 2) + 2"]
				},
				"leg_back_top_right": {
					"rotation": [0, "(math.cos((q.anim_time - 0.9) * 360 / 4) * 3) - 1", -45],
					"position": [1.3125, 0, 0]
				},
				"leg_back_top_right2": {
					"rotation": [0, 0, "15 + (math.cos((q.anim_time - 0.3) * 360 / 4) * 5)"]
				},
				"hand_back_top_right": {
					"rotation": [0, 0, "(math.cos((q.anim_time - 0.5) * 360 / 4) * 2) + 2"]
				},
				"leg_back_bottom_right": {
					"rotation": [0, "(math.cos((q.anim_time - 0.95) * 360 / 4) * 3) - 1", 45],
					"position": [1.3125, 0, 0]
				},
				"leg_back_bottom_right2": {
					"rotation": [0, 0, "(math.cos((q.anim_time - 0.35) * 360 / 4) * 5)"]
				},
				"hand_back_bottom_right": {
					"rotation": [0, 0, "(math.cos((q.anim_time - 0.55) * 360 / 4) * 2) + 2"]
				},
				"leg_front_right": {
					"rotation": [0, "(math.sin((q.anim_time - 0.1) * 360 / 4) * 6)", -40],
					"position": [0, 0, -0.5625]
				},
				"leg_front_right2": {
					"rotation": [-87.5, "-(math.cos((q.anim_time - 0.8) * 360 / 4) * 5) + 1", 0]
				},
				"hand_front_right": {
					"rotation": [0, 0, "-(math.cos((q.anim_time - 0.5) * 360 / 4) * 2) - 1"]
				},
				"leg_front_left": {
					"rotation": [0, "-(math.sin((q.anim_time - 0.16) * 360 / 4) * 6)", 40],
					"position": [0, 0, -0.4375]
				},
				"leg_front_left2": {
					"rotation": [-87.5, "(math.cos((q.anim_time - 0.86) * 360 / 4) * 5) - 1", 0]
				},
				"hand_front_left": {
					"rotation": [0, 0, "(math.cos((q.anim_time - 0.56) * 360 / 4) * 2) + 1"]
				}
			}
		},
		"animation.metagross_mega.ground_walk": {
			"loop": true,
			"bones": {
				"body": {
					"rotation": [
						"-(math.sin((q.anim_time - 0.6 - (math.cos((q.anim_time - 0.6) * 360 / 4) * 0.2)) * 360 / 4) * 2) + 2",
						0,
						"-(math.sin((q.anim_time - 0.6) * 360 / 8) * 1) "
					],
					"position": [
						"(math.cos((q.anim_time - 0) * 360 / 4) * 1)",
						"(math.sin((q.anim_time - 3.7) * 360 / 4) * 1)",
						"(math.cos((q.anim_time - 0) * 360 / 4) * 1)"
					]
				},
				"horn": {
					"rotation": ["1 - (math.sin((q.anim_time - 0.9 - (math.cos((q.anim_time - 0.9) * 360 / 4) * 0.2)) * 360 / 4) * 2)", 0, 0]
				},
				"leg_top_front_left": {
					"rotation": [0, "-14.0614 + (math.sin((q.anim_time - 0.1) * 360 / 4) * 1) - 2", "-40 - (math.sin((q.anim_time - 0.2) * 360 / 4) * 3)"],
					"position": [0, 0, 0]
				},
				"leg_top_front_left2": {
					"rotation": ["90 - (math.sin((q.anim_time - 0.1) * 360 / 4) * 1)", "-14.7822 + (math.sin((q.anim_time - 0.4) * 360 / 4) * 2)", 0]
				},
				"hand_top_front_left": {
					"rotation": [0, 0, 2.41421]
				},
				"leg_top_front_right": {
					"rotation": [0, "14.0614 - (math.sin((q.anim_time - 0.4) * 360 / 4) * 0.5) + 2", "40 + (math.sin((q.anim_time - 0.6) * 360 / 4) * 2)"],
					"position": [0, 0, 0]
				},
				"leg_top_front_right2": {
					"rotation": ["90 - (math.sin((q.anim_time - 0.5) * 360 / 4) * 0.5)", "14.7822 - (math.sin((q.anim_time - 1) * 360 / 4) * 1)", 0]
				},
				"hand_top_front_right": {
					"rotation": [0, 0, -2.17557]
				},
				"leg_back_top_left": {
					"rotation": [0, "24 + (math.sin((q.anim_time - 0.4) * 360 / 4) * 1) - 2", "45 - (math.sin((q.anim_time - 0.5) * 360 / 4) * 3)"],
					"position": [-1.71875, 0, 0]
				},
				"leg_back_top_left2": {
					"rotation": ["(math.sin((q.anim_time - 0.4) * 360 / 4) * 1)", "(math.sin((q.anim_time - 0.6) * 360 / 4) * 2)", 56.54508]
				},
				"hand_back_top_left": {
					"rotation": [0, 0, -9.32443]
				},
				"leg_back_bottom_left": {
					"rotation": ["-0.9112 +(math.sin((q.anim_time - 3.6) * 360 / 4) * 1)", 49.68794, "-48.078 - (math.sin((q.anim_time - 0) * 360 / 4) * 3)"],
					"position": [-1.84375, 1.15625, 0]
				},
				"leg_back_bottom_left2": {
					"rotation": [0, "(math.sin((q.anim_time - 3.9) * 360 / 4) * 0.5) - 2", "49.0451 + (math.sin((q.anim_time - 0.1) * 360 / 4) * 2) - 1"]
				},
				"hand_back_bottom_left": {
					"rotation": [0, 0, -4.08579]
				},
				"leg_back_top_right": {
					"rotation": [0, "24 + (math.sin((q.anim_time - 0.2) * 360 / 4) * 2) - 2", "-45 + (math.sin((q.anim_time - 0.4) * 360 / 4) * 2)"],
					"position": [1.71875, 0, 0]
				},
				"leg_back_top_right2": {
					"rotation": ["- (math.sin((q.anim_time - 0.5) * 360 / 4) * 0.5)", "- (math.sin((q.anim_time - 1) * 360 / 4) * 1)", 56.5451]
				},
				"hand_back_top_right": {
					"rotation": [0, 0, -9.3244]
				},
				"leg_back_bottom_right": {
					"rotation": ["0.9112 - (math.sin((q.anim_time - 0.3) * 360 / 4) * 2)", 49.6879, "48.078 + (math.sin((q.anim_time - 0.7) * 360 / 4) * 2)"],
					"position": [1.84375, 1.15625, 0]
				},
				"leg_back_bottom_right2": {
					"rotation": [0, "- (math.sin((q.anim_time - 0.6) * 360 / 4) * 1) + 2", "49.0451 + (math.sin((q.anim_time - 0.8) * 360 / 4) * 2) - 1"]
				},
				"hand_back_bottom_right": {
					"rotation": [0, 0, -4.0858]
				},
				"leg_front_right": {
					"rotation": ["-(math.sin((q.anim_time - 0.2) * 360 / 4) * 2)", 14.06139, "-40 + (math.sin((q.anim_time - 0.6) * 360 / 4) * 2)"],
					"position": [0, 0, -0.5625]
				},
				"leg_front_right2": {
					"rotation": [-87.67, "-20.53 - (math.sin((q.anim_time - 0.5) * 360 / 4) * 1) + 2", 0.91]
				},
				"hand_front_right": {
					"rotation": [0, 0, -2.41421]
				},
				"leg_front_left": {
					"rotation": ["-(math.sin((q.anim_time - 3.9) * 360 / 4) * 2)", -14.06139, "40 - (math.sin((q.anim_time - 0.3) * 360 / 4) * 3)"],
					"position": [0, 0, -0.5625]
				},
				"leg_front_left2": {
					"rotation": [-87.67, "20.53 + (math.sin((q.anim_time - 0.2) * 360 / 4) * 0.5) - 2", -0.91]
				},
				"hand_front_left": {
					"rotation": [0, 0, 2.41421]
				}
			}
		},
		"animation.metagross_mega.walk_test": {
			"loop": true,
			"bones": {
				"body": {
					"position": [0, 0, "-q.anim_time*90*walk"]
				}
			}
		},
		"animation.metagross_mega.cry": {
			"animation_length": 4.25,
			"bones": {
				"arceus": {
					"rotation": {
						"0.0": [0, 0, 0],
						"3.0": [7.5, 0, 0]
					},
					"position": {
						"0.0": [0, 0, 0],
						"3.0": [0, -2.1, 0]
					}
				},
				"front_leg_left": {
					"rotation": {
						"0.0": [-15, 0, 0],
						"2.75": [-44.37, 0, 0],
						"3.0": [-22.5, 0, 0],
						"4.0": [-53.5, 0, 0]
					},
					"position": [0, 0, 0]
				},
				"BottomLegFL": {
					"rotation": {
						"0.0": [15, 0, 0],
						"4.0": [60, 0, 0]
					},
					"position": [0, 0, 0]
				},
				"front_leg_right": {
					"rotation": {
						"0.0": [2.5, 0, 0],
						"3.0": [-7.5, 0, 0],
						"4.0": [-27.5, 0, 0]
					},
					"position": [0, 0, 0]
				},
				"bottomLegFR": {
					"rotation": {
						"0.0": [7.5, 0, 0],
						"3.0": [20, 0, 0],
						"4.0": [46, 0, 0]
					},
					"position": [0, 0, 0]
				},
				"tail": {
					"rotation": {
						"0.0": [0, 0, 0],
						"1.0": [15, 0, 0],
						"2.0": [62.5, 0, 0],
						"4.0": [-10, 0, 0]
					},
					"position": [0, 0, 0]
				},
				"tail_piece_1": {
					"rotation": {
						"0.0": [0, 0, 0],
						"1.0": [7.5, 0, 0],
						"4.0": [-7.5, 0, 0]
					},
					"position": [0, 0, 0]
				},
				"tail_piece_2": {
					"rotation": {
						"0.0": [0, 0, 0],
						"1.0": [7.5, 0, 0],
						"4.0": [-12.5, 0, 0]
					},
					"position": [0, 0, 0]
				},
				"tail_piece_3": {
					"rotation": {
						"0.0": [0, 0, 0],
						"1.0": [10, 0, 0],
						"4.0": [-5, 0, 0]
					},
					"position": [0, 0, 0]
				},
				"ring": {
					"rotation": [0, 0, 0],
					"position": [0, 0, 0]
				},
				"back_leg_left": {
					"rotation": {
						"0.0": [5, 0, 0],
						"3.0": [-5, 0, 0]
					},
					"position": [0, 0, 0]
				},
				"BottomLegBL": {
					"rotation": [-5, 0, 0],
					"position": [0, 0, 0]
				},
				"back_leg_right": {
					"rotation": [5, 0, 0],
					"position": [0, 0, 0]
				},
				"BottomLegBR": {
					"rotation": [-5, 0, 0],
					"position": [0, 0, 0]
				},
				"neck": {
					"rotation": [0, 0, 0],
					"position": [0, 0, 0]
				},
				"neck_upper": {
					"rotation": {
						"0.0": [0, 0, 0],
						"4.0": [20, 0, 0]
					},
					"position": [0, 0, 0]
				},
				"head": {
					"rotation": {
						"0.0": [0, 0, 0],
						"1.0": [-47.5, 0, 0],
						"2.0": [-67.5, 0, 0],
						"4.0": [30, 0, 0]
					},
					"position": {
						"0.0": [0, 0, 0],
						"4.0": [0, -2.1, 0.6]
					}
				},
				"head_tail": {
					"rotation": {
						"0.0": [0, 0, 0],
						"1.0": [15, 0, 0]
					},
					"position": {
						"0.0": [0, 0, 0],
						"1.0": [0, 0, -1.1]
					}
				},
				"head_tail_2": {
					"rotation": {
						"0.0": [0, 0, 0],
						"1.0": [12.5, 0, 0]
					},
					"position": {
						"0.0": [0, 0, 0],
						"1.0": [0, 0, -0.8]
					}
				},
				"head_tail_3": {
					"rotation": {
						"0.0": [0, 0, 0],
						"1.0": [10, 0, 0]
					},
					"position": {
						"0.0": [0, 0, 0],
						"1.0": [0, 0, -0.5]
					}
				},
				"head_tail_4": {
					"rotation": {
						"0.0": [0, 0, 0],
						"1.0": [10, 0, 0]
					},
					"position": [0, 0, 0]
				},
				"torso": {
					"rotation": [0, 0, 0],
					"position": [0, 0, 0]
				}
			},
			"sound_effects": {
				"0.0": {
					"effect": "pokemon.metagross.cry"
				}
			}
		}
	}
}