{"format_version":"1.8.0","animations":{"animation.milotic.ground_idle":{"loop":true,"bones":{"body":{"rotation":[0,-67.5,0],"position":[-4,0,-8]},"tail":{"rotation":[0,"45+math.sin(q.anim_time*90*2-90)*0.5",0]},"tail2":{"rotation":["math.sin(q.anim_time*90*2)","65+math.sin(q.anim_time*90*2-135)",0]},"tail5":{"rotation":["55.9587+math.sin(q.anim_time*90*2-180)*4",-24.65981,7.02432]},"tail6":{"rotation":["13.202-math.sin(q.anim_time*90*2-135)*4","-26.7487+math.sin(q.anim_time*90*2-135)*12","95.7749+math.sin(q.anim_time*90*2-135)*6"]},"neck":{"rotation":["-10.1925+math.sin(q.anim_time*90*2)",46.73103,-14.16479],"position":[-0.5,"0.75+math.sin(q.anim_time*90*2)*0.3",-0.75]},"neck2":{"rotation":["-1.345-math.sin(q.anim_time*90*2-45)*0.5",9.54497,-7.0239],"position":[-0.5,-0.5,-0.25]},"head":{"rotation":["6.3582-math.sin(q.anim_time*90*2-90)*0.5",5.24694,15.02909]},"left_brow":{"rotation":["math.sin(q.anim_time*90*0.4)*8","math.sin(q.anim_time*90*2)*2",0]},"left_brow2":{"rotation":[0,"math.sin(q.anim_time*90*2-90)*6",0]},"left_brow3":{"rotation":[0,"math.sin(q.anim_time*90*2-180)*4",0]},"left_brow4":{"rotation":[0,"math.sin(q.anim_time*90*2-270)*8",0]},"right_brow":{"rotation":["math.sin(q.anim_time*90*0.4)*8","-math.sin(q.anim_time*90*2)*2",0]},"right_brow2":{"rotation":[0,"-math.sin(q.anim_time*90*2-90)*6",0]},"right_brow3":{"rotation":[0,"-math.sin(q.anim_time*90*2-180)*4",0]},"right_brow4":{"rotation":[0,"-math.sin(q.anim_time*90*2-270)*8",0]},"left_hair":{"rotation":[0,0,"math.sin(q.anim_time*90*2)*2"]},"left_hair2":{"rotation":[0,0,"math.sin(q.anim_time*90*2-90)*4"]},"left_hair3":{"rotation":[0,0,"math.sin(q.anim_time*90*2-180)*6"]},"right_hair":{"rotation":[0,0,"-math.sin(q.anim_time*90*2)*2"]},"right_hair2":{"rotation":[0,0,"-math.sin(q.anim_time*90*2-90)*4"]},"right_hair3":{"rotation":[0,0,"-math.sin(q.anim_time*90*2-180)*6"]},"tail4":{"rotation":["math.sin(q.anim_time*90*2-90)*2",90,-7.5]}}},"animation.milotic.faint":{"animation_length":3,"bones":{"body":{"rotation":[0,-67.5,0],"position":{"0.0":[-4,0,-8],"0.4":[-4,0,-8],"0.5":[-4,-0.25,-8],"0.6":[-4,0,-8]}},"tail":{"rotation":[0,45,0],"position":{"0.4":[0,0,0],"0.5":[0,-0.25,0],"0.6":[0,0,0]}},"tail2":{"rotation":{"0.0":[0,65,0],"0.25":[0,42.5,0]},"position":{"0.45":[0,0,0],"0.55":[0,-0.25,0],"0.65":[0,0,0]}},"tail5":{"rotation":{"0.0":[55.9587,-24.65981,7.02432],"0.35":[18.37332,-14.5934,-50.8333]}},"tail6":{"rotation":{"0.0":[13.202,-26.7487,95.7749],"0.35":[9.50704,6.69065,41.85735]}},"neck":{"rotation":{"0.0":[-10.1925,46.73103,-14.16479],"0.15":[34.8075,46.73103,-14.16479],"0.3":[72.81176,48.51283,-3.3453]},"position":{"0.0":[-0.5,0.75,-0.75],"0.15":[-1,0,-1],"0.3":[-1,-2,-1],"0.45":[-1,-2,-1],"0.55":[-1,-2.5,-1],"0.65":[-1,-2,-1]}},"neck2":{"rotation":{"0.0":[-1.345,9.54497,-7.0239],"0.15":[-23.84,9.54,-7.02],"0.45":[21.16,9.54,-7.02]},"position":[-0.5,-0.5,-0.25]},"head":{"rotation":{"0.0":[6.3582,5.24694,15.02909],"0.15":[-38.6418,5.24694,15.02909],"0.45":[-64.19931,5.99555,-18.38961]}},"left_brow":{"rotation":{"0.0":[0,0,0],"0.15":[22.5,0,0],"0.35":[0,0,0],"0.6":[-56.2179,5.9215,-8.14846]}},"right_brow":{"rotation":{"0.0":[0,0,0],"0.15":[22.5,0,0],"0.35":[0,0,0],"0.6":[-76.70014,-15.51828,22.00021]}},"left_hair":{"rotation":{"0.0":[0,0,0],"0.15":[45,0,0],"0.45":[45.68718,8.80348,8.90928],"0.7":[12.5,0,0]}},"left_hair2":{"rotation":{"0.0":[0,0,0],"0.15":[22.5,0,0]}},"left_hair3":{"rotation":{"0.0":[0,0,0],"0.15":[22.5,0,0],"0.7":[22.5,0,0],"0.85":[5,0,0]}},"right_hair":{"rotation":{"0.0":[0,0,0],"0.15":[45,0,0],"0.45":[45.68718,-8.80348,-8.90928],"0.7":[-7.7873,-2.68507,12.2127]}},"right_hair2":{"rotation":{"0.0":[0,0,0],"0.25":[22.5,0,0]}},"right_hair3":{"rotation":{"0.0":[0,0,0],"0.25":[22.5,0,0],"0.7":[22.5,0,0],"0.85":[10,0,0]}},"tail4":{"rotation":{"0.0":[0,90,-7.5],"0.35":[-3.42285,68.76356,4.25593]}}}},"animation.milotic.ground_walk":{"loop":true,"bones":{"body":{"rotation":[0,"Math.cos((query.anim_time) * 90 * 4) * 10",0]},"tail":{"rotation":[0,"Math.cos((query.anim_time-0.25) * 90 * 4) * 10",0]},"tail2":{"rotation":[0,"Math.cos((query.anim_time-0.5) * 90 * 4) * 10",0]},"tail4":{"rotation":[0,"Math.cos((query.anim_time-1) * 90 * 4) * -15",0]},"tail5":{"rotation":[0,"Math.cos((query.anim_time-1.25) * 90 * 4) * -20",0]},"neck":{"rotation":["22.5+Math.cos((query.anim_time-0.3) * 90 * 2) * -5","-Math.cos((query.anim_time) * 90 * 4) * 10",0]},"neck2":{"rotation":["-20+Math.cos((query.anim_time-0.3) * 90 * 2) * -5",0,0]},"head":{"rotation":["5+Math.cos((query.anim_time-0.5) * 90 * 2) * 5",0,0]},"left_brow":{"rotation":["math.sin(q.anim_time*90*0.4)*8","math.sin(q.anim_time*90*2)*2",0]},"left_brow2":{"rotation":[0,"math.sin(q.anim_time*90*2-90)*6",0]},"left_brow3":{"rotation":[0,"math.sin(q.anim_time*90*2-180)*4",0]},"left_brow4":{"rotation":[0,"math.sin(q.anim_time*90*2-270)*8",0]},"right_brow":{"rotation":["math.sin(q.anim_time*90*0.4)*8","-math.sin(q.anim_time*90*2)*2",0]},"right_brow2":{"rotation":[0,"-math.sin(q.anim_time*90*2-90)*6",0]},"right_brow3":{"rotation":[0,"-math.sin(q.anim_time*90*2-180)*4",0]},"right_brow4":{"rotation":[0,"-math.sin(q.anim_time*90*2-270)*8",0]},"left_hair":{"rotation":[0,0,"math.sin(q.anim_time*90*2)*2"]},"left_hair2":{"rotation":[0,0,"math.sin(q.anim_time*90*2-90)*4"]},"left_hair3":{"rotation":[0,0,"math.sin(q.anim_time*90*2-180)*6"]},"right_hair":{"rotation":[0,0,"-math.sin(q.anim_time*90*2)*2"]},"right_hair2":{"rotation":[0,0,"-math.sin(q.anim_time*90*2-90)*4"]},"right_hair3":{"rotation":[0,0,"-math.sin(q.anim_time*90*2-180)*6"]}}}}}