{"format_version":"1.8.0","animations":{"animation.miraidon.pose":{"loop":true,"bones":{"neck2":{"rotation":[-5,0,0]},"head":{"rotation":[-5,0,0]},"jaw":{"rotation":[0,0,0]},"arm_left":{"rotation":[52.93123,-54.10393,30.66529]},"arm_left1":{"rotation":[0,67.5,0]},"hand_left":{"rotation":[0,22.5,0]},"tail":{"rotation":[5,0,0]},"tail2":{"rotation":[12.5,0,0]},"tail3":{"rotation":[-32.5,0,0]},"tail4":{"rotation":[-47.5,0,0]},"tail5":{"rotation":[-22.5,0,0]},"tail6":{"rotation":[-10,0,0]},"tail7":{"rotation":[2.5,0,0],"position":[0,0,0]},"jet_left":{"rotation":[-30,0,0]},"arm_right":{"rotation":[52.9312,54.1039,-30.6653]},"arm_right1":{"rotation":[0,-67.5,0]},"hand_right":{"rotation":[0,-22.5,0]},"jet_right":{"rotation":[-30,0,0]}}},"animation.miraidon.faint":{"loop":true},"animation.miraidon.blink":{"animation_length":0.20833,"bones":{"eyelid_left":{"position":{"0.0":[2,0,0],"0.1667":[2,0,0],"0.2083":[0,0,2]}},"eyelid_right":{"position":{"0.0":[-2,0,0],"0.1667":[-2,0,0],"0.2083":[0,0,2]}}}},"animation.miraidon.ground_walk":{"loop":true,"animation_length":1.95833,"bones":{"neck2":{"rotation":[-5,0,0]},"head":{"rotation":[7.5,0,0]},"jaw":{"rotation":[0,0,0]},"arm_left":{"rotation":[52.9312,"-54.1039-math.sin(q.anim_time*90*2-45)*4",30.66529]},"arm_left1":{"rotation":[0,"90-math.sin(q.anim_time*90*2-90)*4",0]},"hand_left":{"rotation":[0,"22.5-math.sin(q.anim_time*90*2-135)*4",0]},"tail":{"rotation":["5+math.sin(q.anim_time*90*2-90)*2",0,0]},"tail2":{"rotation":["20+math.sin(q.anim_time*90*2-135)*3",0,0]},"tail3":{"rotation":["-20+math.sin(q.anim_time*90*2-180)*8",0,0]},"tail4":{"rotation":["-30+math.sin(q.anim_time*90*2-225)*12",0,0]},"tail5":{"rotation":["-27.5+math.sin(q.anim_time*90*2-270)*18","0+math.sin(q.anim_time*90*2-135)*13",0]},"tail6":{"rotation":["-15+math.sin(q.anim_time*90*2-315)*7","0+math.sin(q.anim_time*90*2-180)*14",0]},"tail7":{"rotation":["7.5+math.sin(q.anim_time*90*2-360)*8","0+math.sin(q.anim_time*90*2-225)*15",0],"position":[0,0,0]},"jet_left":{"rotation":["-30-math.sin(q.anim_time*90*2+90)",0,0]},"arm_right":{"rotation":[52.9312,"54.1039+math.sin(q.anim_time*90*2-45)*4",-30.6653]},"arm_right1":{"rotation":[0,"-90+math.sin(q.anim_time*90*2-90)*4",0]},"hand_right":{"rotation":[0,"-22.5+math.sin(q.anim_time*90*2-135)*4",0]},"jet_right":{"rotation":["-30-math.sin(q.anim_time*90*2+90)",0,0]},"miraidon":{"position":["0-math.sin(q.anim_time*90*2-90)","40+math.sin(q.anim_time*90*2)",0]},"whole_body":{"rotation":[0,"0+math.sin(q.anim_time*90*2-225)",0],"position":[0,-28,0]},"body":{"rotation":["30-math.sin(q.anim_time*90*2-90)*2",0,0],"position":[0,0,0]},"neck":{"rotation":["0-math.sin(q.anim_time*90*2-135)",0,0]},"neck1":{"rotation":["0-math.sin(q.anim_time*90*2-180)*2",0,0]},"neck3":{"rotation":["0-math.sin(q.anim_time*90*2-225)",0,"0+math.sin(q.anim_time*90*2-90)"]},"electricities_left":{"rotation":[0,25,0]},"electricity1_left":{"rotation":["math.random(0,1)","0+math.sin(q.anim_time*90*2)*2",0]},"electricity1_left1":{"rotation":[0,"0+math.sin(q.anim_time*90*2-45)*3",0]},"electricity1_left2":{"rotation":[0,"0+math.sin(q.anim_time*90*2-90)*4",0]},"electricity2_left":{"rotation":["-math.random(0,1)","-10+math.sin(q.anim_time*90*2-45)*2",0]},"electricity2_left1":{"rotation":[0,"0+math.sin(q.anim_time*90*2-90)*3",0]},"electricity2_left2":{"rotation":[0,"0+math.sin(q.anim_time*90*2-135)*4",0]},"electricities_right":{"rotation":[0,-25,0]},"electricity1_right":{"rotation":["math.random(0,1)","-math.sin(q.anim_time*90*2)*2",0]},"electricity1_right1":{"rotation":[0,"0-math.sin(q.anim_time*90*2-45)*3",0]},"electricity1_right2":{"rotation":[0,"0-math.sin(q.anim_time*90*2-90)*4",0]},"electricity2_right":{"rotation":["math.random(-1,0)","10-math.sin(q.anim_time*90*2-45)*2",0]},"electricity2_right1":{"rotation":[0,"0-math.sin(q.anim_time*90*2-90)*3",0]},"electricity2_right2":{"rotation":[0,"0-math.sin(q.anim_time*90*2-135)*4",0]},"claw1":{"rotation":[0,"2.5-math.sin(q.anim_time*90*2-180)*2",0]},"claw3":{"rotation":[0,"2.5-math.sin(q.anim_time*90*2-180)*2",0]},"claw4":{"rotation":[0,"-2.5+math.sin(q.anim_time*90*2-180)*2",0]},"claw6":{"rotation":[0,"-2.5+math.sin(q.anim_time*90*2-180)*2",0]},"tail8":{"rotation":["0+math.sin(q.anim_time*90*2-405)*9","0+math.sin(q.anim_time*90*2-270)*16",0]}}},"animation.miraidon.ground_idle":{"loop":true,"bones":{"neck2":{"rotation":[-5,0,0]},"head":{"rotation":[7.5,0,0]},"arm_left":{"rotation":[52.9312,"-54.1039-math.sin(q.anim_time*90*2-45)*4",30.66529]},"arm_left1":{"rotation":[0,"67.5-math.sin(q.anim_time*90*2-90)*4",0]},"hand_left":{"rotation":[0,"22.5-math.sin(q.anim_time*90*2-135)*4",0]},"tail":{"rotation":["5+math.sin(q.anim_time*90*2-90)*2",0,0]},"tail2":{"rotation":["12.5+math.sin(q.anim_time*90*2-135)*3","math.sin(q.anim_time*90*2)*10",0]},"tail3":{"rotation":["-32.5+math.sin(q.anim_time*90*2-180)*4","math.sin(q.anim_time*90*2-45)*11",0]},"tail4":{"rotation":["-42.5+math.sin(q.anim_time*90*2-225)*5","math.sin(q.anim_time*90*2-90)*12",0]},"tail5":{"rotation":["-27.5+math.sin(q.anim_time*90*2-270)*6","math.sin(q.anim_time*90*2-135)*13",0]},"tail6":{"rotation":["-15+math.sin(q.anim_time*90*2-315)*7","math.sin(q.anim_time*90*2-180)*14",0]},"tail7":{"rotation":["7.5+math.sin(q.anim_time*90*2-360)*8","math.sin(q.anim_time*90*2-225)*15",0]},"jet_left":{"rotation":["-70-math.sin(q.anim_time*90*2+90)",0,0]},"arm_right":{"rotation":[52.9312,"54.1039+math.sin(q.anim_time*90*2-45)*4",-30.6653]},"arm_right1":{"rotation":[0,"-67.5+math.sin(q.anim_time*90*2-90)*4",0]},"hand_right":{"rotation":[0,"-22.5+math.sin(q.anim_time*90*2-135)*4",0]},"jet_right":{"rotation":["-70-math.sin(q.anim_time*90*2+90)",0,0]},"miraidon":{"position":["-math.sin(q.anim_time*90*2-90)","40+math.sin(q.anim_time*90*2)",0]},"whole_body":{"rotation":[27.32384,"0+math.sin(q.anim_time*90*2-225)",0],"position":[0,-23.3725,0]},"body":{"rotation":["-math.sin(q.anim_time*90*2-90)*2",0,0]},"neck":{"rotation":["-math.sin(q.anim_time*90*2-135)",0,0]},"neck1":{"rotation":["-7.5-math.sin(q.anim_time*90*2-180)",0,0]},"neck3":{"rotation":["-math.sin(q.anim_time*90*2-225)",0,"math.sin(q.anim_time*90*2-90)"]},"electricities_left":{"rotation":[0,25,0]},"electricity1_left":{"rotation":["math.random(0,1)","math.sin(q.anim_time*90*2)*2",0]},"electricity1_left1":{"rotation":[0,"math.sin(q.anim_time*90*2-45)*3",0]},"electricity1_left2":{"rotation":[0,"math.sin(q.anim_time*90*2-90)*4",0]},"electricity2_left":{"rotation":["-math.random(0,1)","-10+math.sin(q.anim_time*90*2-45)*2",0]},"electricity2_left1":{"rotation":[0,"math.sin(q.anim_time*90*2-90)*3",0]},"electricity2_left2":{"rotation":[0,"math.sin(q.anim_time*90*2-135)*4",0]},"electricities_right":{"rotation":[0,-25,0]},"electricity1_right":{"rotation":["math.random(0,1)","-math.sin(q.anim_time*90*2)*2",0]},"electricity1_right1":{"rotation":[0,"-math.sin(q.anim_time*90*2-45)*3",0]},"electricity1_right2":{"rotation":[0,"-math.sin(q.anim_time*90*2-90)*4",0]},"electricity2_right":{"rotation":["math.random(-1,0)","10-math.sin(q.anim_time*90*2-45)*2",0]},"electricity2_right1":{"rotation":[0,"-math.sin(q.anim_time*90*2-90)*3",0]},"electricity2_right2":{"rotation":[0,"-math.sin(q.anim_time*90*2-135)*4",0]},"claw1":{"rotation":[0,"2.5-math.sin(q.anim_time*90*2-180)*2",0]},"claw3":{"rotation":[0,"2.5-math.sin(q.anim_time*90*2-180)*2",0]},"claw4":{"rotation":[0,"-2.5+math.sin(q.anim_time*90*2-180)*2",0]},"claw6":{"rotation":[0,"-2.5+math.sin(q.anim_time*90*2-180)*2",0]},"tail8":{"rotation":["math.sin(q.anim_time*90*2-405)*9","math.sin(q.anim_time*90*2-270)*16",0]}}}},"geckolib_format_version":2}