{"format_version":"1.8.0","animations":{"animation.noivern.air_idle":{"loop":true,"bones":{"body":{"rotation":["42.4888+math.sin((q.anim_time)*380)*3",-0.68392,"1.8795+math.sin((q.anim_time)*190)*2"],"position":[0,"0-math.sin(q.anim_time*90*5-180)*2",0]},"torso":{"rotation":["-5-math.sin(q.anim_time*90*5-260)*4",0,0]},"chest":{"rotation":[10,0,0]},"neck":{"rotation":["7.5-math.sin(q.anim_time*90*5-280)*5",0,0]},"neck2":{"rotation":[-10,0,0]},"head":{"rotation":["-42.5-math.sin(q.anim_time*90*5-380)*6",0,0]},"jaw":{"rotation":["42.5+math.sin(q.anim_time*90*5-380)*6",0,0]},"shoulder_left":{"rotation":[0,"-12.5-math.sin(q.anim_time*90*5)*25",0]},"arm_left":{"rotation":[0,"-10-math.sin(q.anim_time*90*5-90)*45",0]},"elbow_left_cube":{"rotation":[0,"10-math.sin(q.anim_time*90*5-90)*25",0]},"hand_left":{"rotation":[0,"5-math.sin(q.anim_time*90*5-90)*30",0]},"finger_left_out":{"rotation":[25,0,0]},"finger_left_out2":{"rotation":[17.5,0,0]},"finger_left_in":{"rotation":[10,0,0]},"finger_left_in2":{"rotation":[27.5,0,0]},"finger_left_middle":{"rotation":[12.5,0,0]},"finger_left_middle2":{"rotation":[20,0,0]},"wing_end":{"rotation":[0,"-2.5-math.sin(q.anim_time*90*5-120)*35",0]},"wing_tip":{"rotation":[0,"-17.5-math.sin(q.anim_time*90*5-120)*40",0]},"leg_left":{"rotation":["-65.2766-math.sin(q.anim_time*90*5-320)*6",-6.5303,41.84633]},"knee_left":{"rotation":["12.5-math.sin(q.anim_time*90*5-380)*6",0,0]},"foot_left":{"rotation":["12.5-math.sin(q.anim_time*90*5-420)*6",0,0]},"foot_left3":{"rotation":[5,0,0]},"toe_left_in":{"rotation":[37.5,0,0]},"toe_left_in2":{"rotation":[17.5,0,0]},"toe_left_out":{"rotation":[47.5,0,0]},"toe_left_out2":{"rotation":[17.5,0,0]},"leg_right":{"rotation":["-65.2766-math.sin(q.anim_time*90*5-320)*6",6.5303,-41.84633]},"knee_right":{"rotation":["12.5-math.sin(q.anim_time*90*5-380)*6",0,0]},"foot_right":{"rotation":["12.5-math.sin(q.anim_time*90*5-420)*6",0,0]},"foot_right3":{"rotation":[27.5,0,0]},"toe_right_in":{"rotation":[40,0,0]},"toe_right_out":{"rotation":[37.5,0,0]},"toe_right_out2":{"rotation":[17.5,0,0]},"tail":{"rotation":["30-math.sin((q.anim_time-0.1)*380)*5",0,"0-math.sin((q.anim_time-0.1)*190)*5"]},"tail2":{"rotation":["2.5-math.sin((q.anim_time-0.15)*380)*5",0,"0-math.sin((q.anim_time-0.15)*190)*5"]},"tail3":{"rotation":["-2.5-math.sin((q.anim_time-0.2)*380)*6",0,"0-math.sin((q.anim_time-0.2)*190)*5"]},"tail4":{"rotation":["-5-math.sin((q.anim_time-0.3)*380)*8",0,"-math.sin((q.anim_time-0.3)*190)*5"]},"tail5":{"rotation":["-2.5-math.sin((q.anim_time-0.35)*380)*9",0,"0-math.sin((q.anim_time-0.35)*190)*5"]},"tail6":{"rotation":["-7.5-math.sin((q.anim_time-0.4)*380)*10",0,"0-math.sin((q.anim_time-0.4)*190)*5"]},"tail7":{"rotation":["-7.5-math.sin((q.anim_time-0.4)*380)*10",0,"0-math.sin((q.anim_time-0.4)*190)*5"]},"tail8":{"rotation":["-7.5-math.sin((q.anim_time-0.4)*380)*10",0,"0-math.sin((q.anim_time-0.4)*190)*5"]},"shoulder_right":{"rotation":[0,"12.5+math.sin(q.anim_time*90*5)*25",0]},"arm_right":{"rotation":[0,"10+math.sin(q.anim_time*90*5-90)*45",0]},"elbow_right_cube":{"rotation":[0,"-10+math.sin(q.anim_time*90*5-90)*25",0]},"hand_right":{"rotation":[0,"-5+math.sin(q.anim_time*90*5-90)*30",0]},"finger_right_out":{"rotation":[25,0,0]},"finger_right_out2":{"rotation":[25,0,0]},"finger_right_in":{"rotation":[5,0,0]},"finger_right_in2":{"rotation":[20,0,0]},"finger_right_middle":{"rotation":[7.5,0,0]},"finger_right_middle2":{"rotation":[25,0,0]},"wing_end2":{"rotation":[0,"2.5+math.sin(q.anim_time*90*5-120)*35",0]},"wing_tip2":{"rotation":[0,"-25+math.sin(q.anim_time*90*5-120)*40",0]},"waist":{"rotation":["0-math.sin(q.anim_time*90*5-220)*2",0,0]},"tuft_back":{"rotation":["0-math.sin(q.anim_time*90*5-280)*8",0,0]}}},"animation.noivern.blink":{"animation_length":0.2083,"bones":{"eye_left_closed":{"position":{"0.0":[0.1,0.2,-0.6],"0.125":[0.1,0.2,-0.6],"0.1667":[0,0,0]}},"eye_right_closed":{"position":{"0.0":[-0.1,0.2,-0.6],"0.125":[-0.1,0.2,-0.6],"0.1667":[0,0,0]}}}}}}