{"format_version":"1.8.0","animations":{"animation.oranguru.pose":{"loop":true,"bones":{"thigh_left":{"rotation":[-37.5,-27.5,0]},"hip":{"rotation":[7.5,0,0]},"chest":{"rotation":[10,0,0]},"neck":{"rotation":[7.5,0,0]},"head_anim":{"rotation":[-17.5,0,0]},"leg_left":{"rotation":[62.5,0,0]},"foot_left":{"rotation":[-25,-2.5,0],"position":[0,0.375,0]},"toe_left5":{"rotation":[0,-10,0]},"toetip_left5":{"rotation":[10,0,0]},"toe_left4":{"rotation":[-0.5,-2.75,0]},"toetip_left4":{"rotation":[10,0,0]},"toe_left3":{"rotation":[-1.25,3.75,0]},"toetip_left3":{"rotation":[10,0,0]},"toe_left2":{"rotation":[-1.25,12.5,0]},"toetip_left2":{"rotation":[10,0,0]},"toe_left1":{"rotation":[0,37.5,0]},"toetip_left1":{"rotation":[0,-17.5,0]},"thigh_right":{"rotation":[-37.5,27.5,0]},"leg_right":{"rotation":[62.5,0,0]},"foot_right":{"rotation":[-25,2.5,0],"position":[0,1.75,0]},"toe_right5":{"rotation":[0,10,0]},"toetip_right5":{"rotation":[10,0,0]},"toetip_right4":{"rotation":[10,0,0]},"toe_right3":{"rotation":[-1.25,-3.75,0]},"toetip_right3":{"rotation":[10,0,0]},"toe_right2":{"rotation":[-1.25,-12.5,0]},"toetip_right2":{"rotation":[10,0,0]},"toe_right1":{"rotation":[0,-37.5,0]},"toetip_right1":{"rotation":[0,17.5,0]},"fur2":{"rotation":[12.5,0,0]},"fur":{"rotation":[-10,0,0]},"thumb_left2":{"rotation":[82.5,0,0]},"thumb_left":{"rotation":[55.77499,-18.07266,-29.99612]},"hand_left":{"rotation":[0,0,15]},"arm_left":{"rotation":[-2.64862,22.34621,14.42841]},"shoulder_left":{"rotation":[1.1298,8.96039,60.95354]},"finger1_tips":{"rotation":[4.9366,4.11435,100.39249]},"finger2_tips":{"rotation":[0,0,80]},"finger1_tips2":{"rotation":[4.92442,-0.86717,99.96271]},"finger2_tips2":{"rotation":[0,0,82.5]},"finger1_tips3":{"rotation":[4.92442,-0.86717,99.96271]},"finger2_tips3":{"rotation":[0,0,77.5]},"finger1_tips4":{"rotation":[4.92442,-0.86717,99.96271]},"finger2_tips4":{"rotation":[0,0,80]},"shoulder_right":{"rotation":[0.96262,3.58263,-63.21298]},"arm_right":{"rotation":[-3.50247,-19.71564,-11.89815]},"hand_right":{"rotation":[0,0,-22.5]},"thingy_left3":{"rotation":[0,27.5,0]},"thingy_left":{"rotation":[0,0,-12.5]},"thingy_left2":{"rotation":[0,-10,0]},"thingyy_left":{"rotation":[0,0,-10]},"thingy":{"rotation":[7.5,0,0]},"thingy2":{"rotation":[-12.5,0,0]},"thingyy_left2":{"rotation":[0,0,7.5]},"thingyy_right":{"rotation":[0,0,10]},"thingyy_right2":{"rotation":[0,0,-7.5]},"thingyfront_left":{"rotation":[-14.78217,-2.57594,-9.6658]},"thingyfront_left2":{"rotation":[22.5,0,0]},"thingyfront_right":{"rotation":[-14.78217,2.57594,9.6658]},"thingyfront_right2":{"rotation":[22.5,0,0]},"fan":{"rotation":[2.41492,-0.64686,79.98637]},"thingy_right":{"rotation":[0,0,12.5]},"thingy_right2":{"rotation":[0,0,12.5]},"thingy_right3":{"rotation":[0,-27.5,0]},"jaw":{"rotation":[12.5,0,0]}}},"animation.oranguru.texture":{"loop":true,"bones":{"body":{"position":[0,7,0]},"thigh_left":{"position":[7,0,0]},"leg_left":{"position":[0,0,9]},"foot_left":{"position":[0,0,-7]},"toe_left5":{"position":[6,0,-3]},"toetip_left5":{"position":[0,0,-3]},"toe_left4":{"position":[4,0,-3]},"toetip_left4":{"position":[0,0,-3]},"toe_left3":{"position":[2,0,-3]},"toetip_left3":{"position":[0,0,-3]},"toe_left2":{"position":[0,0,-3]},"toetip_left2":{"position":[0,0,-3]},"toe_left1":{"position":[-2,0,0]},"toetip_left1":{"position":[0,0,-2]},"thigh_right":{"position":[-8,0,0]},"chest":{"position":[0,8,0]},"thingyfront_left":{"position":[5,0,-6]},"thingyy_left":{"position":[7,0,0]},"thingyy_right":{"position":[-13,0,0]},"thingy":{"position":[0,0,6]},"shoulder_left":{"position":[4,0,0]},"thingy_left":{"position":[0,8,0]},"thingy_left2":{"position":[0,0,7]},"thingy_left3":{"position":[0,0,-6]},"arm_left":{"position":[10,0,0]},"hand_left":{"position":[8,0,0]},"finger1_tips":{"position":[3,0,-3]},"finger2_tips":{"position":[0,-3,0]},"finger1_tips2":{"position":[3,0,-1]},"finger2_tips2":{"position":[0,-3,0]},"finger1_tips3":{"position":[3,0,1]},"finger2_tips3":{"position":[0,-3,0]},"finger1_tips4":{"position":[3,0,3]},"finger2_tips4":{"position":[0,-3,0]},"thumb_left":{"position":[0,0,-3]},"thumb_left2":{"position":[0,0,-4]},"shoulder_right":{"position":[-8,0,0]},"fur":{"position":[0,0,-19]},"fur2":{"position":[0,-2.97433,0.39158]},"neck":{"position":[0,6,0]},"head_anim":{"position":[0,6,0]},"thingyfront_right":{"position":[-17,-3,0]},"fan":{"position":[0,0,-15]},"jaw":{"position":[0,-3,-5]}}},"animation.oranguru.blink":{"animation_length":0.1667,"bones":{"eyelid_left":{"position":{"0.0":[0,0,-1],"0.125":{"pre":[0,0,-1],"post":[0,0,-1]},"0.1667":{"pre":[0,0,-1],"post":[0,0,0]}}},"eyelid_right":{"position":{"0.0":[0,0,-1],"0.125":{"pre":[0,0,-1],"post":[0,0,-1]},"0.1667":{"pre":[0,0,-1],"post":[0,0,0]}}}}},"animation.oranguru.ground_idle":{"loop":true,"animation_length":81.875,"bones":{"thigh_left":{"rotation":["-37.5 - (math.sin((q.anim_time - 0) * 360 / 8) * 1) + 1",-27.5,0],"position":["-(math.sin((q.anim_time - 0) * 360 / 8) * 0.04)",0,0]},"hip":{"rotation":["7.5 + (math.sin((q.anim_time - 0) * 360 / 8) * 1) - 1",0,0]},"chest":{"rotation":["17.5 + (math.sin((q.anim_time - 1 + (math.sin((q.anim_time - 1) * 360 / 8) * 0.3)) * 360 / 8) * 1) - 1",0,0]},"neck":{"rotation":[7.5,0,0]},"head_anim":{"rotation":["-25 - (math.sin((q.anim_time - 0) * 360 / 8) * 1) - 1",0,0]},"leg_left":{"rotation":["50 + (math.sin((q.anim_time - 0) * 360 / 8) * 1) - 1",0,0]},"foot_left":{"rotation":[-12.5,-2.5,0],"position":[0,0.96875,0.78125]},"toe_left5":{"rotation":[0,-10,0]},"toetip_left5":{"rotation":[2.5,0,0]},"toe_left4":{"rotation":[-0.5,-2.75,0]},"toetip_left4":{"rotation":[2.5,0,0]},"toe_left3":{"rotation":[-1.25,3.75,0]},"toetip_left3":{"rotation":[5,0,0]},"toe_left2":{"rotation":[-1.26342,14.9994,-0.05644]},"toetip_left2":{"rotation":[2.5,0,0]},"toe_left1":{"rotation":[0,37.5,0]},"toetip_left1":{"rotation":[0,-17.5,0]},"thigh_right":{"rotation":["-37.5 - (math.sin((q.anim_time - 0) * 360 / 8) * 1) + 1",27.5,0],"position":["(math.sin((q.anim_time - 0) * 360 / 8) * 0.04)",0,0]},"leg_right":{"rotation":["50 + (math.sin((q.anim_time - 0) * 360 / 8) * 1) - 1",0,0]},"foot_right":{"rotation":[-12.5,2.5,0],"position":[0,0.96875,0.78125]},"toe_right5":{"rotation":[0,10,0]},"toetip_right5":{"rotation":[2.5,0,0]},"toetip_right4":{"rotation":[2.5,0,0]},"toe_right3":{"rotation":[-1.25,-3.75,0]},"toetip_right3":{"rotation":[5,0,0]},"toe_right2":{"rotation":[-1.26342,-14.9994,0.05644]},"toetip_right2":{"rotation":[5,0,0]},"toe_right1":{"rotation":[0,-37.5,0]},"toetip_right1":{"rotation":[0,17.5,0]},"fur2":{"rotation":["(math.sin((q.anim_time - 4 + (math.sin((q.anim_time - 4) * 360 / 8) * 0.3)) * 360 / 8) * 3) - 1",0,0]},"fur":{"rotation":["-15 + (math.sin((q.anim_time - 2 + (math.sin((q.anim_time - 2) * 360 / 8) * 0.3)) * 360 / 8) * 3) + 2",0,0]},"thumb_left2":{"rotation":[50,0,0]},"thumb_left":{"rotation":[50.77499,-18.07266,-29.99612]},"hand_left":{"rotation":[0,0,"15 + (math.sin((q.anim_time - 2) * 360 / 8) * 2) + 2"],"position":[-0.46875,0,0]},"arm_left":{"rotation":[0,"27.5 + (math.sin((q.anim_time - 1.5) * 360 / 8) * 1) + 1",0]},"shoulder_left":{"rotation":[25,16,"59 + (math.sin((q.anim_time - 1) * 360 / 8) * 2) + 2"],"position":[-0.34375,0,0]},"finger1_tips":{"rotation":[4.9366,4.11435,100.39249]},"finger2_tips":{"rotation":[0,0,80]},"finger1_tips2":{"rotation":[4.92442,-0.86717,99.96271]},"finger2_tips2":{"rotation":[0,0,82.5]},"finger1_tips3":{"rotation":[4.92442,-0.86717,99.96271]},"finger2_tips3":{"rotation":[0,0,77.5]},"finger1_tips4":{"rotation":[4.92442,-0.86717,99.96271]},"finger2_tips4":{"rotation":[0,0,80]},"shoulder_right":{"rotation":[25,-16,"-59 - (math.sin((q.anim_time - 1) * 360 / 8) * 2) - 2"],"position":[0.34375,0,0]},"arm_right":{"rotation":[0,"-32.5 - (math.sin((q.anim_time - 1.3) * 360 / 8) * 1) - 1",0]},"hand_right":{"rotation":[0,5,"-15 - (math.sin((q.anim_time - 1.7) * 360 / 8) * 2)"]},"thingy_left3":{"rotation":[0,"20 + (math.cos((q.anim_time - 2) * 360 / 8) * 2)",0]},"thingy_left":{"rotation":[0,0,"-5 + (math.cos((q.anim_time - 2 + (math.cos((q.anim_time - 2) * 360 / 8) * 3)) * 360 / 8) * 2)"]},"thingy_left2":{"rotation":[0,"-7 + (math.cos((q.anim_time - 4) * 360 / 8) * 2)",0]},"thingyy_left":{"rotation":["(math.sin((q.anim_time - 2) * 360 / 8) * 3) + 3",0,-10]},"thingy":{"rotation":["2.5 + (math.sin((q.anim_time - 1) * 360 / 8) * 2)",0,0]},"thingy2":{"rotation":["-4 + (math.cos((q.anim_time - 5) * 360 / 8) * 5)",0,0]},"thingyy_left2":{"rotation":[0,0,7.5]},"thingyy_right":{"rotation":["(math.sin((q.anim_time - 2) * 360 / 8) * 3) + 3",0,10]},"thingyy_right2":{"rotation":[0,0,-7.5]},"thingyfront_left":{"rotation":["-24 - (math.sin((q.anim_time - 3 + (math.sin((q.anim_time - 3) * 360 / 8) * 0.3)) * 360 / 8) * 2)",-2.57594,-9.6658]},"thingyfront_left2":{"rotation":["-2.5 - (math.sin((q.anim_time - 4 + (math.sin((q.anim_time - 4) * 360 / 8) * 0.3)) * 360 / 8) * 2) + 2",0,0]},"thingyfront_right":{"rotation":["-24 - (math.sin((q.anim_time - 3 + (math.sin((q.anim_time - 3) * 360 / 8) * 0.3)) * 360 / 8) * 3)",2.57594,9.6658]},"thingyfront_right2":{"rotation":["-2.5 - (math.sin((q.anim_time - 5 + (math.sin((q.anim_time - 5) * 360 / 8) * 0.3)) * 360 / 8) * 2) + 2",0,0]},"fan":{"rotation":[-6.4133,8.33256,63.37857]},"thingy_right":{"rotation":[0,0,"5 - (math.cos((q.anim_time - 3 + (math.cos((q.anim_time - 2) * 360 / 8) * 3)) * 360 / 8) * 1)"]},"thingy_right2":{"rotation":[0,"7 - (math.cos((q.anim_time - 3) * 360 / 8) * 2)",0]},"thingy_right3":{"rotation":[0,"-26 + (math.cos((q.anim_time - 3) * 360 / 8) * 2)",0]},"jaw":{"rotation":["-(math.sin((q.anim_time - 1 + (math.sin((q.anim_time - 1) * 360 / 4) * 0.3)) * 360 / 4) * 3)",0,0]},"body":{"position":[0,"1.1251 -(math.sin((q.anim_time - 0) * 360 / 8) * 0.128) + 0.128","(math.sin((q.anim_time - 0) * 360 / 8) * 0.07)"]},"toe_right4":{"rotation":[0,2.5,0]},"thumb_right":{"rotation":[23.7364,-8.18737,7.51718],"position":[-0.5,0.71875,0.75]},"thumb_right2":{"rotation":[0,20,0]},"fan_leaves":{"rotation":["3+(math.sin((q.anim_time - 2 + (math.sin((q.anim_time - 2) * 360 / 8) * 0.3)) * 360 / 8) * 3)",0,"(math.sin((q.anim_time - 0) * 360 / 8) * 1) - 1"]}}},"animation.oranguru.ground_walk":{"loop":true,"animation_length":2,"bones":{"thigh_left":{"rotation":{"0.0":{"post":[31.51171,2.29639,-20.75457],"lerp_mode":"catmullrom"},"0.25":{"post":[9.7,0.54875,-24.1175],"lerp_mode":"catmullrom"},"0.5":{"post":[-9.55481,-12.47741,-23.19768],"lerp_mode":"catmullrom"},"0.75":{"post":[-51.1525,-12.29,-5.65],"lerp_mode":"catmullrom"},"1.0":[-46.62133,-12.09497,-0.1408],"1.125":[-45.69,-12.19,-2.9],"1.25":[-37.76125,-12.29,-5.65],"1.2917":{"pre":[-33.71375,-12.37,-6.4],"post":[-33.71375,-12.37,-6.4],"lerp_mode":"catmullrom"},"1.5":{"post":[-8.90625,-12.48,-11.16],"lerp_mode":"catmullrom"},"1.75":{"post":[16.4,-8.28,-17.25],"lerp_mode":"catmullrom"},"2.0":[31.51171,2.29639,-20.75457]},"position":{"0.0":[-1,0.3125,0.9375],"0.125":[-1,0.22,0.52],"0.25":[-1,0.3125,0],"0.5":[-1,0.86125,0],"0.75":[-1,0.65625,0],"1.0":[-1,0,0],"1.25":[-1,0,0],"1.3333":{"pre":[-1,0.06375,0.93625],"post":[-1,0.06375,0.93625],"lerp_mode":"catmullrom"},"1.5":{"post":[-1,0.5,0.84375],"lerp_mode":"catmullrom"},"1.75":{"post":[-1,1.29875,0.1875],"lerp_mode":"catmullrom"},"2.0":[-1,0.3125,0.9375]}},"hip":{"rotation":["3 + (math.cos((q.anim_time - 0.25) * 360 / 1) * 3)","-(math.cos((q.anim_time - 0.2) * 360 / 2) * 2)",0],"position":{"0.0":["-(math.sin((q.anim_time - 0) * 360 / 2) * 0.5)",-0.46875,0],"0.0833":["-(math.sin((q.anim_time - 0) * 360 / 2) * 0.5)",0,0],"0.9167":["-(math.sin((q.anim_time - 0) * 360 / 2) * 0.5)",0,0],"1.0":["-(math.sin((q.anim_time - 0) * 360 / 2) * 0.5)",-0.46875,0],"1.0833":["-(math.sin((q.anim_time - 0) * 360 / 2) * 0.5)",0,0],"1.9167":["-(math.sin((q.anim_time - 0) * 360 / 2) * 0.5)",0,0],"2.0":["-(math.sin((q.anim_time - 0) * 360 / 2) * 0.5)",-0.46875,0]}},"chest":{"rotation":["4 + (math.cos((q.anim_time - 0.4) * 360 / 1) * 1)","(math.cos((q.anim_time - 0.1) * 360 / 2) * 2.9)",0],"position":[0,0,-0.28125]},"neck":{"rotation":[7.5,0,0]},"head_anim":{"rotation":["-12 + (math.cos((q.anim_time - 0.3) * 360 / 1) * 1)","(math.cos((q.anim_time - 0) * 360 / 2) * 3)",0]},"leg_left":{"rotation":{"0.0":[19.0625,0,0],"0.25":{"pre":[62.5675,0,0],"post":[62.5675,0,0],"lerp_mode":"catmullrom"},"0.5":{"post":[74.71875,0,0],"lerp_mode":"catmullrom"},"0.75":{"post":[36.8175,0,0],"lerp_mode":"catmullrom"},"1.0":[16.5,0,0],"1.125":[33.49,0,0],"1.25":[38.47375,0,0],"1.5":[23.295,0,0],"1.75":[16.5225,0,0],"1.875":[15.79,0,0],"2.0":[19.0625,0,0]}},"foot_left":{"rotation":{"0.0":[-1.8849,1.29876,7.38733],"0.25":{"pre":[-5.685,0.97,5.54],"post":[-5.685,0.97,5.54],"lerp_mode":"catmullrom"},"0.5":{"post":[13.79192,0.64938,3.69366],"lerp_mode":"catmullrom"},"0.75":{"post":[8.05625,0.32,1.85],"lerp_mode":"catmullrom"},"1.0":[16.59375,0,0],"1.25":[-0.60665,5.32441,1.79396],"1.5":[-9.29546,4.93873,8.58111],"1.75":[-10.37,3.12,7.98],"1.9167":[-9.1925,1.91,7.58],"2.0":[-1.8849,1.29876,7.38733]},"position":{"0.0":[0,1.125,0],"1.0":[0,0,0],"1.5":[0,1.2475,0],"2.0":[0,1.125,0]}},"toe_left5":{"rotation":{"0.0":[-35.92283,-2.99099,7.25264],"0.25":{"pre":[-31.65875,-4.74,5.44],"post":[-31.65875,-4.74,5.44],"lerp_mode":"catmullrom"},"0.5":{"post":[-22.55516,-6.49549,3.62632],"lerp_mode":"catmullrom"},"0.75":{"post":[-0.82446,-8.24775,1.81316],"lerp_mode":"catmullrom"},"1.0":[5.125,-10,0],"1.25":[-0.91821,-8.24775,2.46941],"1.5":[-2.96141,-6.49549,3.62632],"2.0":[-35.92283,-2.99099,7.25264]}},"toetip_left5":{"rotation":{"0.0":[0,0,0],"0.25":{"pre":[1.47375,0,0],"post":[1.47375,0,0],"lerp_mode":"catmullrom"},"0.5417":{"post":[21.25,0,0],"lerp_mode":"catmullrom"},"0.8333":{"post":[-2.08875,0,0],"lerp_mode":"catmullrom"},"1.0":[2.5,0,0],"1.25":[1.005,0,0],"2.0":[0,0,0]}},"toe_left4":{"rotation":{"0.0":[-42.41835,7.93775,3.42498],"0.25":{"pre":[-38.34125,5.33,2.57],"post":[-38.34125,5.33,2.57],"lerp_mode":"catmullrom"},"0.5":{"post":[-25.24043,2.71888,1.71249],"lerp_mode":"catmullrom"},"0.75":{"post":[-1.85459,0.10944,0.85625],"lerp_mode":"catmullrom"},"1.0":[2.78125,-2.5,0],"1.25":[-0.54209,0.10944,1.7625],"1.5":[-1.20918,2.71888,1.71249],"2.0":[-42.41835,7.93775,3.42498]}},"toetip_left4":{"rotation":{"0.0":[0,0,0],"0.25":{"pre":[1.78625,0,0],"post":[1.78625,0,0],"lerp_mode":"catmullrom"},"0.5417":{"post":[16.25,0,0],"lerp_mode":"catmullrom"},"0.8333":{"post":[-4.40125,0,0],"lerp_mode":"catmullrom"},"1.0":[2.5,0,0],"1.25":[1.09875,0,0],"2.0":[0,0,0]}},"toe_left3":{"rotation":{"0.0":[-47.81822,14.30442,-0.6633],"0.25":{"pre":[-42.6175,11.67,-0.5],"post":[-42.6175,11.67,-0.5],"lerp_mode":"catmullrom"},"0.5":{"post":[-28.25286,9.02721,-0.33165],"lerp_mode":"catmullrom"},"0.75":{"post":[-3.01705,6.38861,-0.16582],"lerp_mode":"catmullrom"},"1.0":[1.9375,3.75,0],"1.25":[-1.95455,6.38861,1.64668],"1.5":[-2.03411,9.02721,-0.33165],"2.0":[-47.81822,14.30442,-0.6633]}},"toetip_left3":{"rotation":{"0.0":[0,0,0],"0.25":{"pre":[2.96875,0,0],"post":[2.96875,0,0],"lerp_mode":"catmullrom"},"0.5417":{"post":[20,0,0],"lerp_mode":"catmullrom"},"0.8333":{"post":[-1,0,0],"lerp_mode":"catmullrom"},"1.0":[5,0,0],"1.25":[2.875,0,0],"2.0":[0,0,0]}},"toe_left2":{"rotation":{"0.0":[-56.27874,20.96522,-8.21251],"0.25":{"pre":[-46.48875,19.47,-6.17],"post":[-46.48875,19.47,-6.17],"lerp_mode":"catmullrom"},"0.5":{"post":[-31.83358,17.98231,-4.13448],"lerp_mode":"catmullrom"},"0.75":{"post":[-3.2985,16.49085,-2.09546],"lerp_mode":"catmullrom"},"1.0":[3.26783,14.9994,-0.05644],"1.25":[-2.361,16.49085,1.96704],"1.5":[-3.77108,17.98231,-4.13448],"2.0":[-56.27874,20.96522,-8.21251]}},"toetip_left2":{"rotation":{"0.0":[2.5,0,0],"0.25":{"pre":[4.16125,0,0],"post":[4.16125,0,0],"lerp_mode":"catmullrom"},"0.5417":{"post":[18.75,0,0],"lerp_mode":"catmullrom"},"0.8333":{"post":[-2.08875,0,0],"lerp_mode":"catmullrom"},"1.0":[5,0,0],"1.25":[1.63,0,0],"2.0":[2.5,0,0]}},"toe_left1":{"rotation":{"0.0":[-28.32127,31.27143,-12.81369],"0.25":{"pre":[-14.99,32.83,-9.61],"post":[-14.99,32.83,-9.61],"lerp_mode":"catmullrom"},"0.5":{"post":[-1.66064,34.38572,-6.40684],"lerp_mode":"catmullrom"},"0.75":{"post":[2.85718,35.94286,-3.20342],"lerp_mode":"catmullrom"},"1.0":[0,37.5,0],"1.25":[0.8886,36.18506,6.07331],"1.5":[3.65198,34.54718,-0.22235],"2.0":[-28.32127,31.27143,-12.81369]}},"toetip_left1":{"rotation":{"0.0":[-10,-12.5,0],"0.25":{"pre":[-7.53,-15,0.11],"post":[-7.53,-15,0.11],"lerp_mode":"catmullrom"},"0.5417":{"post":[-5.0639,-17.49037,0.22838],"lerp_mode":"catmullrom"},"1.0":[0,-17.5,0],"2.0":[-10,-12.5,0]}},"thigh_right":{"rotation":{"0.0":[-46.62133,12.09497,0.1408],"0.125":[-45.69,12.19,2.9],"0.25":[-37.76125,12.29,5.65],"0.2917":[-33.71375,12.37,6.4],"0.5":{"pre":[-8.90625,12.48,11.16],"post":[-8.90625,12.48,11.16],"lerp_mode":"catmullrom"},"0.75":{"post":[16.4,8.28,17.25],"lerp_mode":"catmullrom"},"1.0":{"post":[31.51171,-2.29639,20.75457],"lerp_mode":"catmullrom"},"1.25":{"post":[9.7,-0.54875,24.1175],"lerp_mode":"catmullrom"},"1.5":{"post":[-9.55481,12.47741,23.19768],"lerp_mode":"catmullrom"},"1.75":{"post":[-51.1525,12.29,5.65],"lerp_mode":"catmullrom"},"2.0":[-46.62133,12.09497,0.1408]},"position":{"0.0":[1,0,0],"0.25":[1,0,0],"0.3333":[1,0.06375,0.93625],"0.5":{"pre":[1,0.5,0.84375],"post":[1,0.5,0.84375],"lerp_mode":"catmullrom"},"0.75":{"post":[1,1.29875,0.1875],"lerp_mode":"catmullrom"},"1.0":{"post":[1,0.3125,0.9375],"lerp_mode":"catmullrom"},"1.25":[1,0.3125,0],"1.5":[1,0.86125,0],"1.75":[1,0.65625,0],"2.0":[1,0,0]}},"leg_right":{"rotation":{"0.0":[16.5,0,0],"0.125":[33.49,0,0],"0.25":[38.47375,0,0],"0.5":[23.295,0,0],"0.75":[16.5225,0,0],"0.875":[15.79,0,0],"1.0":[19.0625,0,0],"1.25":{"pre":[62.5675,0,0],"post":[62.5675,0,0],"lerp_mode":"catmullrom"},"1.5":{"post":[74.71875,0,0],"lerp_mode":"catmullrom"},"1.75":{"post":[36.8175,0,0],"lerp_mode":"catmullrom"},"2.0":[16.5,0,0]}},"foot_right":{"rotation":{"0.0":[16.59375,0,0],"0.25":[-0.60665,-5.32441,-1.79396],"0.5":[-9.29546,-4.93873,-8.58111],"0.75":[-10.37,-3.12,-7.98],"0.9167":[-9.1925,-1.91,-7.58],"1.0":[-1.8849,-1.29876,-7.38733],"1.25":{"pre":[-5.685,-0.97,-5.54],"post":[-5.685,-0.97,-5.54],"lerp_mode":"catmullrom"},"1.5":{"post":[13.79192,-0.64938,-3.69366],"lerp_mode":"catmullrom"},"1.75":{"post":[8.05625,-0.32,-1.85],"lerp_mode":"catmullrom"},"2.0":[16.59375,0,0]},"position":{"0.0":[0,0,0],"0.5":[0,1.2475,0],"1.0":[0,1.125,0],"2.0":[0,0,0]}},"toe_right5":{"rotation":{"0.0":[5.125,10,0],"0.25":[-0.91821,8.24775,-2.46941],"0.5":[-2.96141,6.49549,-3.62632],"1.0":[-35.92283,2.99099,-7.25264],"1.25":{"pre":[-31.65875,4.74,-5.44],"post":[-31.65875,4.74,-5.44],"lerp_mode":"catmullrom"},"1.5":{"post":[-22.55516,6.49549,-3.62632],"lerp_mode":"catmullrom"},"1.75":{"post":[-0.82446,8.24775,-1.81316],"lerp_mode":"catmullrom"},"2.0":[5.125,10,0]}},"toetip_right5":{"rotation":{"0.0":[2.5,0,0],"0.25":[1.005,0,0],"1.0":[0,0,0],"1.25":{"pre":[1.47375,0,0],"post":[1.47375,0,0],"lerp_mode":"catmullrom"},"1.5417":{"post":[21.25,0,0],"lerp_mode":"catmullrom"},"1.8333":{"post":[-2.08875,0,0],"lerp_mode":"catmullrom"},"2.0":[2.5,0,0]}},"toetip_right4":{"rotation":{"0.0":[2.5,0,0],"0.25":[1.09875,0,0],"1.0":[0,0,0],"1.25":{"pre":[1.78625,0,0],"post":[1.78625,0,0],"lerp_mode":"catmullrom"},"1.5417":{"post":[16.25,0,0],"lerp_mode":"catmullrom"},"1.8333":{"post":[-4.40125,0,0],"lerp_mode":"catmullrom"},"2.0":[2.5,0,0]}},"toe_right3":{"rotation":{"0.0":[1.9375,-3.75,0],"0.25":[-1.95455,-6.38861,-1.64668],"0.5":[-2.03411,-9.02721,0.33165],"1.0":[-47.81822,-14.30442,0.6633],"1.25":{"pre":[-42.6175,-11.67,0.5],"post":[-42.6175,-11.67,0.5],"lerp_mode":"catmullrom"},"1.5":{"post":[-28.25286,-9.02721,0.33165],"lerp_mode":"catmullrom"},"1.75":{"post":[-3.01705,-6.38861,0.16582],"lerp_mode":"catmullrom"},"2.0":[1.9375,-3.75,0]}},"toetip_right3":{"rotation":{"0.0":[5,0,0],"0.25":[2.875,0,0],"1.0":[0,0,0],"1.25":{"pre":[2.96875,0,0],"post":[2.96875,0,0],"lerp_mode":"catmullrom"},"1.5417":{"post":[20,0,0],"lerp_mode":"catmullrom"},"1.8333":{"post":[-1,0,0],"lerp_mode":"catmullrom"},"2.0":[5,0,0]}},"toe_right2":{"rotation":{"0.0":[3.26783,-14.9994,0.05644],"0.25":[-2.361,-16.49085,-1.96704],"0.5":[-3.77108,-17.98231,4.13448],"1.0":[-56.27874,-20.96522,8.21251],"1.25":{"pre":[-46.48875,-19.47,6.17],"post":[-46.48875,-19.47,6.17],"lerp_mode":"catmullrom"},"1.5":{"post":[-31.83358,-17.98231,4.13448],"lerp_mode":"catmullrom"},"1.75":{"post":[-3.2985,-16.49085,2.09546],"lerp_mode":"catmullrom"},"2.0":[3.26783,-14.9994,0.05644]}},"toetip_right2":{"rotation":{"0.0":[5,0,0],"0.25":[1.63,0,0],"1.0":[2.5,0,0],"1.25":{"pre":[4.16125,0,0],"post":[4.16125,0,0],"lerp_mode":"catmullrom"},"1.5417":{"post":[18.75,0,0],"lerp_mode":"catmullrom"},"1.8333":{"post":[-2.08875,0,0],"lerp_mode":"catmullrom"},"2.0":[5,0,0]}},"toe_right1":{"rotation":{"0.0":[0,-37.5,0],"0.25":[0.8886,-36.18506,-6.07331],"0.5":[3.65198,-34.54718,0.22235],"1.0":[-28.32127,-31.27143,12.81369],"1.25":{"pre":[-14.99,-32.83,9.61],"post":[-14.99,-32.83,9.61],"lerp_mode":"catmullrom"},"1.5":{"post":[-1.66064,-34.38572,6.40684],"lerp_mode":"catmullrom"},"1.75":{"post":[2.85718,-35.94286,3.20342],"lerp_mode":"catmullrom"},"2.0":[0,-37.5,0]}},"toetip_right1":{"rotation":{"0.0":[0,17.5,0],"1.0":[-10,12.5,0],"1.25":{"pre":[-7.53,15,-0.11],"post":[-7.53,15,-0.11],"lerp_mode":"catmullrom"},"1.5417":{"post":[-5.0639,17.49037,-0.22838],"lerp_mode":"catmullrom"},"2.0":[0,17.5,0]}},"fur2":{"rotation":["(math.cos((q.anim_time - 0.6 + (math.cos((q.anim_time - 0.6) * 360 / 1) * 0.06)) * 360 / 1) * 3) + 3",0,0]},"fur":{"rotation":["-8 + (math.cos((q.anim_time - 0.45 + (math.cos((q.anim_time - 0.45) * 360 / 1) * 0.06)) * 360 / 1) * 4)",0,"(math.sin((q.anim_time - 0.8) * 360 / 2) * 4)"]},"thumb_left2":{"rotation":[50,0,0]},"thumb_left":{"rotation":[50.77499,-18.07266,-29.99612]},"hand_left":{"rotation":[0,"(math.cos((q.anim_time - 0.3) * 360 / 2) * 5)","(math.cos((q.anim_time - 0.1) * 360 / 1) * 5)"],"position":[-0.46875,0,0]},"arm_left":{"rotation":[0,"22 + (math.cos((q.anim_time - 0.2) * 360 / 2) * 10)",0]},"shoulder_left":{"rotation":["(math.cos((q.anim_time - 0) * 360 / 2) * 3) + 5","(math.cos((q.anim_time - 0) * 360 / 2) * 20)","70 + (math.cos((q.anim_time - 0) * 360 / 1) * 3)"],"position":[0.28125,-0.90625,0]},"finger1_tips":{"rotation":[4.9366,4.11435,100.39249]},"finger2_tips":{"rotation":[0,0,80]},"finger1_tips2":{"rotation":[4.92442,-0.86717,99.96271]},"finger2_tips2":{"rotation":[0,0,82.5]},"finger1_tips3":{"rotation":[4.92442,-0.86717,99.96271]},"finger2_tips3":{"rotation":[0,0,77.5]},"finger1_tips4":{"rotation":[4.92442,-0.86717,99.96271]},"finger2_tips4":{"rotation":[0,0,80]},"shoulder_right":{"rotation":["-(math.cos((q.anim_time - 0) * 360 / 2) * 3) - 3","(math.cos((q.anim_time - 0) * 360 / 2) * 10) + 20","-72.5672 - (math.cos((q.anim_time - 0) * 360 / 1) * 3)"],"position":[-0.28125,-0.90625,0]},"arm_right":{"rotation":[0,"-40 + (math.cos((q.anim_time - 0.25) * 360 / 2) * 5)",0]},"hand_right":{"rotation":[0,"(math.cos((q.anim_time - 0.3) * 360 / 2) * 3)",9.44474]},"thingy_left3":{"rotation":[0,"27.5 + (math.cos((q.anim_time - 0.35) * 360 / 2) * 8) - 11",0]},"thingy_left":{"rotation":[0,0,"-7 + (math.sin((q.anim_time - 0) * 360 / 1) * 4)"]},"thingy_left2":{"rotation":[0,"-6 + (math.cos((q.anim_time - 0.35) * 360 / 2) * 5)",0]},"thingyy_left":{"rotation":[0,0,-10]},"thingy":{"rotation":["5 - (math.cos((q.anim_time - 0.65 + (math.cos((q.anim_time - 0.65) * 360 / 1) * 0.06)) * 360 / 1) * 3)",0,0]},"thingy2":{"rotation":["-2 + (math.sin((q.anim_time - 0.75 + (math.sin((q.anim_time - 0.75) * 360 / 1) * 0.06)) * 360 / 1) * 4)",0,0]},"thingyy_left2":{"rotation":[0,0,7.5]},"thingyy_right":{"rotation":[0,0,10]},"thingyy_right2":{"rotation":[0,0,-7.5]},"thingyfront_left":{"rotation":["-15 + (math.cos((q.anim_time - 0.55 + (math.cos((q.anim_time - 0.55) * 360 / 1) * 0.06)) * 360 / 1) * 4)",-2.57594,"-3 + (math.sin((q.anim_time - 0.95) * 360 / 2) * 3) "]},"thingyfront_left2":{"rotation":["1 + (math.cos((q.anim_time - 0.7 + (math.cos((q.anim_time - 0.6) * 360 / 1) * 0.06)) * 360 / 1) * 3)",0,0]},"thingyfront_right":{"rotation":["-15 + (math.cos((q.anim_time - 0.5 + (math.cos((q.anim_time - 0.5) * 360 / 1) * 0.06)) * 360 / 1) * 4)",2.57594,"6 + (math.sin((q.anim_time - 0.9) * 360 / 2) * 4) "]},"thingyfront_right2":{"rotation":["1 + (math.cos((q.anim_time - 0.65 + (math.cos((q.anim_time - 0.55) * 360 / 1) * 0.06)) * 360 / 1) * 2)",0,0]},"fan":{"rotation":[-6.4133,8.33256,63.37857]},"thingy_right":{"rotation":[0,0,"7 - (math.sin((q.anim_time - 0) * 360 / 1) * 4)"]},"thingy_right2":{"rotation":[0,"4 + (math.cos((q.anim_time - 0.4 + (math.cos((q.anim_time - 0.2) * 360 / 2) * 0.1)) * 360 / 2) * 5)",0]},"thingy_right3":{"rotation":[0,"-22.5 + (math.sin((q.anim_time - 1.9 - (math.sin((q.anim_time - 1.9) * 360 / 2) * 0.15)) * 360 / 2) * 5) - 9",0]},"jaw":{"rotation":[-10,0,0]},"body":{"rotation":["(math.cos((q.anim_time - 0.25) * 360 / 1) * 1)","-(math.cos((q.anim_time - 0) * 360 / 2) * 8)","-(math.cos((q.anim_time - 0.4) * 360 / 2) * 2)"],"position":{"0.0":[-1.21875,"1.3155 - (math.cos((q.anim_time - 0.05 - (math.cos((q.anim_time - 0.15) * 360 / 1) * 0.05)) * 360 / 1) * 1) + 1",0],"0.25":[-0.3125,"1.3155 - (math.cos((q.anim_time - 0.05 - (math.cos((q.anim_time - 0.15) * 360 / 1) * 0.05)) * 360 / 1) * 1) + 1",0],"0.5":[1,"1.3155 - (math.cos((q.anim_time - 0.05 - (math.cos((q.anim_time - 0.15) * 360 / 1) * 0.05)) * 360 / 1) * 1) + 1",0],"0.75":[1.47375,"1.3155 - (math.cos((q.anim_time - 0.05 - (math.cos((q.anim_time - 0.15) * 360 / 1) * 0.05)) * 360 / 1) * 1) + 1",0],"1.0":[1.28125,"1.3155 - (math.cos((q.anim_time - 0.05 - (math.cos((q.anim_time - 0.15) * 360 / 1) * 0.05)) * 360 / 1) * 1) + 1",0],"1.25":[0.8125,"1.3155 - (math.cos((q.anim_time - 0.05 - (math.cos((q.anim_time - 0.15) * 360 / 1) * 0.05)) * 360 / 1) * 1) + 1",0],"1.5":[-0.75,"1.3155 - (math.cos((q.anim_time - 0.05 - (math.cos((q.anim_time - 0.15) * 360 / 1) * 0.05)) * 360 / 1) * 1) + 1",0],"1.75":[-1.37995,"1.3155 - (math.cos((q.anim_time - 0.05 - (math.cos((q.anim_time - 0.15) * 360 / 1) * 0.05)) * 360 / 1) * 1) + 1",0],"2.0":[-1.21875,"1.3155 - (math.cos((q.anim_time - 0.05 - (math.cos((q.anim_time - 0.15) * 360 / 1) * 0.05)) * 360 / 1) * 1) + 1",0]}},"toe_right4":{"rotation":{"0.0":[2.78125,2.5,0],"0.25":[-0.54209,-0.10944,-1.7625],"0.5":[-1.20918,-2.71888,-1.71249],"1.0":[-42.41835,-7.93775,-3.42498],"1.25":{"pre":[-38.34125,-5.33,-2.57],"post":[-38.34125,-5.33,-2.57],"lerp_mode":"catmullrom"},"1.5":{"post":[-25.24043,-2.71888,-1.71249],"lerp_mode":"catmullrom"},"1.75":{"post":[-1.85459,-0.10944,-0.85625],"lerp_mode":"catmullrom"},"2.0":[2.78125,2.5,0]}},"thumb_right":{"rotation":[23.7364,-8.18737,7.51718],"position":[-0.5,0.71875,0.75]},"thumb_right2":{"rotation":[0,20,0]},"fan_leaves":{"rotation":{"0.0":["4+(math.cos((q.anim_time - 0.45) * 360 / 2) * 3) +NaN",0,0],"0.0417":["5.7504+(math.cos((q.anim_time - 0.45) * 360 / 2) * 3) +NaN",0,0],"0.3333":["(math.cos((q.anim_time - 0.45) * 360 / 2) * 3) + 2",0,0],"0.875":["(math.cos((q.anim_time - 0.45) * 360 / 2) * 3) + 2",0,0],"1.9167":["(math.cos((q.anim_time - 0.45) * 360 / 2) * 3) + 2",0,0],"2.0":["4+(math.cos((q.anim_time - 0.45) * 360 / 2) * 3) +NaN",0,0]}}}},"animation.oranguru.walk_test":{"loop":true,"bones":{"body":{"position":[0,0,"-q.anim_time*90*walk"]}}}}}