{"format_version":"1.8.0","animations":{"animation.palkiaorigin.ground_idle":{"loop":true,"animation_length":2,"bones":{"body":{"position":{"0.0":[0,-0.5,0],"0.15":[0,-0.49,0],"0.85":[0,-0.25,0],"1.0":[0,-0.25,0],"1.15":[0,-0.25,0],"1.85":[0,-0.49,0],"2.0":[0,-0.5,0]}},"torso":{"rotation":{"0.0":[1,0,0],"0.15":[0.8,0,0],"0.85":[0.2,0,0],"1.0":[0,0,0],"1.15":[0.2,0,0],"1.85":[0.8,0,0],"2.0":[1,0,0]},"position":{"0.0":[0,-0.5,0],"0.15":[0,-0.47,0],"0.85":[0,-0.03,0],"1.0":[0,0,0],"1.15":[0,-0.03,0],"1.85":[0,-0.47,0],"2.0":[0,-0.5,0]}},"head":{"rotation":{"0.0":[0,0,0],"0.15":[0.2,0,0],"0.85":[0.8,0,0],"1.0":[1,0,0],"1.15":[0.8,0,0],"1.85":[0.2,0,0],"2.0":[0,0,0]}},"right_leg":{"rotation":{"0.0":[-5,0,0],"0.15":[-4.86,0,0],"0.85":[-0.03,0,0],"1.0":[0,0,0],"1.15":[-0.03,0,0],"1.85":[-4.86,0,0],"2.0":[-5,0,0]},"position":{"0.0":[0,0,0],"0.15":[0,0.01,0],"0.85":[0,0.25,0],"1.0":[0,0.25,0],"1.15":[0,0.25,0],"1.85":[0,0.01,0],"2.0":[0,0,0]}},"right_foot":{"rotation":{"0.0":[12.5,0,0],"0.15":[12.21,0,0],"0.85":[2.56,0,0],"1.0":[2.5,0,0],"1.15":[2.56,0,0],"1.85":[12.21,0,0],"2.0":[12.5,0,0]}},"left_leg":{"rotation":{"0.0":[-5,0,0],"0.15":[-5.14,0,0],"0.85":[-0.03,0,0],"1.0":[0,0,0],"1.15":[-0.03,0,0],"1.85":[-5.14,0,0],"2.0":[-5,0,0]},"position":{"0.0":[0,0,0],"0.15":[0,0.01,0],"0.85":[0,0.25,0],"1.0":[0,0.25,0],"1.15":[0,0.25,0],"1.85":[0,0.01,0],"2.0":[0,0,0]}},"left_foot":{"rotation":{"0.0":[12.5,0,0],"0.15":[12.21,0,0],"0.85":[2.56,0,0],"1.0":[2.5,0,0],"1.15":[2.56,0,0],"1.85":[12.21,0,0],"2.0":[12.5,0,0]}},"tail":{"rotation":{"0.0":[0,0,0],"1.0":[5,0,0],"2.0":[0,0,0]}},"right_wing":{"rotation":{"0.0":{"post":[0,-8,0],"lerp_mode":"catmullrom"},"0.75":{"post":[0,5,0],"lerp_mode":"catmullrom"},"1.0":{"post":[0,8,0],"lerp_mode":"catmullrom"},"1.75":{"post":[0,-5,0],"lerp_mode":"catmullrom"},"2.0":{"post":[0,-8,0],"lerp_mode":"catmullrom"}}},"left_wing":{"rotation":{"0.0":{"post":[0,8,0],"lerp_mode":"catmullrom"},"0.75":{"post":[0,-5,0],"lerp_mode":"catmullrom"},"1.0":{"post":[0,-8,0],"lerp_mode":"catmullrom"},"1.75":{"post":[0,5,0],"lerp_mode":"catmullrom"},"2.0":{"post":[0,8,0],"lerp_mode":"catmullrom"}}}}},"animation.palkiaorigin.ground_walk":{"loop":true,"animation_length":2,"bones":{"torso":{"rotation":{"0.0":[0,0,1],"0.3":[0,0,1.5],"1.0":[0,0,-1],"1.3":[0,0,-1.5],"2.0":[0,0,1]},"position":{"0.0":[0,0,0],"0.1":[0,-0.17,0],"0.2":[0,-0.83,0],"0.3":[0,-1,0],"0.45":[0,-0.93,0],"0.85":[0,-0.07,0],"1.0":[0,0,0],"1.1":[0,-0.17,0],"1.2":[0,-0.83,0],"1.3":[0,-1,0],"1.45":[0,-0.93,0],"1.85":[0,-0.07,0],"2.0":[0,0,0]}},"neck":{"position":{"0.0":[0,0,0],"0.1":[0,-0.17,0],"0.2":[0,-0.83,0],"0.3":[0,-1,0],"0.45":[0,-0.93,0],"0.85":[0,-0.07,0],"1.0":[0,0,0],"1.1":[0,-0.17,0],"1.2":[0,-0.83,0],"1.3":[0,-1,0],"1.45":[0,-0.93,0],"1.85":[0,-0.07,0],"2.0":[0,0,0]}},"head":{"rotation":{"0.0":[0,0,-1],"0.3":[0,0,-1.5],"1.0":[0,0,1],"1.3":[0,0,1.5],"2.0":[0,0,-1]}},"right_wing":{"rotation":{"0.0":{"post":[0,-15,0],"lerp_mode":"catmullrom"},"0.75":{"post":[0,10,0],"lerp_mode":"catmullrom"},"1.0":{"post":[0,15,0],"lerp_mode":"catmullrom"},"1.75":{"post":[0,-10,0],"lerp_mode":"catmullrom"},"2.0":{"post":[0,-15,0],"lerp_mode":"catmullrom"}}},"left_wing":{"rotation":{"0.0":{"post":[0,15,0],"lerp_mode":"catmullrom"},"0.75":{"post":[0,-10,0],"lerp_mode":"catmullrom"},"1.0":{"post":[0,-15,0],"lerp_mode":"catmullrom"},"1.75":{"post":[0,10,0],"lerp_mode":"catmullrom"},"2.0":{"post":[0,15,0],"lerp_mode":"catmullrom"}}},"right_leg":{"rotation":{"0.0":[-9.96271,-0.86717,-4.92442],"1.0":[12.5,0,0],"1.55":[-9.96271,-0.86717,-4.92442],"2.0":[-9.96271,-0.86717,-4.92442]},"position":{"0.0":[-1,-1,-1],"1.0":[0,-0.5,2],"1.15":[0,1,0],"1.55":[-1,1,0],"2.0":[-1,-1,-1]}},"right_foot":{"rotation":{"0.0":[5,0,0],"1.0":[0,0,0],"1.3":[32.5,0,0],"2.0":[5,0,0]}},"left_leg":{"rotation":{"0.0":[12.5,0,0],"0.55":[-10,0,0],"1.0":[-9.96271,0.86717,4.92442],"2.0":[12.5,0,0]},"position":{"0.0":[0,-0.5,2],"0.15":[0,1,0],"0.55":[1,1,0],"1.0":[1,-1,-1],"2.0":[0,-0.5,2]}},"left_foot":{"rotation":{"0.0":[0,0,0],"0.3":[32.5,0,0],"1.0":[5,0,0],"2.0":[0,0,0]}},"right_back_leg":{"rotation":{"0.0":[2.5,0,0],"0.3":[12.5,0,0],"1.0":[-17.5,0,0],"1.3":[-17.5,0,0],"2.0":[2.5,0,0]},"position":{"0.0":[0,-1.5,0.5],"0.3":[0,-1.5,1.5],"1.0":[0,3,0],"1.3":[0,-1.5,-1.5],"2.0":[0,-1.5,0.5]}},"right_back_leg2":{"rotation":{"0.0":[11.5,0,0],"0.3":[-11,0,0],"1.0":[17.5,0,0],"1.3":[7.5,0,0],"2.0":[11.5,0,0]}},"left_back_leg":{"rotation":{"0.0":[-17.5,0,0],"0.3":[-17.5,0,0],"1.0":[2.5,0,0],"1.3":[12.5,0,0],"2.0":[-17.5,0,0]},"position":{"0.0":[0,3,0],"0.3":[0,-1.5,-1.5],"1.0":[0,-1.5,0.5],"1.3":[0,-1.5,1.5],"2.0":[0,3,0]}},"left_back_leg2":{"rotation":{"0.0":[17.5,0,0],"0.3":[7.5,0,0],"1.0":[-6,0,0],"1.3":[-11,0,0],"2.0":[17.5,0,0]}},"upper_torso":{"position":{"0.0":[0,0,0],"0.1":[0,-0.17,0],"0.2":[0,-0.83,0],"0.3":[0,-1,0],"0.45":[0,-0.93,0],"0.85":[0,-0.07,0],"1.0":[0,0,0],"1.1":[0,-0.17,0],"1.2":[0,-0.83,0],"1.3":[0,-1,0],"1.45":[0,-0.93,0],"1.85":[0,-0.07,0],"2.0":[0,0,0]}}}},"animation.palkiaorigin.faint":{"loop":true}},"geckolib_format_version":2}