{"format_version":"1.8.0","animations":{"animation.panpour.static":{"loop":true,"bones":{"armright":{"rotation":[16.39211,-28.46296,-31.68416]},"armright2":{"rotation":[1.31845,-9.91358,17.38565]},"handright":{"rotation":[0,0,15]},"armleft":{"rotation":[16.39211,28.46296,31.68416]},"armleft2":{"rotation":[0,0,-25]},"handleft":{"rotation":[0,0,-15]},"legleft":{"rotation":[-17.5,-17.5,0]},"legleft2":{"rotation":[17.5,0,0]},"legright":{"rotation":[-19.70486,31.72717,-5.25004]},"legright2":{"rotation":[17.5,0,0]},"footright":{"rotation":[0,0,5]},"tail":{"rotation":[-2.5,-35,0]},"tail2":{"rotation":[-5.17544,-14.94159,1.3378]},"tail3":{"rotation":[13.4936,-21.93857,-5.123]},"tail4":{"rotation":[12.79362,-12.19908,-2.74715]},"tail5":{"rotation":[7.5,-10,0]},"tail6":{"rotation":[0,25,-90]}}},"animation.panpour.blink":{"animation_length":0.20833,"bones":{"eyelidleft":{"position":{"0.0":[0,0,-0.2],"0.1667":[0,0,-0.2],"0.2083":[0,0,0.8]}},"eyelidright":{"position":{"0.0":[0,0,-0.2],"0.1667":[0,0,-0.2],"0.2083":[0,0,0.8]}}}}}}