{"format_version":"1.8.0","animations":{"animation.pansear.static":{"loop":true,"bones":{"top":{"rotation":[7.5,0,0]},"armright":{"rotation":[6.38247,-59.73765,-9.35274]},"armright2":{"rotation":[41.04707,-11.39589,-46.05868],"position":[0,-0.5,0]},"handright":{"rotation":[0,0,-20]},"armleft":{"rotation":[-180,12.5,0]},"armleft2":{"rotation":[0,0,57.5]},"handleft":{"rotation":[0,0,42.5]},"neck":{"rotation":[10,0,0]},"head":{"rotation":[-7.50706,2.4786,-0.32652]},"earright":{"rotation":[0,10,0]},"earleft":{"rotation":[0,-15,0]},"legleft":{"rotation":[-17.99788,-39.29559,5.77187],"position":[0.2,0,0.5]},"legleft2":{"rotation":[17.5,0,0]},"legright":{"rotation":[-12.5,22.5,0]},"legright2":{"rotation":[17.5,0,0]},"tail":{"rotation":[12.5,17.5,0]},"tail2":{"rotation":[-20.10443,7.32123,-1.63219]},"tail3":{"rotation":[-15.50409,14.47751,-3.96713]},"tail4":{"rotation":[10,22.5,0]},"tail5":{"rotation":[22.5,15,0]},"tail6":{"rotation":[20.07273,-26.11218,50.29958]}}},"animation.pansear.blink":{"animation_length":0.20833,"bones":{"eyelidleft":{"position":{"0.0":[0,0,-0.2],"0.1667":[0,0,-0.2],"0.2083":[0,0,0.8]}},"eyelidright":{"position":{"0.0":[0,0,-0.2],"0.1667":[0,0,-0.2],"0.2083":[0,0,0.8]}}}}}}