{"format_version":"1.8.0","animations":{"animation.pansage.static":{"loop":true,"bones":{"armright":{"rotation":[0,-22.5,-30]},"armright2":{"rotation":[-90,0,62.5]},"handright":{"rotation":[0,15,0]},"armleft":{"rotation":[0,22.5,30]},"armleft2":{"rotation":[-90,0,-75]},"handleft":{"rotation":[0,5,-10]},"legleft":{"rotation":[-17.5,-17.5,0]},"legleft2":{"rotation":[20,0,0]},"legright":{"rotation":[-17.5,17.5,0]},"legright2":{"rotation":[20,0,0]},"tail":{"rotation":[0,27.5,0]},"tail2":{"rotation":[0,22.5,0]},"tail3":{"rotation":[7.5,17.5,0]},"tail4":{"rotation":[15,0,0]},"tail5":{"rotation":[12.5,0,0]},"tail6":{"rotation":[-6.24605,-19.03771,18.54835]}}},"animation.pansage.blink":{"animation_length":0.20833,"bones":{"eyelidleft":{"position":{"0.0":[0,0,-0.2],"0.1667":[0,0,-0.2],"0.2083":[0,0,0.8]}},"eyelidright":{"position":{"0.0":[0,0,-0.2],"0.1667":[0,0,-0.2],"0.2083":[0,0,0.8]}}}}}}