{"format_version":"1.8.0","animations":{"animation.pau_oricorio.ground_idle":{"loop":true,"bones":{"right_wings":{"rotation":[85.84891,47.57871,-1.35657]},"right_wings2":{"rotation":[0,50,0]},"left_wings":{"rotation":[85.84891,-47.57871,1.35657],"position":[0,-1,0]},"left_wings2":{"rotation":[0,-50,0]},"left_fan":{"rotation":[0,-60,0]},"right_fan":{"rotation":[0,60,0]}}},"animation.pau_oricorio.pose":{"loop":true,"bones":{"torso":{"rotation":[-20.02136,-0.32621,7.49294]},"left_wings":{"rotation":[0,27.5,0]},"left_wings2":{"rotation":[0,-15,0]},"left_fan":{"rotation":[0,30,0]},"right_wings":{"rotation":[0,0,-77.5]},"right_wings2":{"rotation":[0,15,-95]},"right_fan":{"rotation":[0,-32.5,0]},"neck":{"rotation":[17.18558,9.76061,12.68664]},"head":{"rotation":[-2.76437,1.48064,-7.76437]}}}}}