{"format_version":"1.8.0","animations":{"animation.pecharunt.ground_idle":{"loop":true,"animation_length":2,"bones":{"Pecharunt":{"rotation":{"0.0":{"post":[0,-4.75,2.5],"lerp_mode":"catmullrom"},"1.0417":{"post":[0,1.75,-3],"lerp_mode":"catmullrom"},"2.0":{"post":[0,-4.75,2.5],"lerp_mode":"catmullrom"}},"position":{"0.0":{"post":[0,0,0],"lerp_mode":"catmullrom"},"1.0":{"post":[0,-0.9,0],"lerp_mode":"catmullrom"},"2.0":{"post":[0,0,0],"lerp_mode":"catmullrom"}}},"eye_close":{"position":[0,0,0]},"PecharuntActive":{"scale":0}}},"animation.pecharunt.quirk":{"loop":true,"animation_length":2,"bones":{"left_pecharunt_body":{"position":{"0.0":{"post":[0,0,0],"lerp_mode":"catmullrom"},"0.875":{"post":[0.7,0,0],"lerp_mode":"catmullrom"},"0.9583":{"post":[0.405,0,0],"lerp_mode":"catmullrom"},"1.125":{"post":[1.9,0,0],"lerp_mode":"catmullrom"},"1.1667":{"post":[0,0,0],"lerp_mode":"catmullrom"}}},"right_pecharunt_body":{"position":{"0.0":{"post":[0,0,0],"lerp_mode":"catmullrom"},"0.875":{"post":[-0.775,0,0],"lerp_mode":"catmullrom"},"0.9583":{"post":[-0.405,0,0],"lerp_mode":"catmullrom"},"1.125":{"post":[-2.105,0,0],"lerp_mode":"catmullrom"},"1.1667":{"post":[0,0,0],"lerp_mode":"catmullrom"}}},"PecharuntActive":{"scale":0}}},"animation.pecharunt.blink":{"animation_length":1,"bones":{"eye":{"position":{"0.0":{"post":[0,0,0],"lerp_mode":"catmullrom"},"0.2083":{"post":[0,0,0],"lerp_mode":"catmullrom"},"0.25":{"post":[0,0,0.05],"lerp_mode":"catmullrom"},"0.3333":{"post":[0,0,0.05],"lerp_mode":"catmullrom"},"0.375":{"post":[0,0,0],"lerp_mode":"catmullrom"}}},"PecharuntNonActive":{"position":{"0.0":{"post":[0,0,0],"lerp_mode":"catmullrom"},"0.2083":{"post":[0,0,0],"lerp_mode":"catmullrom"},"0.2917":{"post":[0,0,0.25],"lerp_mode":"catmullrom"},"0.5417":{"post":[0,0,0],"lerp_mode":"catmullrom"}}},"eye_close":{"position":{"0.0":{"post":[0,0,0],"lerp_mode":"catmullrom"},"0.2083":{"post":[0,0,0],"lerp_mode":"catmullrom"},"0.25":{"post":[0,0,-0.275],"lerp_mode":"catmullrom"},"0.3333":{"post":[0,0,-0.275],"lerp_mode":"catmullrom"},"0.375":{"post":[0,0,0],"lerp_mode":"catmullrom"}}},"eye2":{"position":{"0.0":[0,0,0],"0.4583":[0,0,0],"0.5":[0,0,0.075],"0.7917":[0,0,0.075],"0.8333":[0,0,0]}},"eye_close2":{"position":{"0.0":[0,0,0],"0.4583":[0,0,0],"0.5":[0,-0.425,-0.125],"0.7917":[0,-0.425,-0.125],"0.8333":[0,0,0]}}}},"animation.pecharunt.battle_idle":{"loop":true,"animation_length":2,"bones":{"Pecharunt":{"rotation":{"0.0":{"post":[0,-4.75,2.5],"lerp_mode":"catmullrom"},"1.0417":{"post":[0,1.75,-3],"lerp_mode":"catmullrom"},"2.0":{"post":[0,-4.75,2.5],"lerp_mode":"catmullrom"}},"position":{"0.0":{"post":[0,0,0],"lerp_mode":"catmullrom"},"1.0":{"post":[0,-0.9,0],"lerp_mode":"catmullrom"},"2.0":{"post":[0,0,0],"lerp_mode":"catmullrom"}}},"eye_close":{"position":[0,0,0]},"PecharuntNonActive":{"scale":0},"right_pecharunt_body":{"rotation":{"0.0":{"post":[-174.30536,30.95963,-9.60961],"lerp_mode":"catmullrom"},"0.5417":{"post":[-173.50195,31.20675,-11.92707],"lerp_mode":"catmullrom"},"1.0417":{"post":[-180.30536,30.95963,-9.60961],"lerp_mode":"catmullrom"},"1.5417":{"post":[-178.7059,27.81019,-13.02913],"lerp_mode":"catmullrom"},"2.0":{"post":[-174.30536,30.95963,-9.60961],"lerp_mode":"catmullrom"}},"position":{"0.0":{"post":[-9.8,-12.6,0],"lerp_mode":"catmullrom"},"1.0417":{"post":[-9.8,-13.45,0],"lerp_mode":"catmullrom"},"2.0":{"post":[-9.8,-12.6,0],"lerp_mode":"catmullrom"}}},"left_pecharunt_body":{"rotation":{"0.0":{"post":[-174.30536,-30.95963,9.60961],"lerp_mode":"catmullrom"},"0.5":{"post":[-182.30536,-30.95963,9.60961],"lerp_mode":"catmullrom"},"1.0417":{"post":[-169.80536,-30.95963,9.60961],"lerp_mode":"catmullrom"},"1.5":{"post":[-169.53461,-30.95963,9.60961],"lerp_mode":"catmullrom"},"2.0":{"post":[-174.30536,-30.95963,9.60961],"lerp_mode":"catmullrom"}},"position":{"0.0":{"post":[9.375,-15.1,-4.05],"lerp_mode":"catmullrom"},"1.0417":{"post":[9.38,-10.95,-4.05],"lerp_mode":"catmullrom"},"2.0":{"post":[9.375,-15.1,-4.05],"lerp_mode":"catmullrom"}}},"PecharuntActive":{"rotation":{"0.0":{"post":[0.25745,3.73937,3.50673],"lerp_mode":"catmullrom"},"1.0":{"post":[0.10085,-9.73708,0.63834],"lerp_mode":"catmullrom"},"2.0":{"post":[0.25745,3.73937,3.50673],"lerp_mode":"catmullrom"}},"position":{"0.0":{"post":[0,0,0],"lerp_mode":"catmullrom"},"0.5":{"post":[0,1.7,0],"lerp_mode":"catmullrom"},"1.0":{"post":[0,1.25,0],"lerp_mode":"catmullrom"},"1.5417":{"post":[0,-0.47,0],"lerp_mode":"catmullrom"},"2.0":{"post":[0,0,0],"lerp_mode":"catmullrom"}},"scale":{"0.0":{"post":[1,1,1],"lerp_mode":"catmullrom"},"0.5":{"post":[1,0.9469,1],"lerp_mode":"catmullrom"},"1.0417":{"post":[1,1.055,1],"lerp_mode":"catmullrom"},"1.5":{"post":[1,0.986,1],"lerp_mode":"catmullrom"},"2.0":{"post":[1,1,1],"lerp_mode":"catmullrom"}}},"hair":{"rotation":{"0.0":{"post":[0.94195,13.52508,-1.98547],"lerp_mode":"catmullrom"},"1.0417":{"post":[0.17265,-3.16416,-3.8308],"lerp_mode":"catmullrom"},"2.0":{"post":[0.94195,13.52508,-1.98547],"lerp_mode":"catmullrom"}}},"hair2":{"rotation":{"0.0":{"post":[0.94195,13.52508,-1.98547],"lerp_mode":"catmullrom"},"0.5":{"post":[2.49697,15.05654,8.23605],"lerp_mode":"catmullrom"},"1.0417":{"post":[0.17265,-3.16416,-3.8308],"lerp_mode":"catmullrom"},"1.5417":{"post":[0.35257,-1.51339,-9.54342],"lerp_mode":"catmullrom"},"2.0":{"post":[0.94195,13.52508,-1.98547],"lerp_mode":"catmullrom"}}},"hair3":{"rotation":{"0.0":{"post":[0.94195,13.52508,-1.98547],"lerp_mode":"catmullrom"},"0.5":{"post":[2.49697,15.05654,8.23605],"lerp_mode":"catmullrom"},"1.0417":{"post":[0.17265,-3.16416,-3.8308],"lerp_mode":"catmullrom"},"1.5417":{"post":[0.35257,-1.51339,-9.54342],"lerp_mode":"catmullrom"},"2.0":{"post":[0.94195,13.52508,-1.98547],"lerp_mode":"catmullrom"}}},"bone4":{"rotation":{"0.0":{"post":[0.94195,13.52508,-1.98547],"lerp_mode":"catmullrom"},"0.5":{"post":[2.49697,15.05654,8.23605],"lerp_mode":"catmullrom"},"1.0417":{"post":[0.17265,-3.16416,-3.8308],"lerp_mode":"catmullrom"},"1.5417":{"post":[0.35257,-1.51339,-9.54342],"lerp_mode":"catmullrom"},"2.0":{"post":[0.94195,13.52508,-1.98547],"lerp_mode":"catmullrom"}}},"bone5":{"rotation":{"0.0":{"post":[0.94195,13.52508,-1.98547],"lerp_mode":"catmullrom"},"0.5":{"post":[2.49697,15.05654,8.23605],"lerp_mode":"catmullrom"},"1.0417":{"post":[0.17265,-3.16416,-3.8308],"lerp_mode":"catmullrom"},"1.5417":{"post":[0.35257,-1.51339,-9.54342],"lerp_mode":"catmullrom"},"2.0":{"post":[0.94195,13.52508,-1.98547],"lerp_mode":"catmullrom"}}},"bone6":{"rotation":{"0.0":{"post":[0.94195,13.52508,-1.98547],"lerp_mode":"catmullrom"},"0.5":{"post":[2.49697,15.05654,8.23605],"lerp_mode":"catmullrom"},"1.0417":{"post":[0.17265,-3.16416,-3.8308],"lerp_mode":"catmullrom"},"1.5417":{"post":[0.35257,-1.51339,-9.54342],"lerp_mode":"catmullrom"},"2.0":{"post":[0.94195,13.52508,-1.98547],"lerp_mode":"catmullrom"}}},"bone7":{"rotation":{"0.0":{"post":[0.94195,13.52508,-1.98547],"lerp_mode":"catmullrom"},"0.5":{"post":[2.49697,15.05654,8.23605],"lerp_mode":"catmullrom"},"1.0417":{"post":[0.17265,-3.16416,-3.8308],"lerp_mode":"catmullrom"},"1.5417":{"post":[0.35257,-1.51339,-9.54342],"lerp_mode":"catmullrom"},"2.0":{"post":[0.94195,13.52508,-1.98547],"lerp_mode":"catmullrom"}}},"tiny_hand_left":{"rotation":{"0.0":{"post":[0,0,0],"lerp_mode":"catmullrom"},"1.0417":{"post":[27.26215,-10.69966,6.28507],"lerp_mode":"catmullrom"},"2.0":{"post":[0,0,0],"lerp_mode":"catmullrom"}},"position":{"0.0":{"post":[0,0,0],"lerp_mode":"catmullrom"},"1.0417":{"post":[0,0.375,0],"lerp_mode":"catmullrom"},"2.0":{"post":[0,0,0],"lerp_mode":"catmullrom"}}},"tiny_hand_right":{"rotation":{"0.0":{"post":[0,0,0],"lerp_mode":"catmullrom"},"1.0417":{"post":[27.26215,10.69966,-6.28507],"lerp_mode":"catmullrom"},"2.0":{"post":[0,0,0],"lerp_mode":"catmullrom"}},"position":{"0.0":{"post":[0,0,0],"lerp_mode":"catmullrom"},"1.0417":{"post":[0,0.375,0],"lerp_mode":"catmullrom"},"2.0":{"post":[0,0,0],"lerp_mode":"catmullrom"}}},"eyebrow":{"position":{"0.0":{"post":[0,0,0],"lerp_mode":"catmullrom"},"1.0":{"post":[0,-0.275,0],"lerp_mode":"catmullrom"},"2.0":{"post":[0,0,0],"lerp_mode":"catmullrom"}}}}}}}