{"format_version":"1.8.0","animations":{"animation.pheromosa.ground_idle":{"loop":true,"bones":{"left_arm":{"rotation":[0,"math.cos(q.anim_time*90*2)*3",-42.5]},"ElbowLeft":{"rotation":[0,"-math.cos(q.anim_time*90*2)*3",-100]},"FingerFrontLeft":{"rotation":[0,0,"62.5+math.cos(q.anim_time*90*2-45)*6"]},"FingerBackLeft":{"rotation":[0,0,"50+math.cos(q.anim_time*90*2-90)*6"]},"right_arm":{"rotation":["math.cos(q.anim_time*90*2)*3",0,"67.5+math.cos(q.anim_time*90*2-90)*1.5"]},"ElbowRight":{"rotation":["math.sin(q.anim_time*90*2-130)*1.5",0,"-17.5+math.sin(q.anim_time*90*2-130)*1.5"]},"LeftLeg":{"rotation":[17.10967,"3.7317+math.cos(q.anim_time*90*2)*1.5",-11.93845],"position":["-math.cos(q.anim_time*90*2)*0.3",0,0]},"ToeBackLeft":{"rotation":[27.5,0,0]},"ToeFrontLeft":{"rotation":[-22.5,0,0]},"LeftLeg2":{"rotation":[-14.85932,"2.2494-math.cos(q.anim_time*90*2)*1.5",7.15656]},"head":{"rotation":["-17.5+math.sin(q.anim_time*90*2)","math.cos(q.anim_time*90*2)",0],"position":[0,0,0]},"hair":{"rotation":["-4.0619+math.cos(q.anim_time*90*2-40)",-3.59175,-4.73861]},"hair3":{"rotation":["12.5+math.sin(q.anim_time*90*2-120)*2",0,0]},"hair2":{"rotation":["10+math.sin(q.anim_time*90*2-80)*2",0,0]},"AntennaLeft6":{"rotation":["2.0276+math.cos(q.anim_time*90*1.5-100-190)",-7.9904,15.13154]},"AntennaLeft5":{"rotation":["-35.9387+math.cos(q.anim_time*90*1.5-190)",-12.2403,8.73739]},"AntennaLeft4":{"rotation":["-31.4085+math.cos(q.anim_time*90*1.5-100)",-13.52867,-26.96999],"position":[0,0,0]},"AntennaLeft3":{"rotation":["-30.2136+math.cos(q.anim_time*90*1.5-100)",-6.49053,3.76613]},"AntennaLeft2":{"rotation":["-48.1848+math.cos(q.anim_time*90*1.5)",-10.17781,-20.17393]},"AntennaLeft":{"rotation":["1.3184+math.cos(q.anim_time*90*1.5-260)",-9.91358,3.7661]},"AntennaLeft7":{"rotation":["-15.6694+math.cos(q.anim_time*90*1.5-250)",-23.39097,3.86666]},"pupil":{"position":[0,0,0]},"AntennaLeft8":{"rotation":["-16.2877+math.cos(q.anim_time*90*1.5-250)",-18.42031,7.92945]},"RightLeg":{"rotation":["-5+math.cos(q.anim_time*90*2)*1.5",0,5],"position":[0,0,"-math.cos(q.anim_time*90*2)*0.45"]},"RightLeg2":{"rotation":["10-math.cos(q.anim_time*90*2)*1.5",0,-5]},"ToeFrontRight":{"rotation":[-72.5,0,0]},"ToeBackRight":{"rotation":[57.5,0,0]},"AntennaRight":{"rotation":[1.31845,9.91358,7.61435]},"AntennaRight2":{"rotation":[-48.18482,10.17781,"20.1739+math.cos(q.anim_time*90*1.5)"]},"AntennaRight3":{"rotation":[-30.21362,6.49053,"-3.7661+math.cos(q.anim_time*90*1.5-90)"]},"AntennaRight4":{"rotation":[-31.40848,13.52867,"26.97+math.cos(q.anim_time*90*1.5-90)"],"position":[0,0,0]},"AntennaRight5":{"rotation":[-35.93866,12.2403,"-8.7374+math.cos(q.anim_time*90*1.5-180)"]},"AntennaRight6":{"rotation":[2.02765,7.9904,"-15.1315+math.cos(q.anim_time*90*1.5-180)"]},"AntennaRight7":{"rotation":[-15.66938,23.39097,"-3.8667+math.cos(q.anim_time*90*1.5-260)"]},"AntennaRight8":{"rotation":[-16.28773,18.42031,"-7.9294+math.cos(q.anim_time*90*1.5-260)"]},"PreAntennaRight":{"rotation":[0,0,"math.cos(q.anim_time*90*1.5)"]},"FingerFrontRight":{"rotation":[0,0,"math.cos(q.anim_time*90*2-160)*6"]},"FingerBackRight":{"rotation":[0,0,"math.cos(q.anim_time*90*2-200)*6"]}}},"animation.pheromosa.ground_walk":{"loop":true,"animation_length":1,"bones":{"left_arm":{"rotation":[0,"math.cos(q.anim_time*90*4)*5","-42.5+math.cos(q.anim_time*90*4)*5"]},"ElbowLeft":{"rotation":[0,"-math.cos(q.anim_time*90*4)*5.5","-100-math.cos(q.anim_time*90*4)*5"]},"FingerFrontLeft":{"rotation":[0,0,"62.5+math.cos(q.anim_time*90*2-45)*6"]},"FingerBackLeft":{"rotation":[0,0,"50+math.cos(q.anim_time*90*2-90)*6"]},"right_arm":{"rotation":["math.cos(q.anim_time*90*4)*3","math.cos(q.anim_time*90*4)*10","67.5+math.cos(q.anim_time*90*4-90)*1.5"]},"ElbowRight":{"rotation":["math.sin(q.anim_time*90*4-130)*1.5","-math.sin(q.anim_time*90*4-130)*10","-17.5+math.sin(q.anim_time*90*4-130)*1.5"]},"LeftLeg":{"rotation":["-math.cos(q.anim_time*90*4)*15",0,0],"position":[0,"math.clamp(math.sin(q.anim_time*90*4)*1,0,1)","-math.cos(q.anim_time*90*4)*2"]},"ToeBackLeft":{"rotation":[57.5,0,0]},"ToeFrontLeft":{"rotation":[-55,0,0]},"LeftLeg2":{"rotation":["-math.clamp(math.sin(q.anim_time*90*4)*36,0,36)",0,0]},"head":{"rotation":["-17.5-math.sin(q.anim_time*90*4)",0,0],"position":[0,0,0]},"hair":{"rotation":["-5+math.cos(q.anim_time*90*4*2-40)*4",0,0]},"hair3":{"rotation":["12.5+math.sin(q.anim_time*90*4.5-120)*2",0,0]},"hair2":{"rotation":["10+math.sin(q.anim_time*90*3.5-80)*4-math.clamp(math.sin(q.anim_time*90*4*2)*10,0,10)",0,0]},"AntennaLeft6":{"rotation":[2.0276,-7.9904,"15.1315+math.cos(q.anim_time*90*4-100-190)"]},"AntennaLeft5":{"rotation":[-35.9387,-12.2403,"8.7374+math.cos(q.anim_time*90*4-190)"]},"AntennaLeft4":{"rotation":[-31.4085,-13.52867,"-26.97+math.cos(q.anim_time*90*4-100)"],"position":[0,0,0]},"AntennaLeft3":{"rotation":[-30.2136,-6.49053,"3.7661+math.cos(q.anim_time*90*4-100)"]},"AntennaLeft2":{"rotation":[-48.1848,-10.17781,"-20.1739+math.cos(q.anim_time*90*4)"]},"AntennaLeft":{"rotation":["1.3184+math.cos(q.anim_time*90*1.5-260)",-9.91358,3.7661]},"AntennaLeft7":{"rotation":[-15.6694,-23.39097,"3.8667+math.cos(q.anim_time*90*5-250)"]},"pupil":{"position":[0,0,0]},"AntennaLeft8":{"rotation":[-16.2877,-18.42031,"7.9294+math.cos(q.anim_time*90*5-250)"]},"RightLeg":{"rotation":["math.cos(q.anim_time*90*4)*15",0,0],"position":[0,"math.clamp(-math.sin(q.anim_time*90*4)*1,0,1)","math.cos(q.anim_time*90*4)*2"]},"RightLeg2":{"rotation":["-math.clamp(-math.sin(q.anim_time*90*4)*36,0,36)",0,0]},"ToeFrontRight":{"rotation":[-59.81895,0.32411,-1.89674]},"ToeBackRight":{"rotation":[57.5,0,0]},"AntennaRight":{"rotation":[1.31845,9.91358,7.61435]},"AntennaRight2":{"rotation":[-48.1848,10.17781,"20.1739+math.cos(q.anim_time*90*4*2)"]},"AntennaRight3":{"rotation":[-16.2877,6.49053,"-3.7661+math.cos(q.anim_time*90*4*2-90)*4"]},"AntennaRight4":{"rotation":[-31.4085,13.52867,"26.97+math.cos(q.anim_time*90*4*2-90)"],"position":[0,0,0]},"AntennaRight5":{"rotation":[-35.9387,12.2403,"-8.7374+math.cos(q.anim_time*90*4*2-180)"]},"AntennaRight6":{"rotation":[-5.4724,7.9904,"-15.1315+math.cos(q.anim_time*90*4*2-180)"]},"AntennaRight7":{"rotation":[-15.6694,23.39097,"-3.8667+math.cos(q.anim_time*90*4*2-260)"]},"AntennaRight8":{"rotation":[-16.2877,18.42031,"-7.9294+math.cos(q.anim_time*90*4*2-260)"]},"PreAntennaRight":{"rotation":[0,0,"math.cos(q.anim_time*90*4)"]},"FingerFrontRight":{"rotation":[0,0,"math.cos(q.anim_time*90*3-160)*6"]},"FingerBackRight":{"rotation":[0,0,"math.cos(q.anim_time*90*3-200)*6"]},"body_segment":{"rotation":[0,"-math.cos(q.anim_time*90*4)*3.5","math.cos(q.anim_time*90*4)*4.5"],"position":[0,"math.sin(q.anim_time*90*4*2-35)/5",0]},"body_segment2":{"rotation":[0,0,"-math.cos(q.anim_time*90*4)*4"]},"body_segment3":{"rotation":[0,0,"-math.cos(q.anim_time*90*4-70)*2"]},"body_segment4":{"rotation":[0,0,"math.cos(q.anim_time*90*4-105)*4.5"]},"PreAntennaLeft":{"rotation":[0,0,"math.cos(q.anim_time*90*4)"]}}}}}