{"format_version":"1.8.0","animations":{"animation.pidgeot_mega.blink":{"animation_length":0.1667,"bones":{"eyelid_left":{"position":{"0.0":[0.1,0,-0.1],"0.125":[0.1,0,-0.1],"0.1667":[0,0,0]}},"eyelid_right":{"position":{"0.0":[-0.1,0,-0.1],"0.125":[-0.1,0,-0.1],"0.1667":[0,0,0]}}}},"animation.pidgeot_mega.ground_idle":{"loop":true,"bones":{"body":{"position":[0,-0.1,0]},"torso":{"rotation":[-7.5,0,0],"position":[0,0,1]},"tail":{"rotation":[22.5,0,0]},"neck":{"rotation":[2.5,0,0]},"head":{"rotation":[7.5,0,0]},"back_hair":{"rotation":[47.5,0,0],"position":[0,-2,0]},"bone":{"rotation":[-20,0,0],"position":[0,0,-2]},"bone2":{"rotation":[37.5,0,0]},"wing_closed_left":{"rotation":[-15.01365,2.41476,-0.64743]},"wing_closed_left2":{"rotation":[7.72989,-6.08703,-2.98406]},"wing_closed_left3":{"rotation":[0.14168,-7.15102,-2.26708]},"wing_closed_right":{"rotation":[-15.01365,-2.41476,0.64743]},"wing_closed_right2":{"rotation":[15.08957,4.43385,2.31336]},"wing_closed_right3":{"rotation":[0.14168,7.15102,2.26708]},"wing_open_right":{"scale":0},"wing_open_right2":{"rotation":[2.82275,60.05071,-2.38486],"position":[0,0.75,-0.75]},"wing_open_right3":{"rotation":[-1.44261,29.96852,-2.88614]},"wing_open_left":{"scale":0},"leg_right":{"rotation":[2.56834,13.90237,10.26538]},"foot_right":{"rotation":[0,0,-10]},"leg_left":{"rotation":[1.94714,-14.21826,-7.70881]},"foot_left":{"rotation":[0,0,7.5]},"back_hair2":{"rotation":[-25,0,0]},"back_hair3":{"rotation":[-20,0,0]},"back_hair4":{"rotation":[-12.5,0,0]},"bone5":{"rotation":[25,0,0]},"bone4":{"rotation":[30,0,0]},"bone7":{"rotation":[-10,0,0]},"bone8":{"rotation":[-12.5,0,0]}}},"animation.pidgeot_mega.air_idle":{"loop":true,"bones":{"hair4":{"rotation":["5+math.sin(q.anim_time*90*3-150)*25",0,0]},"hair2":{"rotation":["math.sin(q.anim_time*90*3-90)*1",0,0]},"hair3":{"rotation":["math.sin(q.anim_time*90*3-90)*5+4",0,0]},"hair5":{"rotation":["math.sin(q.anim_time*90*3-210)*20-20",0,0]},"hair6":{"rotation":["math.sin(q.anim_time*90*3-300)*50+2.5",0,0]},"body":{"rotation":["-10+math.sin(q.anim_time*90*3-60)*-1",0,0],"position":[0,"math.sin(q.anim_time*90*3-30)*-2","math.sin(q.anim_time*90*3-30)*-0.5"]},"torso":{"rotation":["-15+math.sin(q.anim_time*90*3-60)*-3",0,0]},"tail":{"rotation":["-10+math.sin(q.anim_time*90*3)*10",0,0]},"tail_right":{"rotation":[8.27991,1.031,-7.46967]},"tail_left":{"rotation":[8.0352,-0.67621,4.9829]},"tail_left2":{"rotation":[12.64619,-1.47498,22.81474]},"tail_right2":{"rotation":[12.64619,1.47498,-22.81474]},"neck":{"rotation":["30+math.sin(q.anim_time*90*3-70)*-5",0,0]},"head":{"rotation":["17.5+math.sin(q.anim_time*90*3-70)*10",0,0],"position":[0,0,0]},"back_hair":{"rotation":["20-math.sin(q.anim_time*90*2-45-90)*3*2",0,0]},"jaw":{"rotation":[75,0,0]},"leg_right":{"rotation":["40+math.sin(q.anim_time*90*3-90)*-10",0,0]},"leg_right2":{"rotation":["-15+math.sin(q.anim_time*90*3-120)*15",0,0]},"foot_right":{"rotation":["15+math.sin(q.anim_time*90*3-150)*5",0,-7.5]},"toe_back_right":{"rotation":[-60,0,0]},"claw_back_right":{"rotation":[-23.06545,0.03421,1.5838]},"toe_inner_right":{"rotation":[37.5,0,0]},"claw_inner_right":{"rotation":[25,0,0]},"toe_middle_right":{"rotation":[35,0,0]},"claw_middle_right":{"rotation":[20,0,0]},"toe_outer_right":{"rotation":[55,0,0]},"claw_outer_right":{"rotation":[20,0,0]},"leg_left":{"rotation":["40+math.sin(q.anim_time*90*3-90)*-10",0,0]},"leg_left2":{"rotation":["-15+math.sin(q.anim_time*90*3-120)*15",0,0]},"foot_left":{"rotation":["15+math.sin(q.anim_time*90*3-150)*5",0,7.5]},"toe_back_left":{"rotation":[-60,0,0]},"claw_back_left":{"rotation":[-23.06545,-0.03421,-1.5838]},"toe_inner_left":{"rotation":[37.5,0,0]},"claw_inner_left":{"rotation":[25,0,0]},"toe_middle_left":{"rotation":[35,0,0]},"claw_middle_left":{"rotation":[20,0,0]},"toe_outer_left":{"rotation":[55,0,0]},"claw_outer_left":{"rotation":[20,0,0]},"wing_closed_left":{"rotation":[-93.47882,-7.48957,-87.29442],"position":[0,-1,6],"scale":0},"wing_closed_left2":{"rotation":[5.08957,-4.43385,-2.31336]},"wing_closed_left3":{"rotation":[0.14168,-7.15102,-2.26708]},"wing_closed_right":{"rotation":[-93.47882,7.48957,87.29442],"position":[0,-1,6],"scale":0},"wing_closed_right2":{"rotation":[5.08957,4.43385,2.31336]},"wing_closed_right3":{"rotation":[0.14168,7.15102,2.26708]},"wing_open_right":{"rotation":[-10,-5,"-5+math.sin(q.anim_time*90*3)*60"],"position":[0,"math.sin(q.anim_time*90*3)*-0.5",0]},"wing_open_right2":{"rotation":[0.3024,-7.01899,"-7.218+math.sin(q.anim_time*90*3-70)*40"]},"wing_open_right3":{"rotation":[0,0,"math.sin(q.anim_time*90*3-120)*30"]},"wing_open_left":{"rotation":[-10,5,"5+math.sin(q.anim_time*90*3)*-60"],"position":[0,"math.sin(q.anim_time*90*3)*-0.5",0]},"wing_open_left2":{"rotation":[0.30239,7.01899,"7.218+math.sin(q.anim_time*90*3-70)*-40"]},"wing_open_left3":{"rotation":[0,0,"-(math.sin(q.anim_time*90*3-120)*30)"]},"wing_open_left4":{"rotation":[0,0,"-(math.sin(q.anim_time*90*3-140)*40)"]},"bone":{"rotation":[-27.5,0,0]},"bone2":{"rotation":[7.5,0,0]},"back_hair2":{"rotation":[-10,0,0]},"back_hair3":{"rotation":[-10,0,0]},"bone4":{"rotation":[22.5,0,0]},"bone5":{"rotation":[17.5,0,0]},"bone7":{"rotation":[-2.5,0,0]}}},"animation.pidgeot_mega.air_fly":{"loop":true,"bones":{"body":{"rotation":["15-math.sin(q.anim_time*90*4-45)*3",0,0],"position":[0,"math.cos(q.anim_time*90*4-45)*3","-math.sin(q.anim_time*90*4)*2"]},"tail":{"rotation":["-math.cos(q.anim_time*90*4)*20",0,0]},"long_hair":{"rotation":["20+math.cos(q.anim_time*90*4)*10*2",0,0]},"long_hair2":{"rotation":["20+math.sin(q.anim_time*90*4)*10*2",0,0]},"leg_right":{"rotation":[50,0,0]},"leg_right2":{"rotation":[17.5,0,0]},"foot_right":{"rotation":[0,0,0]},"toe_back_right":{"rotation":[-67.5,0,0]},"claw_back_right":{"rotation":[-67.5,0,0]},"toe_inner_right":{"rotation":[67.5,0,0]},"claw_inner_right":{"rotation":[67.5,0,0]},"toe_middle_right":{"rotation":[67.5,0,0]},"claw_middle_right":{"rotation":[67.5,0,0]},"toe_outer_right":{"rotation":[67.5,0,0]},"claw_outer_right":{"rotation":[67.5,0,0]},"leg_left":{"rotation":[50,0,0]},"leg_left2":{"rotation":[17.5,0,0]},"foot_left":{"rotation":[0,0,0]},"toe_back_left":{"rotation":[-67.5,0,0]},"claw_back_left":{"rotation":[-67.5,0,0]},"toe_inner_left":{"rotation":[67.5,0,0]},"claw_inner_left":{"rotation":[67.5,0,0]},"toe_middle_left":{"rotation":[67.5,0,0]},"claw_middle_left":{"rotation":[67.5,0,0]},"toe_outer_left":{"rotation":[67.5,0,0]},"claw_outer_left":{"rotation":[67.5,0,0]},"neck":{"rotation":[-10,0,0]},"head":{"rotation":[-7.5,0,0]},"wing_closed_left":{"scale":0},"wing_closed_right":{"scale":0},"wing_open_right":{"rotation":["math.sin(q.anim_time*90*4)*15","math.sin(q.anim_time*90*4)*15","-math.cos(q.anim_time*90*4)*40"]},"wing_open_right2":{"rotation":[0,0,"-math.cos(q.anim_time*90*4-45)*40/2"]},"wing_open_right3":{"rotation":[0,0,"-math.sin(q.anim_time*90*4)*40"]},"wing_open_left":{"rotation":["math.sin(q.anim_time*90*4)*15","-math.sin(q.anim_time*90*4)*15","math.cos(q.anim_time*90*4)*40"]},"wing_open_left2":{"rotation":[0,0,"math.cos(q.anim_time*90*4-45)*40/2"]},"wing_open_left3":{"rotation":[0,0,"math.sin(q.anim_time*90*4)*40"]}}},"animation.pidgeot_mega.air_glide":{"loop":true,"animation_length":4,"bones":{"body":{"rotation":[15,0,"math.cos(q.anim_time*90)*2"],"position":["math.cos(q.anim_time*90-45)",0,0]},"tail":{"rotation":[0,0,"-math.sin(q.anim_time*90-45)*5"]},"back_hair":{"rotation":[0,"math.sin(q.anim_time*90)*5+math.sin(q.anim_time*90*16*2)/2",0]},"long_hair":{"rotation":["-17.5+10+math.cos(q.anim_time*90*16*2)*5",0,0]},"long_hair2":{"rotation":["35+math.cos(q.anim_time*90*16*2-45)*5",0,0]},"leg_right":{"rotation":[50,0,0]},"leg_right2":{"rotation":[17.5,0,0]},"foot_right":{"rotation":[0,0,0]},"toe_back_right":{"rotation":[-67.5,0,0]},"claw_back_right":{"rotation":[-67.5,0,0]},"toe_inner_right":{"rotation":[67.5,0,0]},"claw_inner_right":{"rotation":[67.5,0,0]},"toe_middle_right":{"rotation":[67.5,0,0]},"claw_middle_right":{"rotation":[67.5,0,0]},"toe_outer_right":{"rotation":[67.5,0,0]},"claw_outer_right":{"rotation":[67.5,0,0]},"leg_left":{"rotation":[50,0,0]},"leg_left2":{"rotation":[17.5,0,0]},"foot_left":{"rotation":[0,0,0]},"toe_back_left":{"rotation":[-67.5,0,0]},"claw_back_left":{"rotation":[-67.5,0,0]},"toe_inner_left":{"rotation":[67.5,0,0]},"claw_inner_left":{"rotation":[67.5,0,0]},"toe_middle_left":{"rotation":[67.5,0,0]},"claw_middle_left":{"rotation":[67.5,0,0]},"toe_outer_left":{"rotation":[67.5,0,0]},"claw_outer_left":{"rotation":[67.5,0,0]},"neck":{"rotation":[25,0,0]},"head":{"rotation":[-40,0,0]},"jaw":{"position":[0,0,0]},"wing_closed_left":{"scale":0},"wing_closed_right":{"scale":0}}},"animation.pidgeot_mega.air_glide_quirk":{"animation_length":2.75,"bones":{"body":{"position":{"0.0":[0,0,0],"0.5":[0,"math.sin(q.anim_time*90*4)*2",0],"2.75":[0,0,0]}},"wing_open_right":{"rotation":{"0.0":[0,0,0],"0.5":[0,0,"-math.cos(q.anim_time*90*4)*30"],"2.75":[0,0,0]}},"wing_open_right2":{"rotation":{"0.0":[0,0,0],"0.5":[0,0,"-math.cos(q.anim_time*90*4-45)*30"],"2.75":[0,0,0]}},"wing_open_right3":{"rotation":{"0.0":[0,0,0],"0.5":[0,0,"-math.cos(q.anim_time*90*4-90)*30"],"2.75":[0,0,0]}},"wing_open_left":{"rotation":{"0.0":[0,0,0],"0.5":[0,0,"math.cos(q.anim_time*90*4)*30"],"2.75":[0,0,0]}},"wing_open_left2":{"rotation":{"0.0":[0,0,0],"0.5":[0,0,"math.cos(q.anim_time*90*4-45)*30"],"2.75":[0,0,0]}},"wing_open_left3":{"rotation":{"0.0":[0,0,0],"0.5":[0,0,"math.cos(q.anim_time*90*4-90)*30"],"2.75":[0,0,0]}}}},"animation.pidgeot_mega.flyspeed":{"loop":true,"bones":{"pidgeot":{"position":[0,0,"-q.anim_time*90*0.5"]}}}}}