{"format_version":"1.8.0","animations":{"animation.pincurchin.ground_idle":{"loop":true,"bones":{"body":{"position":[0,-0.2,0]},"leg_left1":{"rotation":[-32.5,0,0]},"leg_right1":{"rotation":[-32.5,0,0]},"leg_right2":{"rotation":[32.5,0,0]},"leg_left2":{"rotation":[32.5,0,0]}}},"animation.pincurchin.blink":{"animation_length":0.1667,"bones":{"pupil_left_open":{"position":{"0.0":[0,0,0.1],"0.125":[0,0,0.1],"0.1667":[0,0,0]}},"pupil_left_closed":{"position":{"0.0":[0,0,-0.1],"0.125":[0,0,-0.1],"0.1667":[0,0,0]}},"pupil_right_open":{"position":{"0.0":[0,0,0.1],"0.125":[0,0,0.1],"0.1667":[0,0,0]}},"pupil_right_closed":{"position":{"0.0":[0,0,-0.1],"0.125":[0,0,-0.1],"0.1667":[0,0,0]}}}}}}