{"format_version":"1.8.0","animations":{"animation.poltchageist.ground_walk":{"loop":true,"animation_length":2,"bones":{"left_hand":{"rotation":{"0.0":{"post":[57.60064,-14.02846,-20.9057],"lerp_mode":"catmullrom"}},"position":{"0.0":{"post":[-1,6,4],"lerp_mode":"catmullrom"},"0.125":{"post":[-1,5,2.88],"lerp_mode":"catmullrom"},"0.25":{"post":[-1,6,2],"lerp_mode":"catmullrom"},"0.5":{"post":[-1,6,4],"lerp_mode":"catmullrom"},"0.625":{"post":[-1,5,2.88],"lerp_mode":"catmullrom"},"0.75":{"post":[-1,6,2],"lerp_mode":"catmullrom"},"1.0":{"post":[-1,6,4],"lerp_mode":"catmullrom"},"1.125":{"post":[-1,5,2.88],"lerp_mode":"catmullrom"},"1.25":{"post":[-1,6,2],"lerp_mode":"catmullrom"},"1.5":{"post":[-1,6,4],"lerp_mode":"catmullrom"},"1.625":{"post":[-1,5,2.88],"lerp_mode":"catmullrom"},"1.75":{"post":[-1,6,2],"lerp_mode":"catmullrom"},"2.0":{"post":[-1,6,4],"lerp_mode":"catmullrom"}}},"drip":{"rotation":{"0.0":{"post":[-6.24605,19.03771,-18.54835],"lerp_mode":"catmullrom"},"1.25":{"post":[0,-17.5,0],"lerp_mode":"catmullrom"},"1.9583":{"post":[-6.24605,19.03771,-18.54835],"lerp_mode":"catmullrom"}}},"right_hand":{"rotation":{"0.0":{"post":[44.04461,-28.87909,-25.03818],"lerp_mode":"catmullrom"},"0.9167":{"post":[49.89231,-12.3121,-41.39078],"lerp_mode":"catmullrom"},"2.0":{"post":[44.04461,-28.87909,-25.03818],"lerp_mode":"catmullrom"}},"position":{"0.0":{"post":[5,0,4],"lerp_mode":"catmullrom"},"0.125":{"post":[5,-1,2.31],"lerp_mode":"catmullrom"},"0.25":{"post":[5,0,1],"lerp_mode":"catmullrom"},"0.5":{"post":[5,0,4],"lerp_mode":"catmullrom"},"0.625":{"post":[5,-1,2.31],"lerp_mode":"catmullrom"},"0.75":{"post":[5,0,1],"lerp_mode":"catmullrom"},"1.0":{"post":[5,0,4],"lerp_mode":"catmullrom"},"1.125":{"post":[5,-1,2.31],"lerp_mode":"catmullrom"},"1.25":{"post":[5,0,1],"lerp_mode":"catmullrom"},"1.5":{"post":[5,0,4],"lerp_mode":"catmullrom"},"1.625":{"post":[5,-1,2.31],"lerp_mode":"catmullrom"},"1.75":{"post":[5,0,1],"lerp_mode":"catmullrom"},"2.0":{"post":[5,0,4],"lerp_mode":"catmullrom"}}},"drip2":{"rotation":{"0.0":{"post":[0,0,20],"lerp_mode":"catmullrom"},"1.1667":{"post":[0,0,-25],"lerp_mode":"catmullrom"},"2.0":{"post":[0,0,20],"lerp_mode":"catmullrom"}}},"vase":{"rotation":{"0.0":{"post":[22.5,0,0],"lerp_mode":"catmullrom"},"0.2917":{"post":[12.5,0,0],"lerp_mode":"catmullrom"},"0.625":{"post":[22.5,0,0],"lerp_mode":"catmullrom"},"1.0":{"post":[12.5,0,0],"lerp_mode":"catmullrom"},"1.375":{"post":[22.5,0,0],"lerp_mode":"catmullrom"},"1.7083":{"post":[12.5,0,0],"lerp_mode":"catmullrom"},"2.0":{"post":[22.5,0,0],"lerp_mode":"catmullrom"}},"position":{"0.0":{"post":[0,3,0],"lerp_mode":"catmullrom"},"0.2917":{"post":[0,0,0],"lerp_mode":"catmullrom"},"0.625":{"post":[0,3,0],"lerp_mode":"catmullrom"},"1.0":{"post":[0,0,0],"lerp_mode":"catmullrom"},"1.375":{"post":[0,3,0],"lerp_mode":"catmullrom"},"1.7083":{"post":[0,0,0],"lerp_mode":"catmullrom"},"2.0":{"post":[0,3,0],"lerp_mode":"catmullrom"}}},"head":{"position":[0,1,0]},"top":{"position":{"0.0":[0,1,0],"0.25":[0,0,0],"0.5":[0,1,0],"0.75":[0,0,0],"1.0":[0,1,0],"1.25":[0,0,0],"1.5":[0,1,0],"1.75":[0,0,0],"2.0":[0,1,0]}}}},"animation.poltchageist.ground_idle":{"loop":true,"animation_length":2,"bones":{"left_hand":{"rotation":{"0.0":{"post":[57.60064,-14.02846,-20.9057],"lerp_mode":"catmullrom"},"1.0":{"post":[55.10257,-2.86544,-4.09918],"lerp_mode":"catmullrom"},"2.0":{"post":[57.60064,-14.02846,-20.9057],"lerp_mode":"catmullrom"}},"position":{"0.0":{"post":[-1,6,0],"lerp_mode":"catmullrom"},"0.7917":{"post":[0,9,0],"lerp_mode":"catmullrom"},"2.0":{"post":[-1,6,0],"lerp_mode":"catmullrom"}}},"drip":{"rotation":{"0.0":{"post":[-6.24605,19.03771,-18.54835],"lerp_mode":"catmullrom"},"1.25":{"post":[0,-17.5,0],"lerp_mode":"catmullrom"},"1.9583":{"post":[-6.24605,19.03771,-18.54835],"lerp_mode":"catmullrom"}}},"right_hand":{"rotation":{"0.0":{"post":[44.04461,-28.87909,-25.03818],"lerp_mode":"catmullrom"},"0.9167":{"post":[49.89231,-12.3121,-41.39078],"lerp_mode":"catmullrom"},"2.0":{"post":[44.04461,-28.87909,-25.03818],"lerp_mode":"catmullrom"}},"position":{"0.0":{"post":[0,0,0],"lerp_mode":"catmullrom"},"1.125":{"post":[0,5.99,0],"lerp_mode":"catmullrom"},"2.0":{"post":[0,0,0],"lerp_mode":"catmullrom"}}},"drip2":{"rotation":{"0.0":{"post":[0,0,20],"lerp_mode":"catmullrom"},"1.1667":{"post":[0,0,-25],"lerp_mode":"catmullrom"},"2.0":{"post":[0,0,20],"lerp_mode":"catmullrom"}}},"vase":{"rotation":{"0.0":{"post":[0,0,-7.5],"lerp_mode":"catmullrom"},"0.6667":{"post":[0,0,10],"lerp_mode":"catmullrom"},"1.75":{"post":[0,0,-11.39],"lerp_mode":"catmullrom"},"2.0":{"post":[0,0,-7.5],"lerp_mode":"catmullrom"}},"position":{"0.0":{"post":[0,0,0],"lerp_mode":"catmullrom"},"1.0":{"post":[0,3,0],"lerp_mode":"catmullrom"},"2.0":{"post":[0,0,0],"lerp_mode":"catmullrom"}}}}},"animation.poltchageist.sleep":{"loop":true,"bones":{"left_hand":{"scale":[0,1,0]},"right_hand":{"scale":[0,1,0]},"vase":{"position":[0,-14,0]},"right_eye":{"position":[0,0,1]},"left_eye":{"position":[0,0,1]},"left_closed_eye":{"position":[0,0,-1]},"right_closed_eye":{"position":[0,0,-1]}}}}}