{"format_version":"1.8.0","animations":{"animation.pompom_oricorio.ground_idle":{"loop":true,"bones":{"right_wings":{"rotation":[58.68934,75.4534,-30.48811]},"right_wings2":{"rotation":[0,37.5,0]},"left_wings":{"rotation":[58.68934,-75.4534,30.48811],"position":[0,-1,0]},"left_wings2":{"rotation":[0,-37.5,0]},"right_pom":{"rotation":[0,40,0]},"left_pom":{"rotation":[0,-40,0]}}},"animation.pompom_oricorio.pose":{"loop":true,"bones":{"torso":{"rotation":[-32.5,0,0]},"left_wings":{"rotation":[0,15,0]},"left_wings2":{"rotation":[0,-7.5,0]},"right_wings":{"rotation":[0,-17.5,0]},"right_wings2":{"rotation":[0,7.5,0]},"neck":{"rotation":[22.41492,-0.64686,14.98637]},"head":{"rotation":[-8.15919,7.18691,-3.04713]},"left_furr":{"rotation":[-6.82047,-42.05244,10.12436]},"right_furr":{"rotation":[0,-12.5,0]},"jaw":{"rotation":[35,0,0]},"leftLeg":{"rotation":[-90,0,0]},"leftLeg2":{"rotation":[-12.20889,16.58974,18.97287]},"left_foot":{"rotation":[17.5,0,0]}}}}}