{"format_version":"1.8.0","animations":{"animation.ragingbolt.pose":{"loop":"hold_on_last_frame","animation_length":0.04167,"bones":{"scarf":{"rotation":[0,0,0]}}},"animation.ragingbolt.ground_idle":{"loop":true,"animation_length":4,"bones":{"front_left_leg":{"rotation":[0,-22.5,0]},"front_right_leg":{"rotation":[0,22.5,0]},"back_left_leg":{"rotation":[0,-22.5,0]},"back_right_leg":{"rotation":[0,22.5,0]},"neck":{"rotation":["math.cos(q.anim_time*90)*1",0,0]},"neck2":{"rotation":["math.sin(q.anim_time*90)*1",0,0]},"neck3":{"rotation":["-math.cos(q.anim_time*90)*1",0,0]},"tail":{"rotation":["math.cos(q.anim_time*90*4)*1","math.cos(q.anim_time*90*2)*2",0]}}},"animation.ragingbolt.ground_walk":{"loop":true,"animation_length":2,"bones":{"front_left_leg":{"rotation":["math.sin(q.anim_time*90*2)*20",0,0],"position":[0,"math.clamp(-math.cos(q.anim_time*90*2)*2,0,2)",0]},"bone":{"rotation":{"0.0":{"post":[0,0,0],"lerp_mode":"catmullrom"},"0.5":{"post":[0,0,0],"lerp_mode":"catmullrom"},"0.75":{"post":[-22.5,0,0],"lerp_mode":"catmullrom"},"1.375":{"post":[-22.5,0,0],"lerp_mode":"catmullrom"},"1.625":{"post":[22.5,0,0],"lerp_mode":"catmullrom"},"2.0":{"post":[0,0,0],"lerp_mode":"catmullrom"}}},"foot":{"rotation":{"0.0":{"post":[0,0,0],"lerp_mode":"catmullrom"},"0.5":{"post":[-22.5,0,0],"lerp_mode":"catmullrom"},"0.625":{"post":[22.5,0,0],"lerp_mode":"catmullrom"},"1.0":{"post":[22.5,0,0],"lerp_mode":"catmullrom"},"1.25":{"post":[-22.5,0,0],"lerp_mode":"catmullrom"},"1.5417":{"post":[-32.5,0,0],"lerp_mode":"catmullrom"},"1.625":{"post":[0,0,0],"lerp_mode":"catmullrom"},"2.0":{"post":[0,0,0],"lerp_mode":"catmullrom"}}},"front_right_leg":{"rotation":["-math.sin(q.anim_time*90*2)*20",0,0],"position":[0,"math.clamp(math.cos(q.anim_time*90*2)*2,0,2)",0]},"bone2":{"rotation":{"0.375":{"pre":[-22.5,0,0],"post":[-22.5,0,0],"lerp_mode":"catmullrom"},"0.625":{"post":[22.5,0,0],"lerp_mode":"catmullrom"},"1.0":{"post":[0,0,0],"lerp_mode":"catmullrom"},"1.5":{"post":[0,0,0],"lerp_mode":"catmullrom"},"1.75":{"post":[-22.5,0,0],"lerp_mode":"catmullrom"}}},"foot2":{"rotation":{"0.0":{"post":[22.5,0,0],"lerp_mode":"catmullrom"},"0.25":{"post":[-22.5,0,0],"lerp_mode":"catmullrom"},"0.5417":{"post":[-32.5,0,0],"lerp_mode":"catmullrom"},"0.625":{"post":[0,0,0],"lerp_mode":"catmullrom"},"1.0":{"post":[0,0,0],"lerp_mode":"catmullrom"},"1.5":{"post":[-22.5,0,0],"lerp_mode":"catmullrom"},"1.625":{"post":[22.5,0,0],"lerp_mode":"catmullrom"},"2.0":{"post":[22.5,0,0],"lerp_mode":"catmullrom"}}},"back_left_leg":{"rotation":["math.cos(q.anim_time*90*2)*20",0,0],"position":[0,"math.clamp(-math.cos(q.anim_time*90*2)*2,0,2)",0]},"bone3":{"rotation":{"0.0":{"post":[0,0,0],"lerp_mode":"catmullrom"},"0.25":{"post":[22.5,0,0],"lerp_mode":"catmullrom"},"0.75":{"post":[22.5,0,0],"lerp_mode":"catmullrom"},"1.0":{"post":[0,0,0],"lerp_mode":"catmullrom"},"1.5":{"post":[-22.5,0,0],"lerp_mode":"catmullrom"},"2.0":{"post":[0,0,0],"lerp_mode":"catmullrom"}}},"foot3":{"rotation":{"0.0":{"post":[22.5,0,0],"lerp_mode":"catmullrom"},"0.25":{"post":[0,0,0],"lerp_mode":"catmullrom"},"0.375":{"post":[45,0,0],"lerp_mode":"catmullrom"},"1.0":{"post":[45,0,0],"lerp_mode":"catmullrom"},"1.125":{"post":[-22.5,0,0],"lerp_mode":"catmullrom"},"1.2917":{"post":[-22.5,0,0],"lerp_mode":"catmullrom"},"1.375":{"post":[22.5,0,0],"lerp_mode":"catmullrom"},"1.625":{"post":[7.5,0,0],"lerp_mode":"catmullrom"},"2.0":{"post":[22.5,0,0],"lerp_mode":"catmullrom"}}},"back_right_leg":{"rotation":["-math.cos(q.anim_time*90*2)*20",0,0],"position":[0,"math.clamp(math.cos(q.anim_time*90*2)*2,0,2)",0]},"bone4":{"rotation":{"0.0":{"post":[0,0,0],"lerp_mode":"catmullrom"},"0.5":{"post":[-22.5,0,0],"lerp_mode":"catmullrom"},"1.0":{"post":[0,0,0],"lerp_mode":"catmullrom"},"1.25":{"post":[22.5,0,0],"lerp_mode":"catmullrom"},"1.75":{"post":[22.5,0,0],"lerp_mode":"catmullrom"},"2.0":{"post":[0,0,0],"lerp_mode":"catmullrom"}}},"foot4":{"rotation":{"0.0":{"post":[45,0,0],"lerp_mode":"catmullrom"},"0.125":{"post":[-22.5,0,0],"lerp_mode":"catmullrom"},"0.2917":{"post":[-22.5,0,0],"lerp_mode":"catmullrom"},"0.375":{"post":[22.5,0,0],"lerp_mode":"catmullrom"},"0.625":{"post":[7.5,0,0],"lerp_mode":"catmullrom"},"1.0":{"post":[22.5,0,0],"lerp_mode":"catmullrom"},"1.25":{"post":[0,0,0],"lerp_mode":"catmullrom"},"1.375":{"post":[45,0,0],"lerp_mode":"catmullrom"},"2.0":{"post":[45,0,0],"lerp_mode":"catmullrom"}}},"chest":{"rotation":[0,0,"math.sin(q.anim_time*90*2)*5"],"position":[0,"math.cos(q.anim_time*90*2*2)*1",0]},"neck":{"rotation":["math.cos(q.anim_time*90*2)*10",0,0]},"neck2":{"rotation":["math.sin(q.anim_time*90*2)*10",0,0]},"neck3":{"rotation":["-math.cos(q.anim_time*90*2)*10",0,0]},"head":{"rotation":["-math.sin(q.anim_time*90*2)*10",0,0]}}}}}