{"format_version":"1.8.0","animations":{"animation.regice.ground_idle":{"loop":true,"bones":{"regice":{"rotation":["0-math.sin(q.anim_time*90*2)*1/2",0,0]},"torso":{"rotation":["0-math.sin(q.anim_time*90*2-90)",0,0]},"arm_left":{"rotation":[0,"0-math.sin(q.anim_time*90*2-90)","math.sin(q.anim_time*90*2)*3"]},"finger1_left":{"rotation":[0,0,"math.sin(q.anim_time*90*1)*7"]},"finger2_left":{"rotation":[0,"-math.sin(q.anim_time*90*1)*7","-math.sin(q.anim_time*90*1)*7"]},"finger3_left":{"rotation":[0,"math.sin(q.anim_time*90*1)*7","-math.sin(q.anim_time*90*1)*7"]},"arm_right":{"rotation":[0,"0+math.sin(q.anim_time*90*2-90)","-math.sin(q.anim_time*90*2)*3"]},"finger1_right":{"rotation":[0,0,"-math.sin(q.anim_time*90*1)*7"]},"finger2_right":{"rotation":[0,"math.sin(q.anim_time*90*1)*7","math.sin(q.anim_time*90*1)*7"]},"finger3_right":{"rotation":[0,"-math.sin(q.anim_time*90*1)*7","math.sin(q.anim_time*90*1)*7"]},"body":{"rotation":["5+0.1*math.sin(q.anim_time*90*1-30)+math.clamp(3*math.sin(q.anim_time*90*1-30)*1,0,3)",0,"0.1*math.sin(q.anim_time*90*5)"],"position":["0.1*math.sin(q.anim_time*90*1)*0.4-1*math.sin(q.anim_time*90*2-30)*0.4+2.25*math.sin(q.anim_time*90*2-60)*0.4-2.25*math.sin(q.anim_time*90*2-90)*0.4","2*math.sin(q.anim_time*90*2)*0.4-2.25*math.sin(q.anim_time*90*2-30)*0.4-2.25*math.sin(q.anim_time*90*2-60)*0.4+2.25*math.sin(q.anim_time*90*2-90)*0.4",0]},"leg_left":{"rotation":["math.sin(q.anim_time*90*2)*3",0,"math.sin(q.anim_time*90*1 )*3"]},"leg_right":{"rotation":["math.sin(q.anim_time*90*2)*3",0,"-math.sin(q.anim_time*90*1 )*3"]}}},"animation.regice.ground_walk":{"loop":true,"bones":{"regice":{"rotation":["0-math.sin(q.anim_time*90*2)*1/2",0,0]},"torso":{"rotation":["0-math.sin(q.anim_time*90*2-90)",0,0]},"arm_left":{"rotation":[-10,"-45-math.sin(q.anim_time*90*2-90)","30+math.sin(q.anim_time*90*2)*3"]},"finger1_left":{"rotation":[0,0,"math.sin(q.anim_time*90*1)*7"]},"finger2_left":{"rotation":[0,"-math.sin(q.anim_time*90*1)*7","-math.sin(q.anim_time*90*1)*7"]},"finger3_left":{"rotation":[0,"math.sin(q.anim_time*90*1)*7","-math.sin(q.anim_time*90*1)*7"]},"arm_right":{"rotation":[-10,"45+math.sin(q.anim_time*90*2-90)","-30-math.sin(q.anim_time*90*2)*3"]},"finger1_right":{"rotation":[0,0,"-math.sin(q.anim_time*90*1)*7"]},"finger2_right":{"rotation":[0,"math.sin(q.anim_time*90*1)*7","math.sin(q.anim_time*90*1)*7"]},"finger3_right":{"rotation":[0,"-math.sin(q.anim_time*90*1)*7","math.sin(q.anim_time*90*1)*7"]},"body":{"rotation":["25+0.1*math.sin(q.anim_time*90*1-30)+math.clamp(3*math.sin(q.anim_time*90*1-30)*1,0,3)",0,"0.1*math.sin(q.anim_time*90*5)"],"position":["0.1*math.sin(q.anim_time*90*1)*0.4-1*math.sin(q.anim_time*90*2-30)*0.4+2.25*math.sin(q.anim_time*90*2-60)*0.4-2.25*math.sin(q.anim_time*90*2-90)*0.4","2*math.sin(q.anim_time*90*4)*0.4-2.25*math.sin(q.anim_time*90*2-30)*0.4-2.25*math.sin(q.anim_time*90*2-60)*0.4+2.25*math.sin(q.anim_time*90*2-90)*0.4",0]},"leg_left":{"rotation":["35+math.sin(q.anim_time*90*2)*3",0,"math.sin(q.anim_time*90*1 )*3"]},"leg_right":{"rotation":["35+math.sin(q.anim_time*90*2)*3",0,"-math.sin(q.anim_time*90*1 )*3"]}}},"animation.regice.sleep":{"loop":true,"bones":{"leg1_right":{"position":[0,"0-math.clamp(math.sin(q.anim_time*90*2-180)*1/5,0,1)",0]},"hand_left":{"rotation":[0,0,"40+math.sin(q.anim_time*90*2+180)"]},"fingers_left":{"rotation":[0,0,27.5]},"leg1_left":{"position":[0,"0-math.clamp(math.sin(q.anim_time*90*2-180)*1/5,0,1)",0]},"hand_right":{"rotation":[0,0,"-40-math.sin(q.anim_time*90*2+180)"]},"fingers_right":{"rotation":[0,0,-27.5]},"arm_right0":{"rotation":[0,0,0]},"body":{"position":[0,0,0]},"torso":{"rotation":["22.5+math.sin(q.anim_time*90*2)*1/2",0,0],"position":[0,"-math.sin(q.anim_time*90*2)*1/2",2]},"arm_left":{"rotation":[0,25,"52.5-math.sin(q.anim_time*90*2+90)"]},"finger1_left":{"rotation":[0,0,"0+math.sin(q.anim_time*90*2-90)*10"]},"finger2_left":{"rotation":[0,0,"0+math.sin(q.anim_time*90*2-135)*10"]},"finger3_left":{"rotation":[0,0,"0+math.sin(q.anim_time*90*2-180)*10"]},"arm_right":{"rotation":[0,-25,"-52.5+math.sin(q.anim_time*90*2+90)"]},"finger1_right":{"rotation":[0,0,"-math.sin(q.anim_time*90*2-90)*10"]},"finger2_right":{"rotation":[0,0,"-math.sin(q.anim_time*90*2-135)*10"]},"finger3_right":{"rotation":[0,0,"0-math.sin(q.anim_time*90*2-180)*10"]},"leg_left":{"position":[0,"0+math.clamp(+math.sin(q.anim_time*90*2-180)*1/5,0,1)",0]},"leg_right":{"position":[0,"0+math.clamp(+math.sin(q.anim_time*90*2-180)*1/5,0,1)",0]}}},"animation.regice.faint":{"animation_length":1.875,"bones":{"arm_left":{"rotation":{"0.0":[0,0,0],"0.0833":[0,67.5,0],"0.1667":[0,87.5,0],"0.3333":[-72.80788,28.87909,-81.50122],"0.4167":[-74.77926,-9.65594,-92.61298]}},"arm_right":{"rotation":{"0.0":[0,0,0],"0.0833":[0,-67.5,0],"0.1667":[0,-87.5,0],"0.3333":[-70.0273,-40.73565,76.65801],"0.4167":[-74.87647,7.24305,91.95155]}},"body":{"rotation":{"0.0":[0,0,0],"0.1667":[-20,0,0],"0.3333":[-90,0,0],"0.4167":[-112.5,0,0],"0.5833":[-97.5,0,0]},"position":{"0.0":[0,0,0],"0.1667":[0,4,24],"0.3333":[0,-22,40],"0.4167":[0,-22,47]}},"leg_left":{"rotation":{"0.0":[0,0,0],"0.0833":[-27.5,0,0],"0.1667":[-27.5,0,0],"0.3333":[-27.5,0,0],"0.4167":[-62.5,0,0],"0.625":[30,0,0]}},"leg_right":{"rotation":{"0.0":[0,0,0],"0.0833":[-27.5,0,0],"0.1667":[-27.5,0,0],"0.3333":[-27.5,0,0],"0.4167":[-62.5,0,0],"0.625":[30,0,0]}}}}},"geckolib_format_version":2}