{"format_version":"1.8.0","animations":{"animation.regieleki.ground_idle":{"loop":true,"bones":{"body":{"position":["0+math.sin(q.anim_time*90*2)*4","5+math.sin(q.anim_time*90*4)*4",0]},"torso":{"rotation":["0-math.sin(q.anim_time*90*4-90)*5",0,"0+math.sin(q.anim_time*90*2)*3"],"position":[0,0,0]},"arm_left":{"rotation":[0,0,"0+math.sin(q.anim_time*90*4+45)*4"]},"shoulder_left":{"rotation":[0,0,0]},"shoulder_bolt_large1_left":{"rotation":[0,0,0]},"center_electricity_left":{"rotation":[0,0,"6+math.sin(q.anim_time*90*4+45)*4"]},"center_electricity1_left":{"rotation":[0,0,0]},"center_electricity2_left":{"rotation":[0,0,"0+math.sin(q.anim_time*90*4+45)*8"]},"center_electricity3_left":{"rotation":[0,0,"0+math.sin(q.anim_time*90*4+45)*10"]},"arm_top_front1_left":{"rotation":[0,"0.41+math.sin(q.anim_time*90*4+45)*4","4.9248+math.sin(q.anim_time*90*4+45)*4"]},"arm_top_front3_left":{"rotation":[0,0,"0+math.sin(q.anim_time*90*4+45)*8"]},"arm_top_front4_left":{"rotation":[0,0,"0+math.sin(q.anim_time*90*4+45)*10"]},"arm_center_front1_left":{"rotation":[0,"0.4352+math.sin(q.anim_time*90*4+45)*4","4.992+math.sin(q.anim_time*90*4+45)*4"]},"arm_center_front3_left":{"rotation":[0,0,"0+math.sin(q.anim_time*90*4+45)*8"]},"arm_center_front4_left":{"rotation":[0,0,"0+math.sin(q.anim_time*90*4+45)*10"]},"arm_bottom_front1_left":{"rotation":[0,"0.3957+math.sin(q.anim_time*90*4+45)*4","5.0506+math.sin(q.anim_time*90*4+45)*4"]},"arm_bottom_front3_left":{"rotation":[0,0,"0+math.sin(q.anim_time*90*4+45)*8"]},"arm_bottom_front4_left":{"rotation":[0,0,"0+math.sin(q.anim_time*90*4+45)*10"]},"arm_top_back1_left":{"rotation":[0,"-4.4156+math.sin(q.anim_time*90*4+45)*4","5.0254+math.sin(q.anim_time*90*4+45)*4"]},"arm_top_back3_left":{"rotation":[0,0,"0+math.sin(q.anim_time*90*4+45)*8"]},"arm_top_back4_left":{"rotation":[0,0,"0+math.sin(q.anim_time*90*4+45)*10"]},"arm_center_back1_left":{"rotation":[0,"-4.7109+math.sin(q.anim_time*90*4+45)*4","3.3312+math.sin(q.anim_time*90*4+45)*4"]},"arm_center_back3_left":{"rotation":[0,0,"0+math.sin(q.anim_time*90*4+45)*8"]},"arm_center_back4_left":{"rotation":[0,0,"0+math.sin(q.anim_time*90*4+45)*10"]},"arm_bottom_back1_left":{"rotation":[0,"-4.08+math.sin(q.anim_time*90*4+45)*4","3.8074+math.sin(q.anim_time*90*4+45)*4"]},"arm_bottom_back3_left":{"rotation":[0,0,"0+math.sin(q.anim_time*90*4+45)*8"]},"arm_bottom_back4_left":{"rotation":[0,0,"0+math.sin(q.anim_time*90*4+45)*10"]},"arm_right":{"rotation":[0,0,"0-math.sin(q.anim_time*90*4+45)*4"]},"center_electricity_right":{"rotation":[0,0,"-6-math.sin(q.anim_time*90*4+45)*4"]},"center_electricity2_right":{"rotation":[0,0,"0-math.sin(q.anim_time*90*4+45)*8"]},"center_electricity3_right":{"rotation":[0,0,"0-math.sin(q.anim_time*90*4+45)*10"]},"arm_top_front1_right":{"rotation":[0,"-0.41-math.sin(q.anim_time*90*4+45)*4","-4.9248-math.sin(q.anim_time*90*4+45)*4"]},"arm_top_front3_right":{"rotation":[0,0,"0-math.sin(q.anim_time*90*4+45)*8"]},"arm_top_front4_right":{"rotation":[0,0,"0-math.sin(q.anim_time*90*4+45)*10"]},"arm_center_front1_right":{"rotation":[0,"-0.4352-math.sin(q.anim_time*90*4+45)*4","-4.992-math.sin(q.anim_time*90*4+45)*4"]},"arm_center_front3_right":{"rotation":[0,0,"0-math.sin(q.anim_time*90*4+45)*8"]},"arm_center_front4_right":{"rotation":[0,0,"0-math.sin(q.anim_time*90*4+45)*10"]},"arm_bottom_front1_right":{"rotation":[0,"-0.3957-math.sin(q.anim_time*90*4+45)*4","-5.0506-math.sin(q.anim_time*90*4+45)*4"]},"arm_bottom_front3_right":{"rotation":[0,0,"0-math.sin(q.anim_time*90*4+45)*8"]},"arm_bottom_front4_right":{"rotation":[0,0,"0-math.sin(q.anim_time*90*4+45)*10"]},"arm_top_back1_right":{"rotation":[0,"-0.4102-math.sin(q.anim_time*90*4+45)*4","-5.0359-math.sin(q.anim_time*90*4+45)*4"]},"arm_top_back3_right":{"rotation":[0,0,"0-math.sin(q.anim_time*90*4+45)*8"]},"arm_top_back4_right":{"rotation":[0,0,"0-math.sin(q.anim_time*90*4+45)*10"]},"arm_center_back1_right":{"rotation":[0,"-0.4352-math.sin(q.anim_time*90*4+45)*4","-4.9702-math.sin(q.anim_time*90*4+45)*4"]},"arm_center_back3_right":{"rotation":[0,0,"0-math.sin(q.anim_time*90*4+45)*8"]},"arm_center_back4_right":{"rotation":[0,0,"0-math.sin(q.anim_time*90*4+45)*10"]},"arm_bottom_back1_right":{"rotation":[0,"-0.3959-math.sin(q.anim_time*90*4+45)*4","-4.913-math.sin(q.anim_time*90*4+45)*4"]},"arm_bottom_back3_right":{"rotation":[0,0,"0-math.sin(q.anim_time*90*4+45)*8"]},"arm_bottom_back4_right":{"rotation":[0,0,"0-math.sin(q.anim_time*90*4+45)*10"]},"base1":{"rotation":[0,0,"0+math.sin(q.anim_time*90*2)*8"]},"base2":{"rotation":[0,0,"0+math.sin(q.anim_time*90*2)*6"]},"base3":{"rotation":[0,0,"0+math.sin(q.anim_time*90*2)*4"]},"base4":{"rotation":[0,0,"0+math.sin(q.anim_time*90*2)*2"]},"leg_left":{"position":[0,"math.sin(q.anim_time*90*4-45)",0]},"leg_right":{"position":[0,"math.sin(q.anim_time*90*4-45)",0]}}},"animation.regieleki.ground_walk":{"loop":true,"bones":{"body":{"position":["0+math.sin(q.anim_time*90*2)*4","5+math.sin(q.anim_time*90*4)*4",0]},"torso":{"rotation":["0-math.sin(q.anim_time*90*4-90)*5",0,"0+math.sin(q.anim_time*90*2)*3"],"position":[0,0,0]},"arm_left":{"rotation":[0,0,"0+math.sin(q.anim_time*90*4+45)*4"]},"shoulder_left":{"rotation":[0,0,0]},"shoulder_bolt_large1_left":{"rotation":[0,0,0]},"center_electricity_left":{"rotation":[0,0,"6+math.sin(q.anim_time*90*4+45)*4"]},"center_electricity1_left":{"rotation":[0,0,0]},"center_electricity2_left":{"rotation":[0,0,"0+math.sin(q.anim_time*90*4+45)*8"]},"center_electricity3_left":{"rotation":[0,0,"0+math.sin(q.anim_time*90*4+45)*10"]},"arm_top_front1_left":{"rotation":[0,"0.41+math.sin(q.anim_time*90*4+45)*4","4.9248+math.sin(q.anim_time*90*4+45)*4"]},"arm_top_front3_left":{"rotation":[0,0,"0+math.sin(q.anim_time*90*4+45)*8"]},"arm_top_front4_left":{"rotation":[0,0,"0+math.sin(q.anim_time*90*4+45)*10"]},"arm_center_front1_left":{"rotation":[0,"0.4352+math.sin(q.anim_time*90*4+45)*4","4.992+math.sin(q.anim_time*90*4+45)*4"]},"arm_center_front3_left":{"rotation":[0,0,"0+math.sin(q.anim_time*90*4+45)*8"]},"arm_center_front4_left":{"rotation":[0,0,"0+math.sin(q.anim_time*90*4+45)*10"]},"arm_bottom_front1_left":{"rotation":[0,"0.3957+math.sin(q.anim_time*90*4+45)*4","5.0506+math.sin(q.anim_time*90*4+45)*4"]},"arm_bottom_front3_left":{"rotation":[0,0,"0+math.sin(q.anim_time*90*4+45)*8"]},"arm_bottom_front4_left":{"rotation":[0,0,"0+math.sin(q.anim_time*90*4+45)*10"]},"arm_top_back1_left":{"rotation":[0,"-4.4156+math.sin(q.anim_time*90*4+45)*4","5.0254+math.sin(q.anim_time*90*4+45)*4"]},"arm_top_back3_left":{"rotation":[0,0,"0+math.sin(q.anim_time*90*4+45)*8"]},"arm_top_back4_left":{"rotation":[0,0,"0+math.sin(q.anim_time*90*4+45)*10"]},"arm_center_back1_left":{"rotation":[0,"-4.7109+math.sin(q.anim_time*90*4+45)*4","3.3312+math.sin(q.anim_time*90*4+45)*4"]},"arm_center_back3_left":{"rotation":[0,0,"0+math.sin(q.anim_time*90*4+45)*8"]},"arm_center_back4_left":{"rotation":[0,0,"0+math.sin(q.anim_time*90*4+45)*10"]},"arm_bottom_back1_left":{"rotation":[0,"-4.08+math.sin(q.anim_time*90*4+45)*4","3.8074+math.sin(q.anim_time*90*4+45)*4"]},"arm_bottom_back3_left":{"rotation":[0,0,"0+math.sin(q.anim_time*90*4+45)*8"]},"arm_bottom_back4_left":{"rotation":[0,0,"0+math.sin(q.anim_time*90*4+45)*10"]},"arm_right":{"rotation":[0,0,"0-math.sin(q.anim_time*90*4+45)*4"]},"center_electricity_right":{"rotation":[0,0,"-6-math.sin(q.anim_time*90*4+45)*4"]},"center_electricity2_right":{"rotation":[0,0,"0-math.sin(q.anim_time*90*4+45)*8"]},"center_electricity3_right":{"rotation":[0,0,"0-math.sin(q.anim_time*90*4+45)*10"]},"arm_top_front1_right":{"rotation":[0,"-0.41-math.sin(q.anim_time*90*4+45)*4","-4.9248-math.sin(q.anim_time*90*4+45)*4"]},"arm_top_front3_right":{"rotation":[0,0,"0-math.sin(q.anim_time*90*4+45)*8"]},"arm_top_front4_right":{"rotation":[0,0,"0-math.sin(q.anim_time*90*4+45)*10"]},"arm_center_front1_right":{"rotation":[0,"-0.4352-math.sin(q.anim_time*90*4+45)*4","-4.992-math.sin(q.anim_time*90*4+45)*4"]},"arm_center_front3_right":{"rotation":[0,0,"0-math.sin(q.anim_time*90*4+45)*8"]},"arm_center_front4_right":{"rotation":[0,0,"0-math.sin(q.anim_time*90*4+45)*10"]},"arm_bottom_front1_right":{"rotation":[0,"-0.3957-math.sin(q.anim_time*90*4+45)*4","-5.0506-math.sin(q.anim_time*90*4+45)*4"]},"arm_bottom_front3_right":{"rotation":[0,0,"0-math.sin(q.anim_time*90*4+45)*8"]},"arm_bottom_front4_right":{"rotation":[0,0,"0-math.sin(q.anim_time*90*4+45)*10"]},"arm_top_back1_right":{"rotation":[0,"-0.4102-math.sin(q.anim_time*90*4+45)*4","-5.0359-math.sin(q.anim_time*90*4+45)*4"]},"arm_top_back3_right":{"rotation":[0,0,"0-math.sin(q.anim_time*90*4+45)*8"]},"arm_top_back4_right":{"rotation":[0,0,"0-math.sin(q.anim_time*90*4+45)*10"]},"arm_center_back1_right":{"rotation":[0,"-0.4352-math.sin(q.anim_time*90*4+45)*4","-4.9702-math.sin(q.anim_time*90*4+45)*4"]},"arm_center_back3_right":{"rotation":[0,0,"0-math.sin(q.anim_time*90*4+45)*8"]},"arm_center_back4_right":{"rotation":[0,0,"0-math.sin(q.anim_time*90*4+45)*10"]},"arm_bottom_back1_right":{"rotation":[0,"-0.3959-math.sin(q.anim_time*90*4+45)*4","-4.913-math.sin(q.anim_time*90*4+45)*4"]},"arm_bottom_back3_right":{"rotation":[0,0,"0-math.sin(q.anim_time*90*4+45)*8"]},"arm_bottom_back4_right":{"rotation":[0,0,"0-math.sin(q.anim_time*90*4+45)*10"]},"base1":{"rotation":[0,0,"0+math.sin(q.anim_time*90*2)*8"]},"base2":{"rotation":[0,0,"0+math.sin(q.anim_time*90*2)*6"]},"base3":{"rotation":[0,0,"0+math.sin(q.anim_time*90*2)*4"]},"base4":{"rotation":[0,0,"0+math.sin(q.anim_time*90*2)*2"]},"leg_left":{"position":[0,"math.sin(q.anim_time*90*4-45)",0]},"leg_right":{"position":[0,"math.sin(q.anim_time*90*4-45)",0]},"regieleki":{"rotation":[17.5,0,0]}}}},"geckolib_format_version":2}