{"format_version":"1.8.0","animations":{"animation.regidrago.ground_idle":{"loop":true,"bones":{"body":{"rotation":["2.5+math.sin(q.anim_time*90*2-90)*2",0,0],"position":[0,"3-math.sin(q.anim_time*90*2)*2",0]},"torso":{"position":[0,0,0]},"leg_left":{"rotation":["0-math.sin(q.anim_time*90*2)*2",0,"-5-math.sin(q.anim_time*90*2+45)*2"]},"leg_right":{"rotation":["0-math.sin(q.anim_time*90*2)*2",0,"5+math.sin(q.anim_time*90*2+45)*2"]},"arm_upper_jaw":{"rotation":[0,0,"-12.5-math.sin(q.anim_time*90*2-90)*3"],"position":["-3+math.sin(q.anim_time*90*2-45)",3,0]},"arm_lower_jaw":{"rotation":[0,0,"12.5+math.sin(q.anim_time*90*2-90)*3"],"position":["1-math.sin(q.anim_time*90*2-45)",3,0]}}},"animation.regidrago.ground_walk":{"loop":true,"bones":{"body":{"rotation":["2.5+math.sin(q.anim_time*90*2-90)*2",0,0],"position":[0,"3-math.sin(q.anim_time*90*2)*2",0]},"torso":{"position":[0,0,0]},"leg_left":{"rotation":["0-math.sin(q.anim_time*90*2)*2",0,"-5-math.sin(q.anim_time*90*2+45)*2"]},"leg_right":{"rotation":["0-math.sin(q.anim_time*90*2)*2",0,"5+math.sin(q.anim_time*90*2+45)*2"]},"arm_upper_jaw":{"rotation":[0,0,"-12.5-math.sin(q.anim_time*90*2-90)*3"],"position":["-3+math.sin(q.anim_time*90*2-45)",3,0]},"arm_lower_jaw":{"rotation":[0,0,"12.5+math.sin(q.anim_time*90*2-90)*3"],"position":["1-math.sin(q.anim_time*90*2-45)",3,0]},"regidrago":{"rotation":[15,0,0]}}}},"geckolib_format_version":2}