{"format_version":"1.8.0","animations":{"animation.remoraid.water_swim":{"loop":true,"bones":{"remoraid":{"position":[0,"-9.9763+math.cos((query.anim_time - 0.45) * 15*22) * 1",0]},"top_fin":{"rotation":[0,"math.cos((query.anim_time - 0.21) * 180*4) * 15",0]},"bottom_fin":{"rotation":[0,"math.cos((query.anim_time - 0.21) * 180*4) * 15",0]},"torso":{"rotation":{"0.0":{"post":[0,"math.cos((query.anim_time - 0.15) * 180*4) * 15",2.51684],"lerp_mode":"catmullrom"}}},"jaw_bottom":{"rotation":[0,0,"23+math.cos((query.anim_time - 0.45) * 25*4) * 3"]},"fin_left":{"rotation":["35+math.cos((query.anim_time - 0.21) * 180*4) * 15",0,0],"position":[0,0.1,-0.5]},"fin_right":{"rotation":["-37+math.cos((query.anim_time - 0.21) * 180*4) * -15",0,0],"position":[0,-0.1,0.5]},"eyelid_left":{"position":[-3.5,-0.6,2.5]},"eyelid_right":{"position":[-4.7,-0.4,-0.5]}}},"animation.remoraid.water_idle":{"loop":true,"animation_length":1,"bones":{"remoraid":{"rotation":[0,"math.cos((query.anim_time - 0.45) * 90*4) * 2",0],"position":[0,-9.4,0]},"top_fin":{"rotation":{"0.0":{"post":[0,-10,0],"lerp_mode":"catmullrom"},"0.5":{"post":[0,15,0],"lerp_mode":"catmullrom"},"1.0":{"post":[0,-10,0],"lerp_mode":"catmullrom"}},"position":{"0.0":{"post":[0,0,-0.3],"lerp_mode":"catmullrom"},"0.5":{"post":[0,0,0.3],"lerp_mode":"catmullrom"},"1.0":{"post":[0,0,-0.3],"lerp_mode":"catmullrom"}}},"bottom_fin":{"rotation":{"0.0":{"post":[0,-10,0],"lerp_mode":"catmullrom"},"0.5":{"post":[0,15,0],"lerp_mode":"catmullrom"},"1.0":{"post":[0,-10,0],"lerp_mode":"catmullrom"}},"position":{"0.0":{"post":[0,0,-0.3],"lerp_mode":"catmullrom"},"0.5":{"post":[0,0,0.3],"lerp_mode":"catmullrom"},"1.0":{"post":[0,0,-0.3],"lerp_mode":"catmullrom"}}},"fin_left":{"rotation":{"0.0":{"post":[0,0,0],"lerp_mode":"catmullrom"},"0.5":{"post":[67.5,0,0],"lerp_mode":"catmullrom"},"1.0":{"post":[0,0,0],"lerp_mode":"catmullrom"}},"position":{"0.0":{"post":[0.1,0.2,-0.3],"lerp_mode":"catmullrom"},"0.5":{"post":[0.1,1.4,-0.1],"lerp_mode":"catmullrom"},"1.0":{"post":[0.1,0.2,-0.3],"lerp_mode":"catmullrom"}}},"fin_right":{"rotation":{"0.0":{"post":[0,0,0],"lerp_mode":"catmullrom"},"0.5":{"post":[-65,0,0],"lerp_mode":"catmullrom"},"1.0":{"post":[0,0,0],"lerp_mode":"catmullrom"}},"position":{"0.0":{"post":[0.1,0.1,0],"lerp_mode":"catmullrom"},"0.5":{"post":[0.1,0.9,0],"lerp_mode":"catmullrom"},"1.0":{"post":[0.1,0.1,0],"lerp_mode":"catmullrom"}}},"eyelid_left":{"position":[-5,0,2]},"eyelid_right":{"position":[-5,0,0]}}},"animation.remoraid.blink":{"animation_length":0.45833,"bones":{"eyelid_left":{"position":{"0.0":[0.1,-0.07,-0.1],"0.3333":[0.1,-0.07,-0.1],"0.375":[0,0,0]}},"eyelid_right":{"position":{"0.0":[0.13,-0.07,0.1],"0.3333":[0.13,-0.07,0.1],"0.375":[0,0,0]}},"remoraid":{"position":[0,0,0]}}},"animation.remoraid.ground_idle":{"loop":true,"animation_length":1,"bones":{"remoraid":{"rotation":[0,"math.cos((query.anim_time - 0.45) * 90*4) * 2",0],"position":[0,-9.4,0]},"top_fin":{"rotation":{"0.0":{"post":[0,-10,0],"lerp_mode":"catmullrom"},"0.5":{"post":[0,15,0],"lerp_mode":"catmullrom"},"1.0":{"post":[0,-10,0],"lerp_mode":"catmullrom"}},"position":{"0.0":{"post":[0,0,-0.3],"lerp_mode":"catmullrom"},"0.5":{"post":[0,0,0.3],"lerp_mode":"catmullrom"},"1.0":{"post":[0,0,-0.3],"lerp_mode":"catmullrom"}}},"bottom_fin":{"rotation":{"0.0":{"post":[0,-10,0],"lerp_mode":"catmullrom"},"0.5":{"post":[0,15,0],"lerp_mode":"catmullrom"},"1.0":{"post":[0,-10,0],"lerp_mode":"catmullrom"}},"position":{"0.0":{"post":[0,0,-0.3],"lerp_mode":"catmullrom"},"0.5":{"post":[0,0,0.3],"lerp_mode":"catmullrom"},"1.0":{"post":[0,0,-0.3],"lerp_mode":"catmullrom"}}},"fin_left":{"rotation":{"0.0":{"post":[0,0,0],"lerp_mode":"catmullrom"},"0.5":{"post":[67.5,0,0],"lerp_mode":"catmullrom"},"1.0":{"post":[0,0,0],"lerp_mode":"catmullrom"}},"position":{"0.0":{"post":[0.1,0.2,-0.3],"lerp_mode":"catmullrom"},"0.5":{"post":[0.1,1.4,-0.1],"lerp_mode":"catmullrom"},"1.0":{"post":[0.1,0.2,-0.3],"lerp_mode":"catmullrom"}}},"fin_right":{"rotation":{"0.0":{"post":[0,0,0],"lerp_mode":"catmullrom"},"0.5":{"post":[-65,0,0],"lerp_mode":"catmullrom"},"1.0":{"post":[0,0,0],"lerp_mode":"catmullrom"}},"position":{"0.0":{"post":[0.1,0.1,0],"lerp_mode":"catmullrom"},"0.5":{"post":[0.1,0.9,0],"lerp_mode":"catmullrom"},"1.0":{"post":[0.1,0.1,0],"lerp_mode":"catmullrom"}}},"eyelid_left":{"position":[-5,0,2]},"eyelid_right":{"position":[-5,0,0]},"torso":{"rotation":[90,0,0],"position":[0,5.5,0]}}}}}