{"format_version":"1.8.0","animations":{"animation.reshiram.air_fly":{"loop":true,"bones":{"tail_end":{"rotation":[5,0,0]},"tail_end2":{"rotation":["-Math.cos((query.anim_time) * 90 * 5 - 240) * 15",0,0]},"tail_end3":{"rotation":["12.5+Math.cos((query.anim_time) * 90 * 5 - 120) * 8","Math.cos((query.anim_time) * 90 * 5 - 120) * 8",0]},"tail_end4":{"rotation":["Math.cos((query.anim_time) * 90 * 5 - 180) * 10","Math.cos((query.anim_time) * 90 * 5 - 180) * 10",0]},"tail_end5":{"rotation":["Math.cos((query.anim_time) * 90 * 5 - 240) * 15","Math.cos((query.anim_time) * 90 * 5 - 240) * 15",0]},"ear_right3":{"rotation":[-12.5,0,0]},"ear_right4":{"rotation":["-25+Math.cos((query.anim_time) * 90 * 5) * 10",0,0]},"ear_right5":{"rotation":["17.5+Math.cos((query.anim_time) * 90 * 5 - 60) * 10",0,0]},"ear_right6":{"rotation":["32.5+Math.cos((query.anim_time) * 90 * 5 - 120) * 10",0,0]},"ear_right7":{"rotation":["Math.cos((query.anim_time) * 90 * 5 - 180) * 20",0,0]},"ear_right8":{"rotation":["Math.cos((query.anim_time) * 90 * 5 - 240) * 30",0,0]},"arm_left":{"rotation":[0,0,"5+math.sin(q.anim_time*90*3)*-40"],"position":[0,-0.5,0]},"arm_left2":{"rotation":[0,7,"7+math.sin(q.anim_time*90*3-70)*-30"]},"arm_left3":{"rotation":[0,17,"0-(math.sin(q.anim_time*90*3-140)*20)"]},"hand_left":{"rotation":[0,0,"0-(math.sin(q.anim_time*90*3-140)*20)"]},"left_wing":{"rotation":["5+(math.sin(q.anim_time*90*3-140)*15)",0,0]},"left_wing2":{"rotation":["-3+(math.sin(q.anim_time*90*3-140)*20)",0,0]},"ear_right2":{"rotation":[0,-7.5,0]},"ear_left2":{"rotation":[0,7.5,0]},"ear_left3":{"rotation":[-12.5,0,0]},"ear_left4":{"rotation":["-25+Math.cos((query.anim_time) * 90 * 5) * 10",0,0]},"ear_left5":{"rotation":["17.5+Math.cos((query.anim_time) * 90 * 5 - 60) * 10",0,0]},"ear_left6":{"rotation":["32.5+Math.cos((query.anim_time) * 90 * 5 - 120) * 10",0,0]},"ear_left7":{"rotation":["Math.cos((query.anim_time) * 90 * 5 - 180) * 20",0,0]},"ear_left8":{"rotation":["Math.cos((query.anim_time) * 90 * 5 - 240) * 30",0,0]},"torso":{"rotation":[12.5,0,0]},"waist":{"rotation":[15,0,0]},"chest":{"rotation":["15-5*math.sin(q.anim_time*90*3+150)*1",0,0]},"left_mid_wing":{"rotation":["(math.sin(q.anim_time*90*3-140)*15)",0,0]},"bone":{"rotation":["-3+(math.sin(q.anim_time*90*3-140)*20)",0,0]},"arm_right":{"rotation":[0,0,"-5-math.sin(q.anim_time*90*3)*-40"],"position":[0,-0.5,0]},"arm_right2":{"rotation":[0,-7,"-7-math.sin(q.anim_time*90*3-70)*-30"]},"arm_right3":{"rotation":[0,-17,"0+(math.sin(q.anim_time*90*3-140)*20)"]},"right_mid_wing":{"rotation":["(math.sin(q.anim_time*90*3-140)*15)",0,0]},"bone2":{"rotation":["-3+(math.sin(q.anim_time*90*3-140)*20)",0,0]},"hand_right":{"rotation":[0,0,"0+(math.sin(q.anim_time*90*3-140)*20)"]},"right_wing":{"rotation":["5+(math.sin(q.anim_time*90*3-140)*15)",0,0]},"right_wing2":{"rotation":["-3+(math.sin(q.anim_time*90*3-140)*20)",0,0]},"head":{"rotation":["-22.5+5*math.sin(q.anim_time*90*2+120)*1",0,0]},"body":{"rotation":[2.5,0,0],"position":[0,"26+3*math.sin(q.anim_time*90*3+160)*2","2+2*math.sin(q.anim_time*90*2+160)*2"]},"tail":{"rotation":["2.5-4*math.sin(q.anim_time*90*3-80)*1.5","-4*math.sin(q.anim_time*90*3-80)*1.5",0]},"legs":{"position":[0,0,-2]},"leg_left":{"rotation":["32.4-5*math.sin(q.anim_time*90*3+160)*1.5",1.9,"-4.6+3*math.sin(q.anim_time*90*3+160)*1.5"]},"leg_left2":{"rotation":[22.31594,-2.15393,9.76758]},"leg_left3":{"rotation":["-2.5-6*math.sin(q.anim_time*90*3+160)*1.5",0,0]},"foot_left":{"rotation":[2.5,0,0]},"foot_left2":{"rotation":[27.5,0,0]},"leg_right":{"rotation":["32.4-5*math.sin(q.anim_time*90*3+160)*1.5",-1.9,"4.6-3*math.sin(q.anim_time*90*3+160)*1.5"]},"leg_right2":{"rotation":[22.31594,2.15393,-9.76758]},"leg_right3":{"rotation":["-2.5-6*math.sin(q.anim_time*90*3.1+160)*1.5",0,0]},"foot_right":{"rotation":[2.5,0,0]},"foot_right2":{"rotation":[27.5,0,0]},"neck2":{"rotation":[-10,0,0]},"leg_left_fluff4":{"rotation":["-2.5+math.cos(q.anim_time*90*1+math.random(0,2)*20+30)*2",0,"1+math.cos(q.anim_time*90*1*20+30)*2"]},"leg_left_fluff3":{"rotation":["-2.5+math.cos(q.anim_time*90*1+math.random(0,2)*20+30)*2",0,"1+math.cos(q.anim_time*90*1*20+30)*2"]},"leg_left_fluff2":{"rotation":["-17.5+math.cos(q.anim_time*90*1+math.random(0,2)*20+30)*2",0,"1+math.cos(q.anim_time*90*1*20+30)*2"]},"leg_left_fluff5":{"rotation":["-17.5+math.cos(q.anim_time*90*1+math.random(0,2)*20+30)*2",0,"1+math.cos(q.anim_time*90*1*20+30)*2"]},"leg_right_fluff4":{"rotation":["-2.5+math.cos(q.anim_time*90*1+math.random(0,2)*20+30)*2",0,"1+math.cos(q.anim_time*90*1*20+30)*2"]},"leg_right_fluff3":{"rotation":["-2.5+math.cos(q.anim_time*90*1+math.random(0,2)*20+30)*2",0,"1+math.cos(q.anim_time*90*1*20+30)*2"]},"leg_right_fluff2":{"rotation":["-17.5+math.cos(q.anim_time*90*1+math.random(0,2)*20+30)*2",0,"1+math.cos(q.anim_time*90*1*20+30)*2"]},"leg_right_fluff5":{"rotation":["-17.5+math.cos(q.anim_time*90*1+math.random(0,2)*20+30)*2",0,"1+math.cos(q.anim_time*90*1*20+30)*2"]},"jaw":{"rotation":["15-7*math.sin(q.anim_time*90*2+160)*1",0,0]},"arms":{"rotation":[-40,0,0]},"finger1_left":{"rotation":[25,0,0]},"finger2_left":{"rotation":[20,0,0]},"finger3_left":{"rotation":[17.5,0,0]},"finger4_left":{"rotation":[17.89807,11.91276,3.81397]},"finger1_right":{"rotation":[25,0,0]},"finger2_right":{"rotation":[20,0,0]},"finger3_right":{"rotation":[17.5,0,0]},"finger4_right":{"rotation":[17.89807,-11.91276,-3.81397]},"ear_right_fluff":{"rotation":["-1+math.cos(q.anim_time*90*1+math.random(0,2)*20+30)*2",0,"-1-math.cos(q.anim_time*90*1*20+30)*2"]},"ear_left_fluff":{"rotation":["-1+math.cos(q.anim_time*90*1+math.random(0,2)*20+30)*2",0,"1+math.cos(q.anim_time*90*1*20+30)*2"]},"od_tail":{"scale":0.1},"od_ear_left":{"position":[0,1,0],"scale":0.1},"od_ear_right":{"position":[0,1,0],"scale":0.1},"od_torso_bone":{"scale":0.1}}},"animation.reshiram.air_idle":{"loop":true,"bones":{"tail_end":{"rotation":[5,0,0]},"tail_end2":{"rotation":["-10+Math.cos((query.anim_time) * 90 * 2 - 60) * 6",0,0]},"tail_end3":{"rotation":["12.5+Math.cos((query.anim_time) * 90 * 2 - 120) * 8","Math.cos((query.anim_time) * 90 * 2 - 120) * 8",0]},"tail_end4":{"rotation":["Math.cos((query.anim_time) * 90 * 2 - 180) * 10","Math.cos((query.anim_time) * 90 * 2 - 180) * 10",0]},"tail_end5":{"rotation":["Math.cos((query.anim_time) * 90 * 2 - 240) * 15","Math.cos((query.anim_time) * 90 * 2 - 240) * 15",0]},"ear_right3":{"rotation":[-17.5,0,0]},"ear_right4":{"rotation":["-25+Math.cos((query.anim_time) * 90 * 4) * 5",0,0]},"ear_right5":{"rotation":["17.5+Math.cos((query.anim_time) * 90 * 4 - 60) * 5",0,0]},"ear_right6":{"rotation":["32.5+Math.cos((query.anim_time) * 90 * 4 - 120) * 6",0,0]},"ear_right7":{"rotation":["Math.cos((query.anim_time) * 90 * 4 - 180) * 10",0,0]},"ear_right8":{"rotation":["Math.cos((query.anim_time) * 90 * 4 - 240) * 20",0,0]},"arm_left":{"rotation":[-10,2.9,"5+math.sin(q.anim_time*90*1)*-40"]},"arm_left2":{"rotation":[0,7,"7+math.sin(q.anim_time*90*1-70)*-30"]},"arm_left3":{"rotation":[0,17,"0-(math.sin(q.anim_time*90*1-140)*20)"]},"hand_left":{"rotation":[0,0,"0-(math.sin(q.anim_time*90*1-140)*20)"]},"left_wing":{"rotation":["5+(math.sin(q.anim_time*90*1-140)*20)",0,0]},"left_wing2":{"rotation":["-3+(math.sin(q.anim_time*90*1-140)*20)",0,0]},"ear_right2":{"rotation":[0,-7.5,0]},"ear_left2":{"rotation":[0,7.5,0]},"ear_left3":{"rotation":[-17.5,0,0]},"ear_left4":{"rotation":["-25+Math.cos((query.anim_time) * 90 * 4) * 5",0,0]},"ear_left5":{"rotation":["17.5+Math.cos((query.anim_time) * 90 * 4 - 60) * 5",0,0]},"ear_left6":{"rotation":["32.5+Math.cos((query.anim_time) * 90 * 4 - 120) * 6",0,0]},"ear_left7":{"rotation":["Math.cos((query.anim_time) * 90 * 4 - 180) * 10",0,0]},"ear_left8":{"rotation":["Math.cos((query.anim_time) * 90 * 4 - 240) * 20",0,0]},"jaw":{"rotation":["15-7*math.sin(q.anim_time*90*2+160)",0,0]},"torso":{"rotation":[2.5,0,0]},"waist":{"rotation":[-2.5,0,0]},"chest":{"rotation":["7.5-5*math.sin(q.anim_time*90*2+150)*1",0,0]},"left_mid_wing":{"rotation":["(math.sin(q.anim_time*90*1-140)*20)",0,0]},"bone":{"rotation":["-3+(math.sin(q.anim_time*90*1-140)*20)",0,0]},"arm_right":{"rotation":[-10,-2.9,"-5-math.sin(q.anim_time*90*1)*-40"]},"arm_right2":{"rotation":[0,-7,"-7-math.sin(q.anim_time*90*1-70)*-30"]},"arm_right3":{"rotation":[0,-17,"0+(math.sin(q.anim_time*90*1-140)*20)"]},"right_mid_wing":{"rotation":["(math.sin(q.anim_time*90*1-140)*20)",0,0]},"bone2":{"rotation":["-3+(math.sin(q.anim_time*90*1-140)*20)",0,0]},"hand_right":{"rotation":[0,0,"0+(math.sin(q.anim_time*90*1-140)*20)"]},"right_wing":{"rotation":["5+(math.sin(q.anim_time*90*1-140)*20)",0,0]},"right_wing2":{"rotation":["-3+(math.sin(q.anim_time*90*1-140)*20)",0,0]},"neck":{"rotation":[-2.5,0,0]},"head":{"rotation":["-2.5+9*math.sin(q.anim_time*90*2+120)*1",0,0]},"body":{"rotation":[7.5,0,0],"position":[0,"21+5*math.sin(q.anim_time*90*1+160)",0]},"tail":{"rotation":["2.5-4*math.sin(q.anim_time*90*2-80)*1","-4*math.sin(q.anim_time*90*2-80)*1",0]},"legs":{"position":[0,0,-2]},"leg_left":{"rotation":["19.9-5*math.sin(q.anim_time*90*2+160)*1",1.9,"-4.6+3*math.sin(q.anim_time*90*2+160)*1"]},"leg_left2":{"rotation":[4.81594,-2.15393,9.76758]},"leg_left3":{"rotation":[-2.5,0,0]},"foot_left":{"rotation":["5-6*math.sin(q.anim_time*90*2+160)*1",0,0]},"foot_left2":{"rotation":[22.5,0,0]},"leg_right":{"rotation":["19.9-5*math.sin(q.anim_time*90*2+160)*1",-1.9,"4.6-3*math.sin(q.anim_time*90*2+160)*1"]},"leg_right2":{"rotation":[4.81594,2.15393,-9.76758]},"leg_right3":{"rotation":[-2.5,0,0]},"foot_right":{"rotation":["2.5-6*math.sin(q.anim_time*90*2+160)*1",0,0]},"foot_right2":{"rotation":[22.5,0,0]},"finger1_left":{"rotation":[15,0,0]},"finger2_left":{"rotation":[12.5,0,0]},"finger3_left":{"rotation":[10,0,0]},"finger4_left":{"rotation":[13.27463,19.50645,4.50432]},"finger1_right":{"rotation":[15,0,0]},"finger2_right":{"rotation":[12.5,0,0]},"finger3_right":{"rotation":[10,0,0]},"finger4_right":{"rotation":[13.27463,-19.50645,-4.50432]},"od_tail":{"scale":0.1},"od_ear_left":{"position":[0,1,0],"scale":0.1},"od_ear_right":{"position":[0,1,0],"scale":0.1},"od_torso_bone":{"scale":0.1}}},"animation.reshiram.ground_walk":{"loop":true,"bones":{"tail_end":{"rotation":[5,0,0]},"tail_end2":{"rotation":["-Math.cos((query.anim_time) * 90 * 4 - 240) * 15",0,0]},"tail_end3":{"rotation":["12.5+Math.cos((query.anim_time) * 90 * 4 - 120) * 8","Math.cos((query.anim_time) * 90 * 4 - 120) * 8",0]},"tail_end4":{"rotation":["Math.cos((query.anim_time) * 90 * 4 - 180) * 10","Math.cos((query.anim_time) * 90 * 4 - 180) * 10",0]},"tail_end5":{"rotation":["Math.cos((query.anim_time) * 90 * 4 - 240) * 15","Math.cos((query.anim_time) * 90 * 4 - 240) * 15",0]},"ear_right3":{"rotation":[-12.5,0,0]},"ear_right4":{"rotation":["-25+Math.cos((query.anim_time) * 90 * 4) * 10",0,0]},"ear_right5":{"rotation":["17.5+Math.cos((query.anim_time) * 90 * 4 - 60) * 10",0,0]},"ear_right6":{"rotation":["32.5+Math.cos((query.anim_time) * 90 * 4 - 120) * 10",0,0]},"ear_right7":{"rotation":["Math.cos((query.anim_time) * 90 * 4 - 180) * 20",0,0]},"ear_right8":{"rotation":["Math.cos((query.anim_time) * 90 * 4 - 240) * 30",0,0]},"arm_left":{"rotation":[0,0,"5+math.sin(q.anim_time*90*2)*-35"]},"arm_left2":{"rotation":[0,7,"7+math.sin(q.anim_time*90*2-70)*-25"]},"arm_left3":{"rotation":[0,17,"0-(math.sin(q.anim_time*90*2-140)*20)"]},"hand_left":{"rotation":[0,0,"0-(math.sin(q.anim_time*90*2-140)*20)"]},"left_wing":{"rotation":["5+(math.sin(q.anim_time*90*2-140)*15)",0,0]},"left_wing2":{"rotation":["-3+(math.sin(q.anim_time*90*2-140)*20)",0,0]},"ear_right2":{"rotation":[0,-7.5,0]},"ear_left2":{"rotation":[0,7.5,0]},"ear_left3":{"rotation":[-12.5,0,0]},"ear_left4":{"rotation":["-25+Math.cos((query.anim_time) * 90 * 4) * 10",0,0]},"ear_left5":{"rotation":["17.5+Math.cos((query.anim_time) * 90 * 4 - 60) * 10",0,0]},"ear_left6":{"rotation":["32.5+Math.cos((query.anim_time) * 90 * 4 - 120) * 10",0,0]},"ear_left7":{"rotation":["Math.cos((query.anim_time) * 90 * 4 - 180) * 20",0,0]},"ear_left8":{"rotation":["Math.cos((query.anim_time) * 90 * 4 - 240) * 30",0,0]},"jaw":{"rotation":["15-7*math.sin(q.anim_time*90*2+160)*1",0,0]},"torso":{"rotation":[2.5,0,0]},"waist":{"rotation":[-2.5,0,0]},"chest":{"rotation":["7.5-3*math.sin(q.anim_time*90*2+150)*2",0,0]},"left_mid_wing":{"rotation":["(math.sin(q.anim_time*90*2-140)*15)",0,0]},"bone":{"rotation":["-3+(math.sin(q.anim_time*90*2-140)*20)",0,0]},"arm_right":{"rotation":[0,0,"-5-math.sin(q.anim_time*90*2)*-35"]},"arm_right2":{"rotation":[0,-7,"-7-math.sin(q.anim_time*90*2-70)*-25"]},"arm_right3":{"rotation":[0,-17,"0+(math.sin(q.anim_time*90*2-140)*20)"]},"right_mid_wing":{"rotation":["(math.sin(q.anim_time*90*2-140)*15)",0,0]},"bone2":{"rotation":["-3+(math.sin(q.anim_time*90*2-140)*20)",0,0]},"hand_right":{"rotation":[0,0,"0+(math.sin(q.anim_time*90*2-140)*20)"]},"right_wing":{"rotation":["5+(math.sin(q.anim_time*90*2-140)*15)",0,0]},"right_wing2":{"rotation":["-3+(math.sin(q.anim_time*90*2-140)*20)",0,0]},"neck":{"rotation":[-2.5,0,0]},"head":{"rotation":["-2.5+9*math.sin(q.anim_time*90*2+120)*1",0,0]},"body":{"rotation":[7.5,0,0],"position":[0,"13+3*math.sin(q.anim_time*90*2+160)*2","2+2*math.sin(q.anim_time*90*1+160)*2"]},"tail":{"rotation":["2.5-4*math.sin(q.anim_time*90*2-80)*1.5","-4*math.sin(q.anim_time*90*2-80)*1.5",0]},"legs":{"position":[0,0,-2]},"leg_left":{"rotation":["29.9-5*math.sin(q.anim_time*90*2+160)*1.5",1.9,"-4.6+3*math.sin(q.anim_time*90*2+160)*1.5"]},"leg_left_fluff4":{"rotation":["-2.5+math.cos(q.anim_time*90*1+math.random(0,2)*10+30)*2",0,"1+math.cos(q.anim_time*90*1*10+30)*2"]},"leg_left_fluff3":{"rotation":["-2.5+math.cos(q.anim_time*90*1+math.random(0,2)*10+30)*2",0,"1+math.cos(q.anim_time*90*1*10+30)*2"]},"leg_left_fluff2":{"rotation":["-17.5+math.cos(q.anim_time*90*1+math.random(0,2)*10+30)*2",0,"1+math.cos(q.anim_time*90*1*10+30)*2"]},"leg_left_fluff5":{"rotation":["-17.5+math.cos(q.anim_time*90*1+math.random(0,2)*10+30)*2",0,"1+math.cos(q.anim_time*90*1*10+30)*2"]},"leg_left2":{"rotation":[4.81594,-2.15393,9.76758]},"leg_left3":{"rotation":["-2.5-6*math.sin(q.anim_time*90*2+160)*1.5",0,0]},"foot_left":{"rotation":[2.5,0,0]},"foot_left2":{"rotation":[10,0,0]},"leg_right":{"rotation":["29.9-5*math.sin(q.anim_time*90*2+160)*1.5",-1.9,"4.6-3*math.sin(q.anim_time*90*2+160)*1.5"]},"leg_right_fluff4":{"rotation":["-2.5+math.cos(q.anim_time*90*1+math.random(0,2)*10+30)*2",0,"1+math.cos(q.anim_time*90*1*10+30)*2"]},"leg_right_fluff3":{"rotation":["-2.5+math.cos(q.anim_time*90*1+math.random(0,2)*10+30)*2",0,"1+math.cos(q.anim_time*90*1*10+30)*2"]},"leg_right_fluff2":{"rotation":["-17.5+math.cos(q.anim_time*90*1+math.random(0,2)*10+30)*2",0,"1+math.cos(q.anim_time*90*1*10+30)*2"]},"leg_right_fluff5":{"rotation":["-17.5+math.cos(q.anim_time*90*1+math.random(0,2)*10+30)*2",0,"1+math.cos(q.anim_time*90*1*10+30)*2"]},"leg_right2":{"rotation":[4.81594,2.15393,-9.76758]},"leg_right3":{"rotation":["-2.5-6*math.sin(q.anim_time*90*2.1+160)*1.5",0,0]},"foot_right":{"rotation":[2.5,0,0]},"foot_right2":{"rotation":[10,0,0]},"ear_right_fluff":{"rotation":["-1+math.cos(q.anim_time*90*1+math.random(0,2)*10+30)*2",0,"-1-math.cos(q.anim_time*90*1*10+30)*2"]},"ear_left_fluff":{"rotation":["-1+math.cos(q.anim_time*90*1+math.random(0,2)*10+30)*2",0,"1+math.cos(q.anim_time*90*1*10+30)*2"]},"od_tail":{"scale":0.1},"od_ear_left":{"position":[0,1,0],"scale":0.1},"od_ear_right":{"position":[0,1,0],"scale":0.1},"od_torso_bone":{"scale":0.1}}},"animation.reshiram.ground_idle":{"loop":true,"bones":{"tail_end":{"rotation":[2.5,0,0]},"tail_end2":{"rotation":["-10+Math.cos((query.anim_time) * 90 * 2 - 60) * 6",0,0]},"tail_end3":{"rotation":["12.5+Math.cos((query.anim_time) * 90 * 2 - 120) * 8","Math.cos((query.anim_time) * 90 * 2 - 120) * 8",0]},"tail_end4":{"rotation":["Math.cos((query.anim_time) * 90 * 2 - 180) * 10","Math.cos((query.anim_time) * 90 * 2 - 180) * 10",0]},"tail_end5":{"rotation":["Math.cos((query.anim_time) * 90 * 2 - 240) * 15","Math.cos((query.anim_time) * 90 * 2 - 240) * 15",0]},"ear_right3":{"rotation":[-17.5,0,0]},"ear_right4":{"rotation":["-25+Math.cos((query.anim_time) * 90 * 4) * 5",0,0]},"ear_right5":{"rotation":["17.5+Math.cos((query.anim_time) * 90 * 4 - 60) * 5",0,0]},"ear_right6":{"rotation":["32.5+Math.cos((query.anim_time) * 90 * 4 - 120) * 6",0,0]},"ear_right7":{"rotation":["Math.cos((query.anim_time) * 90 * 4 - 180) * 10",0,0]},"ear_right8":{"rotation":["Math.cos((query.anim_time) * 90 * 4 - 240) * 20",0,0]},"arm_left":{"rotation":[-20.3,-2.9,"-6.08+math.sin(q.anim_time*90*1)*-15"]},"arm_left2":{"rotation":[-1.2,-4.8,"-12+math.sin(q.anim_time*90*1-70)*-5"]},"arm_left3":{"rotation":[0.7,17.4,"10.1-(math.sin(q.anim_time*90*1-140)*5)"]},"hand_left":{"rotation":[0,0,"17.5-(math.sin(q.anim_time*90*1-140)*5)"]},"left_wing":{"rotation":["5+(math.sin(q.anim_time*90*1-140)*10)",0,0]},"left_wing2":{"rotation":["-3+(math.sin(q.anim_time*90*1-140)*10)",0,0]},"ear_right2":{"rotation":[0,-7.5,0]},"ear_left2":{"rotation":[0,7.5,0]},"ear_left3":{"rotation":[-17.5,0,0]},"ear_left4":{"rotation":["-25+Math.cos((query.anim_time) * 90 * 4) * 5",0,0]},"ear_left5":{"rotation":["17.5+Math.cos((query.anim_time) * 90 * 4 - 60) * 5",0,0]},"ear_left6":{"rotation":["32.5+Math.cos((query.anim_time) * 90 * 4 - 120) * 6",0,0]},"ear_left7":{"rotation":["Math.cos((query.anim_time) * 90 * 4 - 180) * 10",0,0]},"ear_left8":{"rotation":["Math.cos((query.anim_time) * 90 * 4 - 240) * 20",0,0]},"jaw":{"rotation":["7.5-7*math.sin(q.anim_time*90*1+160)",0,0]},"torso":{"rotation":["-2.5-1*math.sin(q.anim_time*90*1+90)*2",0,0],"position":[0,"1*math.sin(q.anim_time*90*1-20)",0]},"waist":{"rotation":[-2.5,0,0]},"chest":{"rotation":["7.5-2*math.sin(q.anim_time*90*2+150)*1",0,0]},"left_mid_wing":{"rotation":["(math.sin(q.anim_time*90*1-140)*10)",0,0]},"bone":{"rotation":["-3+(math.sin(q.anim_time*90*1-140)*10)",0,0]},"arm_right":{"rotation":[-20.3,2.9,"6.08-math.sin(q.anim_time*90*1)*-15"]},"arm_right2":{"rotation":[-1.2,4.8,"12-math.sin(q.anim_time*90*1-70)*-5"]},"arm_right3":{"rotation":[0.7,-17.4,"-10.1+(math.sin(q.anim_time*90*1-140)*5)"]},"right_mid_wing":{"rotation":["(math.sin(q.anim_time*90*1-140)*10)",0,0]},"bone2":{"rotation":["-3+(math.sin(q.anim_time*90*1-140)*10)",0,0]},"hand_right":{"rotation":[0,0,"-17.5+(math.sin(q.anim_time*90*1-140)*5)"]},"right_wing":{"rotation":["5+(math.sin(q.anim_time*90*1-140)*10)",0,0]},"right_wing2":{"rotation":["-3+(math.sin(q.anim_time*90*1-140)*10)",0,0]},"neck":{"rotation":[-2.5,0,0]},"head":{"rotation":["2.5+5*math.sin(q.anim_time*90*2+120)",0,0]},"finger1_left":{"rotation":["5-12*math.sin(q.anim_time*90*1+160)",0,0]},"finger2_left":{"rotation":["-5-12*math.sin(q.anim_time*90*1+160)",0,0]},"finger3_left":{"rotation":["-5-12*math.sin(q.anim_time*90*1+160)",0,0]},"finger4_left":{"rotation":[15,"-12*math.sin(q.anim_time*90*1+160)",0]},"finger1_right":{"rotation":["5-12*math.sin(q.anim_time*90*1+160)",0,0]},"finger2_right":{"rotation":["-5-12*math.sin(q.anim_time*90*1+160)",0,0]},"finger3_right":{"rotation":["-5-12*math.sin(q.anim_time*90*1+160)",0,0]},"finger4_right":{"rotation":[15,"-12*math.sin(q.anim_time*90*1+160)",0]},"tail":{"rotation":["10+2*math.sin(q.anim_time*90*1-80)*1","-4*math.sin(q.anim_time*90*2-80)*1",0]},"leg_left":{"rotation":[0,-5,0],"position":[0,"-0.3+1*math.sin(q.anim_time*90*1-20)",-2]},"leg_left2":{"position":[0,"0.4-0.5*math.sin(q.anim_time*90*1-20)*2","-0.6+0.3*math.sin(q.anim_time*90*1-20)"]},"foot_left":{"rotation":[0,-5,0]},"leg_right":{"rotation":[0,5,0],"position":[0,"-0.3+1*math.sin(q.anim_time*90*1-20)",-2]},"leg_right2":{"position":[0,"0.4-0.5*math.sin(q.anim_time*90*1-20)*2","-0.6+0.3*math.sin(q.anim_time*90*1-20)"]},"foot_right":{"rotation":[0,5,0]},"od_tail":{"scale":0.1},"od_ear_left":{"position":[0,1,0],"scale":0.1},"od_ear_right":{"position":[0,1,0],"scale":0.1},"od_torso_bone":{"scale":0.1}}},"animation.reshiram.battle_idle":{"loop":true,"bones":{"ear_right3":{"rotation":[-12.5,0,0]},"ear_right4":{"rotation":["-25+Math.cos((query.anim_time) * 90 * 3.5) * 10",0,0]},"ear_right5":{"position":[0,1,0],"scale":0.1},"arm_left":{"rotation":[-20.3,-2.9,"-6.08+math.sin(q.anim_time*90*2)*-15"]},"arm_left2":{"rotation":[-1.2,-4.8,"-12+math.sin(q.anim_time*90*2-70)*-5"]},"arm_left3":{"rotation":[0.7,17.4,"10.1-(math.sin(q.anim_time*90*2-140)*5)"]},"hand_left":{"rotation":[0,0,"17.5-(math.sin(q.anim_time*90*2-140)*5)"]},"left_wing":{"rotation":["5+(math.sin(q.anim_time*90*2-140)*20)",0,0]},"left_wing2":{"rotation":["-3+(math.sin(q.anim_time*90*2-140)*20)",0,0]},"ear_right2":{"rotation":[-7.5,-7.5,0]},"ear_left2":{"rotation":[-7.5,7.5,0]},"ear_left3":{"rotation":[-12.5,0,0]},"ear_left4":{"rotation":["-25+Math.cos((query.anim_time) * 90 * 3.5) * 10",0,0]},"ear_left5":{"position":[0,1,0],"scale":0.1},"jaw":{"rotation":["17.5+7*math.sin(q.anim_time*90*2+160)*2",0,0]},"torso":{"rotation":["2.5-1*math.sin(q.anim_time*90*2+90)*2",9.9,0.4],"position":[0,"1*math.sin(q.anim_time*90*2-20)",0]},"waist":{"rotation":[-2.5,0,0]},"chest":{"rotation":["7.5-2*math.sin(q.anim_time*90*2+150)*2",0,0]},"left_mid_wing":{"rotation":["(math.sin(q.anim_time*90*2-140)*20)",0,0]},"bone":{"rotation":["-3+(math.sin(q.anim_time*90*2-140)*20)",0,0]},"arm_right":{"rotation":[-20.3,2.9,"6.08-math.sin(q.anim_time*90*2)*-15"]},"arm_right2":{"rotation":[-1.2,4.8,"12-math.sin(q.anim_time*90*2-70)*-5"]},"arm_right3":{"rotation":[0.7,-17.4,"-10.1+(math.sin(q.anim_time*90*2-140)*5)"]},"right_mid_wing":{"rotation":["(math.sin(q.anim_time*90*2-140)*20)",0,0]},"bone2":{"rotation":["-3+(math.sin(q.anim_time*90*2-140)*20)",0,0]},"hand_right":{"rotation":[0,0,"-17.5+(math.sin(q.anim_time*90*2-140)*5)"]},"right_wing":{"rotation":["5+(math.sin(q.anim_time*90*2-140)*20)",0,0]},"right_wing2":{"rotation":["-3+(math.sin(q.anim_time*90*2-140)*20)",0,0]},"neck":{"rotation":[5,0,0]},"head":{"rotation":["3+5*math.sin(q.anim_time*90*2+120)*2",-9.9,-0.4]},"tail":{"scale":0.1},"leg_left":{"rotation":[0,-2.5,0],"position":[0,"-0.3+1*math.sin(q.anim_time*90*2-20)",-2]},"leg_left2":{"rotation":[0,-5,0],"position":[0,"0.4-0.5*math.sin(q.anim_time*90*2-20)*2","-0.6+0.3*math.sin(q.anim_time*90*1-20)"]},"foot_left":{"rotation":[0,-7.5,0]},"leg_right":{"rotation":[0,17.5,0],"position":[0,"-0.3+1*math.sin(q.anim_time*90*2-20)",2]},"leg_right2":{"position":[0,"0.4-0.5*math.sin(q.anim_time*90*2-20)*2","-0.6+0.3*math.sin(q.anim_time*90*1-20)"]},"od_tail":{"rotation":["5+4*math.sin(q.anim_time*90*2-80)",0,0]},"tail_end6":{"rotation":[2.5,0,0]},"tail_end7":{"rotation":["-Math.cos((query.anim_time) * 90 * 3.5 - 240) * 5",0,0]},"tail_end8":{"rotation":["12.5+Math.cos((query.anim_time) * 90 * 3.5 - 120) * 8","Math.cos((query.anim_time) * 90 * 3.5 - 120) * 8",0]},"tail_end9":{"rotation":["Math.cos((query.anim_time) * 90 * 3.5 - 180) * 10","Math.cos((query.anim_time) * 90 * 3.5 - 180) * 10",0]},"tail_end10":{"rotation":["Math.cos((query.anim_time) * 90 * 3.5 - 240) * 15","Math.cos((query.anim_time) * 90 * 3.5 - 240) * 15",0]},"od_ear_left":{"rotation":["17.5+Math.cos((query.anim_time) * 90 * 3.5 - 60) * 10",0,0]},"od_ear_left2":{"rotation":["32.5+Math.cos((query.anim_time) * 90 * 3.5 - 120) * 10",0,0]},"od_ear_left3":{"rotation":["Math.cos((query.anim_time) * 90 * 3.5 - 180) * 20",0,0]},"od_ear_left4":{"rotation":["Math.cos((query.anim_time) * 90 * 3.5 - 240) * 30",0,0]},"od_ear_right":{"rotation":["17.5+Math.cos((query.anim_time) * 90 * 3.5 - 60) * 10",0,0]},"od_ear_right2":{"rotation":["32.5+Math.cos((query.anim_time) * 90 * 3.5 - 120) * 10",0,0]},"od_ear_right3":{"rotation":["Math.cos((query.anim_time) * 90 * 3.5 - 180) * 20",0,0]},"od_ear_right4":{"rotation":["Math.cos((query.anim_time) * 90 * 3.5 - 240) * 30",0,0]},"torso_bone":{"scale":0.1}}},"animation.reshiram.sleep":{"loop":true,"bones":{"tail_end":{"rotation":[2.5,0,0]},"tail_end2":{"rotation":["-10+Math.cos((query.anim_time) * 90 * 2 - 60) * 6",0,0]},"tail_end3":{"rotation":["12.5+Math.cos((query.anim_time) * 90 * 2 - 120) * 8","Math.cos((query.anim_time) * 90 * 2 - 120) * 8",0]},"tail_end4":{"rotation":["Math.cos((query.anim_time) * 90 * 2 - 180) * 10","Math.cos((query.anim_time) * 90 * 2 - 180) * 10",0]},"tail_end5":{"rotation":["Math.cos((query.anim_time) * 90 * 2 - 240) * 15","Math.cos((query.anim_time) * 90 * 2 - 240) * 15",0]},"ear_right3":{"rotation":[-30,0,0]},"ear_right4":{"rotation":["-25+Math.cos((query.anim_time) * 90 * 4) * 5",0,0]},"ear_right5":{"rotation":["17.5+Math.cos((query.anim_time) * 90 * 4 - 60) * 5",0,0]},"ear_right6":{"rotation":["32.5+Math.cos((query.anim_time) * 90 * 4 - 120) * 6",0,0]},"ear_right7":{"rotation":["Math.cos((query.anim_time) * 90 * 4 - 180) * 10",0,0]},"ear_right8":{"rotation":["Math.cos((query.anim_time) * 90 * 4 - 240) * 20",0,0]},"arm_left":{"rotation":[-0.3,13.2,21.9],"position":[-1,-0.25,0]},"arm_left2":{"rotation":[-3.9,-8,25.8]},"arm_left3":{"rotation":[-5.5,19,-11]},"hand_left":{"rotation":[0,0,17.5]},"left_wing":{"rotation":[-2.5,-40,0],"position":[0,0,6]},"left_wing2":{"rotation":[-12.5,0,0]},"ear_right2":{"rotation":[0,-7.5,0]},"ear_left2":{"rotation":[0,7.5,0]},"ear_left3":{"rotation":[-30,0,0]},"ear_left4":{"rotation":["-25+Math.cos((query.anim_time) * 90 * 4) * 5",0,0]},"ear_left5":{"rotation":["17.5+Math.cos((query.anim_time) * 90 * 4 - 60) * 5",0,0]},"ear_left6":{"rotation":["32.5+Math.cos((query.anim_time) * 90 * 4 - 120) * 6",0,0]},"ear_left7":{"rotation":["Math.cos((query.anim_time) * 90 * 4 - 180) * 10",0,0]},"ear_left8":{"rotation":["Math.cos((query.anim_time) * 90 * 4 - 240) * 20",0,0]},"jaw":{"rotation":["7.5-7*math.sin(q.anim_time*90*1+160)",0,0]},"torso":{"rotation":["-2.5-1*math.sin(q.anim_time*90*1+90)",0,0],"position":[0,"-2+1*math.sin(q.anim_time*90*1-20)",0]},"waist":{"rotation":[-2.5,0,0]},"chest":{"rotation":["2.5-2*math.sin(q.anim_time*90*1+150)",0,0]},"left_mid_wing":{"rotation":[-2.5,-32.5,0],"position":[0,0,2]},"bone":{"rotation":[-12.5,0,0]},"arm_right":{"rotation":[-0.3,-13.2,-21.9],"position":[1,-0.25,0]},"arm_right2":{"rotation":[-3.9,8,-25.8]},"arm_right3":{"rotation":[-5.5,-19,11]},"right_mid_wing":{"rotation":[-2.5,32.5,0],"position":[0,0,2]},"bone2":{"rotation":[-12.5,0,0]},"hand_right":{"rotation":[0,0,-17.5]},"right_wing":{"rotation":[-2.5,40,0],"position":[0,0,6]},"right_wing2":{"rotation":[-12.5,0,0]},"neck":{"rotation":[10,0,0]},"head":{"rotation":["10+5*math.sin(q.anim_time*90*1+120)",0,0]},"finger1_left":{"rotation":["5-12*math.sin(q.anim_time*90*1+160)",0,0]},"finger2_left":{"rotation":["-5-12*math.sin(q.anim_time*90*1+160)",0,0]},"finger3_left":{"rotation":["-5-12*math.sin(q.anim_time*90*1+160)",0,0]},"finger4_left":{"rotation":[15,"-12*math.sin(q.anim_time*90*1+160)",0]},"finger1_right":{"rotation":["5-12*math.sin(q.anim_time*90*1+160)",0,0]},"finger2_right":{"rotation":["-5-12*math.sin(q.anim_time*90*1+160)",0,0]},"finger3_right":{"rotation":["-5-12*math.sin(q.anim_time*90*1+160)",0,0]},"finger4_right":{"rotation":[15,"-12*math.sin(q.anim_time*90*1+160)",0]},"tail":{"rotation":["10+2*math.sin(q.anim_time*90*1-80)","-4*math.sin(q.anim_time*90*2-80)",0]},"leg_left":{"rotation":[13,-3.3,-7.3]},"leg_left2":{"rotation":[-32.5,0,0],"position":[0,4,0]},"foot_left":{"rotation":[17.2,-5.2,5.3],"position":[0,1.5,1.75]},"leg_right":{"rotation":[13,3.3,7.3]},"leg_right2":{"rotation":[-32.5,0,0],"position":[0,4,0]},"foot_right":{"rotation":[17.2,5.2,-5.3],"position":[0,1.5,1.75]},"body":{"position":[0,-5,0]},"neck2":{"rotation":[22.5,0,0]},"eyelid_left":{"position":[0.15,0,0]},"eyelid_right":{"position":[-0.15,0,0]},"leg_left3":{"rotation":[-7.5,0,0]},"foot_left2":{"rotation":[10,0,0]},"claw_back_left":{"rotation":[17.5,0,0]},"leg_right3":{"rotation":[-7.5,0,0]},"foot_right2":{"rotation":[10,0,0]},"claw_back_right":{"rotation":[17.5,0,0]},"od_tail":{"scale":0.1},"od_ear_left":{"position":[0,1,0],"scale":0.1},"od_ear_right":{"position":[0,1,0],"scale":0.1},"od_torso_bone":{"scale":0.1}}},"animation.reshiram.cry":{"animation_length":2.5,"sound_effects":{"0.042":{"effect":"pokemon.reshiram.cry"}},"bones":{"neck":{"rotation":{"0.0":[0,0,0],"0.125":[-15,0,0],"1.25":[-20,0,0],"2.0":[0,0,0]}},"head":{"rotation":{"0.0":[0,0,0],"0.4167":[-12.5,12,0],"0.5417":[-17.5,7,0],"0.625":[-14.72,0,0],"0.7083":[-19.59,0,0],"0.7917":[-14.72,0,0],"0.875":[-19.59,-7,0],"1.0":[-16.43,-12,0],"1.75":[-12.5,0,0],"2.0":[0,0,0]}},"jaw":{"rotation":{"0.0":[0,0,0],"0.25":[42.5,0,0],"0.3333":[47.5,0,0],"0.4167":[40.5,0,0],"0.5417":[42.5,0,0],"2.0":[0,0,0]}},"ear_right4":{"rotation":{"0.0":[0,0,0],"0.4167":[22.5,0,0],"0.5417":[27.5,0,0],"0.625":[24.72,0,0],"0.7083":[29.59,0,0],"0.7917":[24.72,0,0],"0.875":[29.59,0,0],"1.0":[26.43,0,0],"1.75":[22.5,0,0],"2.0":[0,0,0]}},"ear_left4":{"rotation":{"0.0":[0,0,0],"0.4167":[22.5,0,0],"0.5417":[27.5,0,0],"0.625":[24.72,0,0],"0.7083":[29.59,0,0],"0.7917":[24.72,0,0],"0.875":[29.59,0,0],"1.0":[26.43,0,0],"1.75":[22.5,0,0],"2.0":[0,0,0]}},"arm_left":{"rotation":{"0.0":{"post":[0,0,0],"lerp_mode":"catmullrom"},"0.125":{"post":[0,0,2.5],"lerp_mode":"catmullrom"},"0.3333":{"post":[0,0,35],"lerp_mode":"catmullrom"},"1.5":{"post":[0,0,30],"lerp_mode":"catmullrom"},"2.0":{"post":[0,0,0],"lerp_mode":"catmullrom"}}},"arm_left2":{"rotation":{"0.0":{"post":[0,0,0],"lerp_mode":"catmullrom"},"0.125":{"post":[0,0,2.5],"lerp_mode":"catmullrom"},"0.3333":{"post":[0,0,15],"lerp_mode":"catmullrom"},"1.5":{"post":[0,0,20],"lerp_mode":"catmullrom"},"2.0":{"post":[0,0,0],"lerp_mode":"catmullrom"}}},"arm_left3":{"rotation":{"0.0":[0,0,0],"0.125":[0,0,-2.5],"0.3333":[0,0,-20],"0.5":[0,0,"-20+2*math.sin(q.anim_time*90*30+260)*2"],"1.5":[0,0,-20],"2.0":[0,0,0]}},"arm_right":{"rotation":{"0.0":{"post":[0,0,0],"lerp_mode":"catmullrom"},"0.125":{"post":[0,0,-2.5],"lerp_mode":"catmullrom"},"0.3333":{"post":[0,0,-35],"lerp_mode":"catmullrom"},"1.5":{"post":[0,0,-30],"lerp_mode":"catmullrom"},"2.0":{"post":[0,0,0],"lerp_mode":"catmullrom"}}},"arm_right2":{"rotation":{"0.0":{"post":[0,0,0],"lerp_mode":"catmullrom"},"0.125":{"post":[0,0,-2.5],"lerp_mode":"catmullrom"},"0.3333":{"post":[0,0,-15],"lerp_mode":"catmullrom"},"1.5":{"post":[0,0,-20],"lerp_mode":"catmullrom"},"2.0":{"post":[0,0,0],"lerp_mode":"catmullrom"}}},"arm_right3":{"rotation":{"0.0":[0,0,0],"0.125":[0,0,2.5],"0.3333":[0,0,20],"0.5":[0,0,"20-2*math.sin(q.anim_time*90*30+260)*2"],"1.5":[0,0,20],"2.0":[0,0,0]}}}},"animation.reshiram.blink":{"animation_length":0.16667,"bones":{"eyelid_left":{"position":{"0.0":[0.15,0,0],"0.125":[0.15,0,0],"0.1667":[0,0,0]}},"eyelid_right":{"position":{"0.0":[-0.15,0,0],"0.125":[-0.15,0,0],"0.1667":[0,0,0]}}}},"animation.reshiram.water_idle":{"loop":true,"bones":{"tail_end":{"rotation":[5,0,0]},"tail_end2":{"rotation":[-10,0,0]},"tail_end3":{"rotation":[12.5,0,0]},"tail_end4":{"rotation":[-17.5,0,0]},"tail_end5":{"rotation":[7.5,0,0]},"ear_right3":{"rotation":[-17.5,0,0]},"ear_right4":{"rotation":[-25.01565,-2.38422,0.7522]},"ear_right5":{"rotation":[17.76898,-2.38088,2.2724]},"ear_right6":{"rotation":[32.59668,4.61786,4.79237]},"ear_right7":{"rotation":[27.74727,12.30676,3.51062]},"ear_right8":{"rotation":[-27.76898,-9.5319,0.77985]},"arm_left":{"rotation":[-20.58391,0.5393,3.28425]},"arm_left2":{"rotation":[-0.87038,-4.92385,-12.46258]},"arm_left3":{"rotation":[3.90399,17.07228,20.58619]},"hand_left":{"rotation":[0,0,12.5]},"left_wing":{"rotation":[-5,0,0]},"left_wing2":{"rotation":[-10,0,0]},"ear_right2":{"rotation":[0,-7.5,0]},"ear_left2":{"rotation":[0,7.5,0]},"ear_left3":{"rotation":[-17.5,0,0]},"ear_left4":{"rotation":[-25.01565,2.38422,-0.7522]},"ear_left5":{"rotation":[17.76898,2.38088,-2.2724]},"ear_left6":{"rotation":[32.59668,-4.61786,-4.79237]},"ear_left7":{"rotation":[27.74727,-12.30676,-3.51062]},"ear_left8":{"rotation":[-27.76898,9.5319,-0.77985]},"jaw":{"rotation":[5,0,0]},"torso":{"rotation":[2.5,0,0]},"waist":{"rotation":[-2.5,0,0]},"chest":{"rotation":[7.5,0,0]},"left_mid_wing":{"rotation":[-12.5,0,0]},"bone":{"rotation":[-2.5,0,0]},"arm_right":{"rotation":[-20.58391,-0.5393,-3.28425]},"arm_right2":{"rotation":[-0.87038,4.92385,12.46258]},"arm_right3":{"rotation":[3.90399,-17.07228,-20.58619]},"right_mid_wing":{"rotation":[-12.5,0,0]},"bone2":{"rotation":[-2.5,0,0]},"hand_right":{"rotation":[0,0,-12.5]},"right_wing":{"rotation":[-5,0,0]},"right_wing2":{"rotation":[-10,0,0]},"neck":{"rotation":[-2.5,0,0]},"head":{"rotation":[-2.5,0,0]},"body":{"rotation":[7.5,0,0],"position":[0,-32,0]},"tail":{"rotation":[2.5,0,0]},"legs":{"position":[0,0,-2]},"leg_left":{"rotation":[19.92287,1.91134,-4.62111]},"leg_left2":{"rotation":[4.81594,-2.15393,9.76758]},"leg_left3":{"rotation":[-2.5,0,0]},"foot_left":{"rotation":[30,0,0]},"foot_left2":{"rotation":[10,0,0]},"leg_right":{"rotation":[19.92287,-1.91134,4.62111]},"leg_right2":{"rotation":[4.81594,2.15393,-9.76758]},"leg_right3":{"rotation":[-2.5,0,0]},"foot_right":{"rotation":[30,0,0]},"foot_right2":{"rotation":[10,0,0]}}},"animation.reshiram.water_swim":{"loop":true,"bones":{"tail_end":{"rotation":[5,0,0]},"tail_end2":{"rotation":[-10,0,0]},"tail_end3":{"rotation":[12.5,0,0]},"tail_end4":{"rotation":[-17.5,0,0]},"tail_end5":{"rotation":[7.5,0,0]},"ear_right3":{"rotation":[-12.5,0,0]},"ear_right4":{"rotation":[-20.01565,-2.38422,0.7522]},"ear_right5":{"rotation":[17.76898,-2.38088,2.2724]},"ear_right6":{"rotation":[20.09668,4.61786,4.79237]},"ear_right7":{"rotation":[10.24727,12.30676,3.51062]},"ear_right8":{"rotation":[-17.76898,-9.5319,0.77985]},"arm_left":{"rotation":[-10.88203,-25.67608,54.10782],"position":[0,-0.5,0]},"arm_left2":{"rotation":[0,17.5,0]},"arm_left3":{"rotation":[0,22.5,0]},"hand_left":{"rotation":[0,0,15]},"left_wing":{"rotation":[-5,0,0]},"left_wing2":{"rotation":[-10,0,0]},"ear_right2":{"rotation":[0,-7.5,0]},"ear_left2":{"rotation":[0,7.5,0]},"ear_left3":{"rotation":[-12.5,0,0]},"ear_left4":{"rotation":[-20.01565,2.38422,-0.7522]},"ear_left5":{"rotation":[17.76898,2.38088,-2.2724]},"ear_left6":{"rotation":[20.09668,-4.61786,-4.79237]},"ear_left7":{"rotation":[10.24727,-12.30676,-3.51062]},"ear_left8":{"rotation":[-17.76898,9.5319,-0.77985]},"torso":{"rotation":[12.5,0,0]},"waist":{"rotation":[20,0,0]},"chest":{"rotation":[15,0,0]},"left_mid_wing":{"rotation":[-12.5,0,0]},"bone":{"rotation":[-2.5,0,0]},"arm_right":{"rotation":[-10.88203,25.67608,-54.10782],"position":[0,-0.5,0]},"arm_right2":{"rotation":[0,-17.5,0]},"arm_right3":{"rotation":[0,-22.5,0]},"right_mid_wing":{"rotation":[-12.5,0,0]},"bone2":{"rotation":[-2.5,0,0]},"hand_right":{"rotation":[0,0,-15]},"right_wing":{"rotation":[-5,0,0]},"right_wing2":{"rotation":[-10,0,0]},"head":{"rotation":[-35,0,0]},"body":{"rotation":[7.5,0,0],"position":[0,-31,0]},"tail":{"rotation":[-5,0,0]},"legs":{"position":[0,0,-2]},"leg_left":{"rotation":[49.92287,1.91134,-4.62111]},"leg_left2":{"rotation":[22.31594,-2.15393,9.76758]},"leg_left3":{"rotation":[-2.5,0,0]},"foot_left":{"rotation":[2.5,0,0]},"foot_left2":{"rotation":[27.5,0,0]},"leg_right":{"rotation":[49.92287,-1.91134,4.62111]},"leg_right2":{"rotation":[22.31594,2.15393,-9.76758]},"leg_right3":{"rotation":[-2.5,0,0]},"foot_right":{"rotation":[2.5,0,0]},"foot_right2":{"rotation":[27.5,0,0]},"neck2":{"rotation":[-10,0,0]},"leg_left_fluff4":{"rotation":[-2.5,0,0]},"leg_left_fluff3":{"rotation":[-2.5,0,0]},"leg_left_fluff2":{"rotation":[-17.5,0,0]},"leg_left_fluff5":{"rotation":[-17.5,0,0]},"leg_right_fluff4":{"rotation":[-2.5,0,0]},"leg_right_fluff3":{"rotation":[-2.5,0,0]},"leg_right_fluff2":{"rotation":[-17.5,0,0]},"leg_right_fluff5":{"rotation":[-17.5,0,0]}}}}}