{"format_version":"1.8.0","animations":{"animation.rolycoly.render":{"loop":true,"bones":{"PupilLeft":{"position":[0.5,0.25,0]}}},"animation.rolycoly.ground_idle":{"loop":true,"animation_length":4,"bones":{"Body":{"position":[0,"math.abs(math.cos(q.anim_time*90*2)*0.25)","-math.cos(q.anim_time*90*2)/4"]},"Torso":{"rotation":["math.cos(q.anim_time*90*2-45)*3",0,"math.cos(q.anim_time*90-45)*3"]},"Wheel":{"rotation":["math.cos(q.anim_time*90*2)*5",0,0]}}},"animation.rolycoly.ground_walk":{"loop":true,"animation_length":1,"bones":{"Body":{"rotation":[0,0,"math.cos(q.anim_time*90*4*2)*5"],"position":[0,"math.abs(math.sin(q.anim_time*90*4*2)*1.25)",0]},"Torso":{"rotation":[0,0,"math.cos(q.anim_time*90*4*2-45)*5"],"position":[0,0.5,0.75]},"Eye":{"rotation":[0,0,"math.sin(q.anim_time*90*4*2)*5"]},"Wheel":{"rotation":["q.anim_time*90*4",0,0]}}},"animation.rolycoly.faint":{"animation_length":3,"bones":{"Body":{"rotation":{"0.0":{"post":[0,0,0],"lerp_mode":"catmullrom"},"0.125":{"post":[-22.5,0,0],"lerp_mode":"catmullrom"},"0.375":{"post":[45,0,0],"lerp_mode":"catmullrom"},"0.625":{"post":[135,0,0],"lerp_mode":"catmullrom"},"0.7083":[119,0,0],"0.7917":{"pre":[67.5,0,0],"post":[67.5,0,0],"lerp_mode":"catmullrom"},"1.0":{"post":[-45,0,0],"lerp_mode":"catmullrom"}},"position":{"0.0":{"post":[0,0,0],"lerp_mode":"catmullrom"},"0.125":{"post":[0,7,3],"lerp_mode":"catmullrom"},"0.375":{"post":[0,9,9],"lerp_mode":"catmullrom"},"0.5417":{"post":[0,8.66,12.04],"lerp_mode":"catmullrom"},"0.5833":[0,7.21,11.41],"0.625":[0,5,13],"0.6667":[0,9,16],"0.7083":{"pre":[0,10.81,18.56],"post":[0,10.81,18.56],"lerp_mode":"catmullrom"},"0.7917":{"post":[0,11,20],"lerp_mode":"catmullrom"},"1.0":{"post":[0,11,16],"lerp_mode":"catmullrom"}}},"Torso":{"rotation":{"1.0":{"pre":[0,0,0],"post":[0,0,0],"lerp_mode":"catmullrom"},"1.1667":{"post":[-67.5,0,0],"lerp_mode":"catmullrom"},"1.2083":{"post":[-90,0,0],"lerp_mode":"catmullrom"},"1.3333":{"post":[-157.5,0,0],"lerp_mode":"catmullrom"},"1.4167":{"post":[-195,0,0],"lerp_mode":"catmullrom"},"1.5":{"post":[-238.05,0,0],"lerp_mode":"catmullrom"},"1.5417":{"post":[-256.42,0,0],"lerp_mode":"catmullrom"},"1.5833":{"post":[-238.05,0,0],"lerp_mode":"catmullrom"},"1.625":{"post":[-262.5,0,0],"lerp_mode":"catmullrom"},"1.75":{"post":[-262.5,0,0],"lerp_mode":"catmullrom"},"1.8333":{"post":[-307.5,0,0],"lerp_mode":"catmullrom"},"1.875":{"post":[-330,0,0],"lerp_mode":"catmullrom"},"1.9167":{"post":[-315,0,0],"lerp_mode":"catmullrom"}},"position":{"1.0":{"pre":[0,0,0],"post":[0,0,0],"lerp_mode":"catmullrom"},"1.0833":{"post":[0,2.96132,1.80289],"lerp_mode":"catmullrom"},"1.1667":{"post":[0,2.82843,8.48528],"lerp_mode":"catmullrom"},"1.2083":{"post":[0,1.76934,11.67198],"lerp_mode":"catmullrom"},"1.25":{"post":[0,4.59843,11.67],"lerp_mode":"catmullrom"},"1.2917":{"post":[0,7.42843,11.67],"lerp_mode":"catmullrom"},"1.3333":{"post":[0,10.25843,13.08421],"lerp_mode":"catmullrom"},"1.375":{"post":[0,12.38132,13.78711],"lerp_mode":"catmullrom"},"1.4167":{"post":[0,13.08711,15.91132],"lerp_mode":"catmullrom"},"1.5417":{"post":[0,13.09,20.15264],"lerp_mode":"catmullrom"},"1.5833":{"post":[0,10.96868,23.68553],"lerp_mode":"catmullrom"},"1.625":{"post":[0,14.50553,24.39711],"lerp_mode":"catmullrom"},"1.6667":{"post":[0,16.63132,25.10711],"lerp_mode":"catmullrom"},"1.7083":{"post":[0,17.33711,24.40289],"lerp_mode":"catmullrom"},"1.75":{"post":[0,16.63289,25.10711],"lerp_mode":"catmullrom"},"1.7917":{"post":[0,15.21579,26.52421],"lerp_mode":"catmullrom"},"1.8333":{"post":[0,13.09868,28.64132],"lerp_mode":"catmullrom"},"1.875":{"post":[0,13.1,28.64],"lerp_mode":"catmullrom"},"1.9167":{"post":[0,12.56967,29.17033],"lerp_mode":"catmullrom"}},"scale":{"0.5":[1,1,1],"0.5833":[0.9,0.9,1.2],"0.6667":[1,1,1],"1.125":[1,1,1],"1.2083":[0.8,0.8,1.4],"1.2917":[1,1,1],"1.5":[1,1,1],"1.5833":[0.9,0.9,1.2],"1.6667":[1,1,1]}},"Wheel":{"rotation":{"1.0833":{"pre":[0,0,0],"post":[0,0,0],"lerp_mode":"catmullrom"},"1.125":{"post":[22.5,0,0],"lerp_mode":"catmullrom"},"1.2083":{"post":[67.5,0,0],"lerp_mode":"catmullrom"},"1.2917":{"post":[112.5,0,0],"lerp_mode":"catmullrom"},"1.375":{"post":[135,0,0],"lerp_mode":"catmullrom"},"1.5":{"post":[202.5,0,0],"lerp_mode":"catmullrom"},"1.5417":[270,0,0],"1.8333":[270,0,0],"2.0":{"pre":[315,0,0],"post":[315,0,0],"lerp_mode":"catmullrom"},"2.125":[315,0,0],"2.25":[315,0,0],"2.375":[270,45,-90],"2.4583":[274.98107,44.78238,-82.94677],"2.5":[279.85,44.14,-76],"2.5417":[269.99758,45.00367,-90.0029]},"position":{"1.0":{"pre":[0,0,0],"post":[0,0,0],"lerp_mode":"catmullrom"},"1.0417":{"post":[0,-6,0],"lerp_mode":"catmullrom"},"1.0833":{"post":[0,-13,0],"lerp_mode":"catmullrom"},"1.125":{"post":[0,-11.58579,-4.24264],"lerp_mode":"catmullrom"},"1.1667":{"post":[0,-11.59,-7.06843],"lerp_mode":"catmullrom"},"1.25":{"post":[0,-11.59,-9.89843],"lerp_mode":"catmullrom"},"1.3333":{"post":[0,-13.00421,-11.31421],"lerp_mode":"catmullrom"},"1.375":{"post":[0,-14.41421,-11.31],"lerp_mode":"catmullrom"},"1.4583":{"post":[0,-17.23843,-11.31],"lerp_mode":"catmullrom"},"1.5":{"post":[0,-21.48264,-11.31],"lerp_mode":"catmullrom"},"1.5417":[0,-23.91952,-11.34536],"1.8333":[0,-23.91952,-11.34536],"1.875":[0,-24.50123,-11.81943],"1.9167":[0,-25.2264,-12.21853],"1.9583":[0,-26.0253,-12.44602],"2.0":[0,-26.84914,-12.54744],"2.25":[0,-26.84914,-12.54744],"2.375":[-3,-28.26421,-11.13579],"2.4167":[-3,-27.90645,-11.49355],"2.4583":[-3,-27.73322,-11.66678],"2.5":[-3,-27.90678,-11.49322],"2.5417":[-3,-28.26355,-11.13645]}},"Eyelid":{"position":{"0.4167":[0,0,0],"0.4583":{"pre":[0,0,0],"post":[0,0,-0.1]},"0.875":{"pre":[0,0,-0.1],"post":[0,0,-0.1]},"0.9167":{"pre":[0,0,-0.1],"post":[0,0,0]},"1.75":{"pre":[0,0,0],"post":[0,0,0]},"1.7917":{"pre":[0,0,0],"post":[0,0,-0.1]}}}}},"animation.rolycoly.blink":{"animation_length":0.20833,"bones":{"Eyelid":{"position":{"0.0":[0,0,-0.1],"0.1667":[0,0,-0.1],"0.2083":[0,0,0]}}}},"animation.rolycoly.cry":{"animation_length":2.375,"bones":{"Torso":{"rotation":{"0.0":{"post":[0,0,0],"lerp_mode":"catmullrom"},"0.25":{"post":[10,0,0],"lerp_mode":"catmullrom"},"0.375":{"post":[10,0,0],"lerp_mode":"catmullrom"},"0.625":{"post":[-10,0,0],"lerp_mode":"catmullrom"},"1.625":{"post":[-10,0,0],"lerp_mode":"catmullrom"},"2.25":{"post":[0,0,0],"lerp_mode":"catmullrom"}}},"Eye":{"rotation":{"0.125":{"pre":[0,0,0],"post":[0,0,0],"lerp_mode":"catmullrom"},"0.375":{"post":[10,0,0],"lerp_mode":"catmullrom"},"0.5":{"post":[10,0,0],"lerp_mode":"catmullrom"},"0.75":{"post":[-10,0,0],"lerp_mode":"catmullrom"},"1.7917":{"post":[-10,0,0],"lerp_mode":"catmullrom"},"2.375":{"post":[0,0,0],"lerp_mode":"catmullrom"}}},"Eyelid":{"position":{"0.0":[0,0,0],"0.1667":{"pre":[0,0,0],"post":[0,0,-0.1]},"0.5":{"pre":[0,0,-0.1],"post":[0,0,0]}}}},"sound_effects":{"0.5":{"effect":"pokemon.rolycoly.cry"}}},"animation.rolycoly.sleep":{"loop":true,"animation_length":4,"bones":{"Body":{"rotation":[0,0,27.5],"position":[0,0.475,0]},"Eye":{"rotation":["22.5/2+math.cos(q.anim_time*90)*22.5/10",0,0]},"Eyelid":{"position":[0,0,-0.1]}}}}}