{"format_version":"1.8.0","animations":{"animation.rufflet.ground_idle":{"loop":true,"animation_length":2,"bones":{"torso":{"rotation":["math.cos(q.anim_time*90*4+90)",0,"math.sin(q.anim_time*90*2)*2"],"position":[0,"-1/4+math.cos(q.anim_time*90*4)/4",0]},"wing_open_right":{"rotation":[0,30,-67.5]},"wing_open_right2":{"rotation":[0,45,0]},"wing_open_right3":{"rotation":[0,32.5,0]},"wing_open_left":{"rotation":[0,-30,67.5]},"wing_open_left2":{"rotation":[0,-45,0]},"wing_open_left3":{"rotation":[0,-32.5,0]},"beak_jaw":{"rotation":[0,0,0]},"tail":{"rotation":["20+math.cos(q.anim_time*90*4-45)*3",0,"math.sin(q.anim_time*90*2-90)*2*2"]},"head":{"rotation":["-math.cos(q.anim_time*90*4)",0,"math.sin(q.anim_time*90*2-90)*2"]},"hair":{"rotation":["math.cos(q.anim_time*90*4+90)*2",0,0]},"hair2":{"rotation":["math.cos(q.anim_time*90*4+90-45)*2*2",0,0]}}},"animation.rufflet.ground_walk":{"loop":true,"animation_length":1,"bones":{"body":{"position":{"0.0":[0,-0.15,5],"0.125":[0,3.5,2],"0.1667":[0,4.25,1],"0.2083":[0,4.75,0],"0.25":[0,5,-1],"0.2917":[0,4.75,-2],"0.3333":[0,4.25,-3],"0.375":[0,3.5,-4],"0.5":[0,0,-7],"1.0":[0,-0.15,5]}},"torso":{"rotation":{"0.0":[10,0,0],"0.4167":[-7,0,0],"0.5417":[0,0,0],"1.0":[10,0,0]}},"wing_open_right":{"rotation":{"0.0":[0,30,-67.5],"0.125":[0,30,-85],"0.4167":[0,30,45],"0.5833":[0,30,-67.5]}},"wing_open_right2":{"rotation":{"0.0":[0,30,0],"0.4583":[0,0,0],"0.5417":[0,15,30],"0.625":[0,30,0],"1.0":[0,30,0]}},"wing_open_right3":{"rotation":{"0.0":[0,30,0],"0.5":[0,0,0],"0.5833":[0,15,30],"0.6667":[0,30,0],"1.0":[0,30,0]}},"wing_open_left":{"rotation":{"0.0":[0,-30,67.5],"0.125":[0,-30,85],"0.4167":[0,-30,-45],"0.5833":[0,-30,67.5]}},"wing_open_left2":{"rotation":{"0.0":[0,-30,0],"0.4583":[0,0,0],"0.5417":[0,-15,-30],"0.625":[0,-30,0],"1.0":[0,-30,0]}},"wing_open_left3":{"rotation":{"0.0":[0,-30,0],"0.5":[0,0,0],"0.5833":[0,-15,-30],"0.6667":[0,-30,0],"1.0":[0,-30,0]}},"beak_jaw":{"rotation":{"0.0":[0,0,0],"0.375":[52.5,0,0],"0.4583":[85,0,0],"0.75":[0,0,0]}},"hair":{"rotation":{"0.0":{"post":[0,0,0],"lerp_mode":"catmullrom"},"0.4167":{"post":[-17.5,0,0],"lerp_mode":"catmullrom"},"0.5833":{"post":[5,0,0],"lerp_mode":"catmullrom"},"1.0":{"post":[0,0,0],"lerp_mode":"catmullrom"}}},"hair2":{"rotation":{"0.0":{"post":[0,0,0],"lerp_mode":"catmullrom"},"0.4167":{"post":[20,0,0],"lerp_mode":"catmullrom"},"0.4583":{"post":[11.72,0,0],"lerp_mode":"catmullrom"},"0.5":{"post":[-15,0,0],"lerp_mode":"catmullrom"},"0.625":{"post":[17.5,0,0],"lerp_mode":"catmullrom"},"1.0":{"post":[0,0,0],"lerp_mode":"catmullrom"}}},"tail":{"rotation":{"0.0":[0,0,0],"0.0833":[-60,0,0],"0.375":[30,0,0],"0.5":[30,0,0],"0.5833":[35,0,0],"1.0":[0,0,0]}},"leg_left":{"rotation":{"0.0":[30,0,0],"0.375":[-30,0,0],"0.5833":[0,0,0],"1.0":[30,0,0]}},"leg_left2":{"rotation":{"0.0":[-30,0,0],"0.375":[0,0,0],"0.6667":[0,0,0],"1.0":[-30,0,0]}},"leg_right":{"rotation":{"0.0":[30,0,0],"0.375":[-30,0,0],"0.5833":[0,0,0],"1.0":[30,0,0]}},"leg_right2":{"rotation":{"0.0":[-30,0,0],"0.375":[0,0,0],"0.6667":[0,0,0],"1.0":[-30,0,0]}}}},"animation.rufflet.walktest":{"loop":true,"animation_length":5,"bones":{"rufflet":{"position":[0,0,"-q.anim_time*90*0.275"]}}},"animation.rufflet.air_idle":{"loop":true,"animation_length":1,"bones":{"wing_open_right":{"rotation":["math.sin(q.anim_time*90*4)*20+math.clamp(math.sin(q.anim_time*90*4-30)*20,0,20)","-math.cos(q.anim_time*90*4)*30+math.clamp(math.sin(q.anim_time*90*4-30)*20,0,20)","-math.cos(q.anim_time*90*4)*50/2-math.clamp(math.cos(q.anim_time*90*4-40)*50,0,50)"]},"wing_open_right2":{"rotation":[0,0,"-math.cos(q.anim_time*90*4-45)*50/2-math.clamp(math.cos(q.anim_time*90*4-40-45)*50/2,0,50/2)"]},"wing_open_right3":{"rotation":[0,0,"-math.cos(q.anim_time*90*4-90)*50/2-math.clamp(math.cos(q.anim_time*90*4-40-90)*50/2,0,50/2)"]},"wing_open_left":{"rotation":["math.sin(q.anim_time*90*4)*20+math.clamp(math.sin(q.anim_time*90*4-30)*20,0,20)","math.cos(q.anim_time*90*4)*30-math.clamp(math.sin(q.anim_time*90*4-30)*20,0,20)","math.cos(q.anim_time*90*4)*50/2+math.clamp(math.cos(q.anim_time*90*4-40)*50,0,50)"]},"wing_open_left2":{"rotation":[0,0,"math.cos(q.anim_time*90*4-45)*50/2+math.clamp(math.cos(q.anim_time*90*4-40-45)*50/2,0,50/2)"]},"wing_open_left3":{"rotation":[0,0,"math.cos(q.anim_time*90*4-90)*50/2+math.clamp(math.cos(q.anim_time*90*4-40-90)*50/2,0,50/2)"]},"tail":{"rotation":["-20-math.cos(q.anim_time*90*4-45)*30-math.clamp(math.sin(q.anim_time*90*4-45+75)*50,0,50)",0,0]},"leg_left":{"rotation":["-30-math.sin(q.anim_time*90*4)*15",-10,0]},"leg_left2":{"rotation":["45-15/2-math.sin(q.anim_time*90*4-45)*15/2",0,0]},"leg_right":{"rotation":["-30-math.sin(q.anim_time*90*4-40)*15",10,0]},"leg_right2":{"rotation":["45-15/2-math.sin(q.anim_time*90*4-40-45)*15/2",0,0]},"body":{"position":[0,"math.cos(q.anim_time*90*4)+math.clamp(math.sin(q.anim_time*90*4+10)*1.5,0,1.5)",0]},"torso":{"rotation":["-math.cos(q.anim_time*90*4)*3",0,0]},"hair":{"rotation":["-math.sin(q.anim_time*90*4)*10",0,0]},"hair2":{"rotation":["10-math.sin(q.anim_time*90*4-67.5)*10",0,0]}}},"animation.rufflet.air_fly":{"loop":true,"animation_length":2,"bones":{"body":{"rotation":[0,0,"-math.cos(q.anim_time*90*2)*2"],"position":[0,"math.sin(q.anim_time*90*4)*1.25",0]},"wing_open_right":{"rotation":[0,0,"-math.cos(q.anim_time*90*4)*60/2"]},"wing_open_right2":{"rotation":[0,0,"-math.cos(q.anim_time*90*4-45)*60/1.5"]},"wing_open_right3":{"rotation":[0,0,"-math.cos(q.anim_time*90*4-90)*60/1.5"]},"wing_open_left":{"rotation":[0,0,"math.cos(q.anim_time*90*4)*60/2"]},"wing_open_left2":{"rotation":[0,0,"math.cos(q.anim_time*90*4-45)*60/1.5"]},"wing_open_left3":{"rotation":[0,0,"math.cos(q.anim_time*90*4-90)*60/1.5"]},"tail":{"rotation":["-math.cos(q.anim_time*90*4-45)*50",0,0]},"leg_left":{"position":[-1,3.25,0]},"leg_right":{"position":[1,3.25,0]}}}}}