{"format_version":"1.8.0","animations":{"animation.salamence.water_idle":{"loop":true,"bones":{"bone":{"rotation":[0,5,0]},"bone2":{"rotation":[0,10,0]},"bone3":{"rotation":[0,10,0]},"neck2":{"rotation":[7.5,0,0]},"head":{"rotation":[22.5,0,0]},"bone4":{"rotation":[0,10,0]},"bone5":{"rotation":[0,12.5,0]},"left_arm":{"rotation":[0,-15,57.5],"position":[0,0,-1]},"left_forearm":{"rotation":[-5.1626,-17.47062,30.68334]},"body":{"position":[0,1.9,0]},"neck":{"rotation":[-15,0,0]},"left_leg":{"rotation":[0,-20,57.5]},"left_leg2":{"rotation":[0,-20,30]},"right_leg":{"rotation":[0,20,-57.5]},"right_leg2":{"rotation":[0,20,-30]},"left_wing":{"rotation":[0,0,-17.5]},"right_arm":{"rotation":[0,15,-57.5],"position":[0,0,-1]},"right_forearm":{"rotation":[-5.1626,17.47062,-30.68334]},"right_wing":{"rotation":[0,0,17.5]}}},"animation.salamence.ground_idle":{"loop":true,"animation_length":2,"bones":{"bone":{"rotation":[-5,"math.cos(q.anim_time*90*2)*5",0]},"bone2":{"rotation":["5+5/4","math.cos(q.anim_time*90*2)*5",0]},"bone3":{"rotation":["5+5/4","math.sin(q.anim_time*90*2)*5",0]},"neck2":{"rotation":["15+7.5/3",0,0]},"head":{"rotation":["15+7.5/3",0,0]},"bone4":{"rotation":["5+5/4","math.sin(q.anim_time*90*2)*5",0]},"bone5":{"rotation":["5+5/4","math.sin(q.anim_time*90*2)*5",0]},"left_arm":{"rotation":[0,15,57.5]},"left_forearm":{"rotation":[-5.04352,-12.49041,30.2231]},"body":{"position":[0,1.9,0]},"torso":{"rotation":["-7.5+math.cos(q.anim_time*90*2+90)",0,0],"position":[0,"-1/2+math.cos(q.anim_time*90*2)/2",0]},"neck":{"rotation":["-30+7.5/3",0,0]},"left_leg":{"rotation":[0,0,57.5]},"left_leg2":{"rotation":[0,0,30]},"right_leg":{"rotation":[0,0,-57.5]},"right_leg2":{"rotation":[0,0,-30]},"left_wing":{"rotation":[0,0,"-40+math.cos(q.anim_time*90*2)*2"]},"right_arm":{"rotation":[0,-15,-57.5]},"right_forearm":{"rotation":[-5.04352,12.49041,-30.2231]},"right_wing":{"rotation":[0,0,"40-math.cos(q.anim_time*90*2)*2"]},"jaw":{"rotation":[10,0,0]}}},"animation.salamence.ground_walk":{"loop":true,"bones":{"bone":{"rotation":[-5,"math.cos(q.anim_time*90*2)*5*2",0]},"bone2":{"rotation":["5+5/4","math.cos(q.anim_time*90*2)*5*2",0]},"bone3":{"rotation":["5+5/4","math.sin(q.anim_time*90*2)*5*2",0]},"neck2":{"rotation":["15+7.5/3-math.cos(q.anim_time*90*2)*5/2",0,0]},"head":{"rotation":["15+7.5/3-math.cos(q.anim_time*90*2-90)*5/2",0,0]},"bone4":{"rotation":["5+5/4","math.sin(q.anim_time*90*2)*5*2",0]},"bone5":{"rotation":["5+5/4","math.sin(q.anim_time*90*2)*5*2",0]},"left_arm":{"rotation":[0,"15+math.cos(q.anim_time*90*2-45)*20",57.5],"position":[0,"math.clamp(-math.sin(q.anim_time*90*2-45)*2,0,2)","-math.cos(q.anim_time*90*2-45)*1.5"]},"left_forearm":{"rotation":[-5.04352,"-12.4904-math.clamp(-math.sin(q.anim_time*90*2)*20,0,20)",30.2231]},"body":{"position":[0,1.9,0]},"torso":{"rotation":["-7.5+math.cos(q.anim_time*90*2+90)","math.cos(q.anim_time*90*2)*3","math.sin(q.anim_time*90*2-45/2)*3"],"position":[0,"-1/2+math.cos(q.anim_time*90*2)/2",0]},"neck":{"rotation":["-30+7.5/3+math.cos(q.anim_time*90*2)*5",0,0]},"left_leg":{"rotation":[0,"math.cos(q.anim_time*90*2)*20",57.5],"position":[0,"math.clamp(-math.sin(q.anim_time*90*2)*2,0,2)","-math.cos(q.anim_time*90*2)*1.5"]},"left_leg2":{"rotation":[0,"-math.clamp(-math.sin(q.anim_time*90*2+45)*20,0,20)",30]},"right_leg":{"rotation":[0,"math.cos(q.anim_time*90*2)*20",-57.5],"position":[0,"math.clamp(math.sin(q.anim_time*90*2)*2,0,2)","math.cos(q.anim_time*90*2)*1.5"]},"right_leg2":{"rotation":[0,"math.clamp(math.sin(q.anim_time*90*2+45)*20,0,20)",-30]},"left_wing":{"rotation":[0,0,"-40-math.sin(q.anim_time*90*2-45)*2*2"]},"right_arm":{"rotation":[0,"-15+math.cos(q.anim_time*90*2-45)*20",-57.5],"position":[0,"math.clamp(math.sin(q.anim_time*90*2-45)*2,0,2)","math.cos(q.anim_time*90*2-45)*1.5"]},"right_forearm":{"rotation":[-5.04,"12.49+math.clamp(math.sin(q.anim_time*90*2)*20,0,20)",-30.22]},"right_wing":{"rotation":[0,0,"40+math.sin(q.anim_time*90*2-45)*2*2"]},"jaw":{"rotation":[10,0,0]}}},"animation.salamence.air_idle":{"loop":true,"animation_length":4,"bones":{"bone":{"rotation":[-10,"math.cos(q.anim_time*90*2-45)*10",0]},"bone2":{"rotation":["10/4","math.cos(q.anim_time*90*2-45)*10",0]},"bone3":{"rotation":["10/4","math.sin(q.anim_time*90*2-45)*10",0]},"neck2":{"rotation":[7.5,0,0]},"head":{"rotation":[7.5,0,0]},"bone4":{"rotation":["10/4","math.sin(q.anim_time*90*2-45)*10",0]},"bone5":{"rotation":["10/4","math.sin(q.anim_time*90*2-45)*10",0]},"left_arm":{"rotation":[0,"-2.5-math.cos(q.anim_time*90*2-45)*4",57.5],"position":[0,0,-1]},"left_forearm":{"rotation":[-5.1626,"-17.4706-math.sin(q.anim_time*90*2-45)*4",30.68334]},"body":{"rotation":["math.cos(q.anim_time*90*2/2-45+90)*1",0,0],"position":[0,"1.9+math.cos(q.anim_time*90*2/2-45)*1.5",0]},"neck":{"rotation":[-15,0,0]},"left_leg":{"rotation":[0,"-20-math.cos(q.anim_time*90*2)*4",57.5]},"left_leg2":{"rotation":[0,"-20-math.sin(q.anim_time*90*2)*4",30]},"right_leg":{"rotation":[0,"20+math.cos(q.anim_time*90*2)*4",-57.5]},"right_leg2":{"rotation":[0,"20+math.sin(q.anim_time*90*2)*4",-30]},"left_wing":{"rotation":[0,0,"-25+math.cos(q.anim_time*90*2/2)*10"]},"right_arm":{"rotation":[0,"2.5+math.cos(q.anim_time*90*2-45)*4",-57.5],"position":[0,0,-1]},"right_forearm":{"rotation":[-5.1626,"17.4706+math.sin(q.anim_time*90*2-45)*4",-30.68334]},"right_wing":{"rotation":[0,0,"25-math.cos(q.anim_time*90*2/2)*10"]},"jaw":{"rotation":["10/2+math.cos(q.anim_time*90*2)*10/2",0,0]}}},"animation.salamence.air_fly":{"loop":true,"animation_length":2,"bones":{"bone":{"rotation":[-10,"math.cos(q.anim_time*90*2-45)*10",0]},"bone2":{"rotation":["10/4","math.cos(q.anim_time*90*2-45)*10",0]},"bone3":{"rotation":["10/4","math.sin(q.anim_time*90*2-45)*10",0]},"neck2":{"rotation":[7.5,0,0]},"head":{"rotation":[10,0,0]},"bone4":{"rotation":["10/4","math.sin(q.anim_time*90*2-45)*10",0]},"bone5":{"rotation":["10/4","math.sin(q.anim_time*90*2-45)*10",0]},"left_arm":{"rotation":[-22.5,"-70-math.cos(q.anim_time*90*2-45)*4",57.5],"position":[4,-3,-6]},"left_forearm":{"rotation":[0,"-22.5-math.sin(q.anim_time*90*2-45)*4",0],"position":[-1.25,0,0.25]},"body":{"rotation":["math.cos(q.anim_time*90*2-45+90)*1",0,0],"position":[0,"1.9+math.cos(q.anim_time*90*2-45)*1.5",0]},"neck":{"rotation":[-15,0,0]},"left_leg":{"rotation":[0,"-42.5-math.cos(q.anim_time*90*2)*4",57.5]},"left_leg2":{"rotation":[0,"-20-math.sin(q.anim_time*90*2)*4",30]},"right_leg":{"rotation":[0,"42.5+math.cos(q.anim_time*90*2)*4",-57.5]},"right_leg2":{"rotation":[0,"20+math.sin(q.anim_time*90*2)*4",-30]},"left_wing":{"rotation":[0,0,"-25+math.cos(q.anim_time*90*2)*10"]},"right_arm":{"rotation":[-22.5,"70+math.cos(q.anim_time*90*2-45)*4",-57.5],"position":[-4,-3,-6]},"right_forearm":{"rotation":[0,"22.5+math.sin(q.anim_time*90*2-45)*4",0],"position":[1.25,0,0.25]},"right_wing":{"rotation":[0,0,"25-math.cos(q.anim_time*90*2)*10"]},"jaw":{"rotation":["10+math.cos(q.anim_time*90*2)*10/2",0,0]}}},"animation.salamence.blink":{"loop":true},"animation.salamence.cry":{"animation_length":1.75,"bones":{"right_wing":{"rotation":{"0.0833":{"pre":[0,0,0],"post":[0,0,0],"lerp_mode":"catmullrom"},"0.25":{"post":[0,0,0],"lerp_mode":"catmullrom"},"0.4167":{"post":[0,0,20],"lerp_mode":"catmullrom"},"1.5":{"post":[0,0,20],"lerp_mode":"catmullrom"},"1.75":{"post":[0,0,0],"lerp_mode":"catmullrom"}}},"left_wing":{"rotation":{"0.0833":{"pre":[0,0,0],"post":[0,0,0],"lerp_mode":"catmullrom"},"0.25":{"post":[0,0,0],"lerp_mode":"catmullrom"},"0.4167":{"post":[0,0,-20],"lerp_mode":"catmullrom"},"1.5":{"post":[0,0,-20],"lerp_mode":"catmullrom"},"1.75":{"post":[0,0,0],"lerp_mode":"catmullrom"}}},"neck":{"rotation":{"0.0":{"post":[0,0,0],"lerp_mode":"catmullrom"},"0.0833":{"post":[10,0,0],"lerp_mode":"catmullrom"},"0.1667":{"post":[10,0,0],"lerp_mode":"catmullrom"},"0.3333":{"post":[-7.5,0,0],"lerp_mode":"catmullrom"},"1.4167":{"post":[-7.5,0,0],"lerp_mode":"catmullrom"},"1.75":{"post":[0,0,0],"lerp_mode":"catmullrom"}}},"neck2":{"rotation":{"0.0833":{"pre":[0,0,0],"post":[0,0,0],"lerp_mode":"catmullrom"},"0.1667":{"post":[10,0,0],"lerp_mode":"catmullrom"},"0.25":{"post":[10,0,0],"lerp_mode":"catmullrom"},"0.4167":{"post":[-7.5,0,0],"lerp_mode":"catmullrom"},"1.5":{"post":[-7.5,0,0],"lerp_mode":"catmullrom"},"1.75":{"post":[0,0,0],"lerp_mode":"catmullrom"}}},"head":{"rotation":{"0.1667":{"pre":[0,0,0],"post":[0,0,0],"lerp_mode":"catmullrom"},"0.25":{"post":[10,0,0],"lerp_mode":"catmullrom"},"0.3333":{"post":[10,0,0],"lerp_mode":"catmullrom"},"0.5":{"post":[-7.5,0,0],"lerp_mode":"catmullrom"},"1.5":{"post":[-7.5,0,0],"lerp_mode":"catmullrom"},"1.75":{"post":[0,0,0],"lerp_mode":"catmullrom"}}},"jaw":{"rotation":{"0.25":{"pre":[0,0,0],"post":[0,0,0],"lerp_mode":"catmullrom"},"0.5":{"post":[40,0,0],"lerp_mode":"catmullrom"},"1.5":{"post":[40,0,0],"lerp_mode":"catmullrom"},"1.75":{"post":[0,0,0],"lerp_mode":"catmullrom"}}}},"sound_effects":{"0.25":{"effect":"pokemon.salamence.cry"}}}}}