{"format_version":"1.8.0","animations":{"animation.sandyshocks.ground_walk":{"loop":true,"animation_length":1,"bones":{"right_leg":{"rotation":{"0.0":[-2.6006,4.93575,1.50738],"0.2917":[0.20344,4.92745,-0.8497],"0.5417":[4.27359,4.92598,-1.26864],"1.0":[-2.6006,4.93575,1.50738]},"position":{"0.0":[0,0.2,0],"0.2917":[0,-0.35,0],"0.75":[0,0.1,0],"1.0":[0,0.2,0]}},"right_front":{"rotation":{"0.0":[-2.5,0,0],"0.3333":[-34.2,0,0],"0.7083":[-10,0,0],"1.0":[-2.5,0,0]}},"bone":{"rotation":{"0.0":[12.5,0,0],"0.25":[23.18,0,0],"0.5417":[14.8,0,0],"1.0":[12.5,0,0]}},"right_back":{"rotation":{"0.0":[2.5,0,0],"0.4167":[33.44,0,0],"1.0":[2.5,0,0]}},"bone3":{"rotation":{"0.0":[-20,0,0],"0.4167":[-29.4,0,0],"1.0":[-20,0,0]}},"left_leg":{"rotation":{"0.0":[5,-12.5,0],"0.7083":[-10,-12.5,0],"1.0":[5,-12.5,0]},"position":{"0.0":[0,0,0],"0.3333":[0,1,0],"0.7083":[0,1,0],"1.0":[0,0,0]}},"left_front":{"rotation":{"0.0":[-22.5,0,0],"0.3333":[-5,0,0],"0.7083":[-10,0,0],"1.0":[-22.5,0,0]}},"bone5":{"rotation":[7.5,0,0]},"bone6":{"rotation":{"0.0":[10,0,0],"0.3333":[27.5,0,0],"1.0":[10,0,0]}},"left_back":{"rotation":{"0.0":[15,0,0],"0.3333":[7.5,0,0],"0.7083":[28.72,0,0],"1.0":[15,0,0]}},"bone7":{"rotation":[-12.5,0,0]},"bone8":{"rotation":{"0.0":[-7.5,0,0],"0.3333":[-20,0,0],"1.0":[-7.5,0,0]}},"left_head":{"rotation":[-12.5,-22.5,0]},"right_head":{"rotation":[-17.64168,7.15102,-2.26708]},"top_head":{"rotation":[7.5,0,0],"position":[0,1,0]},"left_magnet":{"rotation":["math.cos((query.anim_time -0.13) * 90*4) *7",33.64409,"math.cos((query.anim_time -0.13) * 90*4) *7"]},"right_magnet":{"rotation":["math.cos((query.anim_time -0.13) * 90*4) *4",-26,"-math.cos((query.anim_time -0.13) * 90*4) *7"]},"bone13":{"rotation":[-0.5,0,0],"position":[0,0,0]},"tail":{"rotation":{"0.0":{"post":[-50,"math.cos((query.anim_time -0.13) * 90*4) *12",0],"lerp_mode":"catmullrom"}}},"tail2":{"rotation":{"0.0":{"post":[15,"math.cos((query.anim_time -0.42) * 90*4) *12",0],"lerp_mode":"catmullrom"}}},"tail3":{"rotation":{"0.0":{"post":[30,"math.cos((query.anim_time -0.72) * 90*4) *12",0],"lerp_mode":"catmullrom"}}},"tail4":{"rotation":{"0.0":{"post":[14.71701,"-7.2498+math.cos((query.anim_time -1.2) * 90*4) *12",-1.9426],"lerp_mode":"catmullrom"}}},"tail5":{"rotation":{"0.0":{"post":[15,"math.cos((query.anim_time -1.42) * 90*4) *12",0],"lerp_mode":"catmullrom"}}},"head":{"rotation":[-12.5,0,0]},"bone2":{"rotation":{"0.0":[15.3,0,0],"0.25":[15.21,0,0],"0.5833":[5.84,0,0],"1.0":[15.3,0,0]}},"bone4":{"rotation":{"0.0":[-12.5,0,0],"0.5833":[3.27,0,0],"1.0":[-17.5,0,0]}},"heads":{"rotation":[22.5,0,"0+math.cos((query.anim_time) * 180*2) *5"],"position":[0,0,-2]},"right_nut":{"rotation":[0,0,"-query.anim_time*360"]},"left_nut":{"rotation":[0,0,"query.anim_time*360"]},"right_nut2":{"rotation":[0,0,"query.anim_time*360"]},"left_nut2":{"rotation":[0,0,"-query.anim_time*360"],"position":[0,0,0]},"back_magnet":{"rotation":["-math.cos((query.anim_time -0.13) * 90*4) *6 * math.cos((query.anim_time -0.14) * 45*8) *1","math.cos((query.anim_time -0.13) * 90*4) *12",0]},"left_nut3":{"rotation":[0,0,"query.anim_time*360"]},"right_nut3":{"rotation":[0,0,"-query.anim_time*360"]},"back_magnet2":{"rotation":["-math.cos((query.anim_time -0.13) * 90*4) *6 * math.cos((query.anim_time -0.14) * 45*8) *1","-math.cos((query.anim_time -0.13) * 90*4) *12",0]}}},"animation.sandyshocks.ground_idle":{"loop":true,"bones":{"left_magnet":{"rotation":["math.cos((query.anim_time) * 45*2) *2","math.cos((query.anim_time) * 90*2) *4 * math.cos((query.anim_time) * 45*2) *4",0],"position":[0,"math.cos((query.anim_time) * 45*2) /4",0]},"right_magnet":{"rotation":["math.cos((query.anim_time) * 45*2) *2","math.cos((query.anim_time) * 90*2) *4 * math.cos((query.anim_time) * 45*2) *4",0],"position":[0,"math.cos((query.anim_time) * 45*2) /4",0]},"tail":{"rotation":["-42.5+math.cos((query.anim_time -0.12) * 45*4) *2","0+math.cos((query.anim_time -0.03) * 90*4) *12",0]},"tail2":{"rotation":[0,"math.cos((query.anim_time -0.22) * 90*4) *12",0]},"tail3":{"rotation":[12.5,"math.cos((query.anim_time -0.34) * 90*4) *12",0]},"tail4":{"rotation":[25,"math.cos((query.anim_time -0.45) * 90*4) *12",0]},"tail5":{"rotation":[20,"math.cos((query.anim_time -0.52) * 90*4) *12",0]},"right_nut":{"rotation":[0,0,"query.anim_time*360"],"position":[0,0,"math.clamp(math.sin(q.anim_time * 45*4)*1,0,1)"]},"left_nut":{"rotation":[0,0,"query.anim_time*360"],"position":[-0.3,0,"1-math.clamp(math.sin(q.anim_time * 45*4)*1,0,1)"]},"right_nut2":{"rotation":[0,0,"-query.anim_time*360"],"position":[0,0,"math.clamp(math.sin(q.anim_time * 45*4)*1,0,1)"]},"left_nut2":{"rotation":[0,0,"-query.anim_time*360"],"position":[-0.3,0,"1-math.clamp(math.sin(q.anim_time * 45*4)*1,0,1)"]},"right_nut3":{"rotation":[0,0,"query.anim_time*360"],"position":[-0.3,0,"1-math.clamp(math.sin(q.anim_time * 45*4)*1,0,1)"]},"left_nut3":{"rotation":[0,0,"-query.anim_time*360"],"position":[-0.3,0,"1-math.clamp(math.sin(q.anim_time * 45*4)*1,0,1)"]},"back_magnet":{"rotation":["math.cos((query.anim_time -0.13) * 90*4) *2","-math.cos((query.anim_time -0.23) * 90*4) *6",0]},"back_magnet2":{"rotation":["-math.cos((query.anim_time -0.13) * 90*4) *2","math.cos((query.anim_time -0.23) * 90*4) *6",0]},"heads":{"rotation":["math.cos((query.anim_time) * 45*2) *2","math.cos((query.anim_time) * 90*2) *2 * math.cos((query.anim_time) * 45*2) *2",0],"position":[0,"math.cos((query.anim_time) * 45*2) /4",0]},"top_hat":{"rotation":["math.cos((query.anim_time *45 *2) *3)",0,"math.cos((query.anim_time *45 *2) *4)"]}}},"animation.sandyshocks.blink1":{"animation_length":0.29167,"bones":{"eyepupil":{"scale":{"0.0":[1,0.1,1],"0.1667":{"pre":[1,0.1,1],"post":[1,1,1]}}}}},"animation.sandyshocks.blink2":{"animation_length":0.25,"bones":{"pupilleft":{"scale":{"0.0":[1,0.1,1],"0.1667":{"pre":[1,0.1,1],"post":[1,1,1]}}}}},"animation.sandyshocks.blink3":{"animation_length":0.25,"bones":{"eye":{"position":[0,0,0],"scale":1},"pupil":{"scale":{"0.0":[1,0.1,1],"0.1667":{"pre":[1,0.1,1],"post":[1,1,1]}}}}}}}