{"format_version":"1.8.0","animations":{"animation.scraggy.unused":{"loop":true,"animation_length":1,"bones":{"torso_top":{"rotation":{"0.0":{"post":[0,0,0],"lerp_mode":"catmullrom"},"0.5":{"post":[5,0,0],"lerp_mode":"catmullrom"},"1.0":{"post":[0,0,0],"lerp_mode":"catmullrom"}}},"arm_right":{"rotation":{"0.0":{"post":[-20,0,-15],"lerp_mode":"catmullrom"},"0.5":{"post":[-15,0,-15],"lerp_mode":"catmullrom"},"1.0":{"post":[-20,0,-15],"lerp_mode":"catmullrom"}},"position":{"0.0":{"post":[0,0,0],"lerp_mode":"catmullrom"},"0.5":{"post":[0,0.25,0],"lerp_mode":"catmullrom"},"1.0":{"post":[0,0,0],"lerp_mode":"catmullrom"}}},"arm_right2":{"rotation":{"0.0":{"post":[0,5,-55],"lerp_mode":"catmullrom"},"0.5":{"post":[0,-7.5,-55],"lerp_mode":"catmullrom"},"1.0":{"post":[0,5,-55],"lerp_mode":"catmullrom"}},"position":{"0.0":{"post":[0,0,0],"lerp_mode":"catmullrom"},"1.0":{"post":[0,0,0],"lerp_mode":"catmullrom"}}},"hand_right":{"rotation":{"0.0":{"post":[0,0,-42.5],"lerp_mode":"catmullrom"},"1.0":{"post":[0,0,-42.5],"lerp_mode":"catmullrom"}},"position":{"0.0":{"post":[0,0,0],"lerp_mode":"catmullrom"},"1.0":{"post":[0,0,0],"lerp_mode":"catmullrom"}}},"arm_left":{"rotation":{"0.0":{"post":[-20,0,15],"lerp_mode":"catmullrom"},"0.5":{"post":[-15,0,15],"lerp_mode":"catmullrom"},"1.0":{"post":[-20,0,15],"lerp_mode":"catmullrom"}},"position":{"0.0":{"post":[0,0,0],"lerp_mode":"catmullrom"},"0.5":{"post":[0,0.25,0],"lerp_mode":"catmullrom"},"1.0":{"post":[0,0,0],"lerp_mode":"catmullrom"}}},"arm_left2":{"rotation":{"0.0":{"post":[0,-5,55],"lerp_mode":"catmullrom"},"0.5":{"post":[0,7.5,55],"lerp_mode":"catmullrom"},"1.0":{"post":[0,-5,55],"lerp_mode":"catmullrom"}},"position":{"0.0":{"post":[0.175,0.09,0],"lerp_mode":"catmullrom"},"1.0":{"post":[0.175,0.09,0],"lerp_mode":"catmullrom"}}},"hand_left":{"rotation":{"0.0":{"post":[0,0,42.5],"lerp_mode":"catmullrom"},"1.0":{"post":[0,0,42.5],"lerp_mode":"catmullrom"}},"position":{"0.0":{"post":[0,0,0],"lerp_mode":"catmullrom"},"1.0":{"post":[0,0,0],"lerp_mode":"catmullrom"}}},"neck":{"rotation":{"0.0":{"post":[0,0,"math.sin(q.anim_time*90/2*4*2)*2"],"lerp_mode":"catmullrom"}}},"pants":{"rotation":{"0.0":{"post":[0,0,0],"lerp_mode":"catmullrom"},"0.5":{"post":[2.5,0,0],"lerp_mode":"catmullrom"},"1.0":{"post":[0,0,0],"lerp_mode":"catmullrom"}},"position":{"0.0":{"post":[0,0,0],"lerp_mode":"catmullrom"},"0.5":{"post":[0,0.525,0],"lerp_mode":"catmullrom"},"1.0":{"post":[0,0,0],"lerp_mode":"catmullrom"}}},"leg_right":{"rotation":{"0.0":{"post":[0,0,0],"lerp_mode":"catmullrom"},"0.5":{"post":[-5,0,0],"lerp_mode":"catmullrom"},"1.0":{"post":[5,0,0],"lerp_mode":"catmullrom"}}},"leg_left":{"rotation":{"0.0":{"post":[0,0,0],"lerp_mode":"catmullrom"},"0.5":{"post":[5,0,0],"lerp_mode":"catmullrom"},"1.0":{"post":[0,0,0],"lerp_mode":"catmullrom"}}}}},"animation.scraggy.ground_walk":{"loop":true,"animation_length":1,"bones":{"scraggy":{"position":{"0.0":{"post":[0,0.525,0],"lerp_mode":"catmullrom"},"0.25":{"post":[0,-0.37,0],"lerp_mode":"catmullrom"},"0.5":{"post":[0,0.625,0],"lerp_mode":"catmullrom"},"0.75":{"post":[0,-0.37,0],"lerp_mode":"catmullrom"},"1.0":{"post":[0,0.525,0],"lerp_mode":"catmullrom"}}},"body":{"rotation":{"0.0":[0,0,0],"1.0":[0,0,0]},"position":{"0.0":[0,0,0],"1.0":[0,0,0]},"scale":{"0.0":[1,1,1],"1.0":[1,1,1]}},"torso":{"position":{"0.0":[0,-0.4,0],"1.0":[0,-0.4,0]}},"torso_top":{"rotation":{"0.0":{"post":[0,0,-10],"lerp_mode":"catmullrom"},"0.5":{"post":[0,0,10],"lerp_mode":"catmullrom"},"0.75":{"post":[0,0,0],"lerp_mode":"catmullrom"},"1.0":{"post":[0,0,-10],"lerp_mode":"catmullrom"}},"position":{"0.0":{"post":[-0.45,0,0],"lerp_mode":"catmullrom"},"0.25":{"post":[0.03,0,0],"lerp_mode":"catmullrom"},"0.5":{"post":[0.315,0,0],"lerp_mode":"catmullrom"},"0.75":{"post":[-0.07,0,0],"lerp_mode":"catmullrom"},"1.0":{"post":[-0.45,0,0],"lerp_mode":"catmullrom"}}},"arm_right":{"rotation":{"0.0":{"post":[0,0,-17.5],"lerp_mode":"catmullrom"},"0.5":{"post":[0,0,-12.5],"lerp_mode":"catmullrom"},"1.0":{"post":[0,0,-17.5],"lerp_mode":"catmullrom"}},"position":{"0.0":{"post":[0,0.975,0],"lerp_mode":"catmullrom"},"1.0":{"post":[0,0.975,0],"lerp_mode":"catmullrom"}}},"arm_right2":{"rotation":{"0.0":{"post":[0,0,-47.5],"lerp_mode":"catmullrom"},"0.5":{"post":[0,0,-67.5],"lerp_mode":"catmullrom"},"0.75":{"post":[0,0,-60],"lerp_mode":"catmullrom"},"1.0":{"post":[0,0,-47.5],"lerp_mode":"catmullrom"}},"position":{"0.0":{"post":[0,0.05,0],"lerp_mode":"catmullrom"},"1.0":{"post":[0,0.05,0],"lerp_mode":"catmullrom"}}},"hand_right":{"rotation":{"0.0":{"post":[0,0,-27.4192],"lerp_mode":"catmullrom"},"1.0":{"post":[0,0,-27.4192],"lerp_mode":"catmullrom"}},"position":{"0.0":{"post":[0,0,0],"lerp_mode":"catmullrom"},"1.0":{"post":[0,0,0],"lerp_mode":"catmullrom"}}},"arm_left":{"rotation":{"0.0":{"post":[0,0,20],"lerp_mode":"catmullrom"},"0.5":{"post":[0,0,-5],"lerp_mode":"catmullrom"},"1.0":{"post":[0,0,20],"lerp_mode":"catmullrom"}},"position":{"0.0":{"post":[0,0.75,0],"lerp_mode":"catmullrom"},"1.0":{"post":[0,0.75,0],"lerp_mode":"catmullrom"}}},"arm_left2":{"rotation":{"0.0":{"post":[0,0,55],"lerp_mode":"catmullrom"},"0.5":{"post":[0,0,72.5],"lerp_mode":"catmullrom"},"1.0":{"post":[0,0,55],"lerp_mode":"catmullrom"}},"position":{"0.0":{"post":[0,0.05,0],"lerp_mode":"catmullrom"},"1.0":{"post":[0,0.05,0],"lerp_mode":"catmullrom"}}},"hand_left":{"rotation":{"0.0":{"post":[0.74171,-0.76642,42.41893],"lerp_mode":"catmullrom"},"0.5":{"post":[0.89001,-0.58773,29.91932],"lerp_mode":"catmullrom"},"1.0":{"post":[0.74171,-0.76642,42.41893],"lerp_mode":"catmullrom"}},"position":{"0.0":{"post":[0,0,0],"lerp_mode":"catmullrom"},"1.0":{"post":[0,0,0],"lerp_mode":"catmullrom"}}},"head":{"rotation":{"0.0":{"post":[-2.5,0,0],"lerp_mode":"catmullrom"},"0.25":{"post":[-10,0,0],"lerp_mode":"catmullrom"},"0.5":{"post":[-2.5,0,0],"lerp_mode":"catmullrom"},"0.75":{"post":[-10,0,0],"lerp_mode":"catmullrom"},"1.0":{"post":[-2.5,0,0],"lerp_mode":"catmullrom"}}},"torso_bottom":{"rotation":{"0.0":{"post":[0,0,-10],"lerp_mode":"catmullrom"},"0.5":{"post":[0,0,10],"lerp_mode":"catmullrom"},"0.75":{"post":[0,0,0],"lerp_mode":"catmullrom"},"1.0":{"post":[0,0,-10],"lerp_mode":"catmullrom"}}},"pants":{"rotation":{"0.0":{"post":[0,0,-12.5],"lerp_mode":"catmullrom"},"0.25":{"post":[0,0,-2.03],"lerp_mode":"catmullrom"},"0.5":{"post":[0,0,10],"lerp_mode":"catmullrom"},"0.75":{"post":[0,0,0],"lerp_mode":"catmullrom"},"1.0":{"post":[0,0,-12.5],"lerp_mode":"catmullrom"}},"position":{"0.0":{"post":[0,1,0],"lerp_mode":"catmullrom"},"1.0":{"post":[0,1,0],"lerp_mode":"catmullrom"}}},"tail":{"rotation":{"0.0":{"post":[4.95392,1.08089,0.11794],"lerp_mode":"catmullrom"},"0.25":{"post":[17.5,0,5],"lerp_mode":"catmullrom"},"0.5":{"post":[5,0,5],"lerp_mode":"catmullrom"},"0.75":{"post":[12.48247,0.85481,2.65059],"lerp_mode":"catmullrom"},"1.0":{"post":[4.95392,1.08089,0.11794],"lerp_mode":"catmullrom"}}},"tail2":{"rotation":{"0.0":{"post":[-7.5,0,0],"lerp_mode":"catmullrom"},"0.25":{"post":[12.5,0,0],"lerp_mode":"catmullrom"},"0.5":{"post":[10,0,0],"lerp_mode":"catmullrom"},"0.75":{"post":[7.52563,-1.43364,-2.04831],"lerp_mode":"catmullrom"},"1.0":{"post":[-7.5,0,0],"lerp_mode":"catmullrom"}}},"tail3":{"rotation":{"0.0":{"post":[0,0,0],"lerp_mode":"catmullrom"},"0.5":{"post":[-5,0,0],"lerp_mode":"catmullrom"},"1.0":{"post":[0,0,0],"lerp_mode":"catmullrom"}}},"leg_right":{"rotation":{"0.0":{"post":[-0.02363,-17.4351,-3.03423],"lerp_mode":"catmullrom"},"0.25":{"post":[27.5,-22.5,0],"lerp_mode":"catmullrom"},"0.5":{"post":[-30,-22.5,0],"lerp_mode":"catmullrom"},"0.75":{"post":[-17.5,-22.5,0],"lerp_mode":"catmullrom"},"1.0":{"post":[-0.02363,-17.4351,-3.03423],"lerp_mode":"catmullrom"}},"position":{"0.0":{"post":[0,-0.225,0.15],"lerp_mode":"catmullrom"},"0.25":{"post":[0,1.53,1.15],"lerp_mode":"catmullrom"},"0.5":{"post":[0,0.53,-1.85],"lerp_mode":"catmullrom"},"1.0":{"post":[0,-0.225,0.15],"lerp_mode":"catmullrom"}}},"leg_left":{"rotation":{"0.0":{"post":[-20,22.5,-5],"lerp_mode":"catmullrom"},"0.25":{"post":[0,22.5,0],"lerp_mode":"catmullrom"},"0.5":{"post":[15,22.5,0],"lerp_mode":"catmullrom"},"0.75":{"post":[27.5,22.5,0],"lerp_mode":"catmullrom"},"1.0":{"post":[-20,22.5,-5],"lerp_mode":"catmullrom"}},"position":{"0.0":{"post":[0,0.75,-1.625],"lerp_mode":"catmullrom"},"0.5":{"post":[0,0.025,-0.17],"lerp_mode":"catmullrom"},"0.75":{"post":[0,0.63,0.18],"lerp_mode":"catmullrom"},"1.0":{"post":[0,0.75,-1.625],"lerp_mode":"catmullrom"}}}}},"animation.scraggy.cry":{"animation_length":1.5,"bones":{"torso":{"rotation":{"0.0":{"post":[0,0,0],"lerp_mode":"catmullrom"},"0.125":{"post":[2.5,0,0],"lerp_mode":"catmullrom"},"1.0":{"post":[0,0,0],"lerp_mode":"catmullrom"}}},"head":{"rotation":{"0.0":{"post":[0,0,0],"lerp_mode":"catmullrom"},"0.0833":{"post":[1.25,0,0],"lerp_mode":"catmullrom"},"0.1667":{"post":[-12.5,0,0],"lerp_mode":"catmullrom"},"0.25":{"post":[-7.5,0,0],"lerp_mode":"catmullrom"},"0.2917":{"post":[-12.5,0,0],"lerp_mode":"catmullrom"},"0.6667":{"post":[-12.5,0,0],"lerp_mode":"catmullrom"},"0.9583":{"post":[2.5,0,0],"lerp_mode":"catmullrom"},"1.375":{"post":[0,0,0],"lerp_mode":"catmullrom"}}},"pants":{"rotation":{"0.0":{"post":[0,0,0],"lerp_mode":"catmullrom"},"0.3333":{"post":[5,0,0],"lerp_mode":"catmullrom"},"1.375":{"post":[0,0,0],"lerp_mode":"catmullrom"}}}},"sound_effects":{"0.2083":{"effect":"pokemon.scraggy.cry"}}},"animation.scraggy.blink":{"animation_length":0.16667,"bones":{"eyelid_right":{"position":{"0.0":[-0.1,0,-0.09],"0.125":[-0.1,0,-0.09],"0.1667":[0.9,0,0.91]}},"eyelid_left":{"position":{"0.0":[0.1,0,-0.09],"0.125":[0.1,0,-0.09],"0.1667":[-0.9,0,0.91]}}}},"animation.scraggy.ground_idle":{"loop":true,"animation_length":1.5,"bones":{"arm_right":{"rotation":{"0.0":{"post":[0,0,-15],"lerp_mode":"catmullrom"},"0.75":{"post":[-4.98107,0.43523,4.98107],"lerp_mode":"catmullrom"},"1.5":{"post":[0,0,-15],"lerp_mode":"catmullrom"}},"position":{"0.0":{"post":[0,0.725,0],"lerp_mode":"catmullrom"},"0.75":{"post":[0,0.9,0],"lerp_mode":"catmullrom"},"1.5":{"post":[0,0.725,0],"lerp_mode":"catmullrom"}}},"arm_right2":{"rotation":{"0.0":{"post":[0,0,-55],"lerp_mode":"catmullrom"},"0.75":{"post":[1.03509,-22.47741,-75.20569],"lerp_mode":"catmullrom"},"1.5":{"post":[0,0,-55],"lerp_mode":"catmullrom"}},"position":{"0.0":{"post":[-0.15,0.175,0],"lerp_mode":"catmullrom"},"0.75":{"post":[-0.15,0.225,0],"lerp_mode":"catmullrom"},"1.5":{"post":[-0.15,0.175,0],"lerp_mode":"catmullrom"}},"scale":{"0.0":{"post":[1,1,1],"lerp_mode":"catmullrom"},"1.5":{"post":[1,1,1],"lerp_mode":"catmullrom"}}},"hand_right":{"rotation":{"0.0":{"post":[0,0,-30],"lerp_mode":"catmullrom"},"0.75":{"post":[0,0,-25],"lerp_mode":"catmullrom"},"1.5":{"post":[0,0,-30],"lerp_mode":"catmullrom"}},"position":{"0.0":{"post":[0,0,0],"lerp_mode":"catmullrom"},"1.5":{"post":[0,0,0],"lerp_mode":"catmullrom"}},"scale":{"0.0":{"post":[1,1,1],"lerp_mode":"catmullrom"},"1.5":{"post":[1,1,1],"lerp_mode":"catmullrom"}}},"pants":{"rotation":{"0.0":{"post":[7.5,0,0],"lerp_mode":"catmullrom"},"1.5":{"post":[7.5,0,0],"lerp_mode":"catmullrom"}},"position":{"0.0":{"post":[0,0,0],"lerp_mode":"catmullrom"},"0.75":{"post":[0,1,-0.4],"lerp_mode":"catmullrom"},"1.5":{"post":[0,0,0],"lerp_mode":"catmullrom"}},"scale":{"0.75":{"pre":[1,1,1],"post":[1,1,1],"lerp_mode":"catmullrom"}}},"arm_left":{"rotation":{"0.0":{"post":[0,0,15],"lerp_mode":"catmullrom"},"0.75":{"post":[-4.98107,-0.43523,-4.98107],"lerp_mode":"catmullrom"},"1.5":{"post":[0,0,15],"lerp_mode":"catmullrom"}},"position":{"0.0":{"post":[0,0.725,0],"lerp_mode":"catmullrom"},"0.75":{"post":[0,0.875,0],"lerp_mode":"catmullrom"},"1.5":{"post":[0,0.725,0],"lerp_mode":"catmullrom"}},"scale":{"0.0":{"post":[1,1,1],"lerp_mode":"catmullrom"},"1.5":{"post":[1,1,1],"lerp_mode":"catmullrom"}}},"arm_left2":{"rotation":{"0.0":{"post":[0,0,55],"lerp_mode":"catmullrom"},"0.75":{"post":[1.03509,22.47741,75.20569],"lerp_mode":"catmullrom"},"1.5":{"post":[0,0,55],"lerp_mode":"catmullrom"}},"position":{"0.0":{"post":[0.15,0.175,0],"lerp_mode":"catmullrom"},"0.75":{"post":[0.15,0.225,0],"lerp_mode":"catmullrom"},"1.5":{"post":[0.15,0.175,0],"lerp_mode":"catmullrom"}},"scale":{"0.0":{"post":[1,1,1],"lerp_mode":"catmullrom"},"1.5":{"post":[1,1,1],"lerp_mode":"catmullrom"}}},"hand_left":{"rotation":{"0.0":{"post":[0,0,30],"lerp_mode":"catmullrom"},"0.75":{"post":[0,0,25],"lerp_mode":"catmullrom"},"1.5":{"post":[0,0,30],"lerp_mode":"catmullrom"}},"position":{"0.0":{"post":[0,0,0],"lerp_mode":"catmullrom"},"1.5":{"post":[0,0,0],"lerp_mode":"catmullrom"}},"scale":{"0.0":{"post":[1,1,1],"lerp_mode":"catmullrom"},"1.5":{"post":[1,1,1],"lerp_mode":"catmullrom"}}},"tail":{"rotation":{"0.0":{"post":[7.5,0,0],"lerp_mode":"catmullrom"},"0.75":{"post":[22.5,0,0],"lerp_mode":"catmullrom"},"1.5":{"post":[7.5,0,0],"lerp_mode":"catmullrom"}},"position":{"0.0":{"post":[0,0.9,0],"lerp_mode":"catmullrom"},"1.5":{"post":[0,0.9,0],"lerp_mode":"catmullrom"}}},"tail2":{"rotation":{"0.0":{"post":[-17.5,0,0],"lerp_mode":"catmullrom"},"1.5":{"post":[-17.5,0,0],"lerp_mode":"catmullrom"}}},"tail4":{"rotation":{"0.0":{"post":[-10,0,0],"lerp_mode":"catmullrom"},"1.5":{"post":[-10,0,0],"lerp_mode":"catmullrom"}}},"head":{"rotation":{"0.0":{"post":[7.5,0,0],"lerp_mode":"catmullrom"},"0.75":{"post":[15,0,0],"lerp_mode":"catmullrom"},"1.5":{"post":[7.5,0,0],"lerp_mode":"catmullrom"}},"position":{"0.0":{"post":[0,0,0],"lerp_mode":"catmullrom"},"0.75":{"post":[0,-0.7,-0.975],"lerp_mode":"catmullrom"},"1.5":{"post":[0,0,0],"lerp_mode":"catmullrom"}}},"neck":{"rotation":{"0.0":{"post":[7.5,0,0],"lerp_mode":"catmullrom"},"1.5":{"post":[7.5,0,0],"lerp_mode":"catmullrom"}},"position":{"0.0":{"post":[0,0,0],"lerp_mode":"catmullrom"},"0.75":{"post":[0,0,0],"lerp_mode":"catmullrom"},"1.5":{"post":[0,0,0],"lerp_mode":"catmullrom"}}},"torso_top":{"rotation":{"0.0":{"post":[-10,0,0],"lerp_mode":"catmullrom"},"1.5":{"post":[-10,0,0],"lerp_mode":"catmullrom"}},"position":{"0.0":{"post":[0,0,0],"lerp_mode":"catmullrom"},"0.75":{"post":[0,-1,0],"lerp_mode":"catmullrom"},"1.5":{"post":[0,0,0],"lerp_mode":"catmullrom"}}},"scraggy":{"position":{"0.0":{"post":[0,0,0],"lerp_mode":"catmullrom"},"0.75":{"post":[0,0.25,0],"lerp_mode":"catmullrom"},"1.5":{"post":[0,0,0],"lerp_mode":"catmullrom"}}},"leg_right":{"rotation":{"0.0":{"post":[0,0,0],"lerp_mode":"catmullrom"},"0.75":{"post":[7.5,0,0],"lerp_mode":"catmullrom"},"1.5":{"post":[0,0,0],"lerp_mode":"catmullrom"}},"position":{"0.0":{"post":[0,0.19,0],"lerp_mode":"catmullrom"}},"scale":{"0.0":{"post":[1,1.2,1],"lerp_mode":"catmullrom"},"0.75":{"post":[1,1.2,1],"lerp_mode":"catmullrom"},"1.5":{"post":[1,1.2,1],"lerp_mode":"catmullrom"}}},"leg_left":{"rotation":{"0.0":{"post":[0,0,0],"lerp_mode":"catmullrom"},"0.75":{"post":[7.5,0,0],"lerp_mode":"catmullrom"},"1.5":{"post":[0,0,0],"lerp_mode":"catmullrom"}},"position":{"0.0":{"post":[0,0.19,0],"lerp_mode":"catmullrom"}},"scale":{"0.0":{"post":[1,1.2,1],"lerp_mode":"catmullrom"},"0.75":{"post":[1,1.2,1],"lerp_mode":"catmullrom"},"1.5":{"post":[1,1.2,1],"lerp_mode":"catmullrom"}}},"torso_bottom":{"position":{"0.0":{"post":[0,0,0],"lerp_mode":"catmullrom"},"0.75":{"post":[0,-1,0],"lerp_mode":"catmullrom"},"1.5":{"post":[0,0,0],"lerp_mode":"catmullrom"}},"scale":{"0.75":{"pre":[1,0.8,0.7],"post":[1,0.8,0.7],"lerp_mode":"catmullrom"}}}}},"animation.scraggy.battle_idle":{"loop":true,"animation_length":3,"bones":{"arm_right":{"rotation":{"0.0":{"post":[0,0,-15],"lerp_mode":"catmullrom"},"1.0":{"post":[-4.98107,0.43523,4.98107],"lerp_mode":"catmullrom"},"3.0":{"post":[0,0,-15],"lerp_mode":"catmullrom"}},"position":{"0.0":{"post":[0,0.725,0],"lerp_mode":"catmullrom"},"1.0":{"post":[0,0.9,0],"lerp_mode":"catmullrom"},"3.0":{"post":[0,0.725,0],"lerp_mode":"catmullrom"}}},"arm_right2":{"rotation":{"0.0":{"post":[0,0,-55],"lerp_mode":"catmullrom"},"1.0":{"post":[1.03509,-22.47741,-75.20569],"lerp_mode":"catmullrom"},"1.25":{"post":[-11.22683,6.46867,-8.141],"lerp_mode":"catmullrom"},"3.0":{"post":[0,0,-55],"lerp_mode":"catmullrom"}},"position":{"0.0":{"post":[-0.15,0.175,0],"lerp_mode":"catmullrom"},"1.0":{"post":[-0.15,0.225,0],"lerp_mode":"catmullrom"},"1.25":{"post":[-0.15,-0.05,0],"lerp_mode":"catmullrom"},"3.0":{"post":[-0.15,0.175,0],"lerp_mode":"catmullrom"}},"scale":{"0.0":{"post":[1,1,1],"lerp_mode":"catmullrom"},"3.0":{"post":[1,1,1],"lerp_mode":"catmullrom"}}},"hand_right":{"rotation":{"0.0":{"post":[0,0,-30],"lerp_mode":"catmullrom"},"1.0":{"post":[0,0,-25],"lerp_mode":"catmullrom"},"3.0":{"post":[0,0,-30],"lerp_mode":"catmullrom"}},"position":{"0.0":{"post":[0,0,0],"lerp_mode":"catmullrom"},"3.0":{"post":[0,0,0],"lerp_mode":"catmullrom"}},"scale":{"0.0":{"post":[1,1,1],"lerp_mode":"catmullrom"},"3.0":{"post":[1,1,1],"lerp_mode":"catmullrom"}}},"pants":{"rotation":{"0.0":{"post":[7.5,0,0],"lerp_mode":"catmullrom"},"1.625":{"post":[7.5,0,0],"lerp_mode":"catmullrom"}},"position":{"0.0":{"post":[0,0,0],"lerp_mode":"catmullrom"},"1.25":{"post":[0,1,-0.4],"lerp_mode":"catmullrom"},"1.625":{"post":[0,0,0],"lerp_mode":"catmullrom"}},"scale":{"1.25":{"pre":[1,1,1],"post":[1,1,1],"lerp_mode":"catmullrom"}}},"arm_left":{"rotation":{"0.0":{"post":[0,0,15],"lerp_mode":"catmullrom"},"1.0":{"post":[-4.98107,-0.43523,-4.98107],"lerp_mode":"catmullrom"},"3.0":{"post":[0,0,15],"lerp_mode":"catmullrom"}},"position":{"0.0":{"post":[0,0.725,0],"lerp_mode":"catmullrom"},"1.0":{"post":[0,0.875,0],"lerp_mode":"catmullrom"},"3.0":{"post":[0,0.725,0],"lerp_mode":"catmullrom"}},"scale":{"0.0":{"post":[1,1,1],"lerp_mode":"catmullrom"},"3.0":{"post":[1,1,1],"lerp_mode":"catmullrom"}}},"arm_left2":{"rotation":{"0.0":{"post":[0,0,55],"lerp_mode":"catmullrom"},"1.0":{"post":[1.03509,22.47741,75.20569],"lerp_mode":"catmullrom"},"1.25":{"post":[-10.41156,7.23674,8.14099],"lerp_mode":"catmullrom"},"3.0":{"post":[0,0,55],"lerp_mode":"catmullrom"}},"position":{"0.0":{"post":[0.15,0.175,0],"lerp_mode":"catmullrom"},"1.0":{"post":[0.15,0.225,0],"lerp_mode":"catmullrom"},"1.25":{"post":[0.15,-0.025,0],"lerp_mode":"catmullrom"},"3.0":{"post":[0.15,0.175,0],"lerp_mode":"catmullrom"}},"scale":{"0.0":{"post":[1,1,1],"lerp_mode":"catmullrom"},"3.0":{"post":[1,1,1],"lerp_mode":"catmullrom"}}},"hand_left":{"rotation":{"0.0":{"post":[0,0,30],"lerp_mode":"catmullrom"},"1.0":{"post":[0,0,25],"lerp_mode":"catmullrom"},"3.0":{"post":[0,0,30],"lerp_mode":"catmullrom"}},"position":{"0.0":{"post":[0,0,0],"lerp_mode":"catmullrom"},"3.0":{"post":[0,0,0],"lerp_mode":"catmullrom"}},"scale":{"0.0":{"post":[1,1,1],"lerp_mode":"catmullrom"},"3.0":{"post":[1,1,1],"lerp_mode":"catmullrom"}}},"tail":{"rotation":{"0.0":{"post":[7.5,0,0],"lerp_mode":"catmullrom"},"1.0":{"post":[22.5,0,0],"lerp_mode":"catmullrom"},"2.0":{"post":[7.5,0,0],"lerp_mode":"catmullrom"}},"position":{"0.0":{"post":[0,0.9,0],"lerp_mode":"catmullrom"},"2.0":{"post":[0,0.9,0],"lerp_mode":"catmullrom"}}},"tail2":{"rotation":{"0.0":{"post":[-17.5,0,0],"lerp_mode":"catmullrom"},"2.0":{"post":[-17.5,0,0],"lerp_mode":"catmullrom"}}},"tail4":{"rotation":{"0.0":{"post":[-10,0,0],"lerp_mode":"catmullrom"},"2.0":{"post":[-10,0,0],"lerp_mode":"catmullrom"}}},"head":{"rotation":{"0.0":{"post":[7.5,0,0],"lerp_mode":"catmullrom"},"1.0":{"post":[15,0,0],"lerp_mode":"catmullrom"},"3.0":{"post":[7.5,0,0],"lerp_mode":"catmullrom"}},"position":{"0.0":{"post":[0,0,0],"lerp_mode":"catmullrom"},"1.0":{"post":[0,-0.7,-0.975],"lerp_mode":"catmullrom"},"3.0":{"post":[0,0,0],"lerp_mode":"catmullrom"}}},"neck":{"rotation":{"0.0":{"post":[7.5,0,0],"lerp_mode":"catmullrom"},"3.0":{"post":[7.5,0,0],"lerp_mode":"catmullrom"}},"position":{"0.0":{"post":[0,0,0],"lerp_mode":"catmullrom"},"1.0":{"post":[0,0,0],"lerp_mode":"catmullrom"},"3.0":{"post":[0,0,0],"lerp_mode":"catmullrom"}}},"torso_top":{"rotation":{"0.0":{"post":[-10,0,0],"lerp_mode":"catmullrom"},"3.0":{"post":[-10,0,0],"lerp_mode":"catmullrom"}},"position":{"0.0":{"post":[0,0,0],"lerp_mode":"catmullrom"},"1.0":{"post":[0,-1,0],"lerp_mode":"catmullrom"},"3.0":{"post":[0,0,0],"lerp_mode":"catmullrom"}}},"scraggy":{"position":{"0.0":{"post":[0,0,0],"lerp_mode":"catmullrom"},"1.0":{"post":[0,0.25,0],"lerp_mode":"catmullrom"},"3.0":{"post":[0,0,0],"lerp_mode":"catmullrom"}}},"leg_right":{"rotation":{"0.0":{"post":[0,0,0],"lerp_mode":"catmullrom"},"1.0":{"post":[7.5,0,0],"lerp_mode":"catmullrom"},"2.0":{"post":[0,0,0],"lerp_mode":"catmullrom"}},"position":{"0.0":{"post":[0,0.19,0],"lerp_mode":"catmullrom"}},"scale":{"0.0":{"post":[1,1.2,1],"lerp_mode":"catmullrom"},"1.0":{"post":[1,1.2,1],"lerp_mode":"catmullrom"},"2.0":{"post":[1,1.2,1],"lerp_mode":"catmullrom"}}},"leg_left":{"rotation":{"0.0":{"post":[0,0,0],"lerp_mode":"catmullrom"},"1.0":{"post":[7.5,0,0],"lerp_mode":"catmullrom"},"2.0":{"post":[0,0,0],"lerp_mode":"catmullrom"}},"position":{"0.0":{"post":[0,0.19,0],"lerp_mode":"catmullrom"}},"scale":{"0.0":{"post":[1,1.2,1],"lerp_mode":"catmullrom"},"1.0":{"post":[1,1.2,1],"lerp_mode":"catmullrom"},"2.0":{"post":[1,1.2,1],"lerp_mode":"catmullrom"}}},"torso_bottom":{"position":{"0.0":{"post":[0,0,0],"lerp_mode":"catmullrom"},"1.0":{"post":[0,-1,0],"lerp_mode":"catmullrom"},"2.0":{"post":[0,0,0],"lerp_mode":"catmullrom"}},"scale":{"1.0":{"pre":[1,0.8,0.7],"post":[1,0.8,0.7],"lerp_mode":"catmullrom"}}}}}}}