{
	"format_version": "1.8.0",
	"animations": {
		"animation.silvally.ground_idle": {
			"animation_length": 1.33333,
			"bones": {
				"body": {
					"position": [0, "0-math.sin(q.anim_time*90*2)*1/6", 0]
				},
				"torso": {
					"position": [0, 0, 0]
				},
				"neck": {
					"rotation": ["0+math.sin(q.anim_time*90*2-45)*2", 0, 0]
				},
				"leg_front_left": {
					"rotation": ["math.sin(q.anim_time*90*2)*3", 0, 0]
				},
				"leg_front_left2": {
					"rotation": ["0-math.sin(q.anim_time*90*2)*6", 0, 0]
				},
				"foot_front_left": {
					"rotation": ["0+math.sin(q.anim_time*90*2)*3", 0, 0]
				},
				"leg_back_left": {
					"rotation": ["math.sin(q.anim_time*90*2)*3", 0, 0]
				},
				"leg_back_left2": {
					"rotation": ["0-math.sin(q.anim_time*90*2)*6", 0, 0]
				},
				"foot_back_left": {
					"rotation": ["0+math.sin(q.anim_time*90*2)*3", 0, 0]
				},
				"tail": {
					"rotation": ["0-math.sin(q.anim_time*90*2-45)", "0-math.sin(q.anim_time*90*2-90)*5", 0]
				},
				"head": {
					"rotation": ["0+math.sin(q.anim_time*90*2-90)*2", "0-math.sin(q.anim_time*90*2)*2", 0]
				},
				"crest": {
					"rotation": ["0+math.sin(q.anim_time*90*2-135)", 0, 0]
				},
				"crest_center_feather": {
					"rotation": ["0+math.sin(q.anim_time*90*2-135)", 0, 0]
				},
				"jaw": {
					"rotation": ["5-math.sin(q.anim_time*90*1)*3", 0, 0]
				},
				"crest_top": {
					"rotation": ["0+math.sin(q.anim_time*90*2-135)", 0, 0]
				},
				"leg_front_right": {
					"rotation": ["math.sin(q.anim_time*90*2)*3", 0, 0]
				},
				"leg_front_right2": {
					"rotation": ["0-math.sin(q.anim_time*90*2)*6", 0, 0]
				},
				"foot_front_right": {
					"rotation": ["0+math.sin(q.anim_time*90*2)*3", 0, 0]
				},
				"leg_back_right": {
					"rotation": ["math.sin(q.anim_time*90*2)*3", 0, 0]
				},
				"leg_back_right2": {
					"rotation": ["0-math.sin(q.anim_time*90*2)*6", 0, 0]
				},
				"foot_back_right": {
					"rotation": ["0+math.sin(q.anim_time*90*2)*3", 0, 0]
				}
			}
		},
		"animation.silvally.ground_walk": {
			"loop": true,
			"animation_length": 1,
			"bones": {
				"leg_front_left": {
					"rotation": {
						"0.0": [-28.84375, 0, 0],
						"0.125": [-3.17, 0, 0],
						"0.25": [7.1875, 0, 0],
						"0.5": [15.3125, 0, 0],
						"0.625": [21.25, -1.34375, -2.59375],
						"0.7083": [12.00631, -1.62796, -3.18709],
						"0.75": [0, -1.46875, -2.96875],
						"0.875": [-42.625, -0.40625, -0.78125],
						"1.0": [-28.84375, 0, 0]
					},
					"position": {
						"0.0": [0, -0.65625, 0],
						"0.125": [0, -0.37562, 0],
						"0.25": [0, -0.28125, 0],
						"0.5": [0, -0.15625, 2.15625],
						"0.625": [0, 0.87125, 1.02875],
						"0.75": [0, 1.1875, 0.8425],
						"0.875": [0, 0.59, 0.2825],
						"1.0": [0, -0.65625, 0]
					}
				},
				"leg_front_left2": {
					"rotation": {
						"0.0": [17.15625, 0, 0],
						"0.125": [-6.46375, 0, 0],
						"0.25": [-5, 0, 0],
						"0.5": [10, 0, 0],
						"0.625": [-26.1875, 0, 0],
						"0.7083": [-36.84625, 0, 0],
						"0.7917": [-23.1875, 0, 0],
						"0.875": [5.75, 0, 0],
						"1.0": [17.15625, 0, 0]
					}
				},
				"foot_front_left": {
					"rotation": {
						"0.0": [13.1875, 0, 0],
						"0.125": [7.625, 0, 0],
						"0.25": [-3.34375, 0, 0],
						"0.375": [-8.75, 0, 0],
						"0.5": [-12.5, 0, 0],
						"0.625": [-1.25, 0, 0],
						"0.75": [44.5625, 0, 0],
						"0.875": [21.25, 0, 0],
						"1.0": [13.1875, 0, 0]
					},
					"position": {
						"0.0": [0, 0, 0],
						"0.125": [0, -0.09375, 0],
						"0.25": [0, 0, 0],
						"0.5": [0, 0, 0],
						"0.75": [0, 0.3125, -0.09375],
						"1.0": [0, 0, 0]
					}
				},
				"front_claws_left": {
					"rotation": {
						"0.0": [-2.4375, 0, 0],
						"0.125": [3.55354, 3.03607, 1.02756],
						"0.25": [0, 0, 0],
						"0.5": [-9.03125, 0, 0],
						"0.625": [48.8125, 0, 0],
						"0.75": [67.5, 0, 0],
						"0.7917": [60.255, 0, 0],
						"0.875": [44.96875, 0, 0],
						"1.0": [-2.4375, 0, 0]
					}
				},
				"front_right_claw_left": {
					"rotation": {
						"0.0": [0, 0, 0],
						"0.125": [0, 5, 0],
						"0.25": [2.5, 5, 0],
						"0.375": [3.75, 5, 0],
						"0.5": [0, 5, 0],
						"0.75": [0, 10, 0],
						"1.0": [0, 0, 0]
					}
				},
				"front_left_claw_left": {
					"rotation": {
						"0.0": [0, 0, 0],
						"0.125": [0, -5, 0],
						"0.25": [0.84375, -5, 0],
						"0.375": [3.75, -5, 0],
						"0.5": [0, -5, 0],
						"0.75": [0, -10, 0],
						"1.0": [0, 0, 0]
					}
				},
				"front_claw_back_left": {
					"rotation": {
						"0.0": [-9.53125, 0, 0],
						"0.125": [1, 0, 0],
						"0.25": [-0.09375, 0, 0],
						"0.5": [-0.96875, 0, 0],
						"0.625": [-45.28125, 0, 0],
						"0.75": [-60, 0, 0],
						"0.7917": [-49.9525, 0, 0],
						"0.875": [-33.1875, 0, 0],
						"1.0": [-9.53125, 0, 0]
					}
				},
				"leg_front_right": {
					"rotation": {
						"0.0": [15.3125, 0, 0],
						"0.125": [21.25, 1.34375, 2.59375],
						"0.2083": [12.00631, 1.62796, 3.18709],
						"0.25": [0, 1.46875, 2.96875],
						"0.375": [-42.625, 0.40625, 0.78125],
						"0.5": [-28.84375, 0, 0],
						"0.625": [-3.17, 0, 0],
						"0.75": [7.1875, 0, 0],
						"1.0": [15.3125, 0, 0]
					},
					"position": {
						"0.0": [0, -0.15625, 2.15625],
						"0.125": [0, 0.87125, 1.02875],
						"0.25": [0, 1.1875, 0.8425],
						"0.375": [0, 0.59, 0.2825],
						"0.5": [0, -0.65625, 0],
						"0.625": [0, -0.37562, 0],
						"0.75": [0, -0.28125, 0],
						"1.0": [0, -0.15625, 2.15625]
					}
				},
				"leg_front_right2": {
					"rotation": {
						"0.0": [10, 0, 0],
						"0.125": [-26.1875, 0, 0],
						"0.2083": [-36.84625, 0, 0],
						"0.2917": [-23.1875, 0, 0],
						"0.375": [5.75, 0, 0],
						"0.5": [17.15625, 0, 0],
						"0.625": [-6.46375, 0, 0],
						"0.75": [-5, 0, 0],
						"1.0": [10, 0, 0]
					}
				},
				"foot_front_right": {
					"rotation": {
						"0.0": [-12.5, 0, 0],
						"0.125": [-1.25, 0, 0],
						"0.25": [44.5625, 0, 0],
						"0.375": [21.25, 0, 0],
						"0.5": [13.1875, 0, 0],
						"0.625": [7.625, 0, 0],
						"0.75": [-3.34375, 0, 0],
						"0.875": [-8.75, 0, 0],
						"1.0": [-12.5, 0, 0]
					},
					"position": {
						"0.0": [0, 0, 0],
						"0.25": [0, 0.3125, -0.09375],
						"0.5": [0, 0, 0],
						"0.625": [0, -0.09375, 0],
						"0.75": [0, 0, 0],
						"1.0": [0, 0, 0]
					}
				},
				"front_claws_right": {
					"rotation": {
						"0.0": [-9.03125, 0, 0],
						"0.125": [48.8125, 0, 0],
						"0.25": [67.5, 0, 0],
						"0.2917": [60.255, 0, 0],
						"0.375": [44.96875, 0, 0],
						"0.5": [-2.4375, 0, 0],
						"0.625": [3.55354, -3.03607, -1.02756],
						"0.75": [0, 0, 0],
						"1.0": [-9.03125, 0, 0]
					}
				},
				"front_left_claw_right": {
					"rotation": {
						"0.0": [0, -5, 0],
						"0.25": [0, -10, 0],
						"0.5": [0, 0, 0],
						"0.625": [0, -5, 0],
						"0.75": [2.5, -5, 0],
						"0.875": [3.75, -5, 0],
						"1.0": [0, -5, 0]
					}
				},
				"front_right_claw_right": {
					"rotation": {
						"0.0": [0, 5, 0],
						"0.25": [0, 10, 0],
						"0.5": [0, 0, 0],
						"0.625": [0, 5, 0],
						"0.75": [0.84375, 5, 0],
						"0.875": [3.75, 5, 0],
						"1.0": [0, 5, 0]
					}
				},
				"front_claw_back_right": {
					"rotation": {
						"0.0": [-0.96875, 0, 0],
						"0.125": [-45.28125, 0, 0],
						"0.25": [-60, 0, 0],
						"0.2917": [-49.9525, 0, 0],
						"0.375": [-33.1875, 0, 0],
						"0.5": [-9.53125, 0, 0],
						"0.625": [1, 0, 0],
						"0.75": [-0.09375, 0, 0],
						"1.0": [-0.96875, 0, 0]
					}
				},
				"leg_back_left": {
					"rotation": {
						"0.0": [-7.5, 0, 0],
						"0.125": [-20, 0, 0],
						"0.25": [-27.5, 0, 0],
						"0.375": [-5.875, 0, 0],
						"0.5": [5, 0, 0],
						"0.625": [11.075, 0, 0],
						"0.75": [14.90625, 0, 0],
						"0.875": [10.03125, 0, 0],
						"1.0": [-7.5, 0, 0]
					},
					"position": {
						"0.0": [0, 0.875, 0.49995],
						"0.125": [0, 0.07375, -0.29625],
						"0.25": [0, -0.875, -0.15625],
						"0.375": [0, -0.495, 0.10875],
						"0.5": [0, -0.4375, 0.9375],
						"0.625": [0, -0.62625, 1.61375],
						"0.75": [0, -0.495, 1.875],
						"0.875": [0, 0.695, 1.46995],
						"1.0": [0, 0.875, 0.49995]
					}
				},
				"leg_back_left2": {
					"rotation": {
						"0.0": [-11.84375, 0, 0],
						"0.125": [-3.75, 0, 0],
						"0.25": [2.5, 0, 0],
						"0.375": [-11.9375, 0, 0],
						"0.5": [-12.5625, 0, 0],
						"0.625": [-3.75, 0, 0],
						"0.75": [1.125, 0, 0],
						"0.875": [-8.4375, 0, 0],
						"1.0": [-11.84375, 0, 0]
					}
				},
				"foot_back_left": {
					"rotation": {
						"0.0": [27.9375, 0, 0],
						"0.125": [26.18875, 0, 0],
						"0.25": [23.5, 0, 0],
						"0.375": [18.75, 0, 0],
						"0.5": [7.15625, 0, 0],
						"0.625": [-6.71875, 0, 0],
						"0.75": [-5.6875, 0, 0],
						"0.875": [17.4375, 0, 0],
						"1.0": [27.9375, 0, 0]
					},
					"position": {
						"0.0": [0, -0.1875, -0.6875],
						"0.25": [0, 0, -0.25],
						"0.375": [0, 0, -0.21375],
						"0.5": [0, 0, 0],
						"0.75": [0, 0, 0],
						"0.875": [0, 0, -0.21375],
						"1.0": [0, -0.1875, -0.6875]
					}
				},
				"leg_back_right": {
					"rotation": {
						"0.0": [5, 0, 0],
						"0.125": [11.075, 0, 0],
						"0.25": [14.90625, 0, 0],
						"0.375": [10.03125, 0, 0],
						"0.5": [-7.5, 0, 0],
						"0.625": [-20, 0, 0],
						"0.75": [-27.5, 0, 0],
						"0.875": [-5.875, 0, 0],
						"1.0": [5, 0, 0]
					},
					"position": {
						"0.0": [0, -0.4375, 0.9375],
						"0.125": [0, -0.62625, 1.61375],
						"0.25": [0, -0.495, 1.875],
						"0.375": [0, 0.695, 1.46995],
						"0.5": [0, 0.875, 0.49995],
						"0.625": [0, 0.07375, -0.29625],
						"0.75": [0, -0.875, -0.15625],
						"0.875": [0, -0.495, 0.10875],
						"1.0": [0, -0.4375, 0.9375]
					}
				},
				"leg_back_right2": {
					"rotation": {
						"0.0": [-12.5625, 0, 0],
						"0.125": [-3.75, 0, 0],
						"0.25": [1.125, 0, 0],
						"0.375": [-8.4375, 0, 0],
						"0.5": [-11.84375, 0, 0],
						"0.625": [-3.75, 0, 0],
						"0.75": [2.5, 0, 0],
						"0.875": [-11.9375, 0, 0],
						"1.0": [-12.5625, 0, 0]
					}
				},
				"foot_back_right": {
					"rotation": {
						"0.0": [7.15625, 0, 0],
						"0.125": [-6.71875, 0, 0],
						"0.25": [-5.6875, 0, 0],
						"0.375": [17.4375, 0, 0],
						"0.5": [27.9375, 0, 0],
						"0.625": [26.18875, 0, 0],
						"0.75": [23.5, 0, 0],
						"0.875": [18.75, 0, 0],
						"1.0": [7.15625, 0, 0]
					},
					"position": {
						"0.0": [0, 0, 0],
						"0.25": [0, 0, 0],
						"0.375": [0, 0, -0.21375],
						"0.5": [0, -0.1875, -0.6875],
						"0.75": [0, 0, -0.25],
						"0.875": [0, 0, -0.21375],
						"1.0": [0, 0, 0]
					}
				},
				"torso": {
					"rotation": [
						"(math.sin((q.anim_time - 0) * 360 / (1/2)) * 2)",
						"-(math.sin((q.anim_time - 0) * 360 / 1) * 1)",
						"-(math.sin((q.anim_time - 0) * 360 / 1) * 1)"
					],
					"position": [0, "-(math.sin((q.anim_time - 0.55 + (math.sin((q.anim_time - 0.55) * 360 / (1/2) ) * 0.03)) * 360 / (1/2) ) * 0.2) + 0.1", 0]
				},
				"neck": {
					"rotation": ["(math.sin((q.anim_time - 0.1) * 360 / (1/2)) * 1)", 0, "-(math.sin((q.anim_time - 0.1) * 360 / 1) * 1)"]
				},
				"neck_fur": {
					"rotation": ["(math.sin((q.anim_time - 0.2) * 360 / (1/2)) * 3)", 0, 0]
				},
				"head": {
					"rotation": ["(math.sin((q.anim_time - 0.2) * 360 / (1/2)) * 2)", 0, "(math.sin((q.anim_time - 0.2) * 360 / 1) * 1)"]
				},
				"tail": {
					"rotation": [
						"-(math.sin((q.anim_time - 0.1) * 360 * 4) * 1)",
						"(math.sin((q.anim_time - 0.2) * 360 * 2) * 20)",
						"(math.sin((q.anim_time - 0.1) * 360 * 2) * 2)"
					]
				},
				"ears": {
					"rotation": ["(math.sin((q.anim_time - 0.25) * 360 / (1/2)) * 2)", 0, 0]
				}
			}
		},
		"animation.silvally.walk_test": {
			"loop": true,
			"bones": {
				"body": {
					"position": [0, 0, "-q.anim_time*90*0.4"]
				}
			}
		},
		"animation.silvally.blink": {
			"animation_length": 0.16667,
			"bones": {
				"eyelid_left": {
					"position": {
						"0.0": [1, 0, 0],
						"0.125": [1, 0, 0],
						"0.1667": [0, 0, 0]
					}
				},
				"eyelid_right": {
					"position": {
						"0.0": [-1, 0, 0],
						"0.125": [-1, 0, 0],
						"0.1667": [0, 0, 0]
					}
				}
			}
		},
		"animation.silvally.faint": {
			"loop": true
		},
		"animation.silvally.cry": {
			"animation_length": 1.3333,
			"bones": {
				"body": {
					"position": [0, "0-math.sin(q.anim_time*90*2)*1/6", 0]
				},
				"torso": {
					"position": [0, 0, 0]
				},
				"neck": {
					"rotation": ["0+math.sin(q.anim_time*90*2-45)*2", 0, 0]
				},
				"leg_front_left": {
					"rotation": ["math.sin(q.anim_time*90*2)*3", 0, 0]
				},
				"leg_front_left2": {
					"rotation": ["0-math.sin(q.anim_time*90*2)*6", 0, 0]
				},
				"foot_front_left": {
					"rotation": ["0+math.sin(q.anim_time*90*2)*3", 0, 0]
				},
				"leg_back_left": {
					"rotation": ["math.sin(q.anim_time*90*2)*3", 0, 0]
				},
				"leg_back_left2": {
					"rotation": ["0-math.sin(q.anim_time*90*2)*6", 0, 0]
				},
				"foot_back_left": {
					"rotation": ["0+math.sin(q.anim_time*90*2)*3", 0, 0]
				},
				"tail": {
					"rotation": ["0-math.sin(q.anim_time*90*2-45)", "0-math.sin(q.anim_time*90*2-90)*5", 0]
				},
				"head": {
					"rotation": ["0+math.sin(q.anim_time*90*2-90)*2", "0-math.sin(q.anim_time*90*2)*2", 0]
				},
				"crest": {
					"rotation": ["0+math.sin(q.anim_time*90*2-135)", 0, 0]
				},
				"crest_center_feather": {
					"rotation": ["0+math.sin(q.anim_time*90*2-135)", 0, 0]
				},
				"jaw": {
					"rotation": ["5-math.sin(q.anim_time*90*1)*3", 0, 0]
				},
				"crest_top": {
					"rotation": ["0+math.sin(q.anim_time*90*2-135)", 0, 0]
				},
				"leg_front_right": {
					"rotation": ["math.sin(q.anim_time*90*2)*3", 0, 0]
				},
				"leg_front_right2": {
					"rotation": ["0-math.sin(q.anim_time*90*2)*6", 0, 0]
				},
				"foot_front_right": {
					"rotation": ["0+math.sin(q.anim_time*90*2)*3", 0, 0]
				},
				"leg_back_right": {
					"rotation": ["math.sin(q.anim_time*90*2)*3", 0, 0]
				},
				"leg_back_right2": {
					"rotation": ["0-math.sin(q.anim_time*90*2)*6", 0, 0]
				},
				"foot_back_right": {
					"rotation": ["0+math.sin(q.anim_time*90*2)*3", 0, 0]
				}
			},
			"sound_effects": {
				"0.0": {
					"effect": "pokemon.silvally.cry"
				}
			}
		}
	},
	"geckolib_format_version": 2
}