{"format_version":"1.8.0","animations":{"animation.simisear.ground_idle":{"loop":true,"bones":{"leg_left":{"rotation":[-12.5,0,-20]},"leg_left2":{"rotation":[25,0,17.5]},"feet_left":{"rotation":[-5,0,0]},"leg_right":{"rotation":[-12.5,0,20]},"leg_right2":{"rotation":[25,0,-17.5]},"feet_right":{"rotation":[-5,0,0]},"tail3":{"rotation":[23.28594,"6.3378+math.sin(q.anim_time*90*1-60)*10",4.53784]},"armright":{"rotation":[46.44324,"22.9365+math.sin(q.anim_time*90)*10",-58.52783]},"armright2":{"rotation":[14.30065,-37.17434,"84.1672+math.sin(q.anim_time*90*1-30)*15"]},"handright":{"rotation":[29.90073,"-45.6637-math.sin(q.anim_time*90*1-60)*15",-37.51964]},"finger2right":{"rotation":[0,"25-math.sin(q.anim_time*90*1-90)*10",22.5]},"finger3right":{"rotation":[0,"15-math.sin(q.anim_time*90*1-90)*10",0]},"finger4right":{"rotation":[0,"5-math.sin(q.anim_time*90*1-90)*10",-22.5]},"thumbright":{"rotation":["math.sin(q.anim_time*90*1-90)*10",0,15]},"armleft":{"rotation":[46.44324,"-22.9365-math.sin(q.anim_time*90)*10",58.52783]},"armleft2":{"rotation":[14.30065,37.17434,"-84.1672-math.sin(q.anim_time*90*1-30)*15"]},"handleft":{"rotation":[30,"math.sin(q.anim_time*90*1-60)*15",0]},"finger2left":{"rotation":[-10.56,"61.72+math.sin(q.anim_time*90*1-90)*10",-18]},"finger3left":{"rotation":[0,"42.5+math.sin(q.anim_time*90*1-90)*10",0]},"finger4left":{"rotation":[0,"32.5+math.sin(q.anim_time*90*1-90)*10",15]},"bone3":{"rotation":["45+math.sin(q.anim_time*90-150)*5",0,0]},"bone4":{"rotation":[-44.42822,-2.9434,-3.69456]},"bone5":{"rotation":[0,"-22.5-math.sin(q.anim_time*90-150)*5",0]},"bone6":{"rotation":[0,"25+math.sin(q.anim_time*90-150)*5",0]},"tail4":{"rotation":[17.5,"-2.5+math.sin(q.anim_time*90*1-90)*10",0]},"tail":{"rotation":[15,"math.sin(q.anim_time*90)*10",0]},"tail2":{"rotation":[0,"math.sin(q.anim_time*90*1-30)*10",0]},"tail5":{"rotation":[0,"math.sin(q.anim_time*90*1-120)*10",0]},"torso":{"rotation":["2.5+math.sin(q.anim_time*90*1-90)*2.5",0,0],"position":[0,"-1+math.sin(q.anim_time*90-60)*0.4",0]},"thumbleft":{"rotation":["math.sin(q.anim_time*90*1-90)*10",0,0]},"head":{"rotation":["math.sin(q.anim_time*90*1-120)*2.5",0,0]},"ear_right":{"rotation":["math.sin(q.anim_time*90-90)*5","math.sin(q.anim_time*90-60)*5","-math.sin(q.anim_time*90-40)*5"]},"ear_left":{"rotation":["-math.sin(q.anim_time*90-90)*5","-math.sin(q.anim_time*90-60)*5","math.sin(q.anim_time*90-40)*5"]},"bone2":{"rotation":["-math.sin(q.anim_time*90-120)*5",0,0]}}},"animation.simisear.blink":{"animation_length":0.1667,"bones":{"closed_eye_right":{"position":{"0.0":[0,0,-1],"0.125":[0,0,-1],"0.1667":[0,0,0]}},"closed_eye_left":{"position":{"0.0":[0,0,-1],"0.125":[0,0,-1],"0.1667":[0,0,0]}}}},"animation.simisear.ground_walk":{"loop":true,"bones":{"leg_left":{"rotation":["math.sin(query.anim_time * 90 * 3) * 25",0,0]},"leg_left2":{"rotation":["math.sin(query.anim_time * 90 * 3-30) * 25",0,0]},"leg_right":{"rotation":["math.sin(query.anim_time * 90 * 3) * -25",0,0]},"leg_right2":{"rotation":["math.sin(query.anim_time * 90 * 3-30) * -25",0,0]},"armright":{"rotation":[0,"-15-math.sin(q.anim_time*90*3-39)*30",-45]},"armright2":{"rotation":[0,"-37.5-math.sin(q.anim_time*90*3-69)*30",0]},"handright":{"rotation":[0,-32.5,0]},"finger2right":{"rotation":[0,-125,-5]},"tail":{"rotation":[-12.5,"math.sin(q.anim_time*90*3)*7.5",0]},"tail2":{"rotation":[22.5,"math.sin(q.anim_time*90*3-30)*7.5",0]},"tail3":{"rotation":[12.5,"math.sin(q.anim_time*90*3-60)*7.5",0]},"tail4":{"rotation":[10,"math.sin(q.anim_time*90*3-90)*7.5",0]},"tail5":{"rotation":[15,"math.sin(q.anim_time*90*3-120)*7.5",0]},"torso":{"rotation":["math.sin(q.anim_time*90*3-100)*2.5",0,0],"position":[0,"-0.5+math.sin(q.anim_time*90*3-40)*0.4",0]},"finger3right":{"rotation":[0,-125,0]},"finger4right":{"rotation":[0,-125,-5]},"thumbright":{"rotation":[40,0,0]},"armleft":{"rotation":[0,"15-math.sin(q.anim_time*90*3-39)*30",45]},"armleft2":{"rotation":[0,"37.5-math.sin(q.anim_time*90*3-69)*30",0]},"handleft":{"rotation":[0,32.5,0]},"finger2left":{"rotation":[0,125,-5]},"finger3left":{"rotation":[0,125,0]},"finger4left":{"rotation":[0,125,5]},"head":{"rotation":["math.sin(q.anim_time*90*3)*3",0,0]},"ear_right":{"rotation":[0,0,"math.sin(q.anim_time*90*3)*3"]},"ear_left":{"rotation":[0,0,"-math.sin(q.anim_time*90*3)*3"]}}}}}