{"format_version":"1.8.0","animations":{"animation.skorupi.pose":{"loop":true,"bones":{"torso_front":{"rotation":[-35,0,0]},"head":{"rotation":[32.9577,-13.16366,-25.30912]},"jaw":{"rotation":[30,0,0]},"arm_right":{"rotation":[12.5,30,0]},"arm_left":{"rotation":[-11.07152,-26.79524,-14.03271]},"tail":{"rotation":[32.43576,30.58184,17.91705]},"tail2":{"rotation":[23.47603,-16.1299,-6.88003]},"tail3":{"rotation":[23.21088,13.83447,5.85463]},"tail4":{"rotation":[20,0,0]},"tail_tip":{"rotation":[10.92781,-3.73698,62.37033]},"leg_left_front":{"rotation":[0,0,-30]},"leg_left_front2":{"rotation":[0,0,-42.5]},"eye_blink":{"position":[0,0,0]}}},"animation.skorupi.ground_idle":{"loop":true,"bones":{"torso":{"rotation":["5+math.cos((q.anim_time)*180*1)*0.25",0,0]},"torso_front":{"rotation":[-10,0,0]},"head":{"rotation":[-12.5,0,0]},"jaw":{"rotation":["17.5+math.cos((q.anim_time)*360*0.5)*5",0,0]},"arm_right":{"rotation":["-7.5+math.cos((q.anim_time-0.3)*180*0.5)*3",17.5,-7.5]},"arm_left":{"rotation":["-5.9053-math.cos((q.anim_time-0.3)*180*0.5)*3",-18.08401,2.28459]},"tail":{"rotation":["17.5+math.cos((q.anim_time-0.1)*180*0.5)*4",0,0]},"tail2":{"rotation":["30+math.cos((q.anim_time-0.3)*180*0.5)*3",0,0]},"tail3":{"rotation":["22.5+math.cos((q.anim_time-0.5)*180*0.5)*7",0,0]},"tail4":{"rotation":["19+math.cos((q.anim_time-0.7)*180*0.5)*11",0,0]},"tail_tip":{"rotation":["27.5+math.cos((q.anim_time-0.9)*180*0.5)*13",0,0]},"left_pinsir":{"rotation":[0,"-math.cos((q.anim_time-0.2)*180*1)*12",0],"position":[-0.3,0,0]},"right_pinsir":{"rotation":[0,"math.cos((q.anim_time-0.2)*180*1)*12",0],"position":[0.3,0,0]},"left_fang":{"rotation":[0,"math.cos((q.anim_time-0.2)*180*1)*3",0]},"right_fang":{"rotation":[0,"-math.cos((q.anim_time-0.2)*180*1)*3",0]}}},"animation.skorupi.blink":{"animation_length":0.25,"bones":{"eye_blink":{"position":{"0.0":[0,0,-0.1],"0.125":{"pre":[0,0,-0.1],"post":[0,0,-0.1]},"0.1667":{"pre":[0,0,-0.1],"post":[0,0,0.9]}},"scale":[1,1.06,1]}}},"animation.skorupi.ground_walk":{"loop":true,"bones":{"torso":{"rotation":["5+math.cos((q.anim_time)*180*1)*0.25",0,0],"position":[0,"math.cos((q.anim_time-0.1)*360*1)*0.25",0]},"torso_front":{"rotation":[-10,0,0]},"head":{"rotation":["2.5+math.cos((q.anim_time-0.1)*360*1)*0.3",0,0]},"jaw":{"rotation":[32.5,0,0]},"arm_right":{"rotation":["-7.5+math.cos((q.anim_time-0.3)*180*0.5)*3",17.5,-7.5]},"arm_left":{"rotation":["-5.9053-math.cos((q.anim_time-0.3)*180*0.5)*3",-18.08401,2.28459]},"tail":{"rotation":["17.5+math.cos((q.anim_time-0.1)*180*0.5)*4",0,0]},"tail2":{"rotation":["30+math.cos((q.anim_time-0.3)*180*0.5)*3",0,0]},"tail3":{"rotation":["22.5+math.cos((q.anim_time-0.5)*180*0.5)*7",0,0]},"tail4":{"rotation":["19+math.cos((q.anim_time-0.7)*180*0.5)*11",0,0]},"tail_tip":{"rotation":["27.5+math.cos((q.anim_time-0.9)*180*0.5)*13",0,0]},"left_pinsir":{"rotation":[0,"-math.cos((q.anim_time-0.2)*180*1)*12",0],"position":[-0.3,0,0]},"right_pinsir":{"rotation":[0,"math.cos((q.anim_time-0.2)*180*1)*12",0],"position":[0.3,0,0]},"left_fang":{"rotation":[0,"math.cos((q.anim_time-0.2)*180*1)*3",0]},"right_fang":{"rotation":[0,"-math.cos((q.anim_time-0.2)*180*1)*3",0]},"body":{"position":[0,0.2,0]},"leg_right_front":{"rotation":["-math.cos((q.anim_time-0.1)*360*2)*2","-math.cos((q.anim_time -0.5)*360*1)*12 * math.cos((q.anim_time-0.1)*360*1)*2","-math.cos((q.anim_time-0.1)*360*1)*3 * -math.cos((q.anim_time-0.4)*360*1)*1"]},"leg_left_front":{"rotation":["-math.cos((q.anim_time-0.1)*360*2)*2","math.cos((q.anim_time -0.3)*360*1)*12 * math.cos((q.anim_time-0.1)*360*1)*2","-math.cos((q.anim_time-0.1)*360*1)*3 * math.cos((q.anim_time-0.1)*360*1)*1"]},"leg_right_back":{"rotation":["-math.cos((q.anim_time-0.1)*360*2)*2","math.cos((q.anim_time -0.3)*360*1)*12 * math.cos((q.anim_time-0.1)*360*1)*2","-math.cos((q.anim_time-0.1)*360*1)*3 * math.cos((q.anim_time-0.1)*360*1)*1"]},"leg_left_back":{"rotation":["-math.cos((q.anim_time-0.1)*360*2)*2","-math.cos((q.anim_time -0.5)*360*1)*12 * math.cos((q.anim_time-0.1)*360*1)*2","-math.cos((q.anim_time-0.1)*360*1)*3 * -math.cos((q.anim_time-0.4)*360*1)*1"]}}},"animation.skorupi.cry":{"animation_length":0.91667,"bones":{"head":{"rotation":{"0.0":[0,0,0],"0.125":[-7.5,0,0],"0.2917":[-2.5,0,0],"0.4583":[-20,0,0],"0.75":[0,0,0]}},"jaw":{"rotation":{"0.0":[0,0,0],"0.125":[15,0,0],"0.2917":[10,0,0],"0.4583":[35,0,0],"0.75":[0,0,0]}}}}}}