{"format_version":"1.8.0","animations":{"animation.skwovet.ground_walk":{"loop":true,"bones":{"tail_1":{"rotation":["math.sin(query.anim_time * 560) * 5",0,0]},"arm_left":{"rotation":["math.sin(query.anim_time * 560) * 25",0,0]},"leg_left":{"rotation":["math.sin(query.anim_time * 560) * -25",0,0]},"leg_right":{"rotation":["math.sin(query.anim_time * 560) * 25",0,0]},"arm_right":{"rotation":["math.sin(query.anim_time * 560) * -25",0,0]}}},"animation.skwovet.ground_idle":{"loop":true,"bones":{"tail_1":{"rotation":["math.sin(query.anim_time * 260) * 5",0,0]}}}}}