{"format_version":"1.8.0","animations":{"animation.slowbro_mega.ground_idle":{"loop":true,"bones":{"body":{"rotation":["5*(math.sin(q.anim_time*45*2))",0,"5*(math.cos(q.anim_time*45*2))"]},"tail":{"rotation":["-5*(math.sin(q.anim_time*45*2))",0,"-5*(math.cos(q.anim_time*45*2))"]},"shell":{"rotation":["-5*(math.sin(q.anim_time*45*2))",0,"-5*(math.cos(q.anim_time*45*2))"]},"arm_left":{"rotation":[-45,0,"-10*(math.cos(q.anim_time*45*2))"]},"arm_right":{"rotation":[-45,0,"10*(math.cos(q.anim_time*45*2))"]},"head":{"rotation":["-5*(math.sin(q.anim_time*45*2-70))",0,"-5*(math.cos(q.anim_time*45*2-70))"]},"ear_left":{"rotation":["-10*(math.sin(q.anim_time*45*2-90))",0,0]},"ear_right":{"rotation":["-10*(math.sin(q.anim_time*45*2-90))",0,0]},"jaw":{"rotation":["5-math.cos(q.anim_time*90*1.5-60)*7.5",0,0]}}},"animation.slowbro_mega.ground_walk":{"loop":true,"bones":{"slowbro":{"rotation":["(10*(math.sin(q.anim_time*90*2))-10*math.abs(math.cos(q.anim_time*45*2)))*-1",0,"5*(math.cos(q.anim_time*90*2))"],"position":[0,0,"(10*(math.sin(q.anim_time*90*2))-10*math.abs(math.cos(q.anim_time*45*2)))*0.25+5"]},"body":{"rotation":[0,"(q.anim_time)*360",0]},"tail":{"rotation":["(10*(math.sin(q.anim_time*90*2))-10*math.abs(math.cos(q.anim_time*45*2)))*-0.5",0,0]},"arm_left":{"rotation":[0,"10*(math.sin(q.anim_time*180*2))-25",0]},"arm_right":{"rotation":[0,"10*(math.sin(q.anim_time*180*2))-25",0]},"ear_left":{"rotation":["10*(math.sin(q.anim_time*180*2))-25",0,0]},"ear_right":{"rotation":["-10*(math.sin(q.anim_time*180*2))+25",0,0]}}},"animation.slowbro_mega.water_idle":{"loop":true,"bones":{"body":{"rotation":["-30*(math.cos(q.anim_time*45*2))",0,"-30*(math.sin(q.anim_time*45*2))"],"position":["4*(math.cos(q.anim_time*45*2-90))","2*(math.sin(q.anim_time*22.5*2-90))+2","4*(math.sin(q.anim_time*45*2-90))"]},"tail":{"rotation":["20*(math.cos(q.anim_time*45*2))",0,"20*(math.sin(q.anim_time*45*2))"]},"shell":{"rotation":["10*(math.cos(q.anim_time*45*2))",0,"10*(math.sin(q.anim_time*45*2))"]}}},"animation.slowbro_mega.water_swim":{"loop":true,"bones":{"body":{"rotation":["85-5*(math.sin(q.anim_time*45*2.5)*-10)",0,"-math.cos(q.anim_time*45*2.5-30)*1"],"position":[0,"6*(math.sin(q.anim_time*45*2.5))+12","-1.25*(math.sin(q.anim_time*90*2.5-90))+19.75"]},"tail":{"rotation":["2.5*(math.sin(q.anim_time*45*2.5)*-10)",0,"-math.cos(q.anim_time*45*2.5-30)*1"]},"shell":{"rotation":["2.5*(math.sin(q.anim_time*45*2.5)*-10)-math.sin(q.anim_time*45*2.5)*1","0-math.cos(q.anim_time*45*2.5)*3","0-math.cos(q.anim_time*45*2.5-30)*1"]},"arm_left":{"rotation":[-24.3261,"-10.4713+math.cos(q.anim_time*45*2.5-30)*8","-2.3259-math.sin(q.anim_time*45*2.5-30)*20"]},"arm_right":{"rotation":[-24.3261,"(-10.4713+math.cos(q.anim_time*45*2.5-30)*8)*-1","(-2.3259-math.sin(q.anim_time*45*2.5-30)*20)*-1"]},"head":{"rotation":["-70-math.sin(q.anim_time*90*2.5-30)*1.5",0,0],"position":[0,0,-3]},"jaw":{"rotation":["15-math.sin(q.anim_time*90*2.5-30)*5",0,0]}}},"animation.slowbro_mega.sleep":{"loop":true,"bones":{"body":{"rotation":["5*(math.sin(q.anim_time*22.5*2))",0,"5*(math.cos(q.anim_time*22.5*2))"]},"tail":{"rotation":["-5*(math.sin(q.anim_time*22.5*2))",0,"-5*(math.cos(q.anim_time*22.5*2))"]},"shell":{"rotation":["-5*(math.sin(q.anim_time*22.5*2))",0,"-5*(math.cos(q.anim_time*22.5*2))"]},"arm_left":{"rotation":[-45,0,"-10*(math.cos(q.anim_time*22.5*2))"]},"arm_right":{"rotation":[-45,0,"10*(math.cos(q.anim_time*22.5*2))"]},"head":{"rotation":["-5*(math.sin(q.anim_time*22.5*2-70))",0,"-5*(math.cos(q.anim_time*22.5*2-70))"]},"ear_left":{"rotation":["-10*(math.sin(q.anim_time*22.5*2-90))",0,0]},"ear_right":{"rotation":["-10*(math.sin(q.anim_time*22.5*2-90))",0,0]},"jaw":{"rotation":["17.5+math.sin(q.anim_time*90*1-60)*4",0,0]},"eye_left":{"position":[-0.1,0,0.1]},"eye_right":{"position":[0.1,0,0.1]}}},"animation.slowbro_mega.blink":{"animation_length":0.1667,"bones":{"eye_left":{"position":{"0.0":[-0.1,0,0.1],"0.08":[-0.1,0,0.1],"0.12":[0,0,0]}},"eye_right":{"position":{"0.0":[0.1,0,0.1],"0.08":[0.1,0,0.1],"0.12":[0,0,0]}}}},"animation.slowbro_mega.blink2":{"animation_length":0.1667,"bones":{"shell_eyelid_left":{"position":{"0.0":[0,0,0.1],"0.12":[0,0,0.1],"0.16":[0,0,0]}},"shell_eyelid_right":{"position":{"0.0":[0,0,0.1],"0.12":[0,0,0.1],"0.16":[0,0,0]}}}},"animation.slowbro_mega.cry":{"animation_length":2,"bones":{"head":{"rotation":{"0.0":[0,0,0],"0.12":{"pre":[-2,0,0],"post":[-2,0,0],"lerp_mode":"catmullrom"},"0.6":{"post":[-12.5,0,0],"lerp_mode":"catmullrom"},"1.04":{"post":[-12.5,0,0],"lerp_mode":"catmullrom"},"1.52":{"post":[1,0,0],"lerp_mode":"catmullrom"},"2.0":[0,0,0]}},"jaw":{"rotation":{"0.0":[0,0,0],"0.12":{"pre":[2,0,0],"post":[2,0,0],"lerp_mode":"catmullrom"},"0.6":{"post":[25,0,0],"lerp_mode":"catmullrom"},"1.12":{"post":[25,0,0],"lerp_mode":"catmullrom"},"1.52":[0,0,0]}}},"sound_effects":{"0.0":{"effect":"pokemon.slowbro.cry"}}}}}