{"format_version":"1.8.0","animations":{"animation.snorunt.blink":{"animation_length":0.20833,"bones":{"eyelid_right":{"position":{"0.0":[0,0,-1],"0.1667":[0,0,-1],"0.2083":[0,0,0]}},"eyelid_left":{"position":{"0.0":[0,0,-1],"0.1667":[0,0,-1],"0.2083":[0,0,0]}}}},"animation.snorunt.ground_idle":{"loop":true,"animation_length":2,"bones":{"torso":{"rotation":["math.cos(q.anim_time*90*64+90)/1.25/1.25+math.cos(q.anim_time*90*4+90)*3","math.cos(q.anim_time*90*64+90)/1.25/1.25","math.cos(q.anim_time*90*64+90)/1.25/1.25+math.cos(q.anim_time*90*2+90)*3"],"position":[0,"-1/4/4+math.cos(q.anim_time*90*4)/4/4",0]},"arm_right":{"rotation":["math.cos(q.anim_time*90*4)*4",0,0],"position":[0,"math.cos(q.anim_time*90*4)/12",0]},"arm_left":{"rotation":["math.cos(q.anim_time*90*4)*4",0,0],"position":[0,"math.cos(q.anim_time*90*4)/12",0]},"body":{"position":[0,"0.5/2+math.cos(q.anim_time*90*4)*0.5/2","-0.2/2-math.cos(q.anim_time*90*4)*0.2/2"]},"leg_right":{"rotation":["2.5+math.cos(q.anim_time*90*4)*2.5",-15,0]},"leg_left":{"rotation":["2.5+math.cos(q.anim_time*90*4)*2.5",10,0]}}},"animation.snorunt.ground_walk":{"loop":true,"animation_length":1,"bones":{"torso":{"rotation":["math.cos(q.anim_time*90*64)/2+math.cos(q.anim_time*90*8)*3","-math.cos(q.anim_time*90*64)/10-math.cos(q.anim_time*90*4)*8","-math.sin(q.anim_time*90*64)/10-math.sin(q.anim_time*90*4)*5"],"position":[0,"math.sin(q.anim_time*90*64)/10+math.sin(q.anim_time*90*8)/5",0]},"leg_right":{"rotation":{"0.0":{"post":[-10,10,0],"lerp_mode":"catmullrom"},"0.0833":{"post":[0,10,0],"lerp_mode":"catmullrom"},"0.5":{"post":[0,10,0],"lerp_mode":"catmullrom"},"0.625":{"post":[5,15,0],"lerp_mode":"catmullrom"},"0.75":{"post":[5,20,0],"lerp_mode":"catmullrom"},"0.875":{"post":[-10,15,0],"lerp_mode":"catmullrom"},"1.0":{"post":[-10,10,0],"lerp_mode":"catmullrom"}},"position":[0,"math.clamp(-math.sin(q.anim_time*90*4)*1,0,1)","-math.cos(q.anim_time*90*4)*1"]},"leg_left":{"rotation":{"0.0":{"post":[0,-10,0],"lerp_mode":"catmullrom"},"0.125":{"post":[5,-15,0],"lerp_mode":"catmullrom"},"0.25":{"post":[5,-20,0],"lerp_mode":"catmullrom"},"0.375":{"post":[-10,-15,0],"lerp_mode":"catmullrom"},"0.5":{"post":[-10,-10,0],"lerp_mode":"catmullrom"},"0.5833":{"post":[0,-10,0],"lerp_mode":"catmullrom"},"1.0":{"post":[0,-10,0],"lerp_mode":"catmullrom"}},"position":[0,"math.clamp(math.sin(q.anim_time*90*4)*1,0,1)","math.cos(q.anim_time*90*4)*1"]}}}}}