{"format_version":"1.8.0","animations":{"animation.snover.ground_idle":{"loop":true,"animation_length":2,"bones":{"torso":{"rotation":["math.sin(q.anim_time*90*2-90)*-2.5",0,0],"position":[0,"math.sin(q.anim_time*90*2)*0.25",0]},"arm_right2":{"rotation":[0,0,"-27.5+math.sin(q.anim_time*180)*2.5"]},"arm_left":{"rotation":[0,0,"22.5+math.sin(q.anim_time*90*2)*-2.5"]},"arm_left2":{"rotation":[0,0,"27.5+math.sin(q.anim_time*180)*-2.5"]},"tail":{"rotation":["15+math.sin(q.anim_time*90*2)*2.5",0,0]},"arm_right":{"rotation":[0,0,-22.5]},"leg_left":{"rotation":[0,45,0]},"leg_right":{"rotation":[0,-45,0]}}},"animation.snover.battle_idle":{"loop":true,"animation_length":4,"bones":{"torso":{"rotation":[0,0,"math.cos(q.anim_time*90*2)*2"],"position":[0,"math.sin(q.anim_time*90*4)/5",0]},"arm_right":{"rotation":[0,"math.cos(q.anim_time*90*2)*40/3",-22.5]},"arm_right2":{"rotation":[0,"-40*3/3+math.cos(q.anim_time*90*2-45)*40/3",0]},"hand_right":{"rotation":[0,"-40/3+math.cos(q.anim_time*90*2-90)*40/3",0]},"arm_left":{"rotation":[0,"math.cos(q.anim_time*90*2)*40/3",22.5]},"arm_left2":{"rotation":[0,"40*3/3+math.cos(q.anim_time*90*2-45)*40/3",0]},"hand_left":{"rotation":[0,"40/3+math.cos(q.anim_time*90*2-90)*40/3",0]},"tail":{"rotation":["30/2","math.cos(q.anim_time*90*2)*20/2",0]},"tail2":{"rotation":["30/2","math.cos(q.anim_time*90*2-45)*20/2",0]},"leg_left":{"rotation":["-math.clamp(-math.cos(q.anim_time*90*2)*5,0,5)",45,0],"position":[0.25,"math.clamp(-math.cos(q.anim_time*90*2)/2,0,2)",0]},"leg_left2":{"rotation":["-math.clamp(-math.cos(q.anim_time*90*2)*5*2,0,5*2)",0,0]},"leg_right":{"rotation":["-math.clamp(math.cos(q.anim_time*90*2)*5,0,5)",-45,0],"position":[0.25,"math.clamp(math.cos(q.anim_time*90*2)/2,0,2)",0]},"leg_right2":{"rotation":["-math.clamp(math.cos(q.anim_time*90*2)*5*2,0,5*2)",0,0]}}},"animation.snover.ground_walk":{"loop":true,"animation_length":2,"bones":{"torso":{"rotation":[0,"math.cos(q.anim_time*90*2)*5","math.sin(q.anim_time*90*2)*2"],"position":[0,"math.sin(q.anim_time*90*2*2-45)/5",0]},"arm_right":{"rotation":[0,"-math.cos(q.anim_time*90*2-45)*10",-12.5]},"arm_right2":{"rotation":[0,"-10*2-math.cos(q.anim_time*90*2-45)*10*2",0]},"arm_left":{"rotation":[0,"-math.cos(q.anim_time*90*2-45)*10",12.5]},"arm_left2":{"rotation":[0,"10*2-math.cos(q.anim_time*90*2-45)*10*2",0]},"tail":{"rotation":[17.5,0,0]},"leg_left":{"rotation":["-math.clamp(-math.sin(q.anim_time*90*2)*10,0,10)","math.cos(q.anim_time*90*2)*20",0],"position":[0,"math.clamp(-math.sin(q.anim_time*90*2)*1,0,1)","-math.cos(q.anim_time*90*2)"]},"leg_left2":{"rotation":["-math.clamp(-math.sin(q.anim_time*90*2)*10,0,10)",0,0]},"leg_right":{"rotation":["-math.clamp(math.sin(q.anim_time*90*2)*10,0,10)","math.cos(q.anim_time*90*2)*20",0],"position":[0,"math.clamp(math.sin(q.anim_time*90*2)*1,0,1)","math.cos(q.anim_time*90*2)"]},"leg_right2":{"rotation":["-math.clamp(math.sin(q.anim_time*90*2)*10,0,10)",0,0]}}},"animation.snover.cry":{"animation_length":1.25,"bones":{"torso":{"rotation":{"0.0833":{"pre":[0,0,0],"post":[0,0,0],"lerp_mode":"catmullrom"},"0.3333":{"post":[10,0,0],"lerp_mode":"catmullrom"},"0.4583":{"post":[10,0,0],"lerp_mode":"catmullrom"},"0.625":{"post":[-10,0,0],"lerp_mode":"catmullrom"},"0.75":{"post":[-5,0,0],"lerp_mode":"catmullrom"},"0.875":{"post":[-10,0,0],"lerp_mode":"catmullrom"},"1.125":{"post":[0,0,0],"lerp_mode":"catmullrom"}},"position":{"0.0":{"post":[0,0,0],"lerp_mode":"catmullrom"},"0.25":{"post":[0,-0.5,1],"lerp_mode":"catmullrom"},"0.375":{"post":[0,-0.5,1],"lerp_mode":"catmullrom"},"0.625":{"post":[0,0.5,-1],"lerp_mode":"catmullrom"},"1.0417":{"post":[0,0,0],"lerp_mode":"catmullrom"}}}},"sound_effects":{"0.4583":{"effect":"pokemon.snover.cry"}}},"animation.snover.blink":{"animation_length":0.16667,"bones":{"eyelid_right":{"position":{"0.0":[0,0,-0.093],"0.125":[0,0,-0.093],"0.1667":[0,0,0]}},"eyelid_left":{"position":{"0.0":[0,0,-0.093],"0.125":[0,0,-0.093],"0.1667":[0,0,0]}}}}}}