{"format_version":"1.8.0","animations":{"animation.sunkern.ground_idle":{"loop":true,"animation_length":0.75,"bones":{"leaf2":{"rotation":{"0.0":{"post":[0,0,-9],"lerp_mode":"catmullrom"},"0.375":{"post":[0,0,-10.75],"lerp_mode":"catmullrom"},"0.5833":{"post":[0,0,4.25],"lerp_mode":"catmullrom"},"0.75":{"post":[0,0,-5.5],"lerp_mode":"catmullrom"}}},"sunkern":{"rotation":{"0.0":{"post":[0,0,2],"lerp_mode":"catmullrom"},"0.1667":{"post":[0,0,3],"lerp_mode":"catmullrom"},"0.375":{"post":[0,0,-2.25],"lerp_mode":"catmullrom"},"0.5833":{"post":[0,0,-3.25],"lerp_mode":"catmullrom"},"0.75":{"post":[0,0,2],"lerp_mode":"catmullrom"}},"position":{"0.0":{"post":[0,0,0],"lerp_mode":"catmullrom"},"0.4167":{"post":[0,0.375,0],"lerp_mode":"catmullrom"},"0.75":{"post":[0,0,0],"lerp_mode":"catmullrom"}},"scale":{"0.0":{"post":[1,0.9725,1],"lerp_mode":"catmullrom"},"0.2083":{"post":[1.02,0.965,1],"lerp_mode":"catmullrom"},"0.4167":{"post":[1,1.0175,1],"lerp_mode":"catmullrom"},"0.75":{"post":[1,0.9725,1],"lerp_mode":"catmullrom"}}},"leaf_stem":{"rotation":{"0.0":{"post":[0,0,-7.25],"lerp_mode":"catmullrom"},"0.1667":{"post":[0,0,-8.34],"lerp_mode":"catmullrom"},"0.4167":{"post":[0,0,19],"lerp_mode":"catmullrom"},"0.75":{"post":[0,0,-7.25],"lerp_mode":"catmullrom"}}},"eye":{"position":{"0.0":{"post":[0,0,0],"lerp_mode":"catmullrom"},"0.5":{"post":[0,-0.275,0],"lerp_mode":"catmullrom"},"0.75":{"post":[0,0,0],"lerp_mode":"catmullrom"}},"scale":{"0.0":{"post":[1,1,1],"lerp_mode":"catmullrom"},"0.2083":{"post":[1.0475,0.99,1],"lerp_mode":"catmullrom"},"0.5":{"post":[1.075,0.885,1],"lerp_mode":"catmullrom"},"0.75":{"post":[1,1,1],"lerp_mode":"catmullrom"}}},"eye2":{"position":{"0.0":{"post":[0,0,0],"lerp_mode":"catmullrom"},"0.5":{"post":[0,-0.275,0],"lerp_mode":"catmullrom"},"0.75":{"post":[0,0,0],"lerp_mode":"catmullrom"}},"scale":{"0.0":{"post":[1,1,1],"lerp_mode":"catmullrom"},"0.2083":{"post":[1.0475,0.99,1],"lerp_mode":"catmullrom"},"0.5":{"post":[1.075,0.885,1],"lerp_mode":"catmullrom"},"0.75":{"post":[1,1,1],"lerp_mode":"catmullrom"}}},"closemouth":{"position":{"0.0":{"post":[0,0,0],"lerp_mode":"catmullrom"},"0.2083":{"post":[0,0.35,0],"lerp_mode":"catmullrom"},"0.375":{"post":[0,0.35,0],"lerp_mode":"catmullrom"},"0.5833":{"post":[0,0.2,0],"lerp_mode":"catmullrom"},"0.75":{"post":[0,0,0],"lerp_mode":"catmullrom"}}},"leaf":{"rotation":{"0.0":{"post":[0,0,-5.5],"lerp_mode":"catmullrom"},"0.375":{"post":[0,0,10.75],"lerp_mode":"catmullrom"},"0.5833":{"post":[0,0,4.25],"lerp_mode":"catmullrom"},"0.75":{"post":[0,0,-5.5],"lerp_mode":"catmullrom"}}}}},"animation.sunkern.ground_walk":{"loop":true,"animation_length":0.75,"bones":{"leaf2":{"rotation":{"0.0":{"post":[0,0,-9],"lerp_mode":"catmullrom"},"0.375":{"post":[0,0,-10.75],"lerp_mode":"catmullrom"},"0.5833":{"post":[0,0,4.25],"lerp_mode":"catmullrom"},"0.75":{"post":[0,0,-5.5],"lerp_mode":"catmullrom"}}},"sunkern":{"rotation":{"0.0":{"post":[0,0,2],"lerp_mode":"catmullrom"},"0.1667":{"post":[0,0,3],"lerp_mode":"catmullrom"},"0.375":{"post":[-7,0,-2.25],"lerp_mode":"catmullrom"},"0.5833":{"post":[7.25,0,-3.25],"lerp_mode":"catmullrom"},"0.75":{"post":[0,0,2],"lerp_mode":"catmullrom"}},"position":{"0.0":{"post":[0,0,0],"lerp_mode":"catmullrom"},"0.25":{"post":[0,0,0],"lerp_mode":"catmullrom"},"0.4167":{"post":[0,5.9,0],"lerp_mode":"catmullrom"},"0.75":{"post":[0,0,0],"lerp_mode":"catmullrom"}},"scale":{"0.0":{"post":[1,0.9725,1],"lerp_mode":"catmullrom"},"0.2083":{"post":[1.08,0.905,1],"lerp_mode":"catmullrom"},"0.4167":{"post":[1,1.0175,1],"lerp_mode":"catmullrom"},"0.75":{"post":[1,0.9725,1],"lerp_mode":"catmullrom"}}},"leaf_stem":{"rotation":{"0.0":{"post":[-13.75,0,-7.25],"lerp_mode":"catmullrom"},"0.25":{"post":[-43.42691,2.02201,1.09765],"lerp_mode":"catmullrom"},"0.5833":{"post":[-1.6203,3.23863,6.1203],"lerp_mode":"catmullrom"},"0.75":{"post":[-13.75,0,-7.25],"lerp_mode":"catmullrom"}}},"eye":{"position":{"0.0":{"post":[0,0,0],"lerp_mode":"catmullrom"},"0.5":{"post":[0,-0.275,0],"lerp_mode":"catmullrom"},"0.625":{"post":[0,0.72,0],"lerp_mode":"catmullrom"},"0.75":{"post":[0,0,0],"lerp_mode":"catmullrom"}},"scale":{"0.0":{"post":[1,1,1],"lerp_mode":"catmullrom"},"0.2083":{"post":[1.0475,0.99,1],"lerp_mode":"catmullrom"},"0.5":{"post":[1.075,0.885,1],"lerp_mode":"catmullrom"},"0.75":{"post":[1,1,1],"lerp_mode":"catmullrom"}}},"eye2":{"position":{"0.0":{"post":[0,0,0],"lerp_mode":"catmullrom"},"0.5":{"post":[0,-0.275,0],"lerp_mode":"catmullrom"},"0.625":{"post":[0,0.72,0],"lerp_mode":"catmullrom"},"0.75":{"post":[0,0,0],"lerp_mode":"catmullrom"}},"scale":{"0.0":{"post":[1,1,1],"lerp_mode":"catmullrom"},"0.2083":{"post":[1.0475,0.99,1],"lerp_mode":"catmullrom"},"0.5":{"post":[1.075,0.885,1],"lerp_mode":"catmullrom"},"0.75":{"post":[1,1,1],"lerp_mode":"catmullrom"}}},"closemouth":{"position":{"0.0":{"post":[0,0,0],"lerp_mode":"catmullrom"},"0.2083":{"post":[0,0.35,0],"lerp_mode":"catmullrom"},"0.375":{"post":[0,0.35,0],"lerp_mode":"catmullrom"},"0.5833":{"post":[0,0.2,0],"lerp_mode":"catmullrom"},"0.75":{"post":[0,0,0],"lerp_mode":"catmullrom"}}},"leaf":{"rotation":{"0.0":{"post":[0,0,-5.5],"lerp_mode":"catmullrom"},"0.375":{"post":[0,0,10.75],"lerp_mode":"catmullrom"},"0.5833":{"post":[0,0,4.25],"lerp_mode":"catmullrom"},"0.75":{"post":[0,0,-5.5],"lerp_mode":"catmullrom"}}},"openmouth":{"position":{"0.0":{"post":[0,0,0],"lerp_mode":"catmullrom"},"0.75":{"post":[0,0,0],"lerp_mode":"catmullrom"}},"scale":{"0.0":{"post":[0,0,0],"lerp_mode":"catmullrom"},"0.75":{"post":[0,0,0],"lerp_mode":"catmullrom"}}}}},"animation.sunkern.blink":{"animation_length":0.75,"bones":{"eye":{"position":{"0.0":{"post":[0,0,0],"lerp_mode":"catmullrom"},"0.1667":{"post":[0,0,0],"lerp_mode":"catmullrom"},"0.25":{"post":[0,0,0.225],"lerp_mode":"catmullrom"},"0.4583":{"post":[0,0,0],"lerp_mode":"catmullrom"},"0.75":{"post":[0,0,0],"lerp_mode":"catmullrom"}}},"eye2":{"position":{"0.0":{"post":[0,0,0],"lerp_mode":"catmullrom"},"0.1667":{"post":[0,0,0],"lerp_mode":"catmullrom"},"0.25":{"post":[0,0,0.225],"lerp_mode":"catmullrom"},"0.4583":{"post":[0,0,0],"lerp_mode":"catmullrom"},"0.75":{"post":[0,0,0],"lerp_mode":"catmullrom"}}},"openmouth":{"position":{"0.0":{"post":[0,0,0],"lerp_mode":"catmullrom"},"0.75":{"post":[0,0,0],"lerp_mode":"catmullrom"}},"scale":{"0.0":{"post":[0,0,0],"lerp_mode":"catmullrom"},"0.75":{"post":[0,0,0],"lerp_mode":"catmullrom"}}},"eyelid_right":{"position":{"0.0":{"post":[0,0,0.1],"lerp_mode":"catmullrom"},"0.25":{"post":[0,0,-0.15],"lerp_mode":"catmullrom"},"0.4583":{"post":[0,0,-0.15],"lerp_mode":"catmullrom"},"0.5":{"post":[0,0,0.1],"lerp_mode":"catmullrom"},"0.75":{"post":[0,0,0.1],"lerp_mode":"catmullrom"}}},"eyelid_left":{"position":{"0.0":{"post":[0,0,0.1],"lerp_mode":"catmullrom"},"0.25":{"post":[0,0,-0.15],"lerp_mode":"catmullrom"},"0.4583":{"post":[0,0,-0.15],"lerp_mode":"catmullrom"},"0.5":{"post":[0,0,0.1],"lerp_mode":"catmullrom"},"0.75":{"post":[0,0,0.1],"lerp_mode":"catmullrom"}}}}},"animation.sunkern.cry":{"animation_length":0.5417,"bones":{"sunkern":{"rotation":{"0.0":{"post":[4.5,0,0],"lerp_mode":"catmullrom"},"0.1667":{"post":[-12,0,0],"lerp_mode":"catmullrom"},"0.25":{"post":[-13,0,0],"lerp_mode":"catmullrom"},"0.2917":{"post":[-6.25,0,0],"lerp_mode":"catmullrom"},"0.375":{"post":[-13,0,0],"lerp_mode":"catmullrom"},"0.4583":{"post":[4.5,0,0],"lerp_mode":"catmullrom"},"0.5417":{"post":[4.5,0,0],"lerp_mode":"catmullrom"}}},"closemouth":{"position":{"0.0":{"post":[0,0,0],"lerp_mode":"catmullrom"},"0.125":{"post":[0,0,0],"lerp_mode":"catmullrom"},"0.1667":{"post":[0,0,0],"lerp_mode":"catmullrom"},"0.4167":{"post":[0,0,0],"lerp_mode":"catmullrom"},"0.4583":{"post":[0,0,0],"lerp_mode":"catmullrom"},"0.5417":{"post":[0,0,0],"lerp_mode":"catmullrom"}},"scale":{"0.0":{"post":[1,1,1],"lerp_mode":"catmullrom"},"0.125":{"post":[1,1,1],"lerp_mode":"catmullrom"},"0.1667":{"post":[0.7,0.6,1],"lerp_mode":"catmullrom"},"0.4167":{"post":[0.4,0.6,1],"lerp_mode":"catmullrom"},"0.4583":{"post":[1,1,1],"lerp_mode":"catmullrom"},"0.5417":{"post":[1,1,1],"lerp_mode":"catmullrom"}}},"openmouth":{"position":{"0.0":{"post":[0,0,0.25],"lerp_mode":"catmullrom"},"0.125":{"post":[0,-1,0],"lerp_mode":"catmullrom"},"0.1667":{"post":[0,0,-0.2],"lerp_mode":"catmullrom"},"0.4167":{"post":[0,0,-0.2],"lerp_mode":"catmullrom"},"0.5417":{"post":[0,0,0.25],"lerp_mode":"catmullrom"}},"scale":{"0.1667":{"pre":[1,1,1],"post":[1,1,1],"lerp_mode":"catmullrom"},"0.4167":{"post":[0.79,1.6375,1],"lerp_mode":"catmullrom"}}}}}}}