{"format_version":"1.8.0","animations":{"animation.swadloon.blink":{"animation_length":0.25,"bones":{"eyelid_left":{"position":{"0.0":[0,0,0],"0.125":[0,0,0],"0.1667":[0,0,-1]}},"eyelid_right":{"position":{"0.0":[0,0,0],"0.125":[0,0,0],"0.1667":[0,0,-1]}}}},"animation.swadloon.ground_walk":{"loop":true,"bones":{"thing_left2":{"rotation":[0,0,-27.5]},"thing_right2":{"rotation":[0,0,27.5]},"body":{"rotation":[2.5,0,0],"position":[0,"math.cos((q.anim_time-0.3)*360*1)*0.5",0]},"thingy_left":{"rotation":[-12.5,0,20]},"thingy_right":{"rotation":[-12.5,0,-20]},"thing_left":{"rotation":[0,0,"math.cos((q.anim_time-0.3)*360*1)*6"],"position":[0,"math.cos((q.anim_time-0.3)*360*1)*0.5",0]},"thing_right":{"rotation":[0,0,"-math.cos((q.anim_time-0.3)*360*1)*6"],"position":[0,"math.cos((q.anim_time-0.3)*360*1)*0.5",0]},"everything":{"rotation":[0,"math.cos((q.anim_time-0.2)*360)*1 * math.cos((q.anim_time-0.3)*360*0.5)*2",0]}}},"animation.swadloon.ground_idle":{"loop":true,"bones":{"thing_left2":{"rotation":[0,0,-27.5]},"thing_right2":{"rotation":[0,0,27.5]},"body":{"rotation":[2.5,0,0],"position":[0,"math.cos((q.anim_time-0.3)*360*1)*0.5",0]},"thingy_left":{"rotation":[-12.5,0,20]},"thingy_right":{"rotation":[-12.5,0,-20]},"thing_left":{"rotation":[0,0,"math.cos((q.anim_time-0.3)*360*1)*6"],"position":[0,"math.cos((q.anim_time-0.3)*360*1)*0.5",0]},"thing_right":{"rotation":[0,0,"-math.cos((q.anim_time-0.3)*360*1)*6"],"position":[0,"math.cos((q.anim_time-0.3)*360*1)*0.5",0]}}}}}