{
	"format_version": "1.8.0",
	"animations": {
		"animation.swampert_mega.ground_idle": {
			"loop": true,
			"bones": {
				"body": {
					"rotation": [60, 0, 0],
					"position": [0, "-0.15*(math.sin(q.anim_time*90*3-90)*1+1)", 0]
				},
				"head": {
					"rotation": [-60, 0, 0],
					"position": [0, 0, 0]
				},
				"arm_left": {
					"rotation": [0, 60, 0],
					"position": [0, 0, "0.15*(math.sin(q.anim_time*90*3-90)*1+1)"]
				},
				"forearm_left": {
					"rotation": [0, 30, 0]
				},
				"leg_left": {
					"rotation": [0, 0, -15],
					"position": [0, -0.25, 0]
				},
				"foot_left": {
					"rotation": [0, 0, 15]
				},
				"leg_right": {
					"rotation": [0, 0, 15],
					"position": [0, -0.25, 0]
				},
				"foot_right": {
					"rotation": [0, 0, -15]
				},
				"tail": {
					"rotation": ["-4*(math.sin(q.anim_time*90*1)*1+1)", 0, 0]
				},
				"arm_right": {
					"rotation": [0, -60, 0],
					"position": [0, 0, "0.15*(math.sin(q.anim_time*90*3-90)*1+1)"]
				},
				"forearm_right": {
					"rotation": [0, -30, 0]
				},
				"swampert_mega": {
					"position": [0, 0, 5]
				}
			}
		},
		"animation.swampert_mega.ground_walk": {
			"loop": true,
			"animation_length": 1.5,
			"bones": {
				"swampert_mega": {
					"rotation": {
						"0.0": {
							"post": [0, 0, -2.5],
							"lerp_mode": "catmullrom"
						},
						"0.75": {
							"post": [0, 0, 2.5],
							"lerp_mode": "catmullrom"
						},
						"1.5": {
							"post": [0, 0, -2.5],
							"lerp_mode": "catmullrom"
						}
					},
					"position": {
						"0.0": {
							"post": [0, 0, 5],
							"lerp_mode": "catmullrom"
						},
						"0.125": {
							"post": [0, -0.25, 5],
							"lerp_mode": "catmullrom"
						},
						"0.25": {
							"post": [0, 0, 5],
							"lerp_mode": "catmullrom"
						},
						"0.75": {
							"post": [0, 0, 5],
							"lerp_mode": "catmullrom"
						},
						"0.875": {
							"post": [0, -0.25, 5],
							"lerp_mode": "catmullrom"
						},
						"1.0": {
							"post": [0, 0, 5],
							"lerp_mode": "catmullrom"
						},
						"1.5": {
							"post": [0, 0, 5],
							"lerp_mode": "catmullrom"
						}
					}
				},
				"body": {
					"rotation": {
						"0.0": {
							"post": [60, 0, 0],
							"lerp_mode": "catmullrom"
						},
						"1.5": {
							"post": [60, 0, 0],
							"lerp_mode": "catmullrom"
						}
					},
					"position": {
						"0.0": {
							"post": [0, -0.5, 0],
							"lerp_mode": "catmullrom"
						},
						"0.5": {
							"post": [0, 0.5, 0],
							"lerp_mode": "catmullrom"
						},
						"0.75": {
							"post": [0, -0.5, 0],
							"lerp_mode": "catmullrom"
						},
						"1.25": {
							"post": [0, 0.5, 0],
							"lerp_mode": "catmullrom"
						},
						"1.5": {
							"post": [0, -0.5, 0],
							"lerp_mode": "catmullrom"
						}
					}
				},
				"head": {
					"rotation": {
						"0.0": {
							"post": [-59.99369, 1.40952, 0.51313],
							"lerp_mode": "catmullrom"
						},
						"0.75": {
							"post": [-59.99369, -1.4095, -0.5131],
							"lerp_mode": "catmullrom"
						},
						"1.5": {
							"post": [-59.99369, 1.40952, 0.51313],
							"lerp_mode": "catmullrom"
						}
					},
					"position": {
						"0.0": {
							"post": [0, 0, 0],
							"lerp_mode": "catmullrom"
						},
						"0.25": {
							"post": [0, 0, -0.25],
							"lerp_mode": "catmullrom"
						},
						"0.4167": {
							"post": [0, 0, 0],
							"lerp_mode": "catmullrom"
						},
						"0.75": {
							"post": [0, 0, 0],
							"lerp_mode": "catmullrom"
						},
						"1.0": {
							"post": [0, 0, -0.25],
							"lerp_mode": "catmullrom"
						},
						"1.1667": {
							"post": [0, 0, 0],
							"lerp_mode": "catmullrom"
						},
						"1.5": {
							"post": [0, 0, 0],
							"lerp_mode": "catmullrom"
						}
					}
				},
				"arm_left": {
					"rotation": {
						"0.0": {
							"post": [33.5375, 53.13995, 39.63927],
							"lerp_mode": "catmullrom"
						},
						"0.5": {
							"post": [-11.18, 53.14, -13.21],
							"lerp_mode": "catmullrom"
						},
						"0.75": {
							"post": [-12.73912, 59.16163, -14.75144],
							"lerp_mode": "catmullrom"
						},
						"1.5": {
							"post": [33.5375, 53.13995, 39.63927],
							"lerp_mode": "catmullrom"
						}
					},
					"position": {
						"0.0": {
							"post": [0, 0, 0],
							"lerp_mode": "catmullrom"
						},
						"0.5": {
							"post": [0, 1.67, 0.67],
							"lerp_mode": "catmullrom"
						},
						"0.75": {
							"post": [0, 3, -1],
							"lerp_mode": "catmullrom"
						},
						"1.5": {
							"post": [0, 0, 0],
							"lerp_mode": "catmullrom"
						}
					}
				},
				"forearm_left": {
					"rotation": {
						"0.0": {
							"post": [0, 30, 0],
							"lerp_mode": "catmullrom"
						},
						"1.5": {
							"post": [0, 30, 0],
							"lerp_mode": "catmullrom"
						}
					}
				},
				"arm_right": {
					"rotation": {
						"0.0": {
							"post": [-12.73912, -59.1616, 14.7514],
							"lerp_mode": "catmullrom"
						},
						"0.75": {
							"post": [33.5375, -53.14, -39.6393],
							"lerp_mode": "catmullrom"
						},
						"1.25": {
							"post": [-11.18, -53.14, 13.21],
							"lerp_mode": "catmullrom"
						},
						"1.5": {
							"post": [-12.73912, -59.1616, 14.7514],
							"lerp_mode": "catmullrom"
						}
					},
					"position": {
						"0.0": {
							"post": [0, 3, -1],
							"lerp_mode": "catmullrom"
						},
						"0.75": {
							"post": [0, 0, 0],
							"lerp_mode": "catmullrom"
						},
						"1.25": {
							"post": [0, 1.67, 0.67],
							"lerp_mode": "catmullrom"
						},
						"1.5": {
							"post": [0, 3, -1],
							"lerp_mode": "catmullrom"
						}
					}
				},
				"forearm_right": {
					"rotation": {
						"0.0": {
							"post": [0, -30, 0],
							"lerp_mode": "catmullrom"
						},
						"1.5": {
							"post": [0, -30, 0],
							"lerp_mode": "catmullrom"
						}
					}
				},
				"tail": {
					"rotation": {
						"0.0": {
							"post": [0, 0, 0],
							"lerp_mode": "catmullrom"
						},
						"0.25": {
							"post": [-5, 0, 0],
							"lerp_mode": "catmullrom"
						},
						"0.75": {
							"post": [0, 0, 0],
							"lerp_mode": "catmullrom"
						},
						"1.0": {
							"post": [-5, 0, 0],
							"lerp_mode": "catmullrom"
						},
						"1.5": {
							"post": [0, 0, 0],
							"lerp_mode": "catmullrom"
						}
					}
				},
				"leg_left": {
					"rotation": {
						"0.0": {
							"post": [-22.5, 0, -15],
							"lerp_mode": "catmullrom"
						},
						"0.75": {
							"post": [22.5, 0, -15],
							"lerp_mode": "catmullrom"
						},
						"1.5": {
							"post": [-22.5, 0, -15],
							"lerp_mode": "catmullrom"
						}
					},
					"position": {
						"0.0": {
							"post": [0, -0.5, -1],
							"lerp_mode": "catmullrom"
						},
						"0.75": {
							"post": [0, -0.25, 0],
							"lerp_mode": "catmullrom"
						},
						"1.25": {
							"post": [0, 1.75, -1],
							"lerp_mode": "catmullrom"
						},
						"1.5": {
							"post": [0, -0.5, -1],
							"lerp_mode": "catmullrom"
						}
					}
				},
				"foot_left": {
					"rotation": {
						"0.0": {
							"post": [22.5, 0, 15],
							"lerp_mode": "catmullrom"
						},
						"0.5": {
							"post": [-7.5, 0, 15],
							"lerp_mode": "catmullrom"
						},
						"0.75": {
							"post": [45, 0, 15],
							"lerp_mode": "catmullrom"
						},
						"1.5": {
							"post": [22.5, 0, 15],
							"lerp_mode": "catmullrom"
						}
					}
				},
				"leg_right": {
					"rotation": {
						"0.0": {
							"post": [22.5, 0, 15],
							"lerp_mode": "catmullrom"
						},
						"0.75": {
							"post": [-22.5, 0, 15],
							"lerp_mode": "catmullrom"
						},
						"1.5": {
							"post": [22.5, 0, 15],
							"lerp_mode": "catmullrom"
						}
					},
					"position": {
						"0.0": {
							"post": [0, -0.25, 0],
							"lerp_mode": "catmullrom"
						},
						"0.5": {
							"post": [0, 1.75, -1],
							"lerp_mode": "catmullrom"
						},
						"0.75": {
							"post": [0, -0.5, -1],
							"lerp_mode": "catmullrom"
						},
						"1.5": {
							"post": [0, -0.25, 0],
							"lerp_mode": "catmullrom"
						}
					}
				},
				"foot_right": {
					"rotation": {
						"0.0": {
							"post": [45, 0, -15],
							"lerp_mode": "catmullrom"
						},
						"0.75": {
							"post": [22.5, 0, -15],
							"lerp_mode": "catmullrom"
						},
						"1.25": {
							"post": [-7.5, 0, -15],
							"lerp_mode": "catmullrom"
						},
						"1.5": {
							"post": [45, 0, -15],
							"lerp_mode": "catmullrom"
						}
					}
				}
			}
		},
		"animation.swampert_mega.water_idle": {
			"loop": true,
			"bones": {
				"body": {
					"rotation": [75, 0, 0]
				},
				"head": {
					"rotation": [-75, 0, 0],
					"position": [0, 0, 0]
				},
				"arm_left": {
					"rotation": [-60, 30, "1.5*(math.sin(q.anim_time*90*3)*1+1)"]
				},
				"forearm_left": {
					"rotation": [0, "45+1.5*(math.sin(q.anim_time*90*3-90)*1+1)", 0]
				},
				"finger_left_middle": {
					"rotation": [0, 0, -20]
				},
				"finger_left_side3": {
					"rotation": [0, 15, -15]
				},
				"finger_left_side4": {
					"rotation": [0, -15, -15]
				},
				"leg_left": {
					"rotation": [30, 0, "-45+2*(math.sin(q.anim_time*90*3)*1+1)"],
					"position": [0, -0.25, 0]
				},
				"foot_left": {
					"rotation": ["30+4*(math.sin(q.anim_time*90*3-90)*1+1)", 0, 0]
				},
				"leg_right": {
					"rotation": [30, 0, "45-2*(math.sin(q.anim_time*90*3)*1+1)"],
					"position": [0, -0.25, 0]
				},
				"foot_right": {
					"rotation": ["30+4*(math.sin(q.anim_time*90*3-90)*1+1)", 0, 0]
				},
				"tail": {
					"rotation": ["-30-4*(math.sin(q.anim_time*90*2)*1+1)", 0, 0]
				},
				"swampert_mega": {
					"position": [0, "-0.15*(math.sin(q.anim_time*90*3-90)*1+1)", 4]
				},
				"arm_right": {
					"rotation": [-60, -30, "-1.5*(math.sin(q.anim_time*90*3)*1+1)"]
				},
				"forearm_right": {
					"rotation": [0, "-45-1.5*(math.sin(q.anim_time*90*3-90)*1+1)", 0]
				}
			}
		},
		"animation.swampert_mega.blink": {
			"animation_length": 0.1667,
			"bones": {
				"eyelid_left": {
					"position": {
						"0.0": [0, 0, -0.1],
						"0.125": [0, 0, -0.1],
						"0.1667": [0, 0, 0]
					}
				},
				"eyelid_right": {
					"position": {
						"0.0": [0, 0, -0.1],
						"0.125": [0, 0, -0.1],
						"0.1667": [0, 0, 0]
					}
				}
			}
		},
		"animation.swampert_mega.cry": {
			"animation_length": 4.25,
			"bones": {
				"arceus": {
					"rotation": {
						"0.0": [0, 0, 0],
						"3.0": [7.5, 0, 0]
					},
					"position": {
						"0.0": [0, 0, 0],
						"3.0": [0, -2.1, 0]
					}
				},
				"front_leg_left": {
					"rotation": {
						"0.0": [-15, 0, 0],
						"2.75": [-44.37, 0, 0],
						"3.0": [-22.5, 0, 0],
						"4.0": [-53.5, 0, 0]
					},
					"position": [0, 0, 0]
				},
				"BottomLegFL": {
					"rotation": {
						"0.0": [15, 0, 0],
						"4.0": [60, 0, 0]
					},
					"position": [0, 0, 0]
				},
				"front_leg_right": {
					"rotation": {
						"0.0": [2.5, 0, 0],
						"3.0": [-7.5, 0, 0],
						"4.0": [-27.5, 0, 0]
					},
					"position": [0, 0, 0]
				},
				"bottomLegFR": {
					"rotation": {
						"0.0": [7.5, 0, 0],
						"3.0": [20, 0, 0],
						"4.0": [46, 0, 0]
					},
					"position": [0, 0, 0]
				},
				"torso": {
					"rotation": [0, 0, 0],
					"position": [0, 0, 0]
				},
				"tail_piece_1": {
					"rotation": {
						"0.0": [0, 0, 0],
						"1.0": [7.5, 0, 0],
						"4.0": [-7.5, 0, 0]
					},
					"position": [0, 0, 0]
				},
				"tail_piece_2": {
					"rotation": {
						"0.0": [0, 0, 0],
						"1.0": [7.5, 0, 0],
						"4.0": [-12.5, 0, 0]
					},
					"position": [0, 0, 0]
				},
				"tail_piece_3": {
					"rotation": {
						"0.0": [0, 0, 0],
						"1.0": [10, 0, 0],
						"4.0": [-5, 0, 0]
					},
					"position": [0, 0, 0]
				},
				"ring": {
					"rotation": [0, 0, 0],
					"position": [0, 0, 0]
				},
				"back_leg_left": {
					"rotation": {
						"0.0": [5, 0, 0],
						"3.0": [-5, 0, 0]
					},
					"position": [0, 0, 0]
				},
				"BottomLegBL": {
					"rotation": [-5, 0, 0],
					"position": [0, 0, 0]
				},
				"back_leg_right": {
					"rotation": [5, 0, 0],
					"position": [0, 0, 0]
				},
				"BottomLegBR": {
					"rotation": [-5, 0, 0],
					"position": [0, 0, 0]
				},
				"neck": {
					"rotation": [0, 0, 0],
					"position": [0, 0, 0]
				},
				"neck_upper": {
					"rotation": {
						"0.0": [0, 0, 0],
						"4.0": [20, 0, 0]
					},
					"position": [0, 0, 0]
				},
				"head_tail": {
					"rotation": {
						"0.0": [0, 0, 0],
						"1.0": [15, 0, 0]
					},
					"position": {
						"0.0": [0, 0, 0],
						"1.0": [0, 0, -1.1]
					}
				},
				"head_tail_2": {
					"rotation": {
						"0.0": [0, 0, 0],
						"1.0": [12.5, 0, 0]
					},
					"position": {
						"0.0": [0, 0, 0],
						"1.0": [0, 0, -0.8]
					}
				},
				"head_tail_3": {
					"rotation": {
						"0.0": [0, 0, 0],
						"1.0": [10, 0, 0]
					},
					"position": {
						"0.0": [0, 0, 0],
						"1.0": [0, 0, -0.5]
					}
				},
				"head_tail_4": {
					"rotation": {
						"0.0": [0, 0, 0],
						"1.0": [10, 0, 0]
					},
					"position": [0, 0, 0]
				},
				"head": {
					"rotation": {
						"0.0": [0, 0, 0],
						"1.0": [-47.5, 0, 0],
						"2.0": [-67.5, 0, 0],
						"4.0": [30, 0, 0]
					},
					"position": {
						"0.0": [0, 0, 0],
						"4.0": [0, -2.1, 0.6]
					}
				},
				"tail": {
					"rotation": {
						"0.0": [0, 0, 0],
						"1.0": [15, 0, 0],
						"2.0": [62.5, 0, 0],
						"4.0": [-10, 0, 0]
					},
					"position": [0, 0, 0]
				}
			},
			"sound_effects": {
				"0.0": {
					"effect": "pokemon.swampert.cry"
				}
			}
		}
	}
}