{"format_version":"1.8.0","animations":{"animation.tapubulu.ground_idle":{"loop":true,"animation_length":2,"bones":{"body":{"rotation":[7.5,0,0]},"leftarm":{"rotation":{"0.0":[0,0,32.5],"1.0":[0,0,50],"1.8333":[0,0,27.92],"2.0":[0,0,32.5]}},"bone":{"rotation":{"0.0":[0,45,85],"1.0":[7.43656,44.5119,95.54684],"1.7917":[-2.81494,44.69167,81.98189],"2.0":[0,45,85]}},"leftarm2":{"rotation":{"0.0":[0,0,-32.5],"1.0":[0,0,-50],"1.8333":[0,0,-27.92],"2.0":[0,0,-32.5]}},"bone2":{"rotation":{"0.0":[0,-45,85],"1.0":[-7.43656,-44.5119,95.54684],"1.7917":[2.13868,-44.7212,81.98009],"2.0":[0,-45,85]}},"hat":{"rotation":{"0.0":[7.5,0,0],"0.9583":[7.24721,-1.93597,14.87739],"2.0":[7.5,0,0]}},"tail":{"rotation":{"0.0":[-7.5,0,0],"1.0":[22.5,0,0],"1.7083":[-10.83,0,0],"2.0":[-7.5,0,0]}},"tail2":{"rotation":{"0.0":[-37.5,0,0],"1.0":[-17.5,0,0],"1.5833":[-17.5,0,0],"2.0":[-37.5,0,0]}},"hat2":{"rotation":{"0.0":[-7.5,0,0],"0.9583":[-7.24721,-1.93597,-14.87739],"2.0":[-7.5,0,0]}},"full_body":{"rotation":{"0.0":[0,0,0],"1.0":[10,0,0],"2.0":[0,0,0]},"position":{"0.0":[0,0,0],"1.0":[0,-5,0],"1.1667":[0,-6,0],"1.9167":[0,-1,0],"2.0":[0,0,0]}},"nosering":{"rotation":{"0.0":[0,0,0],"0.9167":[-30,0,0],"2.0":[0,0,0]}}}},"animation.tapubulu.ground_walk":{"loop":true,"animation_length":1,"bones":{"body":{"rotation":[7.5,0,0]},"leftarm":{"rotation":{"0.0":[42.5,0,32.5],"0.5":[22.5,0,32.5],"1.0":[42.5,0,32.5]}},"bone":{"rotation":[0,45,85]},"leftarm2":{"rotation":{"0.0":[137.5,-180,-212.5],"0.5":[160,-180,-212.5],"1.0":[137.5,-180,-212.5]}},"bone2":{"rotation":[0,-45,85]},"hat":{"rotation":{"0.0":[7.5,0,0],"0.5":[7.47178,-0.65182,4.95744],"1.0":[7.5,0,0]}},"tail":{"rotation":{"0.0":[27.5,0,0],"0.5":[47.5,0,0],"1.0":[27.5,0,0]}},"tail2":{"rotation":{"0.0":[12.5,0,0],"0.5":[22.5,0,0],"1.0":[12.5,0,0]}},"hat2":{"rotation":{"0.0":[-7.5,0,0],"0.5":[-7.47178,-0.65182,-4.95744],"1.0":[-7.5,0,0]}},"full_body":{"rotation":{"0.0":[-5,0,0],"0.5":[7.5,0,0],"0.8333":[-7.92,0,0],"1.0":[-5,0,0]},"position":[0,0,0]},"nosering":{"rotation":{"0.0":[-30,0,0],"0.5":[0,0,0],"1.0":[-30,0,0]}}}}},"geckolib_format_version":2}