{
	"format_version": "1.8.0",
	"animations": {
		"animation.terapagos.ground_idle": {
			"loop": true,
			"bones": {
				"leg_front_left": {
					"rotation": [20.94102, 40.78947, 30.36119],
					"position": [0, -0.8, -1]
				},
				"bone8": {
					"rotation": ["-25-math.cos((query.anim_time - 0.5) * 90) * 4", 0, 0],
					"position": [0, 0.25, 0]
				},
				"terapagosbaby": {
					"position": [0, 0, 0]
				},
				"leg_front_left2": {
					"rotation": [0, 0, 67.5]
				},
				"bone22": {
					"rotation": ["-30-math.cos((query.anim_time - 0.8) * 90) * 4", 0, 0]
				},
				"bone23": {
					"rotation": [-25, 0, 0]
				},
				"torso": {
					"rotation": [
						"0+math.cos((query.anim_time - 0.2) * 90) * 2",
						"0-math.cos((query.anim_time - 0.2) * 45) * 4",
						"0+math.cos((query.anim_time - 0.2) * 45) * 4"
					]
				},
				"neck": {
					"rotation": ["0+math.cos((query.anim_time - 0.2) * 90) * 2", 0, 0]
				},
				"head": {
					"rotation": ["0+math.cos((query.anim_time - 0.2) * 90) * 2", 0, 0]
				},
				"bone3": {
					"rotation": ["0+math.cos((query.anim_time - 0.7) * 90) * 2", 0, 0]
				},
				"tail": {
					"rotation": ["-17.5+math.cos((query.anim_time - 0.5) * 90) * 2", 0, 0]
				},
				"tail2": {
					"rotation": ["15+math.cos((query.anim_time - 0.7) * 90) * 2", 0, 0]
				},
				"tail3": {
					"rotation": ["22.5+math.cos((query.anim_time - 1.1) * 90) * 2", 0, 0]
				},
				"torso2": {
					"scale": 0
				},
				"effect": {
					"position": [0, -28, 0],
					"scale": 0
				},
				"leg_back_left": {
					"rotation": [-20.941, -40.7895, 30.3612],
					"position": [0.5, -0.8, 1]
				},
				"leg_back_left2": {
					"rotation": [0, 0, 67.5]
				},
				"leg_front_right": {
					"rotation": [20.94102, -40.7895, -30.3612],
					"position": [0.5, -0.8, -1]
				},
				"leg_front_right2": {
					"rotation": [0, 0, -67.5]
				},
				"leg_back_right": {
					"rotation": [-20.941, 40.78947, -30.3612],
					"position": [0.5, -0.8, 0.5]
				},
				"leg_back_right2": {
					"rotation": [0, 0, -67.5]
				},
				"terapagostera": {
					"position": [0, -27, 0]
				}
			}
		},
		"animation.terapagos.battle_idle": {
			"loop": true,
			"bones": {
				"leg_front_left": {
					"rotation": [20.94102, 40.78947, 30.36119],
					"position": [0, -0.8, -1]
				},
				"bone8": {
					"rotation": ["-25-math.cos((query.anim_time - 0.5) * 90) * 4", 0, 0],
					"position": [0, 0.25, 0]
				},
				"terapagosbaby": {
					"position": [0, 0, 0]
				},
				"leg_front_left2": {
					"rotation": [0, 0, 67.5]
				},
				"bone22": {
					"rotation": ["-30-math.cos((query.anim_time - 0.8) * 90) * 4", 0, 0]
				},
				"bone23": {
					"rotation": [-25, 0, 0]
				},
				"torso": {
					"rotation": [
						"0+math.cos((query.anim_time - 0.2) * 90) * 2",
						"0-math.cos((query.anim_time - 0.2) * 45) * 4",
						"0+math.cos((query.anim_time - 0.2) * 45) * 4"
					]
				},
				"neck": {
					"rotation": ["0+math.cos((query.anim_time - 0.2) * 90) * 2", 0, 0]
				},
				"head": {
					"rotation": ["0+math.cos((query.anim_time - 0.2) * 90) * 2", 0, 0]
				},
				"bone3": {
					"rotation": ["0+math.cos((query.anim_time - 0.7) * 90) * 2", 0, 0]
				},
				"tail": {
					"rotation": ["-17.5+math.cos((query.anim_time - 0.5) * 90) * 2", 0, 0]
				},
				"tail2": {
					"rotation": ["15+math.cos((query.anim_time - 0.7) * 90) * 2", 0, 0]
				},
				"tail3": {
					"rotation": ["22.5+math.cos((query.anim_time - 1.1) * 90) * 2", 0, 0]
				},
				"torso2": {
					"scale": 0
				},
				"effect": {
					"position": [0, -28, 0],
					"scale": 0
				},
				"leg_back_left": {
					"rotation": [-20.941, -40.7895, 30.3612],
					"position": [0.5, -0.8, 1]
				},
				"leg_back_left2": {
					"rotation": [0, 0, 67.5]
				},
				"leg_front_right": {
					"rotation": [20.94102, -40.7895, -30.3612],
					"position": [0.5, -0.8, -1]
				},
				"leg_front_right2": {
					"rotation": [0, 0, -67.5]
				},
				"leg_back_right": {
					"rotation": [-20.941, 40.78947, -30.3612],
					"position": [0.5, -0.8, 0.5]
				},
				"leg_back_right2": {
					"rotation": [0, 0, -67.5]
				},
				"terapagostera": {
					"position": [0, -27, 0]
				}
			}
		},
		"animation.terapagos.ground_walk": {
			"loop": true,
			"animation_length": 1.33333,
			"bones": {
				"foot_front_left": {
					"rotation": {
						"0.0": ["-7+math.clamp(math.sin(q.anim_time*90*3-90)*20,0,20)+math.clamp(math.sin(q.anim_time*90*3+90)*1 ,0,20)", 0, 10],
						"0.25": [-5.29289, 0, 10],
						"0.3333": ["0+math.clamp(math.sin(q.anim_time*90*3-90)*20,0,20)+math.clamp(math.sin(q.anim_time*90*3+90)*1 ,0,20)", 0, 10],
						"1.0": ["8+math.clamp(math.sin(q.anim_time*90*3-90)*20,0,20)+math.clamp(math.sin(q.anim_time*90*3+90)*1 ,0,20)", 0, 10],
						"1.1667": ["2+math.clamp(math.sin(q.anim_time*90*3-90)*20,0,20)+math.clamp(math.sin(q.anim_time*90*3+90)*1 ,0,20)", 0, 10],
						"1.3333": ["-7+math.clamp(math.sin(q.anim_time*90*3-90)*20,0,20)+math.clamp(math.sin(q.anim_time*90*3+90)*1 ,0,20)", 0, 10]
					},
					"position": {
						"0.0": [0, 0.1, 0],
						"0.25": [0, 0.5, 0],
						"0.4167": [0, 0.5, 0],
						"0.6667": [0, 0, 0],
						"1.3333": [0, 0.1, 0]
					}
				},
				"foot_front_right": {
					"rotation": {
						"0.0": ["math.clamp(math.sin(q.anim_time*90*3+90)*20,0,20)+math.clamp(math.sin(q.anim_time*90*3+270)*1 ,0,20)", 0, -10],
						"0.3333": ["8+math.clamp(math.sin(q.anim_time*90*3+90)*20,0,20)+math.clamp(math.sin(q.anim_time*90*3+270)*1 ,0,20)", 0, -10],
						"0.5": ["2+math.clamp(math.sin(q.anim_time*90*3+90)*20,0,20)+math.clamp(math.sin(q.anim_time*90*3+270)*1 ,0,20)", 0, -10],
						"0.6667": ["-7+math.clamp(math.sin(q.anim_time*90*3+90)*20,0,20)+math.clamp(math.sin(q.anim_time*90*3+270)*1 ,0,20)", 0, -10],
						"0.9167": [-5.29289, 0, -10],
						"1.0": ["0+math.clamp(math.sin(q.anim_time*90*3+90)*20,0,20)+math.clamp(math.sin(q.anim_time*90*3+270)*1 ,0,20)", 0, -10],
						"1.3333": ["math.clamp(math.sin(q.anim_time*90*3+90)*20,0,20)+math.clamp(math.sin(q.anim_time*90*3+270)*1 ,0,20)", 0, -10]
					},
					"position": {
						"0.0": [0, 0, 0],
						"0.6667": [0, 0.1, 0],
						"0.9167": [0, 0.5, 0],
						"1.0833": [0, 0.5, 0],
						"1.3333": [0, 0, 0]
					}
				},
				"foot_back_right": {
					"rotation": {
						"0.0": ["0+math.clamp(math.sin(q.anim_time*90*3-150)*15,0,20)-math.clamp(math.sin(q.anim_time*90*3+150)*2,-2,20)", 0, -10],
						"0.5": ["0+math.clamp(math.sin(q.anim_time*90*3-150)*15,0,20)-math.clamp(math.sin(q.anim_time*90*3+150)*2,-2,20)", 0, -10],
						"0.5833": ["2.5+math.clamp(math.sin(q.anim_time*90*3-150)*15,0,20)-math.clamp(math.sin(q.anim_time*90*3+150)*2,-2,20)", 0, -10],
						"0.9583": ["math.clamp(math.sin(q.anim_time*90*3-150)*15,0,20)-math.clamp(math.sin(q.anim_time*90*3+150)*2,-2,20)", 0, -10],
						"1.1667": ["-2.5+math.clamp(math.sin(q.anim_time*90*3-150)*15,0,20)-math.clamp(math.sin(q.anim_time*90*3+150)*2,-2,20)", 0, -10],
						"1.3333": ["0+math.clamp(math.sin(q.anim_time*90*3-150)*15,0,20)-math.clamp(math.sin(q.anim_time*90*3+150)*2,-2,20)", 0, -10]
					},
					"position": [0, 0.2, 0]
				},
				"foot_back_left": {
					"rotation": {
						"0.0": ["0+math.clamp(math.sin(q.anim_time*90*3+30)*15,0,20)-math.clamp(math.sin(q.anim_time*90*3+210)*2,-2,20)", 0, 10],
						"0.5": ["0+math.clamp(math.sin(q.anim_time*90*3+30)*15,0,20)-math.clamp(math.sin(q.anim_time*90*3+210)*2,-2,20)", 0, 10],
						"0.5833": ["2.5+math.clamp(math.sin(q.anim_time*90*3+30)*15,0,20)-math.clamp(math.sin(q.anim_time*90*3+210)*2,-2,20)", 0, 10],
						"0.9583": ["math.clamp(math.sin(q.anim_time*90*3+30)*15,0,20)-math.clamp(math.sin(q.anim_time*90*3+210)*2,-2,20)", 0, 10],
						"1.1667": ["-2.5+math.clamp(math.sin(q.anim_time*90*3+30)*15,0,20)-math.clamp(math.sin(q.anim_time*90*3+210)*2,-2,20)", 0, 10],
						"1.3333": ["0+math.clamp(math.sin(q.anim_time*90*3+30)*15,0,20)-math.clamp(math.sin(q.anim_time*90*3+210)*2,-2,20)", 0, 10]
					},
					"position": [0, 0.2, 0]
				},
				"bush_left": {
					"rotation": ["0+math.cos(q.anim_time*90*3*2-60)*1", 0, "0+math.sin(q.anim_time*90*3-60)*6"],
					"position": {
						"0.0": [0, 0, 0],
						"0.2917": [0, 0, 0],
						"0.3333": [0, 0.3, 0],
						"0.375": [0, -0.26, 0],
						"0.4583": [0, 0, 0],
						"1.0": [0, 0, 0],
						"1.0417": [0, 0.3, 0],
						"1.0833": [0, -0.26, 0],
						"1.1667": [0, 0, 0],
						"1.3333": [0, 0, 0]
					}
				},
				"bush_right": {
					"rotation": ["0+math.cos(q.anim_time*90*3*2-60)*1", 0, "0+math.sin(q.anim_time*90*3-60)*6"],
					"position": {
						"0.0": [0, 0, 0],
						"0.3333": [0, 0, 0],
						"0.375": [0, 0.3, 0],
						"0.4167": [0, -0.26, 0],
						"0.5": [0, 0, 0],
						"0.9583": [0, 0, 0],
						"1.0": [0, 0.3, 0],
						"1.0417": [0, -0.26, 0],
						"1.125": [0, 0, 0],
						"1.3333": [0, 0, 0]
					}
				},
				"body": {
					"position": {
						"0.0": [0, -0.1, 0],
						"0.25": [0, -0.1, 0],
						"0.2917": [0, -0.2, 0],
						"0.375": [0, -0.1, 0],
						"0.5": [0, -0.1, 0],
						"0.5417": [0, -0.1, 0],
						"0.625": [0, -0.1, 0],
						"0.9167": [0, -0.1, 0],
						"0.9583": [0, -0.2, 0],
						"1.0417": [0, -0.1, 0],
						"1.1667": [0, -0.1, 0],
						"1.2083": [0, -0.1, 0],
						"1.2917": [0, -0.1, 0]
					}
				},
				"torso": {
					"rotation": ["0+math.sin(q.anim_time*90*3*2)*1", "0-math.cos(q.anim_time*90*3)*3", "0+math.sin(q.anim_time*90*3)*2"],
					"position": [0, "0+math.sin(q.anim_time*90*3*2)*0.4", 0]
				},
				"head": {
					"rotation": [3, "0-math.sin(q.anim_time*90*3+30)*-2", "0+math.sin(q.anim_time*90*3+30)*2"]
				},
				"tail": {
					"rotation": ["5+math.sin(q.anim_time*90*3*2-30)*1", "0+math.cos(q.anim_time*90*3-30)*-1", 0]
				},
				"tail2": {
					"rotation": ["-4+math.sin(q.anim_time*90*3*2-60)*2", "0+math.cos(q.anim_time*90*3-60)*-4", 0]
				},
				"tail3": {
					"rotation": ["0+math.sin(q.anim_time*90*3*2-90)*5", "0+math.cos(q.anim_time*90*3-90)*-4", 0]
				},
				"leg_front_left": {
					"rotation": ["20.941-math.sin(q.anim_time*90*3-180)*15", "40.7895+math.sin(q.anim_time*90*3-180)*6", 30.3612],
					"position": [
						"0+math.cos(q.anim_time*90*3-180)*-0.3",
						"-0.7+math.clamp(math.cos(q.anim_time*90*3-180)*1,0,2)",
						"-0.5-math.sin(q.anim_time*90*3-180)*0.5"
					]
				},
				"leg_back_left": {
					"rotation": ["-20.941-math.sin(q.anim_time*90*3-60)*6", "-40.7895+math.sin(q.anim_time*90*3-60)*6", 30.3612],
					"position": ["0+math.cos(q.anim_time*90*3-60)*0.2", "-0.7+math.clamp(math.cos(q.anim_time*90*3-60)*1,0,2)", "0-math.sin(q.anim_time*90*3-60)*0.7"]
				},
				"leg_front_right": {
					"rotation": ["20.941-math.sin(q.anim_time*90*3-60)*6", "-40.7895+math.sin(q.anim_time*90*3-60)*6", -30.3612],
					"position": ["0+math.cos(q.anim_time*90*3-60)*0.2", "-0.7+math.clamp(math.cos(q.anim_time*90*3-60)*1,0,2)", "-1-math.sin(q.anim_time*90*3-60)*0.7"]
				},
				"leg_back_right": {
					"rotation": ["-20.941-math.sin(q.anim_time*90*3-180)*15", "40.7895+math.sin(q.anim_time*90*3-180)*6", -30.3612],
					"position": ["0+math.cos(q.anim_time*90*3-180)*-0.3", "-0.7+math.clamp(math.cos(q.anim_time*90*3-180)*1,0,2)", "0.5-math.sin(q.anim_time*90*3-180)*0.5"]
				},
				"bone8": {
					"rotation": [-25, 0, 0],
					"position": [0, 0.25, 0]
				},
				"bone22": {
					"rotation": [-30, 0, 0]
				},
				"bone23": {
					"rotation": [-25, 0, 0]
				},
				"leg_front_left2": {
					"rotation": [0, 0, 67.5]
				},
				"terapagostera": {
					"position": [0, -14, 0],
					"scale": 0
				},
				"bone16": {
					"scale": 0
				},
				"effect": {
					"position": [0, -33, 0],
					"scale": 0
				},
				"effect3": {
					"scale": 0
				},
				"leg_back_left2": {
					"rotation": [0, 0, 67.5]
				},
				"leg_front_right2": {
					"rotation": [0, 0, -67.5]
				},
				"leg_back_right2": {
					"rotation": [0, 0, -67.5]
				}
			}
		},
		"animation.terapagos.cry": {
			"animation_length": 0.75,
			"bones": {
				"bone24": {
					"position": {
						"0.0": [0, 0, 0],
						"0.25": {
							"pre": [0, 0, 0],
							"post": [0, -0.01, 0]
						},
						"0.6667": {
							"pre": [0, -0.01, 0],
							"post": [0, -0.01, 0]
						},
						"0.75": {
							"pre": [0, -0.01, 0],
							"post": [0, 0, 0]
						}
					}
				},
				"head": {
					"rotation": {
						"0.0": [0, 0, 0],
						"0.25": [-17.5, 0, 0],
						"0.6667": [-17.5, 0, 0],
						"0.75": [0, 0, 0]
					}
				}
			}
		},
		"animation.terapagos.pose": {
			"loop": true,
			"bones": {
				"leg_front_left": {
					"rotation": [35.26439, 30, 54.73561],
					"position": [0, -0.8, -1]
				},
				"bone8": {
					"rotation": ["-25-math.cos((query.anim_time - 0.2) * 90) * 4", 0, 0],
					"position": [0, 0.25, 0]
				},
				"terapagosbaby": {
					"position": [0, 0, 0]
				},
				"bone22": {
					"rotation": ["-30-math.cos((query.anim_time - 0.5) * 90) * 4", 0, 0]
				},
				"bone23": {
					"rotation": [-25, 0, 0]
				},
				"torso": {
					"rotation": [
						"0+math.cos((query.anim_time - 0.2) * 90) * 2",
						"0-math.cos((query.anim_time - 0.2) * 45) * 4",
						"0+math.cos((query.anim_time - 0.2) * 45) * 4"
					]
				},
				"neck": {
					"rotation": ["-17.5+math.cos((query.anim_time - 0.2) * 90) * 2", 0, 0]
				},
				"head": {
					"rotation": ["25.398+math.cos((query.anim_time - 0.5) * 90) * 2", -75.15682, -37.42835]
				},
				"bone3": {
					"rotation": ["0+math.cos((query.anim_time - 0.7) * 90) * 2", 0, 0]
				},
				"tail": {
					"rotation": ["-17.5+math.cos((query.anim_time - 0.5) * 90) * 2", 0, 0]
				},
				"tail2": {
					"rotation": ["15+math.cos((query.anim_time - 0.7) * 90) * 2", 0, 0]
				},
				"tail3": {
					"rotation": ["22.5+math.cos((query.anim_time - 1.1) * 90) * 2", 0, 0]
				},
				"torso2": {
					"scale": 0
				},
				"effect": {
					"scale": 0
				},
				"leg_back_left": {
					"rotation": [-39.32269, -23.9275, 63.65902],
					"position": [0.5, -0.8, 1]
				},
				"leg_front_right": {
					"rotation": [31.33145, -34.12401, -47.33884],
					"position": [0.5, -0.8, -1]
				},
				"leg_back_right": {
					"rotation": [-32.73175, 32.79851, -49.87838],
					"position": [0.5, -0.8, 0.5]
				},
				"bone24": {
					"position": [0, -0.01, 0]
				},
				"leg_front_left3": {
					"rotation": [0, 0, 80],
					"position": [1, 0, 0]
				},
				"leg_back_left3": {
					"rotation": [0, 0, 65],
					"position": [1, 0, 0]
				},
				"leg_front_right3": {
					"rotation": [0, 0, -70],
					"position": [-1, 0, 0]
				},
				"leg_back_right3": {
					"rotation": [0, 0, -80],
					"position": [-1, 0, 0]
				}
			}
		},
		"animation.terapagos.blink": {
			"animation_length": 0.125,
			"bones": {
				"bone49": {
					"position": {
						"0.0": [1, 0, 0],
						"0.0833": [0, 0, 0],
						"0.125": [1, 0, 0]
					}
				},
				"bone50": {
					"position": {
						"0.0": [-1, 0, 0],
						"0.0833": [0, 0, 0],
						"0.125": [-1, 0, 0]
					}
				},
				"bone57": {
					"position": {
						"0.0": [1, 0, 0],
						"0.0833": [0, 0, 0],
						"0.125": [1, 0, 0]
					}
				},
				"bone56": {
					"position": {
						"0.0": [-1, 0, 0],
						"0.0833": [0, 0, 0],
						"0.125": [-1, 0, 0]
					}
				}
			}
		}
	}
}