{
	"format_version": "1.8.0",
	"animations": {
		"animation.terastal.ground_idle": {
			"loop": true,
			"animation_length": 6.375,
			"bones": {
				"torso": {
					"rotation": [
						"-50+math.cos((query.anim_time - 0.2) * 90) * 2",
						"-math.cos((query.anim_time - 0.2) * 45) * 4",
						"math.cos((query.anim_time - 0.2) * 45) * 4"
					]
				},
				"neck": {
					"rotation": ["32.5+math.cos((query.anim_time - 0.2) * 90) * 2", 0, 0]
				},
				"head": {
					"rotation": [20, 0, 0]
				},
				"bone8": {
					"rotation": ["-25-math.cos((query.anim_time - 0.5) * 90) * 4", 0, 0],
					"position": [0, 0.25, 0]
				},
				"bone22": {
					"rotation": ["-30-math.cos((query.anim_time - 0.8) * 90) * 4", 0, 0]
				},
				"bone23": {
					"rotation": [-25, 0, 0]
				},
				"bone3": {
					"rotation": ["0+math.cos((query.anim_time - 0.7) * 90) * 2", 0, 0]
				},
				"bone10": {
					"rotation": {
						"0.0": [0, 0, 0],
						"6.375": [0, -5, 0]
					}
				},
				"tail": {
					"rotation": ["55+math.cos((query.anim_time - 0.5) * 90) * 2", 0, 0]
				},
				"tail2": {
					"rotation": ["15+math.cos((query.anim_time - 0.7) * 90) * 2", 0, 0]
				},
				"tail3": {
					"rotation": ["22.5+math.cos((query.anim_time - 1.1) * 90) * 2", 0, 0]
				},
				"leg_front_left": {
					"rotation": [0, 25, 0],
					"position": [0, 0, 4]
				},
				"leg_front_left2": {
					"rotation": [0, 52.5, 0]
				},
				"leg_front_right": {
					"rotation": [5.7632, -24.3683, -13.74538],
					"position": [0, 0, 4]
				},
				"leg_front_right2": {
					"rotation": [0, -52.5, 0]
				},
				"leg_back_left": {
					"rotation": [0, 0, 47.5]
				},
				"leg_back_left2": {
					"rotation": [0, 0, 40]
				},
				"leg_back_right": {
					"rotation": [0, 0, -47.5]
				},
				"leg_back_right2": {
					"rotation": [0, 0, -40]
				},
				"terapagostera": {
					"rotation": [
						"0+math.cos((query.anim_time - 0.2) * 90) * 2",
						"0-math.cos((query.anim_time - 0.2) * 45) * 4",
						"0+math.cos((query.anim_time - 0.2) * 45) * 4"
					]
				},
				"bone38": {
					"rotation": [
						"0.6576+math.cos((query.anim_time - 0.2) * 90) * 2",
						"0.3902-math.cos((query.anim_time - 0.2) * 45) * 4",
						"-10.0139+math.cos((query.anim_time - 0.2) * 45) * 4"
					]
				},
				"bone39": {
					"rotation": [
						"0+math.cos((query.anim_time - 0.2) * 90) * 2",
						"0-math.cos((query.anim_time - 0.2) * 45) * 4",
						"0+math.cos((query.anim_time - 0.2) * 45) * 4"
					]
				},
				"bone51": {
					"rotation": ["15+math.cos((query.anim_time - 0.9) * 90) * 2", 0, 0]
				},
				"bone20": {
					"rotation": [
						"0+math.cos((query.anim_time - 0.2) * 90) * 2",
						"0-math.cos((query.anim_time - 0.2) * 45) * 4",
						"0+math.cos((query.anim_time - 0.2) * 45) * 4"
					]
				},
				"terapagosbaby": {
					"scale": 0
				},
				"effect": {
					"scale": 0
				}
			}
		},
		"animation.terastal.battle_idle": {
			"loop": true,
			"animation_length": 6.375,
			"bones": {
				"torso": {
					"rotation": [
						"-50+math.cos((query.anim_time - 0.2) * 90) * 2",
						"-math.cos((query.anim_time - 0.2) * 45) * 4",
						"math.cos((query.anim_time - 0.2) * 45) * 4"
					]
				},
				"neck": {
					"rotation": ["32.5+math.cos((query.anim_time - 0.2) * 90) * 2", 0, 0]
				},
				"head": {
					"rotation": [20, 0, 0]
				},
				"bone8": {
					"rotation": ["-25-math.cos((query.anim_time - 0.5) * 90) * 4", 0, 0],
					"position": [0, 0.25, 0]
				},
				"bone22": {
					"rotation": ["-30-math.cos((query.anim_time - 0.8) * 90) * 4", 0, 0]
				},
				"bone23": {
					"rotation": [-25, 0, 0]
				},
				"bone3": {
					"rotation": ["0+math.cos((query.anim_time - 0.7) * 90) * 2", 0, 0]
				},
				"bone10": {
					"rotation": {
						"0.0": [0, 0, 0],
						"6.375": [0, -5, 0]
					}
				},
				"tail": {
					"rotation": ["55+math.cos((query.anim_time - 0.5) * 90) * 2", 0, 0]
				},
				"tail2": {
					"rotation": ["15+math.cos((query.anim_time - 0.7) * 90) * 2", 0, 0]
				},
				"tail3": {
					"rotation": ["22.5+math.cos((query.anim_time - 1.1) * 90) * 2", 0, 0]
				},
				"leg_front_left": {
					"rotation": [0, 25, 0],
					"position": [0, 0, 4]
				},
				"leg_front_left2": {
					"rotation": [0, 52.5, 0]
				},
				"leg_front_right": {
					"rotation": [5.7632, -24.3683, -13.74538],
					"position": [0, 0, 4]
				},
				"leg_front_right2": {
					"rotation": [0, -52.5, 0]
				},
				"leg_back_left": {
					"rotation": [0, 0, 47.5]
				},
				"leg_back_left2": {
					"rotation": [0, 0, 40]
				},
				"leg_back_right": {
					"rotation": [0, 0, -47.5]
				},
				"leg_back_right2": {
					"rotation": [0, 0, -40]
				},
				"terapagostera": {
					"rotation": [
						"0+math.cos((query.anim_time - 0.2) * 90) * 2",
						"0-math.cos((query.anim_time - 0.2) * 45) * 4",
						"0+math.cos((query.anim_time - 0.2) * 45) * 4"
					]
				},
				"bone38": {
					"rotation": [
						"0.6576+math.cos((query.anim_time - 0.2) * 90) * 2",
						"0.3902-math.cos((query.anim_time - 0.2) * 45) * 4",
						"-10.0139+math.cos((query.anim_time - 0.2) * 45) * 4"
					]
				},
				"bone39": {
					"rotation": [
						"0+math.cos((query.anim_time - 0.2) * 90) * 2",
						"0-math.cos((query.anim_time - 0.2) * 45) * 4",
						"0+math.cos((query.anim_time - 0.2) * 45) * 4"
					]
				},
				"bone51": {
					"rotation": ["15+math.cos((query.anim_time - 0.9) * 90) * 2", 0, 0]
				},
				"bone20": {
					"rotation": [
						"0+math.cos((query.anim_time - 0.2) * 90) * 2",
						"0-math.cos((query.anim_time - 0.2) * 45) * 4",
						"0+math.cos((query.anim_time - 0.2) * 45) * 4"
					]
				},
				"terapagosbaby": {
					"scale": 0
				},
				"effect": {
					"scale": 0
				}
			}
		},
		"animation.terastal.ground_walk": {
			"loop": true,
			"animation_length": 3,
			"bones": {
				"torso": {
					"rotation": ["-50+math.sin(q.anim_time*90*3*2)*1", "-math.cos(q.anim_time*90*3)*3", "math.sin(q.anim_time*90*3)*2"],
					"position": [0, "0+math.sin(q.anim_time*90*3*2)*0.4", 0]
				},
				"neck": {
					"rotation": ["32.5+math.cos((query.anim_time - 0.2) * 90) * 2", 0, 0]
				},
				"head": {
					"rotation": [20, 0, 0]
				},
				"bone8": {
					"rotation": ["-25-math.cos((query.anim_time - 0.5) * 90) * 4", 0, 0],
					"position": [0, 0.25, 0]
				},
				"bone22": {
					"rotation": ["-30-math.cos((query.anim_time - 0.8) * 90) * 4", 0, 0]
				},
				"bone23": {
					"rotation": [-25, 0, 0]
				},
				"bone3": {
					"rotation": ["0+math.cos((query.anim_time - 0.7) * 90) * 2", 0, 0]
				},
				"bone10": {
					"rotation": [0, 0, 0]
				},
				"tail": {
					"rotation": ["55+math.cos((query.anim_time - 0.5) * 90) * 2", 0, 0]
				},
				"tail2": {
					"rotation": ["15+math.cos((query.anim_time - 0.7) * 90) * 2", 0, 0]
				},
				"tail3": {
					"rotation": ["22.5+math.cos((query.anim_time - 1.1) * 90) * 2", 0, 0]
				},
				"leg_front_left": {
					"rotation": [0, 0, 25],
					"position": ["math.cos(q.anim_time*90*3+10)*0.2", "1.7+math.clamp(math.cos(q.anim_time*90*3-600)*1,0,2)", "4-math.sin(q.anim_time*90*3+10)*0.7"]
				},
				"leg_front_left2": {
					"rotation": [0, 52.5, 0]
				},
				"leg_front_right": {
					"rotation": ["20.941-math.sin(q.anim_time*90*3-60)*6", "-40.7895+math.sin(q.anim_time*90*3-60)*6", -30.3612],
					"position": ["-1+math.cos(q.anim_time*90*3-60)*0.2", "0.3+math.clamp(math.cos(q.anim_time*90*3-60)*1,0,2)", "2-math.sin(q.anim_time*90*3-60)*0.7"]
				},
				"leg_front_right2": {
					"rotation": [0, -52.5, 0]
				},
				"leg_back_left": {
					"rotation": [0, 0, 47.5]
				},
				"leg_back_left2": {
					"rotation": [0, 0, 40]
				},
				"leg_back_right": {
					"rotation": [0, 0, -47.5]
				},
				"leg_back_right2": {
					"rotation": [0, 0, -40]
				},
				"torso2": {
					"rotation": ["0+math.sin(q.anim_time*90*3*2)*1", "0-math.cos(q.anim_time*90*3)*3", "0+math.sin(q.anim_time*90*3)*2"],
					"position": [0, "0+math.sin(q.anim_time*90*3*2)*0.4", 0]
				},
				"bone38": {
					"rotation": ["0+math.sin(q.anim_time*90*3*2)*1", "0-math.cos(q.anim_time*90*3)*3", "0+math.sin(q.anim_time*90*3)*2"],
					"position": [0, "0+math.sin(q.anim_time*90*3*2)*0.4", 0]
				},
				"bone41": {
					"rotation": ["0+math.sin(q.anim_time*90*3*2-90)*5", "0+math.cos(q.anim_time*90*3-90)*-4", 0]
				},
				"bone39": {
					"rotation": ["0+math.sin(q.anim_time*90*3*2)*1", "0-math.cos(q.anim_time*90*3)*3", "0+math.sin(q.anim_time*90*3)*2"],
					"position": [0, "0+math.sin(q.anim_time*90*3*2)*0.4", 0]
				},
				"bone51": {
					"rotation": ["0+math.sin(q.anim_time*90*3*2-90)*5", "0+math.cos(q.anim_time*90*3-90)*-4", 0]
				},
				"bone20": {
					"rotation": ["0+math.sin(q.anim_time*90*3*2)*1", "0-math.cos(q.anim_time*90*3)*3", "0+math.sin(q.anim_time*90*3)*2"],
					"position": [0, "0+math.sin(q.anim_time*90*3*2)*0.4", 0]
				},
				"bone21": {
					"rotation": ["0+math.sin(q.anim_time*90*3*2-90)*5", "0+math.cos(q.anim_time*90*3-90)*-4", 0]
				},
				"terapagosbaby": {
					"scale": 0
				},
				"effect": {
					"scale": 0
				}
			}
		},
		"animation.terastal.cry": {
			"animation_length": 0.75,
			"bones": {
				"torso": {
					"rotation": ["-50+math.sin(q.anim_time*90*3*2)*1", "-math.cos(q.anim_time*90*3)*3", "math.sin(q.anim_time*90*3)*2"],
					"position": [0, "0+math.sin(q.anim_time*90*3*2)*0.4", 0]
				},
				"neck": {
					"rotation": ["32.5+math.cos((query.anim_time - 0.2) * 90) * 2", 0, 0]
				},
				"head": {
					"rotation": {
						"0.0": [20, 0, 0],
						"0.25": [-17.5, 0, 0],
						"0.6667": [-17.5, 0, 0],
						"0.75": [0, 0, 0]
					}
				},
				"bone8": {
					"rotation": ["-25-math.cos((query.anim_time - 0.5) * 90) * 4", 0, 0],
					"position": [0, 0.25, 0]
				},
				"bone22": {
					"rotation": ["-30-math.cos((query.anim_time - 0.8) * 90) * 4", 0, 0]
				},
				"bone23": {
					"rotation": [-25, 0, 0]
				},
				"bone3": {
					"rotation": ["0+math.cos((query.anim_time - 0.7) * 90) * 2", 0, 0]
				},
				"bone24": {
					"position": {
						"0.0": [0, 0, 0],
						"0.25": {
							"pre": [0, 0, 0],
							"post": [0, -0.01, 0]
						},
						"0.6667": [0, -0.01, 0],
						"0.75": {
							"pre": [0, -0.01, 0],
							"post": [0, 0, 0]
						}
					}
				},
				"bone10": {
					"rotation": [0, 0, 0]
				},
				"tail": {
					"rotation": ["55+math.cos((query.anim_time - 0.5) * 90) * 2", 0, 0]
				},
				"tail2": {
					"rotation": ["15+math.cos((query.anim_time - 0.7) * 90) * 2", 0, 0]
				},
				"tail3": {
					"rotation": ["22.5+math.cos((query.anim_time - 1.1) * 90) * 2", 0, 0]
				},
				"leg_front_left": {
					"rotation": [0, 0, 25],
					"position": ["math.cos(q.anim_time*90*3+10)*0.2", "1.7+math.clamp(math.cos(q.anim_time*90*3-600)*1,0,2)", "4-math.sin(q.anim_time*90*3+10)*0.7"]
				},
				"leg_front_left2": {
					"rotation": [0, 52.5, 0]
				},
				"leg_front_right": {
					"rotation": ["20.941-math.sin(q.anim_time*90*3-60)*6", "-40.7895+math.sin(q.anim_time*90*3-60)*6", -30.3612],
					"position": ["-1+math.cos(q.anim_time*90*3-60)*0.2", "0.3+math.clamp(math.cos(q.anim_time*90*3-60)*1,0,2)", "2-math.sin(q.anim_time*90*3-60)*0.7"]
				},
				"leg_front_right2": {
					"rotation": [0, -52.5, 0]
				},
				"leg_back_left": {
					"rotation": [0, 0, 47.5]
				},
				"leg_back_left2": {
					"rotation": [0, 0, 40]
				},
				"leg_back_right": {
					"rotation": [0, 0, -47.5]
				},
				"leg_back_right2": {
					"rotation": [0, 0, -40]
				},
				"head2": {
					"rotation": {
						"0.0": [0, 0, 0],
						"0.25": [-17.5, 0, 0],
						"0.6667": [-17.5, 0, 0],
						"0.75": [0, 0, 0]
					}
				},
				"effect": {
					"scale": 0
				},
				"effect2": {
					"scale": 0
				},
				"effect3": {
					"scale": 0
				},
				"terapagosbaby": {
					"scale": 0
				}
			}
		},
		"animation.terastal.pose": {
			"loop": true,
			"animation_length": 5.625,
			"bones": {
				"torso": {
					"rotation": [
						"0+math.cos((query.anim_time - 0.2) * 90) * 2",
						"0-math.cos((query.anim_time - 0.2) * 45) * 4",
						"0+math.cos((query.anim_time - 0.2) * 45) * 4"
					],
					"position": [0, "0+math.sin(q.anim_time*90*3*2)*0.4", 0]
				},
				"neck": {
					"rotation": ["-17.5+math.cos((query.anim_time - 0.2) * 90) * 2", 0, 0]
				},
				"head": {
					"rotation": ["5.2322+math.cos((query.anim_time - 0.5) * 90) * 2", 3.28518, -11.00844]
				},
				"bone8": {
					"rotation": ["-25-math.cos((query.anim_time - 0.2) * 90) * 4", 0, 0],
					"position": [0, 0.25, 0]
				},
				"bone22": {
					"rotation": ["-30-math.cos((query.anim_time - 0.5) * 90) * 4", 0, 0]
				},
				"bone23": {
					"rotation": [-25, 0, 0]
				},
				"bone3": {
					"rotation": ["0+math.cos((query.anim_time - 0.7) * 90) * 2", 0, 0]
				},
				"bone24": {
					"position": [0, -0.01, 0]
				},
				"bone10": {
					"rotation": [0, 0, 0]
				},
				"tail": {
					"rotation": ["-17.5+math.cos((query.anim_time - 0.5) * 90) * 2", 0, 0]
				},
				"tail2": {
					"rotation": ["15+math.cos((query.anim_time - 0.7) * 90) * 2", 0, 0]
				},
				"tail3": {
					"rotation": ["22.5+math.cos((query.anim_time - 1.1) * 90) * 2", 0, 0]
				},
				"leg_front_left": {
					"rotation": [0, 0, 25],
					"position": ["math.cos(q.anim_time*90*3+10)*0.2", "1.7+math.clamp(math.cos(q.anim_time*90*3-600)*1,0,2)", "1-math.sin(q.anim_time*90*3+10)*0.7"]
				},
				"leg_front_left2": {
					"rotation": [0, 52.5, 0]
				},
				"leg_front_right": {
					"rotation": ["12.8384-math.sin(q.anim_time*90*3-60)*6", "-3.428+math.sin(q.anim_time*90*3-60)*6", -13.71869],
					"position": {
						"0.0": ["-1+math.cos(q.anim_time*90*3-60)*0.2", "0.3+math.clamp(math.cos(q.anim_time*90*3-60)*1,0,2)", "-1-math.sin(q.anim_time*90*3-60)*0.7"],
						"1.25": ["-1+math.cos(q.anim_time*90*3-60)*0.2", "1.3+math.clamp(math.cos(q.anim_time*90*3-60)*1,0,2)", "-1-math.sin(q.anim_time*90*3-60)*0.7"]
					}
				},
				"leg_front_right2": {
					"rotation": [0, -52.5, 0]
				},
				"leg_back_left": {
					"rotation": [
						"0+math.cos((query.anim_time - 0.2) * 90) * 2",
						"0-math.cos((query.anim_time - 0.2) * 45) * 4",
						"47.5+math.cos((query.anim_time - 0.2) * 45) * 4"
					],
					"position": [0, "0+math.sin(q.anim_time*90*3*2)*0.4", 0]
				},
				"leg_back_left2": {
					"rotation": [0, 0, 40]
				},
				"leg_back_right": {
					"rotation": [
						"0+math.cos((query.anim_time - 0.2) * 90) * 2",
						"0-math.cos((query.anim_time - 0.2) * 45) * 4",
						"-47.5+math.cos((query.anim_time - 0.2) * 45) * 4"
					],
					"position": [0, "0+math.sin(q.anim_time*90*3*2)*0.4", 0]
				},
				"leg_back_right2": {
					"rotation": [0, 0, -40]
				},
				"torso2": {
					"rotation": [
						"0+math.cos((query.anim_time - 0.2) * 90) * 2",
						"0-math.cos((query.anim_time - 0.2) * 45) * 4",
						"0+math.cos((query.anim_time - 0.2) * 45) * 4"
					],
					"position": [0, "0+math.sin(q.anim_time*90*3*2)*0.4", 0]
				},
				"terapagosbaby": {
					"scale": 0
				},
				"effect": {
					"scale": 0
				}
			}
		},
		"animation.terastal.blink": {
			"animation_length": 0.125,
			"bones": {
				"torso": {
					"rotation": [-50, 0, 0],
					"position": [0, 0, 0]
				},
				"neck": {
					"rotation": [32.5, 0, 0]
				},
				"head": {
					"rotation": [20, 0, 0]
				},
				"bone8": {
					"rotation": [-25, 0, 0],
					"position": [0, 0.25, 0]
				},
				"bone22": {
					"rotation": [-30, 0, 0]
				},
				"bone23": {
					"rotation": [-25, 0, 0]
				},
				"bone3": {
					"rotation": [0, 0, 0]
				},
				"bone10": {
					"rotation": [0, 0, 0]
				},
				"bone49": {
					"position": {
						"0.0": [1, 0, 0],
						"0.0833": [0, 0, 0],
						"0.125": [1, 0, 0]
					}
				},
				"bone50": {
					"position": {
						"0.0": [-1, 0, 0],
						"0.0833": [0, 0, 0],
						"0.125": [-1, 0, 0]
					}
				},
				"tail": {
					"rotation": [55, 0, 0]
				},
				"tail2": {
					"rotation": [15, 0, 0]
				},
				"tail3": {
					"rotation": [22.5, 0, 0]
				},
				"leg_front_left": {
					"rotation": [0, 0, 25],
					"position": [0, 1.7, 4]
				},
				"leg_front_left2": {
					"rotation": [0, 52.5, 0]
				},
				"leg_front_right": {
					"rotation": [20.941, -40.7895, -30.3612],
					"position": [-1, 0.3, 2]
				},
				"leg_front_right2": {
					"rotation": [0, -52.5, 0]
				},
				"leg_back_left": {
					"rotation": [0, 0, 47.5]
				},
				"leg_back_left2": {
					"rotation": [0, 0, 40]
				},
				"leg_back_right": {
					"rotation": [0, 0, -47.5]
				},
				"leg_back_right2": {
					"rotation": [0, 0, -40]
				},
				"bone56": {
					"position": {
						"0.0": [-1, 0, 0],
						"0.0833": [0, 0, 0],
						"0.125": [-1, 0, 0]
					}
				},
				"bone57": {
					"position": {
						"0.0": [1, 0, 0],
						"0.0833": [0, 0, 0],
						"0.125": [1, 0, 0]
					}
				},
				"terapagosbaby": {
					"scale": 0
				},
				"effect": {
					"scale": 0
				}
			}
		}
	}
}