{"format_version":"1.8.0","animations":{"animation.throh.ground_idle":{"loop":true,"bones":{"body":{"position":[0,-2,0]},"torso":{"rotation":["- 3.5 * math.sin(q.anim_time * 6 * 12 - 45) + 3.5",0,0],"position":[0,"- 2 + 0.75 * math.sin(q.anim_time * 6 * 12)",0]},"belt":{"rotation":["-7.5 + 5 * math.sin(q.anim_time * 6 * 12 - 60)",0,0]},"upper_arm_right":{"rotation":[-2.5,-45,"4.5  - 7.5 * math.sin(q.anim_time * 6 * 12 - 30)"]},"lower_arm_right":{"rotation":[0,-57.5,0]},"right_finger_bottom":{"rotation":[-30,"2.5 * math.sin(q.anim_time * 6 * 12 - 45)",-62.5]},"right_phalange_bottom":{"rotation":[0,"-35 + 5 * math.sin(q.anim_time * 6 * 12 - 75)",0]},"right_finger_middle":{"rotation":[0,"40 + 2.5 * math.sin(q.anim_time * 6 * 12 - 45)",0]},"right_phalange_middle":{"rotation":[0,"-30 + 5 * math.sin(q.anim_time * 6 * 12 - 75)",0]},"right_finger_top":{"rotation":[30,"2.5 * math.sin(q.anim_time * 6 * 12 - 45)",62.5]},"right_phalange_top":{"rotation":[0,"-35 + 5 * math.sin(q.anim_time * 6 * 12 - 75)",0]},"upper_arm_left":{"rotation":[0,12.5,"17.5 + 7.5 * math.sin(q.anim_time * 6 * 12 - 30)"]},"lower_arm_left":{"rotation":[0,70,0]},"left_finger_bottom":{"rotation":[-30,"-2.5 * math.sin(q.anim_time * 6 * 12 - 45)",62.5]},"left_phalange_bottom":{"rotation":[0,"35 - 5 * math.sin(q.anim_time * 6 * 12 - 75)",0]},"left_finger_middle":{"rotation":[0,"-40 - 2.5 * math.sin(q.anim_time * 6 * 12 - 45)",0]},"left_phalange_middle":{"rotation":[0,"30 - 5 * math.sin(q.anim_time * 6 * 12 - 75)",0]},"left_finger_top":{"rotation":[30,"-2.5 * math.sin(q.anim_time * 6 * 12 - 45)",-62.5]},"left_phalange_top":{"rotation":[0,"35 - 5 * math.sin(q.anim_time * 6 * 12 - 75)",0]},"head":{"rotation":["-5 * math.sin(q.anim_time * 6 * 12 - 45) + 5",0,0]},"left_leg":{"rotation":[35,0,-10]},"left_thigh":{"rotation":[14.82417,-1.61888,12.39638]},"left_foot":{"rotation":[-45,0,0]},"right_leg":{"rotation":[-12.5,0,15]},"right_thigh":{"rotation":[12.5,0,-12.5]},"belt_right":{"rotation":[0,0,15]},"belt_left":{"rotation":[0,0,-20]},"belt_left_low":{"rotation":["5 * math.sin(q.anim_time * 6 * 12 - 90)",0,0]},"belt_right_low":{"rotation":["5 * math.sin(q.anim_time * 6 * 12 - 90)",0,0]}}},"animation.throh.ground_walk":{"loop":true,"animation_length":4,"bones":{"body":{"position":[0,-2,0]},"torso":{"rotation":["-2.5 * math.cos(q.anim_time * 6 * 30 + 45) + 2.5",0,0],"position":[0,"- 2 + 0.75 * math.cos(q.anim_time * 6 * 30 + 45)",0]},"belt":{"rotation":["-7.5 + 7.5 * math.cos(q.anim_time * 6 * 30 + 45)",0,0]},"upper_arm_right":{"rotation":["7.5 + 7.5 * math.cos(q.anim_time * 6 * 15 + 45)",-45,4.5]},"lower_arm_right":{"rotation":[0,"-57.5 - 7.5 + 7.5 * math.cos(q.anim_time * 6 * 15 + 90)",0]},"right_finger_bottom":{"rotation":[-30,0,-62.5]},"right_phalange_bottom":{"rotation":[0,-35,0]},"right_finger_middle":{"rotation":[0,40,0]},"right_phalange_middle":{"rotation":[0,-30,0]},"right_finger_top":{"rotation":[30,0,62.5]},"right_phalange_top":{"rotation":[0,-35,0]},"upper_arm_left":{"rotation":["7.5 - 7.5 * math.cos(q.anim_time * 6 * 15 + 45)",12.5,17.5]},"lower_arm_left":{"rotation":[0,"70 - 7.5 - 7.5 * math.cos(q.anim_time * 6 * 15 + 90)",0]},"left_finger_bottom":{"rotation":[-30,0,62.5]},"left_phalange_bottom":{"rotation":[0,35,0]},"left_finger_middle":{"rotation":[0,-40,0]},"left_phalange_middle":{"rotation":[0,30,0]},"left_finger_top":{"rotation":[30,0,-62.5]},"left_phalange_top":{"rotation":[0,35,0]},"head":{"rotation":["7.5 + 2.5 * math.cos(q.anim_time * 6 * 30 + 45)",0,0]},"left_leg":{"rotation":{"0.0":[50,0,0],"1.0":{"pre":[0,0,0],"post":[0,0,0],"lerp_mode":"catmullrom"},"2.0":{"post":[-30,0,0],"lerp_mode":"catmullrom"},"2.5":{"post":[-13.75,0,0],"lerp_mode":"catmullrom"},"3.0":{"post":[2.5,0,0],"lerp_mode":"catmullrom"},"3.5":{"post":[26.25,0,0],"lerp_mode":"catmullrom"},"4.0":{"post":[50,0,0],"lerp_mode":"catmullrom"}},"position":{"0.0":[0,0,0],"1.0":{"pre":[0,2,0],"post":[0,2,0],"lerp_mode":"catmullrom"},"2.0":{"post":[0,2,0],"lerp_mode":"catmullrom"},"2.5":{"post":[0,0.95,0],"lerp_mode":"catmullrom"},"3.0":{"post":[0,2,0],"lerp_mode":"catmullrom"},"4.0":{"post":[0,0,0],"lerp_mode":"catmullrom"}}},"left_thigh":{"rotation":{"0.0":[12.5,0,0],"1.0":{"pre":[30,0,0],"post":[30,0,0],"lerp_mode":"catmullrom"},"2.0":{"post":[2.5,0,0],"lerp_mode":"catmullrom"},"2.5":{"post":[13.75,0,0],"lerp_mode":"catmullrom"},"3.0":{"post":[0,0,0],"lerp_mode":"catmullrom"},"3.5":{"post":[13.75,0,0],"lerp_mode":"catmullrom"},"4.0":{"post":[12.5,0,0],"lerp_mode":"catmullrom"},"5.0":{"post":[30,0,0],"lerp_mode":"catmullrom"}}},"left_foot":{"rotation":{"0.0":[-12.5,0,0],"2.0":{"pre":[-12.5,0,0],"post":[-12.5,0,0],"lerp_mode":"catmullrom"},"2.5":{"post":[-0.62,0,0],"lerp_mode":"catmullrom"},"3.0":{"post":[-3.75,0,0],"lerp_mode":"catmullrom"},"3.5":{"post":[-36.87,0,0],"lerp_mode":"catmullrom"},"4.0":{"post":[-45,0,0],"lerp_mode":"catmullrom"}}},"right_leg":{"rotation":{"0.0":[-30,0,0],"0.5":{"pre":[-13.75,0,0],"post":[-13.75,0,0],"lerp_mode":"catmullrom"},"1.0":{"post":[2.5,0,0],"lerp_mode":"catmullrom"},"1.5":{"post":[26.25,0,0],"lerp_mode":"catmullrom"},"2.0":{"post":[50,0,0],"lerp_mode":"catmullrom"},"3.0":{"post":[0,0,0],"lerp_mode":"catmullrom"},"4.0":{"post":[-30,0,0],"lerp_mode":"catmullrom"}},"position":{"0.0":[0,2,0],"0.5":{"pre":[0,0.95,0],"post":[0,0.95,0],"lerp_mode":"catmullrom"},"1.0":{"post":[0,2,0],"lerp_mode":"catmullrom"},"2.0":{"post":[0,0,0],"lerp_mode":"catmullrom"},"3.0":{"post":[0,2,0],"lerp_mode":"catmullrom"},"4.0":{"post":[0,2,0],"lerp_mode":"catmullrom"}}},"right_thigh":{"rotation":{"0.0":[2.5,0,0],"0.5":{"pre":[13.75,0,0],"post":[13.75,0,0],"lerp_mode":"catmullrom"},"1.0":{"post":[0,0,0],"lerp_mode":"catmullrom"},"1.5":{"post":[13.75,0,0],"lerp_mode":"catmullrom"},"2.0":{"post":[12.5,0,0],"lerp_mode":"catmullrom"},"3.0":{"post":[30,0,0],"lerp_mode":"catmullrom"},"4.0":{"post":[2.5,0,0],"lerp_mode":"catmullrom"}}},"belt_right":{"rotation":[0,0,15]},"belt_left":{"rotation":[0,0,-20]},"belt_left_low":{"rotation":["-7.5 + 7.5 * math.cos(q.anim_time * 6 * 30 + 90)",0,0]},"belt_right_low":{"rotation":["-7.5 + 7.5 * math.cos(q.anim_time * 6 * 30 + 90)",0,0]},"right_foot":{"rotation":{"0.0":[-12.5,0,0],"0.5":{"pre":[-0.62,0,0],"post":[-0.62,0,0],"lerp_mode":"catmullrom"},"1.0":{"post":[-3.75,0,0],"lerp_mode":"catmullrom"},"1.5":{"post":[-36.87,0,0],"lerp_mode":"catmullrom"},"2.0":{"post":[-45,0,0],"lerp_mode":"catmullrom"},"4.0":{"post":[-12.5,0,0],"lerp_mode":"catmullrom"}}}}},"animation.throh.blink":{"animation_length":0.20833,"bones":{"left_eyelid":{"position":{"0.0":[0,0,-1],"0.1667":[0,0,-1],"0.2083":[0,0,0]}},"right_eyelid":{"position":{"0.0":[0,0,-1],"0.1667":[0,0,-1],"0.2083":[0,0,0]}}}}}}