{"format_version":"1.8.0","animations":{"animation.tornadus.ground_idle":{"loop":true,"bones":{"thundurus":{"position":["0-math.sin(q.anim_time*90*2-45)*2","12-math.sin(q.anim_time*90*2+45)*2",0]},"torso":{"rotation":["-math.sin(q.anim_time*90*2+45)*2",0,0]},"head":{"rotation":["5+math.sin(q.anim_time*90*2-90)*2",0,0]},"jaw":{"position":[0,"0+math.sin(q.anim_time*90*2)*1/6",0]},"ear_left":{"rotation":[0,"0+math.sin(q.anim_time*90*2+135)*3",0]},"ear_right":{"rotation":[0,"0-math.sin(q.anim_time*90*2+135)*3",0]},"hair":{"rotation":["0-math.sin(q.anim_time*90*3)*2",0,0]},"arm_left":{"rotation":[2.84402,64.88331,60.89834]},"arm_left1":{"rotation":[88.25148,56.8551,121.34969]},"hand_left":{"rotation":[29.45803,12.78409,39.59069]},"finger1_left":{"rotation":[0,0,12.5]},"finger1_left1":{"rotation":[0,0,27.5]},"finger2_left":{"rotation":[0,0,5]},"finger2_left1":{"rotation":[0,0,27.5]},"finger3_left1":{"rotation":[0,0,27.5]},"finger4_left1":{"rotation":[0,0,27.5]},"cloud_tail":{"rotation":[0,"0+math.sin(q.anim_time*90*2)*3","0-math.sin(q.anim_time*90*2)*4"],"position":[0,"math.sin(q.anim_time*90*2+45)*1/2",0]},"cloud_tail1":{"rotation":[0,"0+math.sin(q.anim_time*90*2-45)*4","0-math.sin(q.anim_time*90*2-45)*5"]},"tail":{"rotation":["-42.8739-math.sin(q.anim_time*90*2)*2","4.1089-math.sin(q.anim_time*90*2-45)*2",136.30624]},"tail1":{"rotation":["-27.5224-math.sin(q.anim_time*90*2-45)*3","-2.2174-math.sin(q.anim_time*90*2-90)*3",1.15495]},"tail2":{"rotation":["-27.5736-math.sin(q.anim_time*90*2-90)*4","-4.5789-math.sin(q.anim_time*90*2-135)*4",2.01947]},"tail3":{"rotation":["-24.0577-math.sin(q.anim_time*90*2-135)*5","-12.1924-math.sin(q.anim_time*90*2-180)*5",-2.6703]},"tail4":{"rotation":["-32.1882-math.sin(q.anim_time*90*2-180)*6","-6.8953-math.sin(q.anim_time*90*2-225)*6",-1.55013]},"tail5":{"rotation":["-32.2773-math.sin(q.anim_time*90*2-225)*7","-4.0216-math.sin(q.anim_time*90*2-270)*7",-6.33586]},"tail6":{"rotation":["-32.4011-math.sin(q.anim_time*90*2-270)*8","-2.6841-math.sin(q.anim_time*90*2-315)*8",-4.22005]},"arms":{"rotation":["math.sin(q.anim_time*90*2-135)*2",0,0]},"fingers_left":{"rotation":[0,0,27.5]},"arm_right":{"rotation":[0,-65,-55]},"arm_right1":{"rotation":[52.16999,-40.55158,-118.35124]},"hand_right":{"rotation":[44.14867,20.70481,-28.49283]}}},"animation.tornadus.air_idle":{"loop":true,"bones":{"thundurus":{"position":["0-math.sin(q.anim_time*90*2-45)*2","12-math.sin(q.anim_time*90*2+45)*2",0]},"torso":{"rotation":["-math.sin(q.anim_time*90*2+45)*2",0,0]},"head":{"rotation":["5+math.sin(q.anim_time*90*2-90)*2",0,0]},"jaw":{"position":[0,"0+math.sin(q.anim_time*90*2)*1/6",0]},"ear_left":{"rotation":[0,"0+math.sin(q.anim_time*90*2+135)*3",0]},"ear_right":{"rotation":[0,"0-math.sin(q.anim_time*90*2+135)*3",0]},"hair":{"rotation":["0-math.sin(q.anim_time*90*2)*2",0,0]},"arm_left":{"rotation":[2.84402,64.88331,60.89834]},"arm_left1":{"rotation":[88.25148,56.8551,121.34969]},"hand_left":{"rotation":[29.45803,12.78409,39.59069]},"finger1_left":{"rotation":[0,0,12.5]},"finger1_left1":{"rotation":[0,0,27.5]},"finger2_left":{"rotation":[0,0,5]},"finger2_left1":{"rotation":[0,0,27.5]},"finger3_left1":{"rotation":[0,0,27.5]},"finger4_left1":{"rotation":[0,0,27.5]},"cloud_tail":{"rotation":[0,"0+math.sin(q.anim_time*90*2)*3","0-math.sin(q.anim_time*90*2)*4"],"position":[0,"math.sin(q.anim_time*90*2+45)*1/2",0]},"cloud_tail1":{"rotation":[0,"0+math.sin(q.anim_time*90*2-45)*4","0-math.sin(q.anim_time*90*2-45)*5"]},"tail":{"rotation":["-42.8739-math.sin(q.anim_time*90*1)*2","4.1089-math.sin(q.anim_time*90*1-45)*2",136.30624]},"tail1":{"rotation":["-27.5224-math.sin(q.anim_time*90*1-45)*3","-2.2174-math.sin(q.anim_time*90*1-90)*3",1.15495]},"tail2":{"rotation":["-27.5736-math.sin(q.anim_time*90*1-90)*4","-4.5789-math.sin(q.anim_time*90*1-135)*4",2.01947]},"tail3":{"rotation":["-24.0577-math.sin(q.anim_time*90*1-135)*5","-12.1924-math.sin(q.anim_time*90*1-180)*5",-2.6703]},"tail4":{"rotation":["-32.1882-math.sin(q.anim_time*90*1-180)*6","-6.8953-math.sin(q.anim_time*90*1-225)*6",-1.55013]},"tail5":{"rotation":["-27.3043-math.sin(q.anim_time*90*1-225)*7","-5.0668-math.sin(q.anim_time*90*1-270)*7",-6.92043]},"tail6":{"rotation":["-9.9011-math.sin(q.anim_time*90*1-270)*8","-2.6841-math.sin(q.anim_time*90*1-315)*8",-4.22005]},"arms":{"rotation":["math.sin(q.anim_time*90*2-135)*2",0,0]},"fingers_left":{"rotation":[0,0,27.5]},"arm_right":{"rotation":[0,-65,-55]},"arm_right1":{"rotation":[52.16999,-40.55158,-118.35124]},"hand_right":{"rotation":[44.14867,20.70481,-28.49283]}}},"animation.tornadus.ground_walk":{"loop":true,"bones":{"body":{"position":["0-math.sin(q.anim_time*90*2-45)*0.2","12-math.sin(q.anim_time*90*3+45)*2","math.sin(q.anim_time*90*1+45)*3"]},"torso":{"rotation":["22.5-math.sin(q.anim_time*90*2+45)*2",0,0]},"head":{"rotation":["-17.5+math.sin(q.anim_time*90*2-90)*2",0,0]},"jaw":{"position":[0,"0+math.sin(q.anim_time*90*2)*1/6",0]},"ear_left":{"rotation":[0,"0+math.sin(q.anim_time*90*2+135)*3",0]},"ear_right":{"rotation":[0,"0-math.sin(q.anim_time*90*2+135)*3",0]},"hair":{"rotation":["0-math.sin(q.anim_time*90*3)*2",0,0]},"arms":{"rotation":["math.sin(q.anim_time*90*2-135)*2",0,0]},"arm_right":{"rotation":[-13.03237,"22.4312-math.sin(q.anim_time*90*2-90)*4",-42.553]},"arm_right1":{"rotation":[84.8328,-79.3249,-117.7356]},"hand_right":{"rotation":[29.45803,-12.7841,-39.5907]},"finger1_right":{"rotation":[0,0,-102.5],"position":[-0.75,0.5,0]},"finger2_right":{"rotation":[0,0,-102.5],"position":[-0.75,0.5,0]},"finger3_right":{"rotation":[0,0,-102.5],"position":[-0.75,0.5,0]},"finger4_right":{"rotation":[0,0,-102.5],"position":[-0.75,0.5,0]},"thumb_right":{"rotation":[0,90,0],"position":[0,-1,-1]},"arm_left":{"rotation":[-13.03237,"-22.4312+math.sin(q.anim_time*90*2)*4",42.55305]},"arm_left1":{"rotation":[84.8328,79.3249,117.7356]},"hand_left":{"rotation":[29.45803,12.78409,39.59069]},"fingers_left":{"rotation":[0,0,27.5]},"finger1_left":{"rotation":[0,0,80],"position":[0.75,0.5,0]},"finger1_left1":{"rotation":[0,0,27.5]},"finger2_left":{"rotation":[0,0,80],"position":[0.75,0.5,0]},"finger2_left1":{"rotation":[0,0,27.5]},"finger3_left":{"rotation":[0,0,80],"position":[0.75,0.5,0]},"finger3_left1":{"rotation":[0,0,27.5]},"finger4_left":{"rotation":[0,0,80],"position":[0.75,0.5,0]},"finger4_left1":{"rotation":[0,0,27.5]},"thumb_left":{"rotation":[0,-90,0],"position":[0,-1,-1]},"cloud_tail":{"rotation":[0,"0+math.sin(q.anim_time*90*2)*3","0-math.sin(q.anim_time*90*2)*4"],"position":[0,"math.sin(q.anim_time*90*2+45)*1/2",0]},"cloud_tail1":{"rotation":[0,"0+math.sin(q.anim_time*90*2-45)*4","0-math.sin(q.anim_time*90*2-45)*5"]},"tail":{"rotation":["-42.8739-math.sin(q.anim_time*90*2)*2","4.1089-math.sin(q.anim_time*90*2-45)*2",136.30624]},"tail1":{"rotation":["-27.5224-math.sin(q.anim_time*90*2-45)*3","-2.2174-math.sin(q.anim_time*90*2-90)*3",1.15495]},"tail2":{"rotation":["-27.5736-math.sin(q.anim_time*90*2-90)*4","-4.5789-math.sin(q.anim_time*90*2-135)*4",2.01947]},"tail3":{"rotation":["-24.0577-math.sin(q.anim_time*90*2-135)*5","-12.1924-math.sin(q.anim_time*90*2-180)*5",-2.6703]},"tail4":{"rotation":["-32.1882-math.sin(q.anim_time*90*2-180)*6","-6.8953-math.sin(q.anim_time*90*2-225)*6",-1.55013]},"tail5":{"rotation":["-32.2773-math.sin(q.anim_time*90*1-225)*9","-4.0216-math.sin(q.anim_time*90*2-270)*7",-6.33586]},"tail6":{"rotation":["-32.4011-math.sin(q.anim_time*90*1-270)*16","-2.6841-math.sin(q.anim_time*90*2-315)*8",-4.22005]}}},"animation.thundurus.ground_idle":{"loop":true,"bones":{"thundurus":{"position":["0-math.sin(q.anim_time*90*2-45)*2","12-math.sin(q.anim_time*90*2+45)*2",0]},"torso":{"rotation":["-math.sin(q.anim_time*90*2+45)*2",0,0]},"head":{"rotation":["5+math.sin(q.anim_time*90*2-90)*2",0,0]},"jaw":{"position":[0,"0+math.sin(q.anim_time*90*2)*1/6",0]},"ear_left":{"rotation":[0,"0+math.sin(q.anim_time*90*2+135)*3",0]},"ear_right":{"rotation":[0,"0-math.sin(q.anim_time*90*2+135)*3",0]},"hair":{"rotation":["0-math.sin(q.anim_time*90*3)*2",0,0]},"arm_left":{"rotation":[2.84402,64.88331,60.89834]},"arm_left1":{"rotation":[88.25148,56.8551,121.34969]},"hand_left":{"rotation":[29.45803,12.78409,39.59069]},"finger1_left":{"rotation":[0,0,12.5]},"finger1_left1":{"rotation":[0,0,27.5]},"finger2_left":{"rotation":[0,0,5]},"finger2_left1":{"rotation":[0,0,27.5]},"finger3_left1":{"rotation":[0,0,27.5]},"finger4_left1":{"rotation":[0,0,27.5]},"cloud_tail":{"rotation":[0,"0+math.sin(q.anim_time*90*2)*3","0-math.sin(q.anim_time*90*2)*4"],"position":[0,"math.sin(q.anim_time*90*2+45)*1/2",0]},"cloud_tail1":{"rotation":[0,"0+math.sin(q.anim_time*90*2-45)*4","0-math.sin(q.anim_time*90*2-45)*5"]},"tail":{"rotation":["-42.8739-math.sin(q.anim_time*90*2)*2","4.1089-math.sin(q.anim_time*90*2-45)*2",136.30624]},"tail1":{"rotation":["-27.5224-math.sin(q.anim_time*90*2-45)*3","-2.2174-math.sin(q.anim_time*90*2-90)*3",1.15495]},"tail2":{"rotation":["-27.5736-math.sin(q.anim_time*90*2-90)*4","-4.5789-math.sin(q.anim_time*90*2-135)*4",2.01947]},"tail3":{"rotation":["-24.0577-math.sin(q.anim_time*90*2-135)*5","-12.1924-math.sin(q.anim_time*90*2-180)*5",-2.6703]},"tail4":{"rotation":["-32.1882-math.sin(q.anim_time*90*2-180)*6","-6.8953-math.sin(q.anim_time*90*2-225)*6",-1.55013]},"tail5":{"rotation":["-32.2773-math.sin(q.anim_time*90*2-225)*7","-4.0216-math.sin(q.anim_time*90*2-270)*7",-6.33586]},"tail6":{"rotation":["-32.4011-math.sin(q.anim_time*90*2-270)*8","-2.6841-math.sin(q.anim_time*90*2-315)*8",-4.22005]},"arms":{"rotation":["math.sin(q.anim_time*90*2-135)*2",0,0]},"fingers_left":{"rotation":[0,0,27.5]},"arm_right":{"rotation":[0,-65,-55]},"arm_right1":{"rotation":[52.16999,-40.55158,-118.35124]},"hand_right":{"rotation":[44.14867,20.70481,-28.49283]}}},"animation.thundurus.air_idle":{"loop":true,"bones":{"thundurus":{"position":["0-math.sin(q.anim_time*90*2-45)*2","12-math.sin(q.anim_time*90*2+45)*2",0]},"torso":{"rotation":["-math.sin(q.anim_time*90*2+45)*2",0,0]},"head":{"rotation":["5+math.sin(q.anim_time*90*2-90)*2",0,0]},"jaw":{"position":[0,"0+math.sin(q.anim_time*90*2)*1/6",0]},"ear_left":{"rotation":[0,"0+math.sin(q.anim_time*90*2+135)*3",0]},"ear_right":{"rotation":[0,"0-math.sin(q.anim_time*90*2+135)*3",0]},"hair":{"rotation":["0-math.sin(q.anim_time*90*2)*2",0,0]},"arm_left":{"rotation":[2.84402,64.88331,60.89834]},"arm_left1":{"rotation":[88.25148,56.8551,121.34969]},"hand_left":{"rotation":[29.45803,12.78409,39.59069]},"finger1_left":{"rotation":[0,0,12.5]},"finger1_left1":{"rotation":[0,0,27.5]},"finger2_left":{"rotation":[0,0,5]},"finger2_left1":{"rotation":[0,0,27.5]},"finger3_left1":{"rotation":[0,0,27.5]},"finger4_left1":{"rotation":[0,0,27.5]},"cloud_tail":{"rotation":[0,"0+math.sin(q.anim_time*90*2)*3","0-math.sin(q.anim_time*90*2)*4"],"position":[0,"math.sin(q.anim_time*90*2+45)*1/2",0]},"cloud_tail1":{"rotation":[0,"0+math.sin(q.anim_time*90*2-45)*4","0-math.sin(q.anim_time*90*2-45)*5"]},"tail":{"rotation":["-42.8739-math.sin(q.anim_time*90*1)*2","4.1089-math.sin(q.anim_time*90*1-45)*2",136.30624]},"tail1":{"rotation":["-27.5224-math.sin(q.anim_time*90*1-45)*3","-2.2174-math.sin(q.anim_time*90*1-90)*3",1.15495]},"tail2":{"rotation":["-27.5736-math.sin(q.anim_time*90*1-90)*4","-4.5789-math.sin(q.anim_time*90*1-135)*4",2.01947]},"tail3":{"rotation":["-24.0577-math.sin(q.anim_time*90*1-135)*5","-12.1924-math.sin(q.anim_time*90*1-180)*5",-2.6703]},"tail4":{"rotation":["-32.1882-math.sin(q.anim_time*90*1-180)*6","-6.8953-math.sin(q.anim_time*90*1-225)*6",-1.55013]},"tail5":{"rotation":["-27.3043-math.sin(q.anim_time*90*1-225)*7","-5.0668-math.sin(q.anim_time*90*1-270)*7",-6.92043]},"tail6":{"rotation":["-9.9011-math.sin(q.anim_time*90*1-270)*8","-2.6841-math.sin(q.anim_time*90*1-315)*8",-4.22005]},"arms":{"rotation":["math.sin(q.anim_time*90*2-135)*2",0,0]},"fingers_left":{"rotation":[0,0,27.5]},"arm_right":{"rotation":[0,-65,-55]},"arm_right1":{"rotation":[52.16999,-40.55158,-118.35124]},"hand_right":{"rotation":[44.14867,20.70481,-28.49283]}}},"animation.thundurus.ground_walk":{"loop":true,"bones":{"body":{"position":["0-math.sin(q.anim_time*90*2-45)*0.2","12-math.sin(q.anim_time*90*3+45)*2","math.sin(q.anim_time*90*1+45)*3"]},"torso":{"rotation":["22.5-math.sin(q.anim_time*90*2+45)*2",0,0]},"head":{"rotation":["-17.5+math.sin(q.anim_time*90*2-90)*2",0,0]},"jaw":{"position":[0,"0+math.sin(q.anim_time*90*2)*1/6",0]},"ear_left":{"rotation":[0,"0+math.sin(q.anim_time*90*2+135)*3",0]},"ear_right":{"rotation":[0,"0-math.sin(q.anim_time*90*2+135)*3",0]},"hair":{"rotation":["0-math.sin(q.anim_time*90*3)*2",0,0]},"arms":{"rotation":["math.sin(q.anim_time*90*2-135)*2",0,0]},"arm_right":{"rotation":[-13.03237,"22.4312-math.sin(q.anim_time*90*2-90)*4",-42.553]},"arm_right1":{"rotation":[84.8328,-79.3249,-117.7356]},"hand_right":{"rotation":[29.45803,-12.7841,-39.5907]},"finger1_right":{"rotation":[0,0,-102.5],"position":[-0.75,0.5,0]},"finger2_right":{"rotation":[0,0,-102.5],"position":[-0.75,0.5,0]},"finger3_right":{"rotation":[0,0,-102.5],"position":[-0.75,0.5,0]},"finger4_right":{"rotation":[0,0,-102.5],"position":[-0.75,0.5,0]},"thumb_right":{"rotation":[0,90,0],"position":[0,-1,-1]},"arm_left":{"rotation":[-13.03237,"-22.4312+math.sin(q.anim_time*90*2)*4",42.55305]},"arm_left1":{"rotation":[84.8328,79.3249,117.7356]},"hand_left":{"rotation":[29.45803,12.78409,39.59069]},"fingers_left":{"rotation":[0,0,27.5]},"finger1_left":{"rotation":[0,0,80],"position":[0.75,0.5,0]},"finger1_left1":{"rotation":[0,0,27.5]},"finger2_left":{"rotation":[0,0,80],"position":[0.75,0.5,0]},"finger2_left1":{"rotation":[0,0,27.5]},"finger3_left":{"rotation":[0,0,80],"position":[0.75,0.5,0]},"finger3_left1":{"rotation":[0,0,27.5]},"finger4_left":{"rotation":[0,0,80],"position":[0.75,0.5,0]},"finger4_left1":{"rotation":[0,0,27.5]},"thumb_left":{"rotation":[0,-90,0],"position":[0,-1,-1]},"cloud_tail":{"rotation":[0,"0+math.sin(q.anim_time*90*2)*3","0-math.sin(q.anim_time*90*2)*4"],"position":[0,"math.sin(q.anim_time*90*2+45)*1/2",0]},"cloud_tail1":{"rotation":[0,"0+math.sin(q.anim_time*90*2-45)*4","0-math.sin(q.anim_time*90*2-45)*5"]},"tail":{"rotation":["-42.8739-math.sin(q.anim_time*90*2)*2","4.1089-math.sin(q.anim_time*90*2-45)*2",136.30624]},"tail1":{"rotation":["-27.5224-math.sin(q.anim_time*90*2-45)*3","-2.2174-math.sin(q.anim_time*90*2-90)*3",1.15495]},"tail2":{"rotation":["-27.5736-math.sin(q.anim_time*90*2-90)*4","-4.5789-math.sin(q.anim_time*90*2-135)*4",2.01947]},"tail3":{"rotation":["-24.0577-math.sin(q.anim_time*90*2-135)*5","-12.1924-math.sin(q.anim_time*90*2-180)*5",-2.6703]},"tail4":{"rotation":["-32.1882-math.sin(q.anim_time*90*2-180)*6","-6.8953-math.sin(q.anim_time*90*2-225)*6",-1.55013]},"tail5":{"rotation":["-32.2773-math.sin(q.anim_time*90*1-225)*9","-4.0216-math.sin(q.anim_time*90*2-270)*7",-6.33586]},"tail6":{"rotation":["-32.4011-math.sin(q.anim_time*90*1-270)*16","-2.6841-math.sin(q.anim_time*90*2-315)*8",-4.22005]}}},"animation.tornadus.pose":{"loop":true,"bones":{"arm_left":{"rotation":[2.84402,64.88331,60.89834]},"arm_left1":{"rotation":[88.25148,56.8551,121.34969]},"hand_left":{"rotation":[29.45803,12.78409,39.59069]},"finger1_left":{"rotation":[0,0,12.5]},"finger1_left1":{"rotation":[0,0,27.5]},"finger2_left":{"rotation":[0,0,5]},"finger2_left1":{"rotation":[0,0,27.5]},"finger3_left1":{"rotation":[0,0,27.5]},"finger4_left1":{"rotation":[0,0,27.5]},"tail":{"rotation":[-42.87385,4.10886,136.30624]},"tail1":{"rotation":[-27.52235,-2.21738,1.15495]},"tail2":{"rotation":[-27.57361,-4.57887,2.01947]},"tail3":{"rotation":[-24.05766,-12.19239,-2.6703]},"tail4":{"rotation":[-32.18816,-6.8953,-1.55013]},"tail5":{"rotation":[-32.27733,-4.02155,-6.33586]},"tail6":{"rotation":[-32.40109,-2.68407,-4.22005]},"fingers_left":{"rotation":[0,0,27.5]},"arm_right":{"rotation":[0,-65,-55]},"arm_right1":{"rotation":[52.16999,-40.55158,-118.35124]},"hand_right":{"rotation":[44.14867,20.70481,-28.49283]},"hair":{"rotation":[0,20,0]}}},"animation.tornadus.blink":{"animation_length":0.25,"bones":{"eyelid_left":{"position":{"0.0":[0,0,-1],"0.2083":[0,0,-1],"0.25":[0,0,0]}},"eyelid_right":{"position":{"0.0":[0,0,-1],"0.2083":[0,0,-1],"0.25":[0,0,0]}}}},"animation.thundurus.blink":{"animation_length":0.25,"bones":{"eyelid_left":{"position":{"0.0":[0,0,-1],"0.2083":[0,0,-1],"0.25":[0,0,0]}},"eyelid_right":{"position":{"0.0":[0,0,-1],"0.2083":[0,0,-1],"0.25":[0,0,0]}}}},"animation.thundurus.pose":{"loop":true,"bones":{"arm_left":{"rotation":[2.84402,64.88331,60.89834]},"arm_left1":{"rotation":[88.25148,56.8551,121.34969]},"hand_left":{"rotation":[29.45803,12.78409,39.59069]},"finger1_left":{"rotation":[0,0,12.5]},"finger1_left1":{"rotation":[0,0,27.5]},"finger2_left":{"rotation":[0,0,5]},"finger2_left1":{"rotation":[0,0,27.5]},"finger3_left1":{"rotation":[0,0,27.5]},"finger4_left1":{"rotation":[0,0,27.5]},"tail":{"rotation":[-42.87385,4.10886,136.30624]},"tail1":{"rotation":[-27.52235,-2.21738,1.15495]},"tail2":{"rotation":[-27.57361,-4.57887,2.01947]},"tail3":{"rotation":[-24.05766,-12.19239,-2.6703]},"tail4":{"rotation":[-32.18816,-6.8953,-1.55013]},"tail5":{"rotation":[-32.27733,-4.02155,-6.33586]},"tail6":{"rotation":[-32.40109,-2.68407,-4.22005]},"fingers_left":{"rotation":[0,0,27.5]},"arm_right":{"rotation":[0,-65,-55]},"arm_right1":{"rotation":[52.16999,-40.55158,-118.35124]},"hand_right":{"rotation":[44.14867,20.70481,-28.49283]},"hair":{"rotation":[0,20,0]}}}},"geckolib_format_version":2}