{"format_version":"1.8.0","animations":{"animation.tinglu.ground_idle":{"loop":true,"animation_length":4.91667,"bones":{"torso":{"rotation":["2-math.cos((query.anim_time - 0.3) * 37*2) * 1",0,0]},"head":{"rotation":["2-math.cos((query.anim_time - 0.9) * 37*2) * 1",0,0],"position":[0,"-math.cos(q.anim_time*90*2-90)*0.05",0]},"tail":{"rotation":[-5.75,0,0],"position":[0,1.1209,-2.775],"scale":[1,0.47,1.515]},"leg_front_right":{"rotation":{"0.0":{"post":[0,0,0],"lerp_mode":"catmullrom"},"2.4583":{"post":[-17.5,0,0],"lerp_mode":"catmullrom"},"4.9167":{"post":[0,0,0],"lerp_mode":"catmullrom"}},"position":{"0.0":{"post":[0,0,0],"lerp_mode":"catmullrom"},"2.4583":{"post":[0,-0.725,0],"lerp_mode":"catmullrom"},"4.9167":{"post":[0,0,0],"lerp_mode":"catmullrom"}}},"leg_front_right3":{"rotation":{"0.0":{"post":[0,0,0],"lerp_mode":"catmullrom"},"2.4583":{"post":[5,0,0],"lerp_mode":"catmullrom"},"4.9167":{"post":[0,0,0],"lerp_mode":"catmullrom"}},"position":{"0.0":{"post":[0,0,0],"lerp_mode":"catmullrom"},"2.4583":{"post":[0,0,0.4],"lerp_mode":"catmullrom"},"4.9167":{"post":[0,0,0],"lerp_mode":"catmullrom"}}},"leg_front_left":{"rotation":{"0.0":{"post":[0,0,0],"lerp_mode":"catmullrom"},"2.4583":{"post":[-17.5,0,0],"lerp_mode":"catmullrom"},"4.9167":{"post":[0,0,0],"lerp_mode":"catmullrom"}},"position":{"0.0":{"post":[0,0,0],"lerp_mode":"catmullrom"},"2.4583":{"post":[0,-0.725,0],"lerp_mode":"catmullrom"},"4.9167":{"post":[0,0,0],"lerp_mode":"catmullrom"}}},"leg_front_left3":{"rotation":{"0.0":{"post":[0,0,0],"lerp_mode":"catmullrom"},"2.4583":{"post":[5,0,0],"lerp_mode":"catmullrom"},"4.9167":{"post":[0,0,0],"lerp_mode":"catmullrom"}},"position":{"0.0":{"post":[0,0,0],"lerp_mode":"catmullrom"},"2.4583":{"post":[0,0,0.4],"lerp_mode":"catmullrom"},"4.9167":{"post":[0,0,0],"lerp_mode":"catmullrom"}}},"leg_back_right":{"rotation":{"0.0":{"post":[0,0,0],"lerp_mode":"catmullrom"},"1.5":{"post":[0,0,0],"lerp_mode":"catmullrom"},"3.0":{"post":[4,0,0],"lerp_mode":"catmullrom"},"4.9167":{"post":[0,0,0],"lerp_mode":"catmullrom"}},"position":{"0.0":{"post":[0,0,0],"lerp_mode":"catmullrom"},"1.5":{"post":[0,0,0],"lerp_mode":"catmullrom"},"3.0":{"post":[0,0.275,0],"lerp_mode":"catmullrom"},"4.9167":{"post":[0,0,0],"lerp_mode":"catmullrom"}}},"leg_back_right3":{"rotation":{"0.0":{"post":[0,0,0],"lerp_mode":"catmullrom"},"1.5":{"post":[0,0,0],"lerp_mode":"catmullrom"},"3.0":{"post":[20,0,0],"lerp_mode":"catmullrom"},"4.9167":{"post":[0,0,0],"lerp_mode":"catmullrom"}},"position":{"0.0":{"post":[0,0.25,1.175],"lerp_mode":"catmullrom"},"1.5":{"post":[0,0.25,1.175],"lerp_mode":"catmullrom"},"3.0":{"post":[0,1.675,1.35],"lerp_mode":"catmullrom"},"4.9167":{"post":[0,0.25,1.175],"lerp_mode":"catmullrom"}}},"leg_back_left":{"rotation":{"0.0":{"post":[0,0,0],"lerp_mode":"catmullrom"},"1.5":{"post":[0,0,0],"lerp_mode":"catmullrom"},"3.0":{"post":[4,0,0],"lerp_mode":"catmullrom"},"4.9167":{"post":[0,0,0],"lerp_mode":"catmullrom"}},"position":{"0.0":{"post":[0,0,0],"lerp_mode":"catmullrom"},"1.5":{"post":[0,0,0],"lerp_mode":"catmullrom"},"3.0":{"post":[0,0.275,0],"lerp_mode":"catmullrom"},"4.9167":{"post":[0,0,0],"lerp_mode":"catmullrom"}}},"leg_back_left3":{"rotation":{"0.0":{"post":[0,0,0],"lerp_mode":"catmullrom"},"1.5":{"post":[0,0,0],"lerp_mode":"catmullrom"},"3.0":{"post":[20,0,0],"lerp_mode":"catmullrom"},"4.9167":{"post":[0,0,0],"lerp_mode":"catmullrom"}},"position":{"0.0":{"post":[0,0,1],"lerp_mode":"catmullrom"},"1.5":{"post":[0,0,1],"lerp_mode":"catmullrom"},"3.0":{"post":[0,0.4,1.1],"lerp_mode":"catmullrom"},"4.9167":{"post":[0,0,1],"lerp_mode":"catmullrom"}}},"neck1":{"rotation":["2-math.cos((query.anim_time - 0.3) * 37*2) * 1",0,0],"position":{"0.0":[0,-0.425,0],"0.5417":[0,-0.425,0],"2.5":[0,-0.765,0],"3.125":[0,-0.765,0],"4.9167":[0,-0.425,0]}},"neck2":{"rotation":["2-math.cos((query.anim_time - 0.6) * 37*2) * 1",0,0]},"torso2":{"rotation":["2-math.cos((query.anim_time - 0.3) * 37*2) * 1",0,0]},"torso3":{"rotation":[0,0,0],"position":[0,0,0]},"leg_front_right4":{"rotation":{"0.0":{"post":[0,0,0],"lerp_mode":"catmullrom"},"2.4583":{"post":[4.5,0,0],"lerp_mode":"catmullrom"},"4.9167":{"post":[0,0,0],"lerp_mode":"catmullrom"}},"position":{"0.0":{"post":[0,0,0],"lerp_mode":"catmullrom"},"2.4583":{"post":[0,0.425,0],"lerp_mode":"catmullrom"},"4.9167":{"post":[0,0,0],"lerp_mode":"catmullrom"}}},"leg_front_left4":{"rotation":{"0.0":{"post":[0,0,0],"lerp_mode":"catmullrom"},"2.4583":{"post":[4.5,0,0],"lerp_mode":"catmullrom"},"4.9167":{"post":[0,0,0],"lerp_mode":"catmullrom"}},"position":{"0.0":{"post":[0,0,0],"lerp_mode":"catmullrom"},"2.4583":{"post":[0,0.625,0],"lerp_mode":"catmullrom"},"4.9167":{"post":[0,0,0],"lerp_mode":"catmullrom"}}},"leg_back_left4":{"rotation":{"0.0":{"post":[0,0,0],"lerp_mode":"catmullrom"},"1.5":{"post":[0,0,0],"lerp_mode":"catmullrom"},"3.0":{"post":[2.5,0,0],"lerp_mode":"catmullrom"},"4.9167":{"post":[0,0,0],"lerp_mode":"catmullrom"}},"position":{"0.0":{"post":[0,0,0],"lerp_mode":"catmullrom"},"1.5":{"post":[0,0,0],"lerp_mode":"catmullrom"},"4.9167":{"post":[0,0,0],"lerp_mode":"catmullrom"}}},"leg_back_right4":{"rotation":{"0.0":{"post":[0,0,0],"lerp_mode":"catmullrom"},"1.5":{"post":[0,0,0],"lerp_mode":"catmullrom"},"3.0":{"post":[2.5,0,0],"lerp_mode":"catmullrom"},"4.9167":{"post":[0,0,0],"lerp_mode":"catmullrom"}},"position":{"0.0":{"post":[0,0.2,0],"lerp_mode":"catmullrom"},"1.5":{"post":[0,0.2,0],"lerp_mode":"catmullrom"},"2.4583":{"post":[0,0.19,0],"lerp_mode":"catmullrom"},"4.9167":{"post":[0,0.2,0],"lerp_mode":"catmullrom"}}},"leg_front_left2":{"rotation":{"0.0":{"post":[0,0,0],"lerp_mode":"catmullrom"},"2.4583":{"post":[21,0,0],"lerp_mode":"catmullrom"},"4.9167":{"post":[0,0,0],"lerp_mode":"catmullrom"}},"position":{"0.0":{"post":[0,0,0],"lerp_mode":"catmullrom"},"2.4583":{"post":[0,0.675,0],"lerp_mode":"catmullrom"},"4.9167":{"post":[0,0,0],"lerp_mode":"catmullrom"}}},"leg_front_right2":{"rotation":{"0.0":{"post":[0,0,0],"lerp_mode":"catmullrom"},"2.4583":{"post":[21,0,0],"lerp_mode":"catmullrom"},"4.9167":{"post":[0,0,0],"lerp_mode":"catmullrom"}},"position":{"0.0":{"post":[0,0,0],"lerp_mode":"catmullrom"},"2.4583":{"post":[0,0.675,0],"lerp_mode":"catmullrom"},"4.9167":{"post":[0,0,0],"lerp_mode":"catmullrom"}}},"leg_back_left2":{"rotation":{"0.0":{"post":[0,0,0],"lerp_mode":"catmullrom"},"1.5":{"post":[0,0,0],"lerp_mode":"catmullrom"},"3.0":{"post":[-27.5,0,0],"lerp_mode":"catmullrom"},"4.9167":{"post":[0,0,0],"lerp_mode":"catmullrom"}},"position":{"0.0":{"post":[0,0,0],"lerp_mode":"catmullrom"},"1.5":{"post":[0,0,0],"lerp_mode":"catmullrom"},"3.0":{"post":[0,0,0.225],"lerp_mode":"catmullrom"},"4.9167":{"post":[0,0,0],"lerp_mode":"catmullrom"}}},"leg_back_right2":{"rotation":{"0.0":{"post":[0,0,0],"lerp_mode":"catmullrom"},"1.5":{"post":[0,0,0],"lerp_mode":"catmullrom"},"3.0":{"post":[-27.5,0,0],"lerp_mode":"catmullrom"},"4.9167":{"post":[0,0,0],"lerp_mode":"catmullrom"}},"position":{"0.0":{"post":[0,0,0],"lerp_mode":"catmullrom"},"1.5":{"post":[0,0,0],"lerp_mode":"catmullrom"},"3.0":{"post":[0,0,0.225],"lerp_mode":"catmullrom"},"4.9167":{"post":[0,0,0],"lerp_mode":"catmullrom"}}}}},"animation.tinglu.ground_walk":{"loop":true,"animation_length":3,"bones":{"tinglu":{"rotation":{"0.0":{"post":[0,0,0],"lerp_mode":"catmullrom"},"0.96":{"post":[-1.5,0,1.5],"lerp_mode":"catmullrom"},"2.04":{"post":[1.5,0,-1.5],"lerp_mode":"catmullrom"},"3.0":{"post":[0,0,0],"lerp_mode":"catmullrom"}}},"neck1":{"rotation":{"0.0":{"post":[0,0,0],"lerp_mode":"catmullrom"},"0.64":{"post":[-2.5,0,0],"lerp_mode":"catmullrom"},"1.92":{"post":[2.5,0,0],"lerp_mode":"catmullrom"},"3.0":{"post":[0,0,0],"lerp_mode":"catmullrom"}}},"leg_front_right":{"rotation":{"0.0":{"post":[10,0,0],"lerp_mode":"catmullrom"},"1.08":{"post":[-25,0,0],"lerp_mode":"catmullrom"},"1.48":{"post":[-25,0,0],"lerp_mode":"catmullrom"},"2.12":{"post":[-25,0,0],"lerp_mode":"catmullrom"},"3.0":{"post":[10,0,0],"lerp_mode":"catmullrom"}},"position":{"0.0":{"post":[0,0,0],"lerp_mode":"catmullrom"},"0.64":{"post":[0,2,0],"lerp_mode":"catmullrom"},"1.08":{"post":[0,3,0],"lerp_mode":"catmullrom"},"1.48":{"post":[0,0,0],"lerp_mode":"catmullrom"},"1.72":{"post":[0,-0.6,0],"lerp_mode":"catmullrom"},"1.92":{"post":[0,0,0],"lerp_mode":"catmullrom"},"2.12":{"post":[0,0,0],"lerp_mode":"catmullrom"},"3.0":{"post":[0,0,0],"lerp_mode":"catmullrom"}}},"leg_front_right3":{"rotation":{"0.0":{"post":[2.5,0,0],"lerp_mode":"catmullrom"},"0.64":{"post":[6.52,0,0],"lerp_mode":"catmullrom"},"1.08":{"post":[5,0,0],"lerp_mode":"catmullrom"},"1.48":{"post":[22.5,0,0],"lerp_mode":"catmullrom"},"2.12":{"post":[22.5,0,0],"lerp_mode":"catmullrom"},"3.0":{"post":[2.5,0,0],"lerp_mode":"catmullrom"}}},"leg_front_left":{"rotation":{"0.0":{"post":[-25,0,0],"lerp_mode":"catmullrom"},"0.64":{"post":[-25,0,0],"lerp_mode":"catmullrom"},"1.48":{"post":[10,0,0],"lerp_mode":"catmullrom"},"2.56":{"post":[-25,0,0],"lerp_mode":"catmullrom"},"3.0":{"post":[-25,0,0],"lerp_mode":"catmullrom"}},"position":{"0.0":{"post":[0,0,0],"lerp_mode":"catmullrom"},"0.2":{"post":[0,-0.6,0],"lerp_mode":"catmullrom"},"0.44":{"post":[0,0,0],"lerp_mode":"catmullrom"},"0.64":{"post":[0,0,0],"lerp_mode":"catmullrom"},"1.48":{"post":[0,0,0],"lerp_mode":"catmullrom"},"2.12":{"post":[0,2,0],"lerp_mode":"catmullrom"},"2.56":{"post":[0,3,0],"lerp_mode":"catmullrom"},"3.0":{"post":[0,0,0],"lerp_mode":"catmullrom"}}},"leg_front_left3":{"rotation":{"0.0":{"post":[22.5,0,0],"lerp_mode":"catmullrom"},"0.64":{"post":[22.5,0,0],"lerp_mode":"catmullrom"},"1.2":{"post":[8.74,0,0],"lerp_mode":"catmullrom"},"2.56":{"post":[7.5,0,0],"lerp_mode":"catmullrom"},"3.0":{"post":[22.5,0,0],"lerp_mode":"catmullrom"}},"position":{"0.0":{"post":[0,0.3,0.8],"lerp_mode":"catmullrom"},"3.0":{"post":[0,0.3,0.8],"lerp_mode":"catmullrom"}}},"leg_back_left":{"rotation":{"0.0":{"post":[0,0,0],"lerp_mode":"catmullrom"},"0.96":{"post":[0,0,0],"lerp_mode":"catmullrom"},"1.48":{"post":[0,0,0],"lerp_mode":"catmullrom"},"2.12":{"post":[17.5,0,0],"lerp_mode":"catmullrom"},"3.0":{"post":[0,0,0],"lerp_mode":"catmullrom"}},"position":{"0.0":{"post":[0,1,0],"lerp_mode":"catmullrom"},"0.96":{"post":[0,0,-1],"lerp_mode":"catmullrom"},"1.48":{"post":[0,0,0],"lerp_mode":"catmullrom"},"2.12":{"post":[0,-1,0],"lerp_mode":"catmullrom"},"3.0":{"post":[0,1,0],"lerp_mode":"catmullrom"}}},"leg_back_left3":{"rotation":{"0.0":{"post":[-17.5,0,0],"lerp_mode":"catmullrom"},"0.96":{"post":[0,0,0],"lerp_mode":"catmullrom"},"1.48":{"post":[0,0,0],"lerp_mode":"catmullrom"},"2.12":{"post":[-17.5,0,0],"lerp_mode":"catmullrom"},"3.0":{"post":[-17.5,0,0],"lerp_mode":"catmullrom"}}},"leg_back_right":{"rotation":{"0.0":{"post":[0,0,0],"lerp_mode":"catmullrom"},"0.64":{"post":[17.5,0,0],"lerp_mode":"catmullrom"},"1.48":{"post":[0,0,0],"lerp_mode":"catmullrom"},"2.44":{"post":[0,0,0],"lerp_mode":"catmullrom"},"3.0":{"post":[0,0,0],"lerp_mode":"catmullrom"}},"position":{"0.0":{"post":[0,0,0],"lerp_mode":"catmullrom"},"0.64":{"post":[0,-1,0],"lerp_mode":"catmullrom"},"1.48":{"post":[0,1,0],"lerp_mode":"catmullrom"},"2.44":{"post":[0,0,-1],"lerp_mode":"catmullrom"},"3.0":{"post":[0,0,0],"lerp_mode":"catmullrom"}}},"leg_back_right3":{"rotation":{"0.0":{"post":[0,0,0],"lerp_mode":"catmullrom"},"0.64":{"post":[-17.5,0,0],"lerp_mode":"catmullrom"},"1.48":{"post":[-17.5,0,0],"lerp_mode":"catmullrom"},"2.44":{"post":[0,0,0],"lerp_mode":"catmullrom"},"3.0":{"post":[0,0,0],"lerp_mode":"catmullrom"}}},"leg_front_left4":{"rotation":{"0.0":{"post":[0,0,0],"lerp_mode":"catmullrom"},"1.48":{"post":[5,0,0],"lerp_mode":"catmullrom"},"1.72":{"post":[7.5,0,0],"lerp_mode":"catmullrom"},"1.92":{"post":[2.5,0,0],"lerp_mode":"catmullrom"},"3.0":{"post":[0,0,0],"lerp_mode":"catmullrom"}}}}}}}