{"format_version":"1.8.0","animations":{"animation.tinkaton2.ground_idle":{"loop":true,"bones":{"left_hand":{"rotation":[0,0,"-1*(math.sin(q.anim_time*90*4)*1+1)"]},"left_leg":{"rotation":[0,0,-7.5]},"torso":{"rotation":[2.5,0,0],"position":[0,"-0.1*(math.sin(q.anim_time*90*4-90)*1+1)",0]},"right_arm":{"rotation":[0,0,"(math.sin(q.anim_time*90*4)*1+1)"]},"head":{"rotation":[-2.5,0,0]},"left_hair2":{"rotation":[0,0,"-2*(math.sin(q.anim_time*90*4)*1+1)"]},"left_hair5":{"rotation":[0,0,"2*(math.sin(q.anim_time*90*4)*1+1)"]},"right_hair2":{"rotation":[0,0,"2*(math.sin(q.anim_time*90*4)*1+1)"]},"right_hair5":{"rotation":[0,0,"-2*(math.sin(q.anim_time*90*4)*1+1)"]},"right_leg":{"rotation":[0,0,7.5]},"left_arm":{"rotation":[0,0,"-2*(math.sin(q.anim_time*90*4)*1+1)"]}}},"animation.tinkaton2.ground_walk":{"loop":true,"bones":{"body":{"rotation":["math.clamp(math.sin(query.anim_time*180*4*1.5/2+20)*1,0.2,1)+math.clamp(-math.sin(query.anim_time*180*4*1.5/2)*1,0.2,1)-0.8","-math.clamp(math.sin(query.anim_time*90*4*1.5+90)*0.3,-0.3,0.3)*3",0],"position":[0,"2*math.clamp(math.sin(-query.anim_time*90*8*1.5+45/2)*0.6,0,1)-math.clamp(math.sin(-query.anim_time*90*8*1.5+45/2+180)*0.6,0,1)+0.6","-math.clamp(math.sin(query.anim_time*90*4*1.5)*0.3,0,0.3)-math.clamp(math.sin(-query.anim_time*90*4*1.5)*0.3,0,0.3)"]},"left_leg":{"rotation":["-math.clamp(math.sin(query.anim_time*90*4*1.5+45)*10,-15,14)+math.clamp(-math.sin(query.anim_time*90*4*1.5+180)*12,5,12)-5.3289","-0.946+math.clamp(-math.sin(query.anim_time*90*4*1.5+180*1)*7.5,0,10)+math.clamp(-math.sin(query.anim_time*90*4*1.5+90+180*1)*3,0,10)",-7.44744],"position":[0,"-1.25+math.clamp(-math.sin(-query.anim_time*90*4*1.5-20+180)*0.4,0.2,1)-math.clamp(-math.sin(query.anim_time*90*4*1.5+65+180)*0.8,0.7,0.9)+math.clamp(-math.sin(query.anim_time*90*4*1.5-25+180)*1,0.7,1)+math.clamp(-math.sin(query.anim_time*90*4*1.5-35+180*2)*2,1,2)","-math.clamp(math.sin(query.anim_time*90*4*1.5)*0.2,-0.5,1)-math.clamp(math.sin(query.anim_time*90*4*1.5)*0.4,-0.8,0)-0.1"]},"right_leg":{"rotation":["-math.clamp(math.sin(query.anim_time*90*4*1.5+45+180)*10,-15,14)+math.clamp(-math.sin(query.anim_time*90*4*1.5+180*2)*12,5,12)-5.06","-0.9207-math.clamp(-math.sin(query.anim_time*90*4*1.5+180*2)*7.5,0,10)-math.clamp(-math.sin(query.anim_time*90*4*1.5+90+180*2)*3,0,10)",7.4436],"position":[0,"-1.25+math.clamp(-math.sin(-query.anim_time*90*4*1.5-20)*0.4,0.2,1)-math.clamp(-math.sin(query.anim_time*90*4*1.5+65)*0.8,0.7,0.9)+math.clamp(-math.sin(query.anim_time*90*4*1.5-25)*1,0.7,1)+math.clamp(-math.sin(query.anim_time*90*4*1.5-35+180)*2,1,2)","-math.clamp(math.sin(query.anim_time*90*4*1.5+180)*0.2,-0.5,1)-math.clamp(math.sin(query.anim_time*90*4*1.5+180)*0.4,-0.8,0)-0.1"]},"left_arm":{"rotation":[0,"-math.sin(query.anim_time*90*6)*6","-2*(math.sin(q.anim_time*90*6*2)*1+1)"]},"head":{"rotation":[-2.5,0,0]},"left_hair2":{"rotation":["-math.clamp(math.sin(query.anim_time*90*4*1.5+90)*0.3,-0.3,0.3)*33",0,0],"position":[0,"math.clamp(math.sin(query.anim_time*90*8*1.5+90)*0.3,-0.3,0.3)*0.5",0]},"left_hair5":{"rotation":["-math.clamp(math.sin(query.anim_time*90*4*1.5)*0.3,-0.3,0.3)*33",0,0]},"right_hair2":{"rotation":["-math.clamp(math.sin(query.anim_time*90*4*1.5+270)*0.3,-0.3,0.3)*33",0,0],"position":[0,"math.clamp(math.sin(query.anim_time*90*8*1.5+90)*0.3,-0.3,0.3)*0.5",0]},"right_hair5":{"rotation":["-math.clamp(math.sin(query.anim_time*90*4*1.5+180)*0.3,-0.3,0.3)*33",0,0]}}}},"geckolib_format_version":2}