{"format_version":"1.8.0","animations":{"animation.tinkatuff2.ground_idle":{"loop":true,"bones":{"left_leg":{"rotation":[0,0,-7.5]},"right_leg":{"rotation":[0,0,7.5]},"torso":{"rotation":[2.5,0,0],"position":[0,"-0.1*(math.sin(q.anim_time*90*4-90)*1+1)",0]},"left_arm":{"rotation":[0,0,"2*(math.sin(q.anim_time*90*4)*1+1)"]},"left_hand":{"rotation":[0,0,"-1*(math.sin(q.anim_time*90*4)*1+1)"]},"right_arm":{"rotation":[0,0,"2*(math.sin(q.anim_time*90*4)*1+1)"]},"head":{"rotation":[-2.5,0,0]}}},"animation.tinkatuff2.ground_walk":{"loop":true,"bones":{"body":{"rotation":["math.clamp(math.sin(query.anim_time*180*4*1.5/2+20)*1,0.2,1)+math.clamp(-math.sin(query.anim_time*180*4*1.5/2)*1,0.2,1)-0.8","-math.clamp(math.sin(query.anim_time*90*4*1.5+90)*0.3,-0.3,0.3)*5",0],"position":[0,"-2*math.clamp(math.sin(-query.anim_time*90*4*1.5+45/2)*0.6,0,1)-2*math.clamp(math.sin(-query.anim_time*90*4*1.5+45/2+180)*0.6,0,1)+1","-math.clamp(math.sin(query.anim_time*90*4*1.5)*0.3,0,0.3)-math.clamp(math.sin(-query.anim_time*90*4*1.5)*0.3,0,0.3)"]},"left_leg":{"rotation":["-5*math.clamp(math.sin(query.anim_time*90*4*1.5+45)*10,-15,14)+math.clamp(-math.sin(query.anim_time*90*4*1.5+180)*12,5,12)-5.0882","-4.3487+math.clamp(-math.sin(query.anim_time*90*4*1.5+180*1)*7.5,0,10)+math.clamp(-math.sin(query.anim_time*90*4*1.5+90+180*1)*3,0,10)",-6.11267],"position":[0,"-1.25+math.clamp(-math.sin(-query.anim_time*90*4*1.5-20+180)*0.4,0.2,1)-math.clamp(-math.sin(query.anim_time*90*4*1.5+65+180)*0.8,0.7,0.9)+math.clamp(-math.sin(query.anim_time*90*4*1.5-25+180)*1,0.7,1)+math.clamp(-math.sin(query.anim_time*90*4*1.5-35+180*2)*2,1,2)","-math.clamp(math.sin(query.anim_time*90*4*1.5)*0.2,-0.5,1)-math.clamp(math.sin(query.anim_time*90*4*1.5)*0.4,-0.8,0)-0.1"]},"right_leg":{"rotation":["-5*math.clamp(math.sin(query.anim_time*90*4*1.5+45+180)*10,-15,14)+math.clamp(-math.sin(query.anim_time*90*4*1.5+180*2)*12,5,12)-5.232","-4.3316-math.clamp(-math.sin(query.anim_time*90*4*1.5+180*2)*7.5,0,10)-math.clamp(-math.sin(query.anim_time*90*4*1.5+90+180*2)*3,0,10)",6.12854],"position":[0,"-1.25+math.clamp(-math.sin(-query.anim_time*90*4*1.5-20)*0.4,0.2,1)-math.clamp(-math.sin(query.anim_time*90*4*1.5+65)*0.8,0.7,0.9)+math.clamp(-math.sin(query.anim_time*90*4*1.5-25)*1,0.7,1)+math.clamp(-math.sin(query.anim_time*90*4*1.5-35+180)*2,1,2)","-math.clamp(math.sin(query.anim_time*90*4*1.5+180)*0.2,-0.5,1)-math.clamp(math.sin(query.anim_time*90*4*1.5+180)*0.4,-0.8,0)-0.1"]},"left_arm":{"rotation":[-31.6949,-22.48094,-7.25316]},"left_hand":{"rotation":[-1.91612,1.22368,30.46997]},"right_arm":{"rotation":[70.74117,-27.4399,-109.5115]},"head":{"rotation":[-2.5,0,0]},"left_hip":{"rotation":[0,"2*math.clamp(math.sin(query.anim_time*90*4*1.5+45)*10,-15,14)+math.clamp(-math.sin(query.anim_time*90*4*1.5+180)*12,5,12)-5","2*math.clamp(math.sin(query.anim_time*90*4*1.5+45)*10,-15,14)+math.clamp(-math.sin(query.anim_time*90*4*1.5+180)*12,5,12)-5"]},"right_hip":{"rotation":[0,"-2*math.clamp(math.sin(query.anim_time*90*4*1.5+45+180)*10,-15,14)+math.clamp(-math.sin(query.anim_time*90*4*1.5+180*2)*12,5,12)-5","-2*math.clamp(math.sin(query.anim_time*90*4*1.5+45+180)*10,-15,14)+math.clamp(-math.sin(query.anim_time*90*4*1.5+180*2)*12,5,12)-5"]}}}},"geckolib_format_version":2}