{"format_version":"1.8.0","animations":{"animation.toedscool.ground_idle":{"loop":true,"animation_length":4,"bones":{"body":{"position":[0,-5,0]},"torso":{"rotation":["math.cos(query.anim_time*90)*3",0,0],"position":[0,"1+math.cos((query.anim_time-0.3)*90)*1",0]},"tentacle_left":{"rotation":[-22.5,-22.5,0]},"tentacle_left_2":{"rotation":[22.5,0,0]},"tentacle_left_3":{"rotation":[22.5,0,0]},"tentacle_left_4":{"rotation":[-22.5,0,0]},"tentacle_left_5":{"rotation":[-90,0,0]},"tentacle_right":{"rotation":[-22.5,22.5,0]},"tentacle_right_2":{"rotation":[22.5,0,0]},"tentacle_right_3":{"rotation":[22.5,0,0]},"tentacle_right_4":{"rotation":[-22.5,0,0]},"tentacle_right_5":{"rotation":[-90,0,0]}}},"animation.toedscool.sleep":{"loop":true,"animation_length":4,"bones":{"body":{"position":[0,-4,0]},"torso":{"rotation":["22.5+math.cos(query.anim_time*90)*3",0,0]},"eyelid_left":{"position":[0,0,-0.25]},"eyelid_right":{"position":[0,0,-0.1]},"tentacle_left":{"rotation":[0,-22.5,0]},"tentacle_left_5":{"rotation":[-90,0,0]},"tentacle_right":{"rotation":[0,22.5,0]},"tentacle_right_5":{"rotation":[-90,0,0]}}},"animation.toedscool.ground_walk":{"loop":true,"animation_length":1,"bones":{"body":{"position":[0,"-4.5+math.cos(query.anim_time*1440)*1.5",0]},"torso":{"rotation":[-15,0,"-1*math.cos((query.anim_time-0.5)*720)*-5"]},"tentacle_left":{"rotation":["10+math.cos((query.anim_time-0.3)*720)*60",-2,-1],"position":{"0.0":[0,0.5,1],"0.2083":[0,-1,0],"0.4583":[0,0.5,1],"0.7083":[0,-1,0],"0.9583":[0,0.5,1]}},"tentacle_left_2":{"rotation":["math.cos((query.anim_time-0.5)*720)*60",0,0]},"tentacle_left_3":{"rotation":["math.cos((query.anim_time-0.8)*720)*60",0,0]},"tentacle_left_4":{"rotation":["math.cos((query.anim_time-0.8)*720)*60",0,0]},"tentacle_left_5":{"rotation":{"0.0":[0,0,0],"0.2083":[-90,0,0],"0.2917":[0,0,0],"0.4583":[90,0,0],"0.5417":[0,0,0],"0.7083":[-90,0,0],"0.7917":[0,0,0],"0.9583":[90,0,0],"1.0":[15,0,0]}},"tentacle_right":{"rotation":["10+math.cos((query.anim_time-0.3)*720)*-60",2,1],"position":{"0.0":[0,-1,0],"0.2083":[0,0.5,1],"0.4583":[0,-1,0],"0.7083":[0,0.5,1],"1.0":[0,-1,0]}},"tentacle_right_2":{"rotation":["math.cos((query.anim_time-0.5)*720)*-60",0,0]},"tentacle_right_3":{"rotation":["math.cos((query.anim_time-0.8)*720)*-60",0,0]},"tentacle_right_4":{"rotation":["math.cos((query.anim_time-0.8)*720)*-60",0,0]},"tentacle_right_5":{"rotation":{"0.0":[0,0,0],"0.2083":[90,0,0],"0.2917":[0,0,0],"0.4583":[-90,0,0],"0.5417":[22.5,0,0],"0.7083":[90,0,0],"0.7917":[0,0,0],"0.9167":[-90,0,0],"0.9583":[-100.02,0,0],"1.0":[0,0,0]}},"Toedscool":{"rotation":[2.5,0,0]}}},"animation.toedscool.blink":{"animation_length":0.16667,"bones":{"eyelid_left":{"position":{"0.0":[0,0,-0.1],"0.125":[0,0,-0.1],"0.1667":[0,0,0]}},"eyelid_right":{"position":{"0.0":[0,0,-0.1],"0.125":[0,0,-0.1],"0.1667":[0,0,0]}}}}}}