{"format_version":"1.8.0","animations":{"animation.togekiss.ground_idle":{"loop":true,"bones":{"body":{"rotation":[12.5,0,0],"position":[0,-5.75,0]},"left_wing":{"rotation":["-17.5-math.sin((query.anim_time) * 90 * 1-60)*1",0,"20-math.sin((query.anim_time) * 90 * 1-90)*2"],"position":[0,0.81915,-0.57358]},"left_wing2":{"rotation":[-5,0,"15-math.sin((query.anim_time) * 90 * 1-120)*2"]},"left_wing3":{"rotation":[-5,0,"15-math.sin((query.anim_time) * 90 * 1-150)*3"]},"lower_body":{"rotation":[5,0,0]},"tail":{"rotation":["25-math.sin((query.anim_time) * 90 * 1-90)*5",0,0]},"head":{"rotation":["12.5+math.sin((query.anim_time) * 90 * 1-60)*2",0,0]},"neck":{"rotation":[10,0,0],"position":[0,0.39668,0.30438]},"left_foot":{"rotation":[-97.5,0,0]},"right_foot":{"rotation":[-97.5,0,0]},"torso":{"rotation":["-35-math.sin((query.anim_time) * 90 * 1)*1",0,0]},"right_wing":{"rotation":["-17.5-math.sin((query.anim_time) * 90 * 1-60)*1",0,"-20+math.sin((query.anim_time) * 90 * 1-90)*2"],"position":[0,0.81915,-0.57358]},"right_wing2":{"rotation":[-5,0,"-15+math.sin((query.anim_time) * 90 * 1-120)*2"]},"right_wing3":{"rotation":[-5,0,"-15+math.sin((query.anim_time) * 90 * 1-150)*3"]}}},"animation.togekiss.air_idle":{"loop":true,"bones":{"body":{"rotation":[0,0,"-math.sin((query.anim_time) * 90 * 0.5-90)*1"],"position":[0,"math.sin((query.anim_time) * 90 * 1)*0.5",0]},"left_wing":{"rotation":[0,0,"-math.sin((query.anim_time) * 90 * 1-120)*5"]},"left_wing2":{"rotation":[0,0,"-math.sin((query.anim_time) * 90 * 1-150)*7"]},"left_wing3":{"rotation":[0,0,"5-math.sin((query.anim_time) * 90 * 1-180)*9"]},"lower_body":{"rotation":["-math.sin((query.anim_time) * 90 * 1-90)*3",0,0]},"tail":{"rotation":["-math.sin((query.anim_time) * 90 * 1-120)*5",0,0]},"tail2":{"rotation":["-math.sin((query.anim_time) * 90 * 1-180)*7",0,0]},"tail3":{"rotation":["-math.sin((query.anim_time) * 90 * 1-210)*5",0,0]},"head":{"rotation":["-math.sin((query.anim_time) * 90 * 1-30)*5",0,0]},"left_foot":{"rotation":["-math.sin((query.anim_time) * 90 * 1-60)*10",0,"-math.sin((query.anim_time) * 90 * 0.5-120)*3"]},"right_foot":{"rotation":["-math.sin((query.anim_time) * 90 * 1-120)*10",0,"-math.sin((query.anim_time) * 90 * 0.5-90)*3"]},"torso":{"rotation":["3-math.sin((query.anim_time) * 90 * 1)*3",0,0]},"right_wing":{"rotation":[0,0,"math.sin((query.anim_time) * 90 * 1-120)*5"]},"right_wing2":{"rotation":[0,0,"math.sin((query.anim_time) * 90 * 1-150)*7"]},"right_wing3":{"rotation":[0,0,"-5+math.sin((query.anim_time) * 90 * 1-180)*9"]}}},"animation.togekiss.air_fly":{"loop":true,"bones":{"body":{"rotation":["7.5+math.sin((query.anim_time) * 90 * 1-60)*3",0,"0-math.sin((query.anim_time) * 90 * 0.5-90)*3"],"position":["-math.sin((query.anim_time) * 90 * 0.5-120)*1","-math.sin((query.anim_time) * 90 * 1)*1",0]},"left_wing":{"rotation":[0,0,"math.sin(q.anim_time*90*1-90)*2"]},"left_wing2":{"rotation":[0,0,"2+math.sin(q.anim_time*90*1-120)*3"]},"left_wing3":{"rotation":[0,0,"4+math.sin(q.anim_time*90*1-150)*3"]},"head":{"rotation":["-math.sin((query.anim_time) * 90 * 1-120)*3",0,"math.sin((query.anim_time) * 90 * 0.5-90)*3"]},"left_foot":{"rotation":["5+math.sin((query.anim_time) * 90 * 1-120)*10",0,"-math.sin((query.anim_time) * 90 * 0.5-120)*7"]},"right_foot":{"rotation":["5+math.sin((query.anim_time) * 90 * 1-90)*10",0,"-math.sin((query.anim_time) * 90 * 0.5-120)*7"]},"right_wing":{"rotation":[0,0,"(-math.sin(q.anim_time*90*1-90)*2)"]},"right_wing2":{"rotation":[0,0,"-2-math.sin(q.anim_time*90*1-120)*3"]},"right_wing3":{"rotation":[0,0,"-4-math.sin(q.anim_time*90*1-150)*3"]}}},"animation.togekiss.sleep":{"loop":true,"bones":{"body":{"position":[0,-5.75,0]},"left_wing":{"rotation":["-17.5-math.sin((query.anim_time) * 90 * 0.5-60)*2",0,"20-math.sin((query.anim_time) * 90 * 0.5-90)*2"],"position":[0,0.81915,-0.57358]},"left_wing2":{"rotation":[-5,0,"15-math.sin((query.anim_time) * 90 * 0.5-120)*3"]},"left_wing3":{"rotation":[-5,0,"15-math.sin((query.anim_time) * 90 * 0.5-150)*5"]},"lower_body":{"rotation":[5,0,0]},"tail":{"rotation":["25-math.sin((query.anim_time) * 90 * 0.5-90)*5",0,0]},"head":{"rotation":["12.5-math.sin((query.anim_time) * 90 * 0.5-60)*4",0,0]},"left_eye":{"position":[0,-0.08716,0.99619]},"left_eyelid":{"position":[-1.41866,0.05086,-1.40883]},"right_eye":{"position":[0,-0.08716,0.99619]},"right_eyelid":{"position":[1.41866,0.05086,-1.40883]},"neck":{"rotation":[10,0,0],"position":[0,0.39668,0.30438]},"left_foot":{"rotation":[-97.5,0,0]},"right_foot":{"rotation":[-97.5,0,0]},"torso":{"rotation":["-22.5-math.sin((query.anim_time) * 90 * 0.5)*2",0,0]},"right_wing":{"rotation":["-17.5-math.sin((query.anim_time) * 90 * 0.5-60)*2",0,"-20+math.sin((query.anim_time) * 90 * 0.5-90)*2"],"position":[0,0.81915,-0.57358]},"right_wing2":{"rotation":[-5,0,"-15+math.sin((query.anim_time) * 90 * 0.5-120)*3"]},"right_wing3":{"rotation":[-5,0,"-15+math.sin((query.anim_time) * 90 * 0.5-150)*5"]}}},"animation.togekiss.blink":{"animation_length":0.1667,"bones":{"left_eye":{"position":{"0.0":[0,-0.30071,0.95372],"0.1667":{"pre":[0,-0.30071,0.95372],"post":[0,0.00071,-0.00372]}}},"left_eyelid":{"position":{"0.0":[-1.39604,0.48157,-1.34876],"0.1667":{"pre":[-1.39604,0.48157,-1.34876],"post":[-0.00396,-0.00157,-0.00124]}}},"right_eye":{"position":{"0.0":[0,-0.30071,0.95372],"0.1667":{"pre":[0,-0.30071,0.95372],"post":[0,0.00071,-0.00372]}}},"right_eyelid":{"position":{"0.0":[1.39604,0.48157,-1.34876],"0.1667":{"pre":[1.39604,0.48157,-1.34876],"post":[0.00396,-0.00157,-0.00124]}}}}},"animation.togekiss.cry":{"animation_length":2.125,"bones":{"body":{"position":{"0.0":{"post":[0,0,0],"lerp_mode":"catmullrom"},"0.25":{"post":[0,-1,0],"lerp_mode":"catmullrom"},"1.0":{"post":[0,1,0],"lerp_mode":"catmullrom"},"2.0":{"post":[0,0,0],"lerp_mode":"catmullrom"}}},"left_foot":{"rotation":{"0.0":{"post":[0,0,0],"lerp_mode":"catmullrom"},"0.25":{"post":[-12.5,0,0],"lerp_mode":"catmullrom"},"1.0":{"post":[7.5,0,0],"lerp_mode":"catmullrom"},"2.0":{"post":[0,0,0],"lerp_mode":"catmullrom"}}},"right_foot":{"rotation":{"0.0":{"post":[0,0,0],"lerp_mode":"catmullrom"},"0.25":{"post":[-12.5,0,0],"lerp_mode":"catmullrom"},"1.0":{"post":[7.5,0,0],"lerp_mode":"catmullrom"},"2.0":{"post":[0,0,0],"lerp_mode":"catmullrom"}}},"torso":{"rotation":{"0.0":{"post":[0,0,0],"lerp_mode":"catmullrom"},"0.25":{"post":[5,0,0],"lerp_mode":"catmullrom"},"1.0":{"post":[-3.86,0,0],"lerp_mode":"catmullrom"},"1.6667":{"post":[0,0,0],"lerp_mode":"catmullrom"}}},"left_wing":{"rotation":{"0.0":{"post":[0,0,0],"lerp_mode":"catmullrom"},"0.25":{"post":[0,0,12.5],"lerp_mode":"catmullrom"},"1.0":{"post":[0,0,-7.5],"lerp_mode":"catmullrom"},"1.7917":{"post":[0,0,0],"lerp_mode":"catmullrom"}}},"left_wing2":{"rotation":{"0.0":{"post":[0,0,0],"lerp_mode":"catmullrom"},"0.4167":{"post":[0,0,10],"lerp_mode":"catmullrom"},"1.25":{"post":[0,0,-5],"lerp_mode":"catmullrom"},"1.9167":{"post":[0,0,0],"lerp_mode":"catmullrom"}}},"left_wing3":{"rotation":{"0.0":{"post":[0,0,0],"lerp_mode":"catmullrom"},"0.625":{"post":[0,0,10],"lerp_mode":"catmullrom"},"1.375":{"post":[0,0,-5],"lerp_mode":"catmullrom"},"2.125":{"post":[0,0,0],"lerp_mode":"catmullrom"}}},"right_wing":{"rotation":{"0.0":{"post":[0,0,0],"lerp_mode":"catmullrom"},"0.25":{"post":[0,0,-12.5],"lerp_mode":"catmullrom"},"1.0":{"post":[0,0,7.5],"lerp_mode":"catmullrom"},"1.7917":{"post":[0,0,0],"lerp_mode":"catmullrom"}}},"right_wing2":{"rotation":{"0.0":{"post":[0,0,0],"lerp_mode":"catmullrom"},"0.4167":{"post":[0,0,-10],"lerp_mode":"catmullrom"},"1.25":{"post":[0,0,5],"lerp_mode":"catmullrom"},"1.9167":{"post":[0,0,0],"lerp_mode":"catmullrom"}}},"right_wing3":{"rotation":{"0.0":{"post":[0,0,0],"lerp_mode":"catmullrom"},"0.625":{"post":[0,0,-10],"lerp_mode":"catmullrom"},"1.375":{"post":[0,0,5],"lerp_mode":"catmullrom"},"2.125":{"post":[0,0,0],"lerp_mode":"catmullrom"}}},"head":{"rotation":{"0.0":{"post":[0,0,0],"lerp_mode":"catmullrom"},"0.3333":{"post":[6.2,0,0],"lerp_mode":"catmullrom"},"0.9583":{"post":[-5,0,0],"lerp_mode":"catmullrom"},"2.0":{"post":[0,0,0],"lerp_mode":"catmullrom"}}},"mouth":{"position":{"0.0":[0,0,0],"0.5":{"pre":[0,0,0],"post":[0,0,-1]},"2.0":{"pre":[0,0,-1],"post":[0,0,0]}}},"left_eye":{"position":{"0.0":[0,0.00071,-0.00372],"0.0833":{"pre":[0,0.00071,-0.00372],"post":[0,-0.30071,0.95372]},"0.4583":{"pre":[0,-0.30071,0.95372],"post":[0,0.00071,-0.00372]}}},"left_eyelid":{"position":{"0.0":[-0.00396,-0.00157,-0.00124],"0.0833":{"pre":[-0.00396,-0.00157,-0.00124],"post":[-1.39604,0.48157,-1.34876]},"0.4583":{"pre":[-1.39604,0.48157,-1.34876],"post":[-0.00396,-0.00157,-0.00124]}}},"right_eye":{"position":{"0.0":[0,0.00071,-0.00372],"0.0833":{"pre":[0,0.00071,-0.00372],"post":[0,-0.30071,0.95372]},"0.4583":{"pre":[0,-0.30071,0.95372],"post":[0,0.00071,-0.00372]}}},"right_eyelid":{"position":{"0.0":[0.00396,-0.00157,-0.00124],"0.0833":{"pre":[0.00396,-0.00157,-0.00124],"post":[1.39604,0.48157,-1.34876]},"0.4583":{"pre":[1.39604,0.48157,-1.34876],"post":[0.00396,-0.00157,-0.00124]}}}},"sound_effects":{"0.5":{"effect":"togekiss_cry"}}}}}