{"format_version":"1.8.0","animations":{"animation.togetic.render":{"loop":true,"bones":{"neck":{"rotation":[25,0,0]},"body":{"rotation":[-5,0,0]},"torso":{"rotation":[-10,0,0]},"left_arm":{"rotation":[-37.5,0,-30]},"left_wing":{"rotation":[5,0,-12.5]},"left_leg":{"rotation":[-20,-25,-25]},"left_foot":{"rotation":[0,-20,0]},"head":{"rotation":[7.5,0,0]},"right_leg":{"rotation":[-20,25,25]},"right_foot":{"rotation":[0,20,0]},"mouth_open":{"position":[0,0.25,-1]},"mouth_closed":{"position":[0,0,1]},"right_arm":{"rotation":[-37.5,0,30]}}},"animation.togetic.ground_idle":{"loop":true,"bones":{"body":{"rotation":[-20,0,0],"position":[0,"2+math.sin((query.anim_time) * 90 * 1)*1",0]},"left_arm":{"rotation":[0,"35-math.sin((query.anim_time) * 90 * 0.5-30)*2","17.5-math.sin((query.anim_time) * 90 * 1)*10"]},"right_arm":{"rotation":[0,"-35-math.sin((query.anim_time) * 90 * 0.5)*2","-17.5+math.sin((query.anim_time) * 90 * 1)*10"]},"left_wing":{"rotation":[0,0,"math.sin((query.anim_time) * 90 * 5)*10"]},"neck":{"rotation":["25-math.sin((query.anim_time) * 90 * 1-60)*5",0,0]},"head":{"rotation":["10+math.sin((query.anim_time) * 90 * 1-90)*5",0,0]},"left_leg":{"rotation":["-math.sin((query.anim_time) * 90 * 1-30)*5",-15,-20]},"left_foot":{"rotation":["10-math.sin((query.anim_time) * 90 * 1-90)*10",0,0]},"right_leg":{"rotation":["-math.sin((query.anim_time) * 90 * 1)*5",15,20]},"right_foot":{"rotation":["10-math.sin((query.anim_time) * 90 * 1-60)*10",0,0]},"left_wing2":{"rotation":[0,0,"math.sin((query.anim_time) * 90 * 5-60)*15"]},"right_wing2":{"rotation":[0,0,"-(math.sin((query.anim_time) * 90 * 5-60)*15)"]},"right_wing":{"rotation":[0,0,"-(math.sin((query.anim_time) * 90 * 5)*10)"]}}},"animation.togetic.battle_idle":{"loop":true,"bones":{"body":{"rotation":[-10,0,0],"position":[0,"2+math.sin((query.anim_time) * 90 * 2)*1",0]},"left_arm":{"rotation":[0,"35-math.sin((query.anim_time) * 90 * 1-30)*2","17.5-math.sin((query.anim_time) * 90 * 2)*10"]},"right_arm":{"rotation":[0,"-35-math.sin((query.anim_time) * 90 * 1)*2","-17.5+math.sin((query.anim_time) * 90 * 2)*10"]},"left_wing":{"rotation":[0,0,"5+math.sin((query.anim_time) * 90 * 8)*20"]},"neck":{"rotation":["20-math.sin((query.anim_time) * 90 * 2-60)*5",0,0]},"head":{"rotation":["10+math.sin((query.anim_time) * 90 * 2-90)*5",0,0]},"left_leg":{"rotation":["-12.5-math.sin((query.anim_time) * 90 * 2-30)*5",-15,-20]},"left_foot":{"rotation":["10-math.sin((query.anim_time) * 90 * 2-90)*10",0,0]},"right_leg":{"rotation":["-12.5-math.sin((query.anim_time) * 90 * 2)*5",15,20]},"right_foot":{"rotation":["10-math.sin((query.anim_time) * 90 * 2-60)*10",0,0]},"left_wing2":{"rotation":[0,0,"5+math.sin((query.anim_time) * 90 * 8-60)*25"]},"right_wing2":{"rotation":[0,0,"-5-math.sin((query.anim_time) * 90 * 8-60)*25"]},"right_wing":{"rotation":[0,0,"-5-math.sin((query.anim_time) * 90 * 8)*20"]}}},"animation.togetic.sleep":{"loop":true,"bones":{"body":{"rotation":[-37.5,0,0],"position":[0,-4,1]},"torso":{"rotation":["0-math.sin((query.anim_time) * 90 * 1)*1",0,0]},"left_arm":{"rotation":[0,"40+math.sin((query.anim_time) * 90 * 1-60)*3",65]},"right_arm":{"rotation":[0,"-40-math.sin((query.anim_time) * 90 * 1-90)*3",-65]},"left_wing":{"rotation":[-15,0,"7.5-math.sin((query.anim_time) * 90 * 1-60)*5"]},"neck":{"rotation":["42.5-math.sin((query.anim_time) * 90 * 1-30)*2",0,0]},"head":{"rotation":["30+math.sin((query.anim_time) * 90 * 1+30)*2",0,0]},"left_eye":{"position":[0,0,1]},"left_eyelid":{"position":[0,0,-2]},"right_eye":{"position":[0,0,1]},"right_eyelid":{"position":[0,0,-2]},"left_leg":{"rotation":[-45,-30,-22.5]},"left_foot":{"rotation":["15+math.sin((query.anim_time) * 90 * 1-90)*5","-(math.sin((query.anim_time) * 90 * 0.5-90)*3)",0]},"right_leg":{"rotation":[-45,30,22.5]},"right_foot":{"rotation":["15+math.sin((query.anim_time) * 90 * 1-90)*5","-math.sin((query.anim_time) * 90 * 0.5-120)*3",0]},"left_wing2":{"rotation":[0,0,"25-math.sin((query.anim_time) * 90 * 1-120)*7"]},"right_wing2":{"rotation":[0,0,"-25+math.sin((query.anim_time) * 90 * 1-120)*7"]},"mouth_closed":{"position":[0,0,1],"scale":[1,"0.9+math.sin((query.anim_time) * 90 * 1)*0.2",1]},"mouth_open_sleep":{"position":[0,0,-1]}}},"animation.togetic.ground_walk":{"loop":true,"bones":{"body":{"rotation":["-2.5+math.sin((query.anim_time) * 90 * 2-30)*3",0,0],"position":[0,"2+math.sin((query.anim_time) * 90 * 2+90)*0.5","-math.sin((query.anim_time) * 90 * 2)*1"]},"left_arm":{"rotation":[0,"35+math.sin((query.anim_time) * 90 * 2-30)*5","17.5+math.sin((query.anim_time) * 90 * 2-120)*15"]},"right_arm":{"rotation":[0,"-35-math.sin((query.anim_time) * 90 * 2-30)*5","-17.5-math.sin((query.anim_time) * 90 * 2-120)*15"]},"left_wing":{"rotation":[0,0,"math.sin((query.anim_time) * 90 * 8)*15"]},"neck":{"rotation":["20+math.sin((query.anim_time) * 90 * 2+60)*5",0,0]},"head":{"rotation":["-2.5-math.sin((query.anim_time) * 90 * 2+60)*5",0,0]},"left_leg":{"rotation":["5+17.5+math.sin((query.anim_time) * 90 * 2-90)*7",-15,-20]},"left_foot":{"rotation":["15+math.sin((query.anim_time) * 90 * 2-120)*10",0,0]},"right_leg":{"rotation":["5+17.5+math.sin((query.anim_time) * 90 * 2-60)*7",15,20]},"right_foot":{"rotation":["15+math.sin((query.anim_time) * 90 * 2-90)*10",0,0]},"torso":{"rotation":[0,0,0]},"left_wing2":{"rotation":[0,0,"math.sin((query.anim_time) * 90 * 8-60)*20"]},"right_wing2":{"rotation":[0,0,"-(math.sin((query.anim_time) * 90 * 8-60)*20)"]}}},"animation.togetic.blink":{"animation_length":0.1667,"bones":{"left_eye":{"position":{"0.0":[0,0,1],"0.1667":{"pre":[0,0,1],"post":[0,0,0]}}},"left_eyelid":{"position":{"0.0":[0,0,-2],"0.1667":{"pre":[0,0,-2],"post":[0,0,0]}}},"right_eye":{"position":{"0.0":[0,0,1],"0.1667":{"pre":[0,0,1],"post":[0,0,0]}}},"right_eyelid":{"position":{"0.0":[0,0,-2],"0.1667":{"pre":[0,0,-2],"post":[0,0,0]}}}}},"animation.togetic.cry":{"animation_length":1,"bones":{"body":{"rotation":{"0.0":{"post":[0,0,0],"lerp_mode":"catmullrom"},"0.125":{"post":[20,0,0],"lerp_mode":"catmullrom"},"0.5":{"post":[-12.5,0,0],"lerp_mode":"catmullrom"},"0.75":{"post":[-5,0,0],"lerp_mode":"catmullrom"},"1.0":{"post":[0,0,0],"lerp_mode":"catmullrom"}},"position":{"0.0":{"post":[0,0,0],"lerp_mode":"catmullrom"},"0.125":{"post":[0,-1,0],"lerp_mode":"catmullrom"},"0.25":{"post":[0,0,0],"lerp_mode":"catmullrom"},"0.5":{"post":[0,3,0],"lerp_mode":"catmullrom"},"1.0":{"post":[0,0,0],"lerp_mode":"catmullrom"}}},"left_arm":{"rotation":{"0.0":{"post":[0,0,0],"lerp_mode":"catmullrom"},"0.125":{"post":[0,0,20],"lerp_mode":"catmullrom"},"0.25":{"post":[-12.5,-5,-25],"lerp_mode":"catmullrom"},"0.5":{"post":[-12.5,-5,-52.5],"lerp_mode":"catmullrom"},"0.875":{"post":[0,0,0],"lerp_mode":"catmullrom"}}},"right_arm":{"rotation":{"0.0":{"post":[0,0,0],"lerp_mode":"catmullrom"},"0.125":{"post":[0,0,-20],"lerp_mode":"catmullrom"},"0.25":{"post":[-12.5,5,25],"lerp_mode":"catmullrom"},"0.5":{"post":[-12.5,5,52.5],"lerp_mode":"catmullrom"},"0.875":{"post":[0,0,0],"lerp_mode":"catmullrom"}}},"left_wing":{"rotation":{"0.0":{"post":[0,0,0],"lerp_mode":"catmullrom"},"0.125":{"post":[0,0,-15],"lerp_mode":"catmullrom"},"0.25":{"post":[0,0,22.5],"lerp_mode":"catmullrom"},"0.3333":{"post":[0,0,0],"lerp_mode":"catmullrom"},"0.4167":{"post":[0,0,22.5],"lerp_mode":"catmullrom"},"0.5":{"post":[0,0,0],"lerp_mode":"catmullrom"},"0.5833":{"post":[0,0,27.5],"lerp_mode":"catmullrom"},"0.6667":{"post":[0,0,15],"lerp_mode":"catmullrom"},"0.75":{"post":[0,0,0],"lerp_mode":"catmullrom"}}},"right_wing":{"rotation":{"0.0":{"post":[0,0,0],"lerp_mode":"catmullrom"},"0.125":{"post":[0,0,15],"lerp_mode":"catmullrom"},"0.25":{"post":[0,0,-22.5],"lerp_mode":"catmullrom"},"0.3333":{"post":[0,0,0],"lerp_mode":"catmullrom"},"0.4167":{"post":[0,0,-22.5],"lerp_mode":"catmullrom"},"0.5":{"post":[0,0,0],"lerp_mode":"catmullrom"},"0.5833":{"post":[0,0,-27.5],"lerp_mode":"catmullrom"},"0.6667":{"post":[0,0,-15],"lerp_mode":"catmullrom"},"0.75":{"post":[0,0,0],"lerp_mode":"catmullrom"}}},"neck":{"rotation":{"0.0":{"post":[0,0,0],"lerp_mode":"catmullrom"},"0.125":{"post":[10,0,0],"lerp_mode":"catmullrom"},"0.25":{"post":[5,0,0],"lerp_mode":"catmullrom"},"0.5":{"post":[0,0,0],"lerp_mode":"catmullrom"},"0.75":{"post":[0,0,0],"lerp_mode":"catmullrom"},"1.0":{"post":[0,0,0],"lerp_mode":"catmullrom"}}},"head":{"rotation":{"0.0":{"post":[0,0,0],"lerp_mode":"catmullrom"},"0.125":{"post":[10,0,0],"lerp_mode":"catmullrom"},"0.25":{"post":[0,0,0],"lerp_mode":"catmullrom"},"0.5":{"post":[12.5,0,0],"lerp_mode":"catmullrom"},"0.75":{"post":[0,0,0],"lerp_mode":"catmullrom"},"1.0":{"post":[0,0,0],"lerp_mode":"catmullrom"}}},"mouth_open":{"position":{"0.0":[0,0,0],"0.25":{"pre":[0,0,0],"post":[0,0,-1]},"0.6667":{"pre":[0,0,-1],"post":[0,0,0]}},"scale":{"0.25":[1,1,1],"0.3333":[1,0.8,1],"0.4167":[1,1.2,1],"0.5":[1,0.8,1],"0.5833":[1,1,1]}},"mouth_closed":{"position":{"0.0":[0,0,0],"0.25":{"pre":[0,0,0],"post":[0,0,1]},"0.6667":{"pre":[0,0,1],"post":[0,0,0]}}},"left_eye":{"position":{"0.0":[0,0,0],"0.0417":{"pre":[0,0,0],"post":[0,0,1]},"0.25":{"pre":[0,0,1],"post":[0,0,0]}}},"left_eyelid":{"position":{"0.0":[0,0,0],"0.0417":{"pre":[0,0,0],"post":[0,0,-2]},"0.25":{"pre":[0,0,-2],"post":[0,0,0]}}},"right_eye":{"position":{"0.0":[0,0,0],"0.0417":{"pre":[0,0,0],"post":[0,0,1]},"0.25":{"pre":[0,0,1],"post":[0,0,0]}}},"right_eyelid":{"position":{"0.0":[0,0,0],"0.0417":{"pre":[0,0,0],"post":[0,0,-2]},"0.25":{"pre":[0,0,-2],"post":[0,0,0]}}},"left_leg":{"rotation":{"0.0":{"post":[0,0,0],"lerp_mode":"catmullrom"},"0.125":{"post":[-25,0,0],"lerp_mode":"catmullrom"},"0.5":{"post":[22.5,0,0],"lerp_mode":"catmullrom"},"0.8333":{"post":[0,0,0],"lerp_mode":"catmullrom"}}},"right_leg":{"rotation":{"0.0":{"post":[0,0,0],"lerp_mode":"catmullrom"},"0.125":{"post":[-25,0,0],"lerp_mode":"catmullrom"},"0.5":{"post":[22.5,0,0],"lerp_mode":"catmullrom"},"0.8333":{"post":[0,0,0],"lerp_mode":"catmullrom"}}}},"sound_effects":{"0.25":{"effect":"togetic_cry"}}}}}