{"format_version":"1.8.0","animations":{"animation.togepi.render":{"loop":true,"bones":{"left_arm":{"rotation":[0,7.5,-25]},"head":{"rotation":[2.5,0,0]},"right_arm":{"rotation":[0,-7.5,25]},"body":{"position":[0,0.75,0]},"torso":{"rotation":[-2.5,0,0]},"left_foot":{"rotation":[12.5,0,0]},"right_foot":{"rotation":[12.5,0,0]},"mouth_open":{"position":[0,0.25,-1]},"mouth":{"position":[0,0,1]}}},"animation.togepi.ground_idle":{"loop":true,"bones":{"left_arm":{"rotation":[-2.88066,"27.3742-math.sin((query.anim_time) * 90 * 0.5)*5","14.2314+math.sin((query.anim_time) * 90 * 1-60)*7"]},"right_arm":{"rotation":[-2.3273,"-27.3984-math.sin((query.anim_time) * 90 * 0.5)*5","-14.4861-math.sin((query.anim_time) * 90 * 1-60)*7"]},"body":{"position":[0,"0.2+math.sin((query.anim_time) * 90 * 1)*0.2",0]},"torso":{"rotation":["2-math.sin((query.anim_time) * 90 * 1+30)*2","-math.sin((query.anim_time) * 90 * 0.5+30)*2",0]},"head":{"rotation":["-math.sin((query.anim_time) * 90 * 1)*2",0,0]},"left_foot":{"rotation":["2.5+math.sin((query.anim_time) * 90 * 1)*3",0,0]},"right_foot":{"rotation":["2.5+math.sin((query.anim_time) * 90 * 1)*3",0,0]}}},"animation.togepi.battle_idle":{"loop":true,"bones":{"body":{"rotation":[0,0,0],"position":["-math.sin((query.anim_time) * 90 * 1.5)*0.2","0.2+math.sin((query.anim_time) * 90 * 3)*0.2",0]},"torso":{"rotation":["2-math.sin((query.anim_time) * 90 * 3+30)*2","-math.sin((query.anim_time) * 90 * 1.5+30)*5","-math.sin((query.anim_time) * 90 * 1.5+30)*5"]},"head":{"rotation":["-math.sin((query.anim_time) * 90 * 3+30)*2","math.sin((query.anim_time) * 90 * 1.5+50)*3","math.sin((query.anim_time) * 90 * 1.5+50)*5"]},"left_arm":{"rotation":[-2.88066,"27.3742-math.sin((query.anim_time) * 90 * 1.5)*5","14.2314-math.sin((query.anim_time) * 90 * 3-60)*10"]},"right_arm":{"rotation":[-2.3273,"-27.3984-math.sin((query.anim_time) * 90 * 1.5)*5","-14.4861-math.sin((query.anim_time) * 90 * 3-60)*10"]},"left_foot":{"rotation":["2.5+math.sin((query.anim_time) * 90 * 3)*3","-math.sin((query.anim_time) * 90 * 1.5)*3",0]},"right_foot":{"rotation":["2.5+math.sin((query.anim_time) * 90 * 3)*3","-math.sin((query.anim_time) * 90 * 1.5)*3",0]}}},"animation.togepi.sleep":{"loop":true,"bones":{"body":{"rotation":["-55+math.sin((query.anim_time) * 90 * 0.5)*2",0,0],"position":[0,-1,0]},"head":{"rotation":["12.5+math.sin((query.anim_time) * 90 * 0.5+30)*5",0,0]},"left_eye":{"position":[0,0,1]},"left_eyelid":{"position":[0,0,-2]},"right_eye":{"position":[0,0,1]},"right_eyelid":{"position":[0,0,-2]},"mouth_open":{"position":[0,"-math.sin((query.anim_time) * 90 * 0.5+30)*0.2",-1]},"mouth":{"position":[0,0,1]},"left_arm":{"rotation":[22.17599,"46.0418-math.sin((query.anim_time) * 90 * 0.5-30)*5",29.5202],"position":[0,0,-2]},"right_arm":{"rotation":[22.17599,"-46.0418+math.sin((query.anim_time) * 90 * 0.5-30)*5",-29.5202],"position":[0,0,-2]},"left_foot":{"rotation":["-math.sin((query.anim_time) * 90 * 0.5-30)*7","-math.sin((query.anim_time) * 90 * 0.5)*10",0]},"right_foot":{"rotation":["-math.sin((query.anim_time) * 90 * 0.5-30)*7","math.sin((query.anim_time) * 90 * 0.5)*10",0]}}},"animation.togepi.blink":{"animation_length":0.1667,"bones":{"left_eye":{"position":{"0.0":[0,0,1],"0.1667":{"pre":[0,0,1],"post":[0,0,0]}}},"left_eyelid":{"position":{"0.0":[0,0,-2],"0.1667":{"pre":[0,0,-2],"post":[0,0,0]}}},"right_eye":{"position":{"0.0":[0,0,1],"0.1667":{"pre":[0,0,1],"post":[0,0,0]}}},"right_eyelid":{"position":{"0.0":[0,0,-2],"0.1667":{"pre":[0,0,-2],"post":[0,0,0]}}}}},"animation.togepi.cry":{"animation_length":1.5,"bones":{"torso":{"rotation":{"0.0":{"post":[0,0,0],"lerp_mode":"catmullrom"},"0.125":{"post":[5,0,0],"lerp_mode":"catmullrom"},"0.25":{"post":[-5,0,0],"lerp_mode":"catmullrom"},"0.5417":{"post":[-10,0,0],"lerp_mode":"catmullrom"},"0.75":{"post":[-8.41,0,0],"lerp_mode":"catmullrom"},"1.0":{"post":[0,0,0],"lerp_mode":"catmullrom"}}},"head":{"rotation":{"0.0":{"post":[0,0,0],"lerp_mode":"catmullrom"},"0.125":{"post":[12.5,0,0],"lerp_mode":"catmullrom"},"0.25":{"post":[0,0,0],"lerp_mode":"catmullrom"},"0.5417":{"post":[-7.5,0,0],"lerp_mode":"catmullrom"},"1.0":{"post":[0,0,0],"lerp_mode":"catmullrom"}}},"left_eye":{"position":{"0.0":[0,0,0],"0.125":{"pre":[0,0,0],"post":[0,0,1]},"0.3333":{"pre":[0,0,1],"post":[0,0,0]}}},"left_eyelid":{"position":{"0.0":[0,0,0],"0.125":{"pre":[0,0,0],"post":[0,0,-2]},"0.3333":{"pre":[0,0,-2],"post":[0,0,0]}}},"right_eye":{"position":{"0.0":[0,0,0],"0.125":{"pre":[0,0,0],"post":[0,0,1]},"0.3333":{"pre":[0,0,1],"post":[0,0,0]}}},"right_eyelid":{"position":{"0.0":[0,0,0],"0.125":{"pre":[0,0,0],"post":[0,0,-2]},"0.3333":{"pre":[0,0,-2],"post":[0,0,0]}}},"mouth_open":{"position":{"0.0":[0,0,0],"0.25":{"pre":[0,0,0],"post":[0,0,-1]},"1.0":{"pre":[0,0,-1],"post":[0,0,0]}},"scale":{"0.25":{"pre":[1,0.7,1],"post":[1,0.7,1],"lerp_mode":"catmullrom"},"0.5417":{"post":[1,1,1],"lerp_mode":"catmullrom"},"1.0":{"post":[1,0.7,1],"lerp_mode":"catmullrom"},"1.2083":[1,1,1]}},"mouth":{"position":{"0.0":[0,0,0],"0.25":{"pre":[0,0,0],"post":[0,0,1]},"1.0":{"pre":[0,0,1],"post":[0,0,0]}}}},"sound_effects":{"0.25":{"effect":"togepi_cry"}}},"animation.togepi.new":{"loop":true,"animation_length":5.0833,"bones":{"togepi":{"position":{"0.0":[0,0,39],"5.0833":[0,0,-33]}}}},"animation.togepi.shoulder_left":{"loop":true,"bones":{"body":{"position":[0,0,1]},"torso":{"rotation":[5,10,"5+math.sin((query.anim_time) * 90 * 1+30)*1"],"position":[0,-0.25,0]},"head":{"rotation":["0-math.sin((query.anim_time) * 90 * 1)*1",-2.5,"-math.sin((query.anim_time) * 90 * 1)*2"]},"left_arm":{"rotation":[0,"math.sin((query.anim_time) * 90 *0.5-90)*4","32.5+math.sin((query.anim_time) * 90 * 1-60)*5"]},"right_arm":{"rotation":[0,"-(math.sin((query.anim_time) * 90 *0.5-90)*4)","-32.5-math.sin((query.anim_time) * 90 * 1-60)*5"]},"left_foot":{"rotation":[7.5,0,0]},"right_foot":{"rotation":[7.5,0,0]}}},"animation.togepi.shoulder_right":{"loop":true,"bones":{"body":{"position":[0,0,1]},"torso":{"rotation":[5,-10,"-5-math.sin((query.anim_time) * 90 * 1+30)*1"],"position":[0,-0.25,0]},"head":{"rotation":["0-math.sin((query.anim_time) * 90 * 1)*1",2.5,"math.sin((query.anim_time) * 90 * 1)*2"]},"left_arm":{"rotation":[0,"-(math.sin((query.anim_time) * 90 *0.5-90)*4)","32.5+math.sin((query.anim_time) * 90 * 1-60)*5"]},"right_arm":{"rotation":[0,"math.sin((query.anim_time) * 90 *0.5-90)*4","-32.5-math.sin((query.anim_time) * 90 * 1-60)*5"]},"left_foot":{"rotation":[7.5,0,0]},"right_foot":{"rotation":[7.5,0,0]}}},"animation.togepi.ground_walk":{"loop":true,"animation_length":1,"bones":{"body":{"rotation":["2.5+math.sin((query.anim_time) * 90 * 8+90)*3","math.sin((query.anim_time) * 90 * 4-90)*5","math.sin((query.anim_time) * 90 * 4-90)*5"],"position":[0,0,"-math.sin((query.anim_time) * 90 * 8+90)*0.2"]},"head":{"rotation":["-math.sin((query.anim_time) * 90 * 8+60)*3","-math.sin((query.anim_time) * 90 * 4-120)*5","-math.sin((query.anim_time) * 90 * 4-90)*2"]},"left_arm":{"rotation":[0,"10-math.sin((query.anim_time) * 90 * 4-120)*15","-5+math.sin((query.anim_time) * 90 * 4-120)*10"]},"right_arm":{"rotation":[0,"-10-math.sin((query.anim_time) * 90 * 4-120)*15","5+math.sin((query.anim_time) * 90 * 4-120)*10"]},"left_foot":{"rotation":{"0.0":{"post":[-4.75,0,6.5],"lerp_mode":"catmullrom"},"0.25":{"post":[-7,0,1],"lerp_mode":"catmullrom"},"0.5":{"post":[-5,0,-3],"lerp_mode":"catmullrom"},"0.75":{"post":[0,0,1],"lerp_mode":"catmullrom"},"1.0":{"post":[-4.75,0,6.5],"lerp_mode":"catmullrom"}},"position":{"0.0":{"post":[0,-0.15,0.5],"lerp_mode":"catmullrom"},"0.25":{"post":[0,0.3,0.5],"lerp_mode":"catmullrom"},"0.5":{"post":[0,0.2,-0.5],"lerp_mode":"catmullrom"},"0.75":{"post":[0,0,0],"lerp_mode":"catmullrom"},"1.0":{"post":[0,-0.15,0.5],"lerp_mode":"catmullrom"}}},"right_foot":{"rotation":{"0.0":{"post":[-5,0,3],"lerp_mode":"catmullrom"},"0.25":{"post":[0,0,-1],"lerp_mode":"catmullrom"},"0.5":{"post":[-4.75,0,-6.5],"lerp_mode":"catmullrom"},"0.75":{"post":[-7,0,-1],"lerp_mode":"catmullrom"},"1.0":{"post":[-5,0,3],"lerp_mode":"catmullrom"}},"position":{"0.0":{"post":[0,0.2,-0.5],"lerp_mode":"catmullrom"},"0.25":{"post":[0,0,0],"lerp_mode":"catmullrom"},"0.5":{"post":[0,-0.15,0.5],"lerp_mode":"catmullrom"},"0.75":{"post":[0,0.3,0.5],"lerp_mode":"catmullrom"},"1.0":{"post":[0,0.2,-0.5],"lerp_mode":"catmullrom"}}}}}}}