{"format_version":"1.8.0","animations":{"animation.tornadus_therian.ground_idle":{"loop":true,"animation_length":2,"bones":{"tail":{"rotation":["0-math.sin(q.anim_time*90*2)*2","12.5-math.sin(q.anim_time*90*2-45)*2",0]},"tail2":{"rotation":[27.5,0,0]},"tail4":{"rotation":{"0.0":[22.5,0,0],"1.0":[27.5,0,0],"2.0":[22.5,0,0]}},"tail5":{"rotation":{"0.0":[30,0,0],"1.0":[38,0,0],"2.0":[30,0,0]}},"head":{"rotation":[7.5,0,0]},"left_wing":{"rotation":[83.5784,0,"72.923-2*(math.sin(q.anim_time*90*4)*1+1)"],"position":[0,0,0]},"left_wing2":{"rotation":[0,0,62.5]},"bone3":{"rotation":[0,0,62.5]},"right_wing":{"rotation":[95.56718,0,"-77.2329+2*(math.sin(q.anim_time*90*4)*1+1)"],"position":[0,0,0]},"right_wing2":{"rotation":[0,0,-67.5]},"bone4":{"rotation":[0,0,-55]},"torso":{"position":[0,"-0.3*(math.sin(q.anim_time*90*4-90)*1+1)",0]}}},"animation.tornadus_therian.ground_walk":{"loop":true,"animation_length":2,"bones":{"neck":{"rotation":[5,0,0]},"head":{"rotation":[5,0,0]},"right_antenna":{"rotation":[0,0,-7.5]},"right_antenna4":{"rotation":[0,0,-10]},"left_antenna":{"rotation":[0,0,20]},"left_antenna4":{"rotation":[0,0,22.5]},"left_leg":{"rotation":[-32.5,0,0]},"left_leg2":{"rotation":[25,0,0]},"left_foot":{"rotation":["50+math.sin(q.anim_time*90*2-90)*10",0,0]},"left_toe":{"rotation":[-45,0,0]},"cloud2":{"rotation":["-15+math.sin(q.anim_time*90*2-90)*10",0,0]},"cloud3":{"rotation":["23+math.sin(q.anim_time*90*2-90)*10",0,0]},"tail":{"rotation":[32.5,0,0],"position":[0,"0+0.5*(math.sin(q.anim_time*30*6)*1+0)",0]},"tail3":{"rotation":[22.5,0,0]},"tail4":{"rotation":["20+math.sin(q.anim_time*90*2-90)*10",0,0]},"tail5":{"rotation":[35,0,0]},"left_wing2":{"rotation":[0,18,0]},"right_wing2":{"rotation":[0,-18,0]},"left_toe4":{"rotation":[-52.5,0,0]},"right_leg":{"rotation":[-35,0,0]},"right_leg2":{"rotation":[25,0,0]},"right_foot":{"rotation":["50+math.sin(q.anim_time*90*2-90)*10",0,0]},"tornadus":{"rotation":[20,0,0],"position":[0,"8+1*(math.sin(q.anim_time*30*6)*1+0)",0]},"cloud":{"rotation":["0+math.sin(q.anim_time*90*2-90)*10",0,0]},"tail2":{"rotation":{"0.0":[0,0,0],"1.0":[5,0,0],"2.0":[0,0,0]}},"left_wing":{"rotation":{"0.0":[50.88376,-49.87631,-43.23958],"0.5":[53.79601,51.7101,46.99693],"1.0":[50.88376,-49.87631,-43.23958],"1.5":[53.79601,51.7101,46.99693],"2.0":[50.88376,-49.87631,-43.23958]}},"bone3":{"rotation":[0,9,0]},"right_wing":{"rotation":{"0.0":[50,49.8763,43.2396],"0.5":[53.79601,-51.7101,-46.9969],"1.0":[50,49.8763,43.2396],"1.5":[53.79601,-51.7101,-46.9969],"2.0":[50,49.8763,43.2396]}},"bone4":{"rotation":[0,-9,0]}}},"animation.tornadus_therian.air_idle":{"loop":true,"animation_length":2,"bones":{"neck":{"rotation":[5,0,0]},"head":{"rotation":[5,0,0]},"right_antenna":{"rotation":[0,0,-7.5]},"right_antenna4":{"rotation":[0,0,-10]},"left_antenna":{"rotation":[0,0,20]},"left_antenna4":{"rotation":[0,0,22.5]},"left_leg":{"rotation":[-32.5,0,0]},"left_leg2":{"rotation":[25,0,0]},"left_foot":{"rotation":["40+math.sin(q.anim_time*90*2-90)*10",0,0]},"left_toe":{"rotation":[-45,0,0]},"cloud2":{"rotation":["-15+math.sin(q.anim_time*90*2-90)*10",0,0]},"cloud3":{"rotation":["23+math.sin(q.anim_time*90*2-90)*10",0,0]},"tail":{"rotation":[32.5,0,0],"position":[0,"0+0.5*(math.sin(q.anim_time*30*6)*1+0)",0]},"tail3":{"rotation":["22.5+math.sin(q.anim_time*90*2-90)*1",0,0]},"tail4":{"rotation":["40+math.sin(q.anim_time*90*2-90)*10",0,0]},"tail5":{"rotation":[35,0,0]},"left_wing2":{"rotation":[0,18,0]},"right_wing2":{"rotation":[0,-18,0]},"left_toe4":{"rotation":[-52.5,0,0]},"right_leg":{"rotation":[-35,0,0]},"right_leg2":{"rotation":[25,0,0]},"right_foot":{"rotation":["40+math.sin(q.anim_time*90*2-90)*10",0,0]},"tornadus":{"position":[0,"8+1*(math.sin(q.anim_time*30*6)*1+0)",0]},"cloud":{"rotation":["0+math.sin(q.anim_time*90*2-90)*10",0,0]},"tail2":{"rotation":{"0.0":[0,0,0],"1.0":[5,0,0],"2.0":[0,0,0]}},"left_wing":{"rotation":{"0.0":[50.88376,-49.87631,-43.23958],"1.0":[53.79601,51.7101,46.99693],"2.0":[50.88376,-49.87631,-43.23958]}},"bone3":{"rotation":[0,9,0]},"right_wing":{"rotation":{"0.0":[50,49.8763,43.2396],"1.0":[53.79601,-51.7101,-46.9969],"2.0":[50,49.8763,43.2396]}},"bone4":{"rotation":[0,-9,0]}}},"animation.tornadus_therian.air_fly":{"loop":true,"animation_length":2,"bones":{"neck":{"rotation":[5,0,0]},"head":{"rotation":[5,0,0]},"right_antenna":{"rotation":[0,0,-7.5]},"right_antenna4":{"rotation":[0,0,-10]},"left_antenna":{"rotation":[0,0,20]},"left_antenna4":{"rotation":[0,0,22.5]},"left_leg":{"rotation":[-32.5,0,0]},"left_leg2":{"rotation":[25,0,0]},"left_foot":{"rotation":["50+math.sin(q.anim_time*90*2-90)*10",0,0]},"left_toe":{"rotation":[-45,0,0]},"cloud2":{"rotation":["-15+math.sin(q.anim_time*90*2-90)*10",0,0]},"cloud3":{"rotation":["23+math.sin(q.anim_time*90*2-90)*10",0,0]},"tail":{"rotation":[32.5,0,0],"position":[0,"0+0.5*(math.sin(q.anim_time*30*6)*1+0)",0]},"tail3":{"rotation":[22.5,0,0]},"tail4":{"rotation":["20+math.sin(q.anim_time*90*2-90)*10",0,0]},"tail5":{"rotation":[35,0,0]},"left_wing2":{"rotation":[0,18,0]},"right_wing2":{"rotation":[0,-18,0]},"left_toe4":{"rotation":[-52.5,0,0]},"right_leg":{"rotation":[-35,0,0]},"right_leg2":{"rotation":[25,0,0]},"right_foot":{"rotation":["50+math.sin(q.anim_time*90*2-90)*10",0,0]},"tornadus":{"rotation":[20,0,0],"position":[0,"8+1*(math.sin(q.anim_time*30*6)*1+0)",0]},"cloud":{"rotation":["0+math.sin(q.anim_time*90*2-90)*10",0,0]},"tail2":{"rotation":{"0.0":[0,0,0],"1.0":[5,0,0],"2.0":[0,0,0]}},"left_wing":{"rotation":{"0.0":[50.88376,-49.87631,-43.23958],"0.5":[53.79601,51.7101,46.99693],"1.0":[50.88376,-49.87631,-43.23958],"1.5":[53.79601,51.7101,46.99693],"2.0":[50.88376,-49.87631,-43.23958]}},"bone3":{"rotation":[0,9,0]},"right_wing":{"rotation":{"0.0":[50,49.8763,43.2396],"0.5":[53.79601,-51.7101,-46.9969],"1.0":[50,49.8763,43.2396],"1.5":[53.79601,-51.7101,-46.9969],"2.0":[50,49.8763,43.2396]}},"bone4":{"rotation":[0,-9,0]}}},"animation.tornadus_therian.new2":{"loop":true,"bones":{"tail":{"rotation":[0,12.5,0]},"tail2":{"rotation":[27.5,0,0]},"tail4":{"rotation":[22.5,0,0]},"tail5":{"rotation":[30,0,0]},"head":{"rotation":[7.5,0,0]},"left_wing":{"rotation":[83.5784,"72.92372.923",72.92303],"position":[0,0,0]},"left_wing2":{"rotation":[0,0,62.5]},"bone3":{"rotation":[0,0,62.5]},"right_wing":{"rotation":[95.56718,"-3.2056+72.92372.923",-77.23291]},"right_wing2":{"rotation":[0,0,-67.5]},"bone4":{"rotation":[0,0,-55]}}},"animation.tornadus_therian.pose":{"loop":true,"bones":{"neck":{"rotation":[5,0,0]},"head":{"rotation":[5,0,0]},"right_antenna":{"rotation":[0,0,-7.5]},"right_antenna4":{"rotation":[0,0,-10]},"left_antenna":{"rotation":[0,0,20]},"left_antenna4":{"rotation":[0,0,22.5]},"left_leg":{"rotation":[-32.5,0,0]},"left_leg2":{"rotation":[25,0,0]},"left_foot":{"rotation":[32.5,0,0]},"left_toe":{"rotation":[-45,0,0]},"cloud2":{"rotation":[-15,0,0]},"cloud3":{"rotation":[22.5,0,0]},"tail":{"rotation":[32.5,0,0]},"tail3":{"rotation":[22.5,0,0]},"tail4":{"rotation":[40,0,0]},"tail5":{"rotation":[35,0,0]},"left_wing2":{"rotation":[0,25,0]},"right_wing2":{"rotation":[0,-25,0]},"left_toe4":{"rotation":[-52.5,0,0]},"right_leg":{"rotation":[-35,0,0]},"right_leg2":{"rotation":[25,0,0]},"right_foot":{"rotation":[32.5,0,0]}}}}}