{"format_version":"1.8.0","animations":{"animation.toxapex.pose":{"loop":true,"bones":{"tentacle":{"rotation":[-12.5,5,0]},"tentacle_middle":{"rotation":[0,0,25]},"tentacle_end":{"rotation":[0,0,12.5]},"tentacle2":{"rotation":[17.5,-5,0]},"tentacle_middle2":{"rotation":[0,0,25]},"tentacle_end2":{"rotation":[0,0,12.5]},"tentacle3":{"rotation":[0,10,0]},"tentacle_middle3":{"rotation":[0,0,27.5]},"tentacle_end3":{"rotation":[0,0,12.5]},"spikes_end3":{"rotation":[0,0,-67.5]},"tentacle4":{"rotation":[0,45,0]},"tentacle_middle4":{"rotation":[0,0,-27.5]},"tentacle_end4":{"rotation":[0,0,-12.5]},"spikes_end4":{"rotation":[0,0,67.5]},"tentacle5":{"rotation":[0,-45,0]},"tentacle_middle5":{"rotation":[0,0,-27.5]},"tentacle_end5":{"rotation":[0,0,-12.5]},"spikes_end5":{"rotation":[0,0,67.5]},"tentacle6":{"rotation":[0,-10,0]},"tentacle_middle6":{"rotation":[0,0,27.5]},"tentacle_end6":{"rotation":[0,0,12.5]},"spikes_end6":{"rotation":[0,0,-67.5]},"tentacle7":{"rotation":[0,45,0]},"tentacle_middle7":{"rotation":[0,0,27.5]},"tentacle_end7":{"rotation":[0,0,12.5]},"spikes_end7":{"rotation":[0,0,-67.5]},"tentacle8":{"rotation":[0,-45,0]},"tentacle_middle8":{"rotation":[0,0,27.5]},"tentacle_end8":{"rotation":[0,0,12.5]},"spikes_end8":{"rotation":[0,0,-67.5]},"tentacle9":{"rotation":[0,10,0]},"tentacle_middle9":{"rotation":[-27.5,0,0]},"tentacle_end9":{"rotation":[-12.5,0,0]},"spikes_end9":{"rotation":[67.5,0,0]},"tentacle10":{"rotation":[0,-10,0]},"tentacle_middle10":{"rotation":[-27.5,0,0]},"tentacle_end10":{"rotation":[-12.5,0,0]},"spikes_end10":{"rotation":[67.5,0,0]},"tentacle11":{"rotation":[0,10,0]},"tentacle_middle11":{"rotation":[27.5,0,0]},"tentacle_end11":{"rotation":[12.5,0,0]},"spikes_end11":{"rotation":[-67.5,0,0]},"tentacle12":{"rotation":[0,-10,0]},"tentacle_middle12":{"rotation":[27.5,0,0]},"tentacle_end12":{"rotation":[12.5,0,0]},"spikes_end12":{"rotation":[-67.5,0,0]},"rotation4":{"rotation":[0,0,-27.5],"position":[1,0,0]},"rotation":{"rotation":[0,0,55]},"rotation2":{"rotation":[0,0,55]},"rotation3":{"rotation":[0,0,27.5]},"rotation5":{"rotation":[0,0,-27.5],"position":[1,0,0]},"rotation6":{"rotation":[0,0,27.5]},"rotation7":{"rotation":[0,0,27.5],"position":[-1,0,0]},"rotation8":{"rotation":[0,0,27.5],"position":[-1,0,0]},"rotation9":{"rotation":[-27.5,0,0]},"rotation10":{"rotation":[-27.5,0,0]},"rotation11":{"rotation":[27.5,0,0]},"rotation12":{"rotation":[27.5,0,0]}}},"animation.toxapex.faint":{"animation_length":3,"bones":{"tentacle":{"rotation":{"0.0":[-12.5,5,0],"0.6667":[7.5,5,0]}},"tentacle_middle":{"rotation":{"0.0":[0,0,25],"0.1667":{"pre":[0,0,43.33],"post":[0,0,43.33],"lerp_mode":"catmullrom"},"0.6667":{"post":[0,0,-10],"lerp_mode":"catmullrom"},"1.0833":[0,0,0],"1.25":[0,0,0],"1.875":{"pre":[0,0,0],"post":[0,0,0],"lerp_mode":"catmullrom"}}},"tentacle_end":{"rotation":{"0.0":[0,0,12.5],"0.6667":[0,0,22.5],"1.0833":[0,0,40],"1.25":[0,0,40],"1.875":[0,0,40]}},"tentacle2":{"rotation":{"0.0":[17.5,-5,0],"0.6667":[-10,-5,0]}},"tentacle_middle2":{"rotation":{"0.0":[0,0,25],"0.1667":[0,0,39.17],"0.6667":[0,0,-7.5],"1.0833":[0,0,10],"1.25":[0,0,10],"1.875":[0,0,10]}},"tentacle_end2":{"rotation":{"0.0":[0,0,12.5],"0.6667":[0,0,37.5],"1.0833":[0,0,42.5],"1.25":[0,0,42.5],"1.875":[0,0,42.5]}},"tentacle3":{"rotation":[0,10,0]},"tentacle_middle3":{"rotation":{"0.0":[0,0,27.5],"0.7917":{"pre":[0,0,27.5],"post":[0,0,27.5],"lerp_mode":"catmullrom"},"1.0833":[0,0,12.5],"1.25":[0,0,"12.5 - 10 * (math.sin(q.anim_time * 6 * 450) - 1)"],"1.5":[0,0,22.5],"1.875":{"pre":[0,0,12.5],"post":[0,0,12.5],"lerp_mode":"catmullrom"}}},"tentacle_end3":{"rotation":{"0.0":[0,0,12.5],"0.7917":[0,0,12.5],"1.0833":[0,0,-15],"1.25":[0,0,-15],"1.875":[0,0,-15]}},"spikes_end3":{"rotation":[0,0,-67.5]},"tentacle4":{"rotation":[0,45,0]},"tentacle_middle4":{"rotation":{"0.0":[0,0,-27.5],"0.7917":{"pre":[0,0,-27.5],"post":[0,0,-27.5],"lerp_mode":"catmullrom"},"1.0833":[0,0,-7.5],"1.25":[0,0,"-7.5 + 10 * (math.sin(q.anim_time * 6 * 450) - 1)"],"1.5":[0,0,-22.5],"1.875":{"pre":[0,0,-7.5],"post":[0,0,-7.5],"lerp_mode":"catmullrom"}}},"tentacle_end4":{"rotation":{"0.0":[0,0,-12.5],"0.7917":[0,0,-12.5],"1.0833":[0,0,15],"1.25":[0,0,15],"1.875":[0,0,15]}},"spikes_end4":{"rotation":[0,0,67.5]},"tentacle5":{"rotation":[0,-45,0]},"tentacle_middle5":{"rotation":{"0.0":[0,0,-27.5],"0.7917":{"pre":[0,0,-27.5],"post":[0,0,-27.5],"lerp_mode":"catmullrom"},"1.0833":[0,0,-12.5],"1.25":[0,0,"-12.5 + 10 * (math.sin(q.anim_time * 6 * 450) - 1)"],"1.5":[0,0,-22.5],"1.875":{"pre":[0,0,-12.5],"post":[0,0,-12.5],"lerp_mode":"catmullrom"}}},"tentacle_end5":{"rotation":{"0.0":[0,0,-12.5],"0.7917":[0,0,-12.5],"1.0833":[0,0,17.5],"1.25":[0,0,17.5],"1.875":[0,0,17.5]}},"spikes_end5":{"rotation":[0,0,67.5]},"tentacle6":{"rotation":[0,-10,0]},"tentacle_middle6":{"rotation":{"0.0":[0,0,27.5],"0.7917":{"pre":[0,0,27.5],"post":[0,0,27.5],"lerp_mode":"catmullrom"},"1.0833":[0,0,7.5],"1.25":[0,0,"7.5 - 10 * (math.sin(q.anim_time * 6 * 450) - 1)"],"1.5":[0,0,22.5],"1.875":{"pre":[0,0,7.5],"post":[0,0,7.5],"lerp_mode":"catmullrom"}}},"tentacle_end6":{"rotation":{"0.0":[0,0,12.5],"0.7917":[0,0,12.5],"1.0833":[0,0,-15],"1.25":[0,0,-15],"1.875":[0,0,-15]}},"spikes_end6":{"rotation":[0,0,-67.5]},"tentacle7":{"rotation":[0,45,0]},"tentacle_middle7":{"rotation":{"0.0":[0,0,27.5],"0.7917":{"pre":[0,0,27.5],"post":[0,0,27.5],"lerp_mode":"catmullrom"},"1.0833":[0,0,7.5],"1.25":[0,0,"7.5 - 10 * (math.sin(q.anim_time * 6 * 450) - 1)"],"1.5":[0,0,22.5],"1.875":{"pre":[0,0,7.5],"post":[0,0,7.5],"lerp_mode":"catmullrom"}}},"tentacle_end7":{"rotation":{"0.0":[0,0,12.5],"0.7917":[0,0,12.5],"1.0833":[0,0,-15],"1.25":[0,0,-15],"1.875":[0,0,-15]}},"spikes_end7":{"rotation":[0,0,-67.5]},"tentacle8":{"rotation":[0,-45,0]},"tentacle_middle8":{"rotation":{"0.0":[0,0,27.5],"0.7917":{"pre":[0,0,27.5],"post":[0,0,27.5],"lerp_mode":"catmullrom"},"1.0833":[0,0,7.5],"1.25":[0,0,"7.5 - 10 * (math.sin(q.anim_time * 6 * 450) - 1)"],"1.5":[0,0,22.5],"1.875":{"pre":[0,0,7.5],"post":[0,0,7.5],"lerp_mode":"catmullrom"}}},"tentacle_end8":{"rotation":{"0.0":[0,0,12.5],"0.7917":[0,0,12.5],"1.0833":[0,0,-15],"1.25":[0,0,-15],"1.875":[0,0,-15]}},"spikes_end8":{"rotation":[0,0,-67.5]},"tentacle9":{"rotation":[0,10,0]},"tentacle_middle9":{"rotation":{"0.0":[-27.5,0,0],"0.7917":{"pre":[-27.5,0,0],"post":[-27.5,0,0],"lerp_mode":"catmullrom"},"1.0833":[-7.5,0,0],"1.25":["-7.5 + 10 * (math.sin(q.anim_time * 6 * 450) - 1)",0,0],"1.5":[-22.5,0,0],"1.875":{"pre":[-7.5,0,0],"post":[-7.5,0,0],"lerp_mode":"catmullrom"}}},"tentacle_end9":{"rotation":{"0.0":[-12.5,0,0],"0.7917":[-12.5,0,0],"1.0833":[15,0,0],"1.25":[15,0,0],"1.875":[15,0,0]}},"spikes_end9":{"rotation":[67.5,0,0]},"tentacle10":{"rotation":[0,-10,0]},"tentacle_middle10":{"rotation":{"0.0":[-27.5,0,0],"0.7917":{"pre":[-27.5,0,0],"post":[-27.5,0,0],"lerp_mode":"catmullrom"},"1.0833":[-7.5,0,0],"1.25":["-7.5 + 10 * (math.sin(q.anim_time * 6 * 450) - 1)",0,0],"1.5":[-22.5,0,0],"1.875":{"pre":[-7.5,0,0],"post":[-7.5,0,0],"lerp_mode":"catmullrom"}}},"tentacle_end10":{"rotation":{"0.0":[-12.5,0,0],"0.7917":[-12.5,0,0],"1.0833":[10,0,0],"1.25":[10,0,0],"1.875":[10,0,0]}},"spikes_end10":{"rotation":[67.5,0,0]},"tentacle11":{"rotation":[0,10,0]},"tentacle_middle11":{"rotation":{"0.0":[27.5,0,0],"0.7917":{"pre":[27.5,0,0],"post":[27.5,0,0],"lerp_mode":"catmullrom"},"1.0833":[12.5,0,0],"1.25":["12.5 - 10 * (math.sin(q.anim_time * 6 * 450) - 1)",0,0],"1.5":[22.5,0,0],"1.875":{"pre":[12.5,0,0],"post":[12.5,0,0],"lerp_mode":"catmullrom"}}},"tentacle_end11":{"rotation":{"0.0":[12.5,0,0],"0.7917":[12.5,0,0],"1.0833":[-17.5,0,0],"1.25":[-17.5,0,0],"1.875":[-17.5,0,0]}},"spikes_end11":{"rotation":[-67.5,0,0]},"tentacle12":{"rotation":[0,-10,0]},"tentacle_middle12":{"rotation":{"0.0":[27.5,0,0],"0.7917":{"pre":[27.5,0,0],"post":[27.5,0,0],"lerp_mode":"catmullrom"},"1.0833":[7.5,0,0],"1.25":["7.5 - 10 * (math.sin(q.anim_time * 6 * 450) - 1)",0,0],"1.5":[22.5,0,0],"1.875":{"pre":[7.5,0,0],"post":[7.5,0,0],"lerp_mode":"catmullrom"}}},"tentacle_end12":{"rotation":{"0.0":[12.5,0,0],"0.7917":[12.5,0,0],"1.0833":[-17.5,0,0],"1.25":[-17.5,0,0],"1.875":[-17.5,0,0]}},"spikes_end12":{"rotation":[-67.5,0,0]},"rotation4":{"rotation":[0,0,-27.5],"position":[1,0,0]},"rotation":{"rotation":{"0.0":[0,0,55],"0.6667":[0,0,-45]}},"rotation2":{"rotation":{"0.0":[0,0,55],"0.6667":[0,0,-55]}},"rotation3":{"rotation":[0,0,27.5]},"rotation5":{"rotation":[0,0,-27.5],"position":[1,0,0]},"rotation6":{"rotation":[0,0,27.5]},"rotation7":{"rotation":[0,0,27.5],"position":[-1,0,0]},"rotation8":{"rotation":[0,0,27.5],"position":[-1,0,0]},"rotation9":{"rotation":[-27.5,0,0]},"rotation10":{"rotation":[-27.5,0,0]},"rotation11":{"rotation":[27.5,0,0]},"rotation12":{"rotation":[27.5,0,0]},"body":{"rotation":[0,-90,0],"position":{"0.0":[0,0,0],"0.7917":{"pre":[0,0,0],"post":[0,0,0],"lerp_mode":"catmullrom"},"1.0833":[0,-6,0],"1.25":[0,-6,0],"1.5":[0,-2,0],"1.875":{"pre":[0,-6,0],"post":[0,-6,0],"lerp_mode":"catmullrom"}}}}},"animation.toxapex.ground_idle":{"loop":true,"animation_length":2,"bones":{"tentacle":{"rotation":[-12.5,5,0]},"tentacle_middle":{"rotation":[0,0,"25 + 7.5 * (math.sin(q.anim_time * 6 * 60 - 60) - 1)"]},"tentacle_end":{"rotation":[0,0,"12.5 + 10 * (math.sin(q.anim_time * 6 * 60 - 120) - 1)"]},"tentacle2":{"rotation":[17.5,-5,0]},"tentacle_middle2":{"rotation":[0,0,"25 + 7.5 * (math.sin(q.anim_time * 6 * 60 - 60) - 1)"]},"tentacle_end2":{"rotation":[0,0,"12.5 + 10 * (math.sin(q.anim_time * 6 * 60 - 120) - 1)"]},"tentacle3":{"rotation":[0,10,0]},"tentacle_middle3":{"rotation":[0,0,"27.5 - 7.5 * (math.sin(q.anim_time * 6 * 60) - 1)"]},"tentacle_end3":{"rotation":[0,0,"12.5 - 7.5 * (math.sin(q.anim_time * 6 * 60) - 1)"]},"spikes_end3":{"rotation":[0,0,"-70 + 5 * math.sin(q.anim_time * 6 * 60)"]},"tentacle4":{"rotation":[0,45,0]},"tentacle_middle4":{"rotation":[0,0,"-27.5 + 7.5 * (math.sin(q.anim_time * 6 * 60) - 1)"]},"tentacle_end4":{"rotation":[0,0,"-12.5 + 7.5 * (math.sin(q.anim_time * 6 * 60) - 1)"]},"spikes_end4":{"rotation":[0,0,"70 - 5 * math.sin(q.anim_time * 6 * 60)"]},"tentacle5":{"rotation":[0,-45,0]},"tentacle_middle5":{"rotation":[0,0,"-27.5 + 7.5 * (math.sin(q.anim_time * 6 * 60) - 1)"]},"tentacle_end5":{"rotation":[0,0,"-12.5 + 7.5 * (math.sin(q.anim_time * 6 * 60) - 1)"]},"spikes_end5":{"rotation":[0,0,"70 - 5 * math.sin(q.anim_time * 6 * 60)"]},"tentacle6":{"rotation":[0,-10,0]},"tentacle_middle6":{"rotation":[0,0,"27.5 - 7.5 * (math.sin(q.anim_time * 6 * 60) - 1)"]},"tentacle_end6":{"rotation":[0,0,"12.5 - 7.5 * (math.sin(q.anim_time * 6 * 60) - 1)"]},"spikes_end6":{"rotation":[0,0,"-70 + 5 * math.sin(q.anim_time * 6 * 60)"]},"tentacle7":{"rotation":[0,45,0]},"tentacle_middle7":{"rotation":[0,0,"27.5 - 7.5 * (math.sin(q.anim_time * 6 * 60) - 1)"]},"tentacle_end7":{"rotation":[0,0,"12.5 - 7.5 * (math.sin(q.anim_time * 6 * 60) - 1)"]},"spikes_end7":{"rotation":[0,0,"-70 + 5 * math.sin(q.anim_time * 6 * 60)"]},"tentacle8":{"rotation":[0,-45,0]},"tentacle_middle8":{"rotation":[0,0,"27.5 - 7.5 * (math.sin(q.anim_time * 6 * 60) - 1)"]},"tentacle_end8":{"rotation":[0,0,"12.5 - 7.5 * (math.sin(q.anim_time * 6 * 60) - 1)"]},"spikes_end8":{"rotation":[0,0,"-70 + 5 * math.sin(q.anim_time * 6 * 60)"]},"tentacle9":{"rotation":[0,10,0]},"tentacle_middle9":{"rotation":["-27.5 + 7.5 * (math.sin(q.anim_time * 6 * 60) - 1)",0,0]},"tentacle_end9":{"rotation":["-12.5 + 7.5 * (math.sin(q.anim_time * 6 * 60) - 1)",0,0]},"spikes_end9":{"rotation":["70 - 5 * math.sin(q.anim_time * 6 * 60)",0,0]},"tentacle10":{"rotation":[0,-10,0]},"tentacle_middle10":{"rotation":["-27.5 + 7.5 * (math.sin(q.anim_time * 6 * 60) - 1)",0,0]},"tentacle_end10":{"rotation":["-12.5 + 7.5 * (math.sin(q.anim_time * 6 * 60) - 1)",0,0]},"spikes_end10":{"rotation":["70 - 5 * math.sin(q.anim_time * 6 * 60)",0,0]},"tentacle11":{"rotation":[0,10,0]},"tentacle_middle11":{"rotation":["27.5 - 7.5 * (math.sin(q.anim_time * 6 * 60) - 1)",0,0]},"tentacle_end11":{"rotation":["12.5 - 7.5 * (math.sin(q.anim_time * 6 * 60) - 1)",0,0]},"spikes_end11":{"rotation":["-70 + 5 * math.sin(q.anim_time * 6 * 60)",0,0]},"tentacle12":{"rotation":[0,-10,0]},"tentacle_middle12":{"rotation":["27.5 - 7.5 * (math.sin(q.anim_time * 6 * 60) - 1)",0,0]},"tentacle_end12":{"rotation":["12.5 - 7.5 * (math.sin(q.anim_time * 6 * 60) - 1)",0,0]},"spikes_end12":{"rotation":["-70 + 5 * math.sin(q.anim_time * 6 * 60)",0,0]},"rotation4":{"rotation":[0,0,"-27.5 - 10 * (math.sin(q.anim_time * 6 * 60) - 1)"],"position":[1,0,0]},"rotation":{"rotation":[0,0,"55 + 7.5 * (math.sin(q.anim_time * 6 * 60) - 1)"]},"rotation2":{"rotation":[0,0,"55 + 7.5 * (math.sin(q.anim_time * 6 * 60) - 1)"]},"rotation3":{"rotation":[0,0,"27.5 + 10 * (math.sin(q.anim_time * 6 * 60) - 1)"]},"rotation5":{"rotation":[0,0,"-27.5 - 10 * (math.sin(q.anim_time * 6 * 60) - 1)"],"position":[1,0,0]},"rotation6":{"rotation":[0,0,"27.5 + 10 * (math.sin(q.anim_time * 6 * 60) - 1)"]},"rotation7":{"rotation":[0,0,"27.5 + 10 * (math.sin(q.anim_time * 6 * 60) - 1)"],"position":[-1,0,0]},"rotation8":{"rotation":[0,0,"27.5 + 10 * (math.sin(q.anim_time * 6 * 60) - 1)"],"position":[-1,0,0]},"rotation9":{"rotation":["-27.5 - 10 * (math.sin(q.anim_time * 6 * 60) - 1)",0,0]},"rotation10":{"rotation":["-27.5 - 10 * (math.sin(q.anim_time * 6 * 60) - 1)",0,0]},"rotation11":{"rotation":["27.5 + 10 * (math.sin(q.anim_time * 6 * 60) - 1)",0,0]},"rotation12":{"rotation":["27.5 + 10 * (math.sin(q.anim_time * 6 * 60) - 1)",0,0]},"body":{"rotation":[0,-90,0],"position":[0,"-0.8 + 1.1 * math.sin(q.anim_time * 6 * 60)",0]},"hair":{"rotation":["15 * (math.sin(q.anim_time * 6 * 30))",0,0]},"head":{"position":[0,"0.25 * (math.sin(q.anim_time * 6 * 60) + 1)",0]},"torso":{"position":[0,"0.15 * (math.sin(q.anim_time * 6 * 60) + 1)",0]}}},"animation.toxapex.ground_walk":{"loop":true,"animation_length":2,"bones":{"tentacle":{"rotation":[-12.5,5,0]},"tentacle_middle":{"rotation":[0,0,"25 + 7.5 * (math.sin(q.anim_time * 6 * 60 - 60) - 1)"]},"tentacle_end":{"rotation":[0,0,"12.5 + 10 * (math.sin(q.anim_time * 6 * 60 - 120) - 1)"]},"tentacle2":{"rotation":[17.5,-5,0]},"tentacle_middle2":{"rotation":[0,0,"25 + 7.5 * (math.sin(q.anim_time * 6 * 60 - 60) - 1)"]},"tentacle_end2":{"rotation":[0,0,"12.5 + 10 * (math.sin(q.anim_time * 6 * 60 - 120) - 1)"]},"tentacle3":{"rotation":[0,10,0]},"tentacle_middle3":{"rotation":[0,0,"27.5 - 8.375 * (math.sin(q.anim_time * 6 * 60) - 1)"]},"tentacle_end3":{"rotation":[0,0,"12.5 - 7.5 * (math.sin(q.anim_time * 6 * 60) - 1) - 8.375 * (math.sin(q.anim_time * 6 * 60) - 1)"]},"spikes_end3":{"rotation":[0,0,"-70 + 5 * math.sin(q.anim_time * 6 * 60) + 15 * (math.sin(q.anim_time * 6 * 60) + 1)"]},"tentacle4":{"rotation":[0,45,0]},"tentacle_middle4":{"rotation":[0,0,"-27.5 + 8.375 * (math.sin(q.anim_time * 6 * 60) - 1)"]},"tentacle_end4":{"rotation":[0,0,"-12.5 + 7.5 * (math.sin(q.anim_time * 6 * 60) - 1) + 8.375 * (math.sin(q.anim_time * 6 * 60) - 1)"]},"spikes_end4":{"rotation":[0,0,"70 - 5 * math.sin(q.anim_time * 6 * 60) - 15 * (math.sin(q.anim_time * 6 * 60) + 1)"]},"tentacle5":{"rotation":[0,-45,0]},"tentacle_middle5":{"rotation":[0,0,"-27.5 + 8.375 * (math.sin(q.anim_time * 6 * 60) - 1)"]},"tentacle_end5":{"rotation":[0,0,"-12.5 + 7.5 * (math.sin(q.anim_time * 6 * 60) - 1) + 8.375 * (math.sin(q.anim_time * 6 * 60) - 1)"]},"spikes_end5":{"rotation":[0,0,"70 - 5 * math.sin(q.anim_time * 6 * 60) - 15 * (math.sin(q.anim_time * 6 * 60) + 1)"]},"tentacle6":{"rotation":[0,-10,0]},"tentacle_middle6":{"rotation":[0,0,"27.5 - 8.375 * (math.sin(q.anim_time * 6 * 60) - 1)"]},"tentacle_end6":{"rotation":[0,0,"12.5 - 7.5 * (math.sin(q.anim_time * 6 * 60) - 1) - 8.375 * (math.sin(q.anim_time * 6 * 60) - 1)"]},"spikes_end6":{"rotation":[0,0,"-70 + 5 * math.sin(q.anim_time * 6 * 60) + 15 * (math.sin(q.anim_time * 6 * 60) + 1)"]},"tentacle7":{"rotation":[0,45,0]},"tentacle_middle7":{"rotation":[0,0,"27.5 - 8.375 * (math.sin(q.anim_time * 6 * 60) - 1)"]},"tentacle_end7":{"rotation":[0,0,"12.5 - 7.5 * (math.sin(q.anim_time * 6 * 60) - 1) - 8.375 * (math.sin(q.anim_time * 6 * 60) - 1)"]},"spikes_end7":{"rotation":[0,0,"-70 + 5 * math.sin(q.anim_time * 6 * 60) + 15 * (math.sin(q.anim_time * 6 * 60) + 1)"]},"tentacle8":{"rotation":[0,-45,0]},"tentacle_middle8":{"rotation":[0,0,"27.5 - 8.375 * (math.sin(q.anim_time * 6 * 60) - 1)"]},"tentacle_end8":{"rotation":[0,0,"12.5 - 7.5 * (math.sin(q.anim_time * 6 * 60) - 1) - 8.375 * (math.sin(q.anim_time * 6 * 60) - 1)"]},"spikes_end8":{"rotation":[0,0,"-70 + 5 * math.sin(q.anim_time * 6 * 60) + 15 * (math.sin(q.anim_time * 6 * 60) + 1)"]},"tentacle9":{"rotation":[0,10,0]},"tentacle_middle9":{"rotation":["-27.5 + 8.375 * (math.sin(q.anim_time * 6 * 60) - 1)",0,0]},"tentacle_end9":{"rotation":["-12.5 + 7.5 * (math.sin(q.anim_time * 6 * 60) - 1) + 8.375 * (math.sin(q.anim_time * 6 * 60) - 1)",0,0]},"spikes_end9":{"rotation":["70 - 5 * math.sin(q.anim_time * 6 * 60) - 15 * (math.sin(q.anim_time * 6 * 60) + 1)",0,0]},"tentacle10":{"rotation":[0,-10,0]},"tentacle_middle10":{"rotation":["-27.5 + 8.375 * (math.sin(q.anim_time * 6 * 60) - 1)",0,0]},"tentacle_end10":{"rotation":["-12.5 + 7.5 * (math.sin(q.anim_time * 6 * 60) - 1) + 8.375 * (math.sin(q.anim_time * 6 * 60) - 1)",0,0]},"spikes_end10":{"rotation":["70 - 5 * math.sin(q.anim_time * 6 * 60) - 15 * (math.sin(q.anim_time * 6 * 60) + 1)",0,0]},"tentacle11":{"rotation":[0,10,0]},"tentacle_middle11":{"rotation":["27.5 - 8.375 * (math.sin(q.anim_time * 6 * 60) - 1)",0,0]},"tentacle_end11":{"rotation":["12.5 - 7.5 * (math.sin(q.anim_time * 6 * 60) - 1) - 8.375 * (math.sin(q.anim_time * 6 * 60) - 1)",0,0]},"spikes_end11":{"rotation":["-70 + 5 * math.sin(q.anim_time * 6 * 60) + 15 * (math.sin(q.anim_time * 6 * 60) + 1)",0,0]},"tentacle12":{"rotation":[0,-10,0]},"tentacle_middle12":{"rotation":["27.5 - 8.375 * (math.sin(q.anim_time * 6 * 60) - 1)",0,0]},"tentacle_end12":{"rotation":["12.5 - 7.5 * (math.sin(q.anim_time * 6 * 60) - 1) - 8.375 * (math.sin(q.anim_time * 6 * 60) - 1)",0,0]},"spikes_end12":{"rotation":["-70 + 5 * math.sin(q.anim_time * 6 * 60) + 15 * (math.sin(q.anim_time * 6 * 60) + 1)",0,0]},"rotation4":{"rotation":[0,0,"-27.5 - 15 * (math.sin(q.anim_time * 6 * 60) - 1)"],"position":[1,0,0]},"rotation":{"rotation":[0,0,"55 + 7.5 * (math.sin(q.anim_time * 6 * 60) - 1)"]},"rotation2":{"rotation":[0,0,"55 + 7.5 * (math.sin(q.anim_time * 6 * 60) - 1)"]},"rotation3":{"rotation":[0,0,"27.5 + 15 * (math.sin(q.anim_time * 6 * 60) - 1)"]},"rotation5":{"rotation":[0,0,"-27.5 - 15 * (math.sin(q.anim_time * 6 * 60) - 1)"],"position":[1,0,0]},"rotation6":{"rotation":[0,0,"27.5 + 15 * (math.sin(q.anim_time * 6 * 60) - 1)"]},"rotation7":{"rotation":[0,0,"27.5 + 15 * (math.sin(q.anim_time * 6 * 60) - 1)"],"position":[-1,0,0]},"rotation8":{"rotation":[0,0,"27.5 + 15 * (math.sin(q.anim_time * 6 * 60) - 1)"],"position":[-1,0,0]},"rotation9":{"rotation":["-27.5 - 15 * (math.sin(q.anim_time * 6 * 60) - 1)",0,0]},"rotation10":{"rotation":["-27.5 - 15 * (math.sin(q.anim_time * 6 * 60) - 1)",0,0]},"rotation11":{"rotation":["27.5 + 15 * (math.sin(q.anim_time * 6 * 60) - 1)",0,0]},"rotation12":{"rotation":["27.5 + 15 * (math.sin(q.anim_time * 6 * 60) - 1)",0,0]},"body":{"rotation":[0,-90,0],"position":[0,"5.5 * math.cos(q.anim_time * 6 * 60 - 90) + 2.5","-10 *math.sin(q.anim_time * 6 * 60 - 90)"]},"hair":{"rotation":[0,0,"20 * (math.sin(q.anim_time * 6 * 60))"]},"head":{"rotation":[0,"20 * (math.sin(q.anim_time * 6 * 30 + 45))","5 * (math.sin(q.anim_time * 6 * 60 + 60))"]},"torso":{"position":[0,"0.15 * (math.sin(q.anim_time * 6 * 60) + 1)",0]},"spike_end_left4":{"rotation":[0,0,0]}}},"animation.toxapex.cry":{"animation_length":1.5,"sound_effects":{"0.042":{"effect":"pokemon.toxapex.cry"}},"bones":{"head":{"rotation":{"0.0":[0,0,0],"0.25":[0,0,20],"1.25":[0,0,20],"1.5":[0,0,0]}},"mouth_open":{"position":{"0.0":[0,0,0],"0.25":[-1,0,0],"1.25":[-1,0,0],"1.5":[0,0,0]}},"body":{"rotation":[0,-15,0]}}},"animation.toxapex.test":{"loop":true,"bones":{"body":{"position":["- q.anim_time * 60",0,0]}}}}}