{"format_version":"1.8.0","animations":{"animation.toxel.ground_idle":{"loop":true,"animation_length":4,"bones":{"body":{"rotation":[-70,0,0],"position":[0,-4,0]},"leg_left":{"rotation":[-5,0,0]},"leg_right":{"rotation":[-5,0,0]},"torso":{"rotation":["32.5+math.cos(q.anim_time*90)*2",0,0],"position":[0,1,2]},"head":{"rotation":[30,0,0]},"tongue":{"rotation":[-222.5,0,0],"position":[0,2,1]},"spark_head":{"rotation":[0,0,0]},"leg_left2":{"rotation":[20,0,0]},"leg_right2":{"rotation":[20,0,0]},"tail":{"rotation":[70,0,0],"position":[0,-2.47706,-1.96575]},"bone":{"rotation":[0,67.5,0]},"bone2":{"rotation":[0,35,0]}}},"animation.toxel.ground_walk":{"loop":true,"animation_length":1,"bones":{"body":{"rotation":[0,"math.cos(q.anim_time*90*4)*10",0]},"leg_left":{"rotation":["-math.cos(q.anim_time*90*4)*40",0,0],"position":[0,"math.clamp(-math.sin(q.anim_time*90*4)*2,0,2)",0]},"leg_right":{"rotation":["math.cos(q.anim_time*90*4)*40",0,0],"position":[0,"math.clamp(math.sin(q.anim_time*90*4)*2,0,2)",0]},"torso":{"rotation":[0,"-math.cos(q.anim_time*90*4)*20",0]},"head":{"rotation":[0,"math.cos(q.anim_time*90*4)*10",0]},"tongue":{"position":[0,3,2]},"eye_left":{"position":[0,0,0]},"leg_left2":{"rotation":["math.sin(q.anim_time*90*4)*40",0,0],"position":[0,"math.clamp(-math.cos(q.anim_time*90*4)*2,0,2)",0]},"leg_right2":{"rotation":["-math.sin(q.anim_time*90*4)*40",0,0],"position":[0,"math.clamp(math.cos(q.anim_time*90*4)*2,0,2)",0]},"tail":{"rotation":[0,"math.sin(q.anim_time*90*4)*10",0]},"bone":{"rotation":[0,"-math.cos(q.anim_time*90*4)*10",0]}}}},"geckolib_format_version":2}