{"format_version":"1.8.0","animations":{"animation.toxtricity.ground_idle_amped":{"loop":true,"animation_length":1,"bones":{"body":{"rotation":[0,-30,0]},"upper_torso":{"rotation":["math.cos(q.anim_time*90*4)*2",0,0]},"neck":{"rotation":[0,0,"7.5+math.cos(q.anim_time*90*4)*1"]},"head":{"rotation":["math.sin(q.anim_time*90*4)*1",12.5,"math.sin(q.anim_time*90*4)*1"]},"arm_left":{"rotation":[0,0,"65+math.sin(q.anim_time*90*4)*2"]},"lower_arm_left":{"rotation":[7.6734,26.48829,"16.8086-math.cos(q.anim_time*90*4)*2"]},"arm_right":{"rotation":[0,0,"-55+math.cos(q.anim_time*90*4)*2"]},"lower_arm_right":{"rotation":[0,-15,"-15+math.sin(q.anim_time*90*4)*2"]},"foot_right":{"rotation":[0,12.5,0]},"leg_left":{"rotation":[0,-20,0]}}},"animation.toxtricity.ground_idle_lowkey":{"loop":true,"animation_length":1,"bones":{"upper_torso":{"rotation":["-math.cos(q.anim_time*90*4)*2",0,0]},"neck":{"rotation":["-10-math.sin(q.anim_time*90*4)*2",0,0]},"head":{"rotation":["-5+math.cos(q.anim_time*90*4)*2",0,0]},"arm_left":{"rotation":[0,10,"60-math.sin(q.anim_time*90*4)*2"]},"lower_arm_left":{"rotation":[2.61298,9.65594,"15.2207+math.cos(q.anim_time*90*4)*2"]},"arm_right":{"rotation":[0,-10,"-60+math.sin(q.anim_time*90*4)*2"]},"lower_arm_right":{"rotation":[2.61298,-9.65594,"-15.2207-math.cos(q.anim_time*90*4)*2"]},"leg_right":{"rotation":[0,10,0]},"leg_left":{"rotation":[0,-10,0]}}},"animation.toxtricity.ground_walk":{"loop":true,"animation_length":1,"bones":{"body":{"rotation":[0,0,0],"position":{"0.0":[0,1,0],"0.125":[0,0,0],"0.375":[0,1,0],"0.5":[0,1,0],"0.625":[0,0,0],"0.75":[0,0,0],"0.875":[0,1,0],"1.0":[0,1,0]}},"lower_torso":{"rotation":["math.cos(q.anim_time*90*4*2)*2",0,"math.cos(q.anim_time*90*4)*2"]},"arm_left":{"rotation":[0,"math.cos(q.anim_time*90*4)*30",62.5]},"lower_arm_left":{"rotation":[0,"30+math.sin(q.anim_time*90*4)*30",0]},"arm_right":{"rotation":[0,"math.cos(q.anim_time*90*4)*30",-62.5]},"lower_arm_right":{"rotation":[0,"-30+math.sin(q.anim_time*90*4)*30",0]},"leg_right":{"rotation":["math.cos(q.anim_time*90*4)*30",0,0],"position":[0,"math.clamp(math.sin(q.anim_time*90*4)*3,0,3)",0]},"foot_right":{"rotation":{"0.0":[-25,0,0],"0.125":[25,0,0],"0.25":[0,0,0],"0.5":[0,0,0],"0.75":[5,0,0],"1.0":[-25,0,0]}},"leg_left":{"rotation":["-math.cos(q.anim_time*90*4)*30",0,0],"position":[0,"math.clamp(-math.sin(q.anim_time*90*4)*3,0,3)",0]},"foot_left":{"rotation":{"0.0":[0,0,0],"0.25":[5,0,0],"0.5":[-25,0,0],"0.625":[25,0,0],"0.75":[0,0,0],"1.0":[0,0,0]}}}}},"geckolib_format_version":2}