{"format_version":"1.8.0","animations":{"animation.trubbish.ground_idle":{"loop":true,"animation_length":1,"bones":{"torso":{"rotation":["0-math.cos(query.anim_time*90*4*2)*2","0+math.sin(query.anim_time*90*4)*2","0-math.sin(query.anim_time*90*4)*2"],"position":["0+math.sin(query.anim_time*90*4)*0.2","0+math.cos(query.anim_time*90*4*2)*0.1",0]},"arm_left":{"rotation":[0,"0-math.cos(query.anim_time*90*4)*4",30],"position":[-0.75,0.25,0]},"ear_left":{"rotation":[0,0,"-22.5-math.sin(query.anim_time*90*4-90)*5"]},"ear_right":{"rotation":[0,0,"67.5+math.sin(query.anim_time*90*4-90)*5"]},"arm_left2":{"rotation":[0,"0+math.sin(query.anim_time*90*4)*4",12.5],"position":[-0.25,0,0]},"leg_left":{"rotation":[0,"-27.5+math.cos(query.anim_time*90*4)*3",0],"position":[0,0,-0.75]},"leg_right":{"rotation":[0,"27.5+math.cos(query.anim_time*90*4)*3",0],"position":[0,0,-0.75]},"arm_right3":{"rotation":[0,"0-math.cos(query.anim_time*90*4)*4",12.5],"position":[0.3,-0.1,0]},"arm_right2":{"rotation":[0,"0+math.sin(query.anim_time*90*4)*4",-12.5],"position":["0.25+math.sin(query.anim_time * 1.23)",0,0]},"arm_right":{"rotation":[0,"0-math.cos(query.anim_time*90*4)*4",-30],"position":[0.75,0.25,0]},"arm_left3":{"rotation":[0,"0-math.cos(query.anim_time*90*4)*4",-12.5],"position":[-0.3,-0.1,0]}}},"animation.trubbish.ground_walk":{"loop":true,"animation_length":1,"bones":{"torso":{"rotation":{"0.0":[-4.96103,2.56043,"-0.3507+math.sin(query.anim_time*90*4)*4"],"0.6667":[-4.9272,2.62507,"0.3973+math.sin(query.anim_time*90*4)*4"],"1.0":[-4.96103,2.56043,"-0.3507+math.sin(query.anim_time*90*4)*4"]},"position":{"0.0":[0,"0+math.sin(query.anim_time*90*4)*0.5",0],"0.375":[0,"0.3+math.sin(query.anim_time*90*4)*0.5",0],"0.5":[0,"0.325+math.sin(query.anim_time*90*4)*0.5",0],"0.7083":[0,"-0.1+math.sin(query.anim_time*90*4)*0.5",0],"0.875":[0,0.325,0],"1.0":[0,"0+math.sin(query.anim_time*90*4)*0.5",0]},"scale":{"0.0":{"post":[1.0125,0.98,1],"lerp_mode":"catmullrom"},"0.375":{"post":[0.98,1.0125,1],"lerp_mode":"catmullrom"},"0.5":{"post":[0.98,1.0125,1],"lerp_mode":"catmullrom"},"0.7083":{"post":[1.0425,0.9675,1],"lerp_mode":"catmullrom"},"1.0":{"post":[1.0125,0.98,1],"lerp_mode":"catmullrom"}}},"ear_left":{"rotation":[0,0,"-22.5-math.sin(query.anim_time*90*4-90)*5"]},"ear_right":{"rotation":[0,0,"67.5+math.sin(query.anim_time*90*4-90)*5"]},"leg_left":{"rotation":{"0.0":[16.05634,-23.2542,-9.73861],"0.1667":[-1.60095,6.83157,-0.89153],"0.375":[-0.22714,4.74604,-2.00595],"0.625":[-0.22714,4.74604,-2.00595],"0.7083":[4.77286,4.74604,-2.00595],"1.0":[16.05634,-23.2542,-9.73861]},"position":{"0.0":[-0.15,1.325,1.305],"0.1667":[-0.22,0,-1.155],"0.375":[-0.15,0,0.325],"0.625":[-0.15,0,0.325],"0.7083":[-0.15,-0.275,0.325],"1.0":[-0.15,1.325,1.305]}},"leg_right":{"rotation":{"0.0":{"post":[0,0,0],"lerp_mode":"catmullrom"},"0.375":{"post":[20.94901,14.52017,5.48284],"lerp_mode":"catmullrom"},"0.5":{"post":[0,-9.25,0],"lerp_mode":"catmullrom"},"0.875":{"post":[7.75,-1,0],"lerp_mode":"catmullrom"},"1.0":{"post":[0,0,0],"lerp_mode":"catmullrom"}},"position":{"0.0":{"post":[0,0,0],"lerp_mode":"catmullrom"},"0.375":{"post":[0,1.5,0.925],"lerp_mode":"catmullrom"},"0.4583":{"post":[0.53,0.5,-0.99],"lerp_mode":"catmullrom"},"0.5":{"post":[0.53,-0.175,-1.465],"lerp_mode":"catmullrom"},"0.875":{"post":[0.75,0,-0.75],"lerp_mode":"catmullrom"},"1.0":{"post":[0,0,0],"lerp_mode":"catmullrom"}}},"arm_left":{"rotation":["36.2575+math.sin(query.anim_time*90*4)*4","-27.5799+math.sin(query.anim_time*90*4)*4","66.6476+math.sin(query.anim_time*90*4)*4"]},"arm_left2":{"rotation":{"0.0":["-6.8206+math.sin(query.anim_time*90*4)*4","-45.0971+math.sin(query.anim_time*90*4)*4","9.5847+math.sin(query.anim_time*90*4)*4"],"0.4583":["14.6144+math.sin(query.anim_time*90*4)*4","-42.6893+math.sin(query.anim_time*90*4)*4","-19.5548+math.sin(query.anim_time*90*4)*4"],"0.8333":["2.9161+math.sin(query.anim_time*90*4)*4","-43.8853+math.sin(query.anim_time*90*4)*4","-1.1756+math.sin(query.anim_time*90*4)*4"],"1.0":["-6.8206+math.sin(query.anim_time*90*4)*4","-45.0971+math.sin(query.anim_time*90*4)*4","9.5847+math.sin(query.anim_time*90*4)*4"]}},"arm_left3":{"rotation":{"0.0":["-4.8861+math.sin(query.anim_time*90*4)*4","10.1635+math.sin(query.anim_time*90*4)*4","3.8781+math.sin(query.anim_time*90*4)*4"],"0.2917":[16.97461,-17.23346,-34.58402],"0.5417":["14.6144+math.sin(query.anim_time*90*4)*4","-42.6893+math.sin(query.anim_time*90*4)*4","-19.5548+math.sin(query.anim_time*90*4)*4"],"0.8333":[-24.75482,-32.74372,41.83179],"1.0":["-4.8861+math.sin(query.anim_time*90*4)*4","10.1635+math.sin(query.anim_time*90*4)*4","3.8781+math.sin(query.anim_time*90*4)*4"]}},"arm_right":{"rotation":{"0.0":["18.6212+math.sin(query.anim_time*90*4)*4","28.3341+math.sin(query.anim_time*90*4)*4","-68.874+math.sin(query.anim_time*90*4)*4"],"0.4167":["18.5581+math.sin(query.anim_time*90*4)*4","8.6853+math.sin(query.anim_time*90*4)*4","-67.7113+math.sin(query.anim_time*90*4)*4"],"0.7917":["22.2643+math.sin(query.anim_time*90*4)*4","20.7791+math.sin(query.anim_time*90*4)*4","-54.5883+math.sin(query.anim_time*90*4)*4"],"1.0":["18.6212+math.sin(query.anim_time*90*4)*4","28.3341+math.sin(query.anim_time*90*4)*4","-68.874+math.sin(query.anim_time*90*4)*4"]}},"arm_right2":{"rotation":{"0.0":["-6.8206+math.sin(query.anim_time*90*4)*4","45.0971+math.sin(query.anim_time*90*4)*4","-9.5847+math.sin(query.anim_time*90*4)*4"],"0.4583":["14.6144+math.sin(query.anim_time*90*4)*4","42.6893+math.sin(query.anim_time*90*4)*4","19.5548+math.sin(query.anim_time*90*4)*4"],"0.8333":["2.9161+math.sin(query.anim_time*90*4)*4","43.8853+math.sin(query.anim_time*90*4)*4","1.1756+math.sin(query.anim_time*90*4)*4"],"1.0":["-6.8206+math.sin(query.anim_time*90*4)*4","45.0971+math.sin(query.anim_time*90*4)*4","-9.5847+math.sin(query.anim_time*90*4)*4"]}},"arm_right3":{"rotation":{"0.0":["-4.8861+math.sin(query.anim_time*90*4)*4","-10.1635+math.sin(query.anim_time*90*4)*4","-3.8781+math.sin(query.anim_time*90*4)*4"],"0.2917":[16.97461,17.23346,34.58402],"0.5417":["14.6144+math.sin(query.anim_time*90*4)*4","42.6893+math.sin(query.anim_time*90*4)*4","19.5548+math.sin(query.anim_time*90*4)*4"],"0.8333":[-24.75482,32.74372,-41.83179],"1.0":["-4.8861+math.sin(query.anim_time*90*4)*4","-10.1635+math.sin(query.anim_time*90*4)*4","-3.8781+math.sin(query.anim_time*90*4)*4"]}},"pupil_right":{"position":{"0.0":{"post":[0,0,0],"lerp_mode":"catmullrom"},"0.4583":{"post":[0,0.175,0],"lerp_mode":"catmullrom"},"0.9167":{"post":[0,-0.275,0],"lerp_mode":"catmullrom"},"1.0":{"post":[0,0,0],"lerp_mode":"catmullrom"}}},"pupil_left":{"position":{"0.0":{"post":[0,0,0],"lerp_mode":"catmullrom"},"0.4583":{"post":[0,0.15,0],"lerp_mode":"catmullrom"},"0.9167":{"post":[0,-0.275,0],"lerp_mode":"catmullrom"},"1.0":{"post":[0,0,0],"lerp_mode":"catmullrom"}}}}}}}