{"format_version":"1.8.0","animations":{"animation.tympole.ground_idle":{"loop":true,"animation_length":1.25,"bones":{"tail":{"rotation":{"0.0":[7.67995,-12.39135,-1.6575],"0.625":[-7.6799,12.3914,-1.6575],"1.25":[7.67995,-12.39135,-1.6575]}},"left_eyebrow":{"rotation":{"0.0":[0,0,5],"1.25":[0,0,5]},"scale":{"0.0":[0.96,0.8,1],"1.25":[0.96,0.8,1]}},"right_eyebrow":{"rotation":{"0.0":[0,0,-2.5],"1.25":[0,0,-2.5]},"scale":{"0.0":[0.96,0.8,1],"1.25":[0.96,0.8,1]}},"body":{"rotation":{"0.0":[3,0,0],"0.625":[10.5,0,0],"1.25":[3,0,0]}}}},"animation.tympole.ground_walk":{"loop":true,"animation_length":1.25,"bones":{"tail":{"rotation":{"0.0":[12.67995,-12.39135,-1.6575],"0.625":[-12.6799,12.3914,-1.6575],"1.25":[12.67995,-12.39135,-1.6575]}},"left_eyebrow":{"rotation":{"0.0":[0,0,5],"1.25":[0,0,5]},"scale":{"0.0":[0.96,0.8,1],"1.25":[0.96,0.8,1]}},"right_eyebrow":{"rotation":{"0.0":[0,0,-2.5],"1.25":[0,0,-2.5]},"scale":{"0.0":[0.96,0.8,1],"1.25":[0.96,0.8,1]}},"body":{"rotation":{"0.0":[3,0,0],"0.625":[10.5,0,0],"1.25":[3,0,0]}}}},"animation.tympole.water_swim":{"loop":true,"animation_length":1.25,"bones":{"tail":{"rotation":{"0.0":[12.67995,-12.39135,-1.6575],"0.625":[-12.6799,12.3914,-1.6575],"1.25":[12.67995,-12.39135,-1.6575]}},"left_eyebrow":{"rotation":{"0.0":[0,0,5],"1.25":[0,0,5]},"scale":{"0.0":[0.96,0.8,1],"1.25":[0.96,0.8,1]}},"right_eyebrow":{"rotation":{"0.0":[0,0,-2.5],"1.25":[0,0,-2.5]},"scale":{"0.0":[0.96,0.8,1],"1.25":[0.96,0.8,1]}},"body":{"rotation":{"0.0":[3,0,0],"0.625":[10.5,0,0],"1.25":[3,0,0]},"position":{"0.0":[0,0,0],"0.625":[0,0.7,-2.2],"1.25":[0,0,0]}}}},"animation.tympole.water_idle":{"loop":true,"animation_length":1.25,"bones":{"tail":{"rotation":{"0.0":[12.67995,-12.39135,-1.6575],"0.625":[-12.6799,12.3914,-1.6575],"1.25":[12.67995,-12.39135,-1.6575]}},"left_eyebrow":{"rotation":{"0.0":[0,0,5],"1.25":[0,0,5]},"scale":{"0.0":[0.96,0.8,1],"1.25":[0.96,0.8,1]}},"right_eyebrow":{"rotation":{"0.0":[0,0,-2.5],"1.25":[0,0,-2.5]},"scale":{"0.0":[0.96,0.8,1],"1.25":[0.96,0.8,1]}},"body":{"rotation":{"0.0":[3,0,0],"0.625":[10.5,0,0],"1.25":[3,0,0]},"position":{"0.0":[0,0,0],"0.5417":[0,0,-0.6],"1.25":[0,0,0]}}}},"animation.tympole.faint":{"animation_length":1.25,"bones":{"tail":{"rotation":{"0.0":[12.67995,-12.39135,-1.6575],"0.375":[-4.84471,12.81596,-1.19504],"0.75":[-22.15835,3.14371,2.18744]}},"left_eyebrow":{"rotation":{"0.0":[0,0,5],"0.5":[0,0,19]},"position":{"0.0":[-0.3,0,0],"0.2083":[-0.23,-0.08,0],"0.375":[0,-0.5,0],"0.5":[0,-0.6,0]},"scale":[0.96,0.8,1]},"right_eyebrow":{"rotation":{"0.0":[0,0,-2.5],"0.5":[0,0,-16.32]},"position":{"0.0":[0.2,0,0],"0.2083":[0.39,-0.05,0],"0.3333":[0.5,-0.4,0],"0.375":[0.3,-0.6,0]},"scale":[0.96,0.8,1]},"body":{"rotation":{"0.0":[3,0,0],"0.1667":[9.03511,-7.07844,-1.63796],"0.4583":[7.73076,2.06428,-14.86051],"0.625":[10.5,0,0],"0.75":[3,0,0],"1.0":[3,0,0]}},"eyes":{"scale":{"0.2083":[1,1,1],"0.375":[1,0,1]}},"mouth":{"rotation":{"0.75":[0,0,-2.5],"0.7917":[0,0,180]},"position":{"0.0":[0,0,0],"0.1667":[0,0,0],"0.2083":[0,0,1],"0.75":[0,0,0.07],"0.7917":[0,0,0]},"scale":{"0.75":[1,1,1],"0.7917":[0.9,0.7,1]}},"mouth_open":{"rotation":{"0.2083":[0,0,182.5],"0.2917":[0,0,179.5]},"position":{"0.0":[0.2,0.8,0],"0.2083":[0.2,0.8,-1],"0.75":[0.2,0.8,-1],"0.7917":[0.2,0.8,0]},"scale":{"0.2083":[0.6,0.5,1],"0.2917":[0.6,0.56,1],"0.75":[0.6,0.36,1]}}}},"animation.tympole.cry":{"animation_length":0.45833,"sound_effects":{"0.042":{"effect":"pokemon.tympole.cry"}},"bones":{"mouth":{"position":{"0.0":[0,0,0],"0.0417":[0,0,1],"0.4167":[0,0,1],"0.4583":[0,0,0]}},"left_eyebrow":{"rotation":[0,0,37.5],"position":[0,0.1,0]},"right_eyebrow":{"rotation":[0,0,-30],"position":[0,0,0]},"mouth_open":{"position":{"0.0":[0,0,0],"0.0417":[0,-0.6,-1.3],"0.2083":[0,-0.6,-1],"0.2917":[0,-0.8,-1],"0.4167":[0,-0.1,-1],"0.4583":[0,0,0]},"scale":{"0.0":[0.6,0.36,1],"0.2083":[0.7,0.56,1],"0.2917":[0.7,0.66,1],"0.4167":[0.5,0.16,1],"0.4583":[0.6,0.36,1]}}}},"animation.tympole.blink":{"animation_length":0.41667,"bones":{"eyes":{"scale":{"0.0":[1,1,1],"0.0833":[1,1,1],"0.125":[1,0,1],"0.25":[1,0,1],"0.2917":[1,1,1],"0.4167":[1,1,1]}},"left_eyebrow":{"rotation":[0,0,10]},"right_eyebrow":{"rotation":[0,0,-10]}}}}}