{"format_version":"1.8.0","animations":{"animation.tynamo.ground_idle":{"loop":true,"animation_length":0.5,"bones":{"body":{"rotation":[0,0,-90],"position":{"0.0":[0,2,0],"0.1667":[0,2,0],"0.2083":[0,4,0],"0.3333":[0,10,0],"0.4167":[0,8,0],"0.5":[0,2,0]}},"torso":{"rotation":[0,"math.cos(q.anim_time*90*4*2)*20",0]},"tail":{"rotation":[0,"math.cos(q.anim_time*90*4*2-90)*20",0]},"fin":{"rotation":[0,"math.cos(q.anim_time*90*4*2-180)*20",0]}}},"animation.tynamo.ground_walk":{"loop":true,"animation_length":1,"bones":{"body":{"rotation":[0,0,-90],"position":[0,"5+math.abs(math.cos(q.anim_time*90*10+360)*5)",0]},"torso":{"rotation":[0,"math.cos(q.anim_time*90*10*2)*40",0]},"tail":{"rotation":[0,"math.cos(q.anim_time*90*10*2-90)*40",0]},"fin":{"rotation":[0,"math.cos(q.anim_time*90*10*2-180)*40",0]}}},"animation.tynamo.water_idle":{"loop":true,"animation_length":4,"bones":{"head":{"rotation":["-math.sin(q.anim_time*90)*10","math.cos(q.anim_time*90)*10",0]},"torso":{"rotation":["math.cos(q.anim_time*90)*10","math.sin(q.anim_time*90)*10",0]},"tail":{"rotation":["math.sin(q.anim_time*90)*10","-math.cos(q.anim_time*90)*10",0]},"fin":{"rotation":["math.sin(q.anim_time*90+90)*10","-math.cos(q.anim_time*90+90)*10",0]}}},"animation.tynamo.water_swim":{"loop":true,"animation_length":0.66667,"bones":{"body":{"position":[0,"-math.sin(q.anim_time*90*6)*1",0]},"head":{"rotation":["math.cos(q.anim_time*90*6)*10","math.cos(q.anim_time*90*6*4)*10",0]},"torso":{"rotation":["math.cos(q.anim_time*90*6-90)*10","math.cos(q.anim_time*90*6*4-90)*10",0]},"tail":{"rotation":["math.cos(q.anim_time*90*6-180)*10","math.cos(q.anim_time*90*6*4-180)*10",0]},"fin":{"rotation":[0,"math.cos(q.anim_time*90*6*4+270)*10",0]}}},"animation.tynamo.ground_faint":{"loop":true,"animation_length":3,"bones":{"body":{"rotation":{"0.0":[0,0,-90],"0.5417":[0,0,-90],"0.625":[0,-90,-90],"1.25":[0,-67.5,-90],"1.3333":[0,-67.5,-90],"1.5":[-149.63881,-40.78947,69.05898],"1.6667":[-157.5,0,90]},"position":{"0.0":[0,2,0],"0.25":[0,2.25,0],"0.5417":[0,2.25,0],"0.75":[0,17.25,0],"1.0":[0,22.25,0],"1.25":[0,17.25,0],"1.3333":[0,-1.5,0],"1.4583":[0,1.5,2],"1.5417":[0.92,2.58,6.15],"1.625":[1.54,1.82,8.92],"1.75":[2,2.5,11]},"scale":{"0.5833":[1,1,1],"0.625":[0.8,0.8,1.4],"0.75":[0.8,0.8,1.4],"0.7917":[0.9,0.9,0.8],"0.8333":[1,1,1],"1.25":[1,1,1],"1.3333":[1,1,1]}},"head":{"rotation":{"0.0":[0,0,0],"0.25":[0,-22.5,0],"0.3333":[0,0,0],"0.625":[0,0,0],"0.75":[0,0,0],"1.25":[0,-202.5,0]},"scale":{"1.25":[1,1,1],"1.2917":[0.6,0.6,2.4],"1.3333":[1,1,1],"1.625":[1,1,1],"1.6667":[0.9,0.9,0.8],"1.7083":[1,1,1]}},"torso":{"rotation":{"0.0":[0,0,0],"0.25":[0,22.5,0],"0.3333":[0,22.5,0],"0.5":[0,67.5,0],"0.5417":[0,0,0],"1.5833":[0,0,0],"1.6667":[0,22.5,0]}},"tail":{"rotation":[0,0,0]},"fin":{"rotation":[0,0,0]}}},"animation.tynamo.water_faint":{"loop":true,"animation_length":3,"bones":{"body":{"rotation":{"0.0":[0,0,0],"0.0417":[-22.5,0,0],"0.125":[-30,0,0],"0.2083":[-22.5,0,0],"0.375":[0,0,0],"0.5833":[0,112.5,0],"0.625":[0,151.88,0],"0.7083":[0,148.13,0],"0.75":[0,180,0],"1.125":[0,180,0],"1.1667":[-22.5,180,0],"1.5":[-90,0,-180],"1.6667":[-90,0,-180],"1.875":[22.5,0,-180]},"position":{"0.0":[0,0,0],"0.0417":[0,2,2],"0.125":[0,3,3],"0.2083":[0,2,2],"0.375":[0,0,0],"0.4167":[0,0,0],"0.4583":[0,0,-3],"0.5":[-3,0,-3],"0.75":[-5,0,-3],"1.0":[-5,0,6],"1.125":[-5,0,6],"1.1667":[-5,3,3],"1.375":[-5,3,3],"1.5":[-5,-2,3],"1.5417":[-5,-3,3],"1.5833":[-5,-2,3],"1.6667":[-5,11,3],"1.7083":[-5,7.5,3],"1.75":[-5,2,3],"1.875":[-5,-5,3],"1.9167":[-5,-4,3],"2.0":[-5,"2+math.cos(q.anim_time*90*4*4)*1","3+math.cos(q.anim_time*90*4*4-90)*1"],"3.0":[-5,2,3]}},"head":{"rotation":{"0.0":[0,0,0],"0.4167":[0,0,0],"0.4583":[0,"math.cos(q.anim_time*90*4*4)*20",0],"1.125":[0,"math.cos(q.anim_time*90*4*4)*20",0],"1.1667":[0,0,0]},"position":[0,0,0]},"torso":{"rotation":{"0.0":[0,0,0],"0.4167":[0,0,0],"0.4583":[0,"math.cos(q.anim_time*90*4*4-90)*20",0],"1.125":[0,"math.cos(q.anim_time*90*4*4-90)*20",0],"1.1667":[0,0,0]}},"tail":{"rotation":{"0.0":[0,0,0],"0.4167":[0,0,0],"0.4583":[0,"math.cos(q.anim_time*90*4*4-180)*20",0],"1.125":[0,"math.cos(q.anim_time*90*4*4-180)*20",0],"1.1667":[0,0,0]}},"fin":{"rotation":[0,0,0]}}}},"geckolib_format_version":2}