{"format_version":"1.8.0","animations":{"animation.tyranitar2.ground_idle":{"loop":true,"animation_length":4,"bones":{"leg_right":{"rotation":["-1+math.cos(q.anim_time*90-70)",15,0],"position":[0,"0.15+math.cos(q.anim_time*90-70)/10","-math.cos(q.anim_time*90-70)/10"]},"torso":{"rotation":["15+math.cos(q.anim_time*90)*2",0,0],"position":[0,"math.cos(q.anim_time*90-70)/2",0]},"chest":{"rotation":["-15+math.cos(q.anim_time*90-110)",0,0]},"tail":{"rotation":["-30+math.cos(q.anim_time*90-70)*2",0,0]},"tail2":{"rotation":["5+math.cos(q.anim_time*90-120)*2",0,0]},"tail3":{"rotation":["10+math.cos(q.anim_time*90-170)*2",0,0]},"tail4":{"rotation":["10+math.cos(q.anim_time*90-220)*2",0,0]},"tail5":{"rotation":["7.5+math.cos(q.anim_time*90-180)*2",0,0]},"neck":{"rotation":["10+math.cos(q.anim_time*90-180)*2",0,0]},"chest2":{"rotation":[0,0,0]},"arm_right":{"rotation":[15,-2.5,"-30-math.cos(q.anim_time*90)*2"]},"arm_right2":{"rotation":[10.53252,-16.3619,"-10.3866-math.cos(q.anim_time*90-80)*2"]},"hand_right":{"rotation":[8.03252,-16.3619,"-10.3866-math.cos(q.anim_time*90-150)*3"]},"finger_index_right":{"rotation":[0,-17.5,0]},"finger_ring_right":{"rotation":[0,15,0]},"arm_left":{"rotation":[15,2.5,"30+math.cos(q.anim_time*90)*2"]},"arm_left2":{"rotation":[10.53252,16.3619,"10.3866+math.cos(q.anim_time*90-80)*2"]},"hand_left":{"rotation":[8.03252,16.3619,"10.3866+math.cos(q.anim_time*90-150)*3"]},"leg_left":{"rotation":["-1+math.cos(q.anim_time*90-70)",-15,0],"position":[0,"0.15+math.cos(q.anim_time*90-70)/10","-math.cos(q.anim_time*90-70)/10"]},"head":{"rotation":[-20,0,0]},"neck2":{"rotation":["math.cos(q.anim_time*90-210)",0,0]},"foot_left":{"rotation":["1-math.cos(q.anim_time*90-70)",0,0]},"foot_left2":{"rotation":[0,0,0]},"foot_right":{"rotation":["1-math.cos(q.anim_time*90/2-70)",0,0]}}},"animation.tyranitar2.battle_idle":{"loop":true,"animation_length":4,"bones":{"leg_right":{"rotation":["-1+math.cos(q.anim_time*90-70)",15,0],"position":[0,"0.15+math.cos(q.anim_time*90-70)/10","-math.cos(q.anim_time*90-70)/10"]},"torso":{"rotation":["25+math.cos(q.anim_time*90)*2",0,0],"position":[0,"math.cos(q.anim_time*90-70)/2",0]},"chest":{"rotation":["-15+math.cos(q.anim_time*90-110)",0,0]},"tail":{"rotation":["-30+math.cos(q.anim_time*90-70)*2",0,0]},"tail2":{"rotation":["5+math.cos(q.anim_time*90-120)*2",0,0]},"tail3":{"rotation":["10+math.cos(q.anim_time*90-170)*2",0,0]},"tail4":{"rotation":["10+math.cos(q.anim_time*90-220)*2",0,0]},"tail5":{"rotation":["7.5+math.cos(q.anim_time*90-180)*2",0,0]},"neck":{"rotation":["7.5+math.cos(q.anim_time*90-180)*2",0,0]},"chest2":{"rotation":[-2.5,0,0]},"arm_right":{"rotation":[15,-2.5,"-30-math.cos(q.anim_time*90)*2"]},"arm_right2":{"rotation":[10.53252,-16.3619,"-10.3866-math.cos(q.anim_time*90-80)*2"]},"hand_right":{"rotation":[8.03252,-16.3619,"-10.3866-math.cos(q.anim_time*90-150)*3"]},"finger_index_right":{"rotation":[0,-17.5,0]},"finger_ring_right":{"rotation":[0,15,0]},"arm_left":{"rotation":[15,2.5,"30+math.cos(q.anim_time*90)*2"]},"arm_left2":{"rotation":[10.53252,16.3619,"10.3866+math.cos(q.anim_time*90-80)*2"]},"hand_left":{"rotation":[8.03252,16.3619,"10.3866+math.cos(q.anim_time*90-150)*3"]},"leg_left":{"rotation":["-1+math.cos(q.anim_time*90-70)",-15,0],"position":[0,"0.15+math.cos(q.anim_time*90-70)/10","-math.cos(q.anim_time*90-70)/10"]},"head":{"rotation":[-22.5,0,0]},"neck2":{"rotation":["-2.5+math.cos(q.anim_time*90-210)",0,0]},"foot_left":{"rotation":["1-math.cos(q.anim_time*90-70)",0,0]},"foot_left2":{"rotation":[0,0,0]},"foot_right":{"rotation":["1-math.cos(q.anim_time*90/2-70)",0,0]},"jaw":{"rotation":["35+math.cos(q.anim_time*90+60)*5",0,0]}}},"animation.tyranitar2.ground_walk":{"loop":true,"animation_length":4,"bones":{"leg_right":{"rotation":{"0.0":{"post":[-0.4,15,0],"lerp_mode":"catmullrom"},"0.6667":[-10,15,0],"0.75":[0,15,0],"2.0":[2.5,15,0],"3.25":[5,15,0],"3.625":{"pre":[5,15,0],"post":[5,15,0],"lerp_mode":"catmullrom"},"4.0":{"post":[-0.4,15,0],"lerp_mode":"catmullrom"}},"position":{"0.0":{"post":[0,3.38,-0.15],"lerp_mode":"catmullrom"},"0.25":{"post":[0,4.51,-1.86],"lerp_mode":"catmullrom"},"0.6667":[0,5,-4.58],"0.75":[0,0,-5],"2.0":[0,0,0],"3.25":[0,0,5],"4.0":{"pre":[0,3.38,-0.15],"post":[0,3.38,-0.15],"lerp_mode":"catmullrom"}}},"torso":{"rotation":{"0.0":["15+math.cos(q.anim_time*90*2+30)","math.sin(q.anim_time*90-40)*2","math.cos(q.anim_time*90)*3"],"0.7083":["15+math.cos(q.anim_time*90*2+30)","math.sin(q.anim_time*90-40)*2","math.cos(q.anim_time*90)*3"],"0.75":["15+math.cos(q.anim_time*90*64+30)","math.sin(q.anim_time*90-40)*2","math.cos(q.anim_time*90)*3"],"1.0":["15+math.cos(q.anim_time*90*2+30)","math.sin(q.anim_time*90-40)*2","math.cos(q.anim_time*90)*3"],"2.7083":["15+math.cos(q.anim_time*90*2+30)","math.sin(q.anim_time*90-40)*2","math.cos(q.anim_time*90)*3"],"2.75":["15+math.cos(q.anim_time*90*64+30)","math.sin(q.anim_time*90-40)*2","math.cos(q.anim_time*90)*3"],"3.0":["15+math.cos(q.anim_time*90*2+30)","math.sin(q.anim_time*90-40)*2","math.cos(q.anim_time*90)*3"]},"position":{"0.0":[0,3,0],"0.625":{"pre":[0,3,0],"post":[0,3,0],"lerp_mode":"catmullrom"},"0.7083":[0,0,0],"0.75":[0,-0.25,0],"0.7917":[0,0.5,0],"0.8333":[0,0,0],"0.875":[0,-0.125,0],"0.9167":[0,0.25,0],"0.9583":[0,0,0],"1.125":{"pre":[0,0,0],"post":[0,0,0],"lerp_mode":"catmullrom"},"2.0":[0,3,0],"2.625":{"pre":[0,3,0],"post":[0,3,0],"lerp_mode":"catmullrom"},"2.7083":[0,0,0],"2.75":[0,-0.25,0],"2.7917":[0,0.5,0],"2.8333":[0,0,0],"2.875":[0,-0.125,0],"2.9167":[0,0.25,0],"2.9583":[0,0,0],"3.125":{"pre":[0,0,0],"post":[0,0,0],"lerp_mode":"catmullrom"},"4.0":[0,3,0]}},"chest":{"rotation":[-15,"math.sin(q.anim_time*90)*2","math.cos(q.anim_time*90-50)*2"]},"tail":{"rotation":["-30+math.cos(q.anim_time*90*2-50)*2","math.cos(q.anim_time*90-70)*7",0]},"tail2":{"rotation":["5+math.cos(q.anim_time*90*2-100)*3","math.cos(q.anim_time*90-110)*8",0]},"tail3":{"rotation":["10+math.cos(q.anim_time*90*2-150)*3","math.cos(q.anim_time*90-150)*8",0]},"tail4":{"rotation":["10+math.cos(q.anim_time*90*2-200)*3","math.cos(q.anim_time*90-180)*7.5",0]},"tail5":{"rotation":["7.5+math.cos(q.anim_time*90*2-220)*3","math.cos(q.anim_time*90-230)*10",0]},"neck":{"rotation":[10,"math.sin(q.anim_time*90+100)*2","math.cos(q.anim_time*90+140)*3"]},"chest2":{"rotation":[0,"math.sin(q.anim_time*90+50)*2","math.cos(q.anim_time*90+80)*3"]},"arm_right":{"rotation":[15,"-2.5+math.sin(q.anim_time*90)*10",-20]},"arm_right2":{"rotation":[10.53252,"-16.3619+math.sin(q.anim_time*90)*5",-10.38658]},"hand_right":{"rotation":[8.03252,"-16.3619+math.sin(q.anim_time*90)*5",-10.38658]},"finger_index_right":{"rotation":[0,-17.5,0]},"finger_ring_right":{"rotation":[0,15,0]},"arm_left":{"rotation":[15,"2.5+math.sin(q.anim_time*90)*10",20]},"arm_left2":{"rotation":[10.53252,"16.3619+math.sin(q.anim_time*90)*5",10.3866]},"hand_left":{"rotation":[8.03252,"16.3619+math.sin(q.anim_time*90)*5",10.3866]},"leg_left":{"rotation":{"0.0":[2.5,-15,0],"1.25":[5,-15,0],"1.625":{"pre":[5,-15,0],"post":[5,-15,0],"lerp_mode":"catmullrom"},"2.0":{"post":[-0.4,-15,0],"lerp_mode":"catmullrom"},"2.6667":[-10,-15,0],"2.75":[0,-15,0],"4.0":[2.5,-15,0]},"position":{"0.0":[0,0,0],"1.25":[0,0,5],"2.0":{"pre":[0,3.38,-0.15],"post":[0,3.38,-0.15],"lerp_mode":"catmullrom"},"2.25":{"post":[0,4.51,-1.86],"lerp_mode":"catmullrom"},"2.6667":[0,5,-4.58],"2.75":[0,0,-5],"4.0":[0,0,0]}},"head":{"rotation":[-20,0,0]},"body":{"position":{"0.0":[0,0,0],"0.75":[0,0,0],"0.7917":[0,-0.5,0],"0.8333":[0,1,0],"0.875":[0,0,0],"0.9167":[0,-0.25,0],"0.9583":[0,0.125,0],"1.0":[0,0,0],"2.75":[0,0,0],"2.7917":[0,-0.5,0],"2.8333":[0,1,0],"2.875":[0,0,0],"2.9167":[0,-0.25,0],"2.9583":[0,0.125,0],"3.0":[0,0,0]}},"neck2":{"rotation":[0,"math.sin(q.anim_time*90+150)*4","math.cos(q.anim_time*90+190)*5"]},"jaw":{"rotation":["15+math.cos(q.anim_time*90*2+60)*5",0,0]},"tail_spike_top":{"rotation":["math.cos(q.anim_time*90*2-180)*3",0,0]},"tail_spike_bottom":{"rotation":["math.cos(q.anim_time*90*2-220)*4",0,0]},"tail_spike_left":{"rotation":[0,"math.cos(q.anim_time*90-180)*8",0]},"tail_spike_right":{"rotation":[0,"math.cos(q.anim_time*90-210)*8",0]},"foot_left":{"rotation":{"0.0":[-2.5,0,0],"1.25":[-5,0,0],"1.4583":{"pre":[5,0,0],"post":[5,0,0],"lerp_mode":"catmullrom"},"1.875":{"post":[10,0,0],"lerp_mode":"catmullrom"},"2.0":{"post":[8.54,0,0],"lerp_mode":"catmullrom"},"2.6667":{"post":[-5,0,0],"lerp_mode":"catmullrom"},"2.75":[0,0,0],"4.0":[-2.5,0,0]}},"foot_right":{"rotation":{"0.0":{"post":[8.54,0,0],"lerp_mode":"catmullrom"},"0.6667":{"post":[-5,0,0],"lerp_mode":"catmullrom"},"0.75":[0,0,0],"2.0":[-2.5,0,0],"3.25":[-5,0,0],"3.4583":{"pre":[5,0,0],"post":[5,0,0],"lerp_mode":"catmullrom"},"3.875":{"post":[10,0,0],"lerp_mode":"catmullrom"},"4.0":{"post":[8.54,0,0],"lerp_mode":"catmullrom"}}}}},"animation.tyranitar2.faint":{"animation_length":3.5,"bones":{"leg_right":{"rotation":{"0.0":[0,15,0],"0.2917":[6,15,0],"0.4167":[-1.6,15,0],"0.5":[0,15,0],"0.5833":[4.15054,15,0],"0.75":[6.45161,15,0],"1.2917":[2.5,15,0],"1.5":[2.5,15,0],"1.6667":[94,15,0]},"position":{"0.0":[0,0,0],"0.2917":[0,0,1.8],"1.2917":[0,0,0],"1.5":[0,0,0],"1.6667":[0,2.3,-4.6]}},"torso":{"rotation":{"0.0":[0,0,0],"0.125":[-22,0,0],"0.4583":{"pre":[2.24067,0,0],"post":[2.24067,0,0],"lerp_mode":"catmullrom"},"0.8333":{"post":[24.74,0,0],"lerp_mode":"catmullrom"},"1.0833":{"post":[59.74,0,0],"lerp_mode":"catmullrom"},"1.5833":{"post":[79.74,0,0],"lerp_mode":"catmullrom"},"1.9167":{"post":[109.74,0,0],"lerp_mode":"catmullrom"}}},"chest":{"rotation":{"0.0":[-15,0,0],"0.6667":[-17.5,0,0],"1.7083":[4.5,0,0]},"position":{"0.0":[0,0,0],"0.6667":[0,0,0]}},"tail":{"rotation":{"0.0":[-22.5,0,0],"0.5417":[-14.31,0,0],"1.2083":[-60,0,0],"1.875":[-107.5,0,0]},"position":{"0.0":[0,0,0],"1.2083":[0,0,0],"1.375":[0,0,0],"1.875":[0,0,-3]}},"tail2":{"rotation":{"0.0":[12.5,0,0],"1.9167":[-7.5,0,0]}},"tail3":{"rotation":{"0.0":[22.5,0,0],"0.75":[11.88,0,0],"1.3333":[-27.5,0,0],"1.9167":[1,0,0],"2.0":[-7.5,0,0]}},"tail4":{"rotation":[5,0,0]},"tail5":{"rotation":[7.5,0,0]},"neck":{"rotation":{"0.0":[12.49216,-0.19734,0.01124],"0.6667":[-5.00784,-0.19734,0.01124],"1.7083":[4.99216,-0.19734,0.01124],"2.0":[2.49216,-0.19734,0.01124],"2.125":[7.49216,-0.19734,0.01124]}},"chest2":{"rotation":{"0.0":[0,0,0],"0.2083":[20,0,0],"0.5":[0,0,0],"0.6667":[-7.5,0,0],"1.25":[-13.5,0,0],"1.7917":[-20,0,0]}},"arm_right":{"rotation":{"0.0":[15,-2.5,-20],"0.2917":[29.3482,27.70012,-0.06094],"0.7917":[29.3482,27.70012,-0.06094],"1.2917":[54.66207,-1.39733,-13.62458],"1.75":[79.62715,-8.78808,1.47895]}},"arm_right2":{"rotation":[10.53252,-16.3619,-10.38658]},"hand_right":{"rotation":{"0.0":[8.03252,-16.3619,-10.38658],"1.75":[10.78356,-14.72273,-20.62715]}},"finger_index_right":{"rotation":[0,-17.5,0]},"finger_ring_right":{"rotation":[0,15,0]},"arm_left":{"rotation":{"0.0":[15,2.5,20],"0.625":[18.07777,-33.56297,9.10071],"1.4583":[19.23778,-38.30075,7.12576],"2.0":[1.46817,-32.12357,-9.64487],"2.1667":[1.26114,-9.62975,-9.07505]}},"arm_left2":{"rotation":{"0.0":[10.53252,16.3619,10.3866],"0.625":[13.40552,40.84241,16.24763],"1.4583":[22.20781,62.35208,27.27021],"2.0":[11.52695,28.63324,12.97016],"2.1667":[10.40963,13.90352,9.91597]}},"hand_left":{"rotation":{"0.0":[8.03252,16.3619,10.3866],"0.625":[10.24232,41.0589,14.8785],"2.0":[8.42535,23.78494,11.5287]}},"leg_left":{"rotation":{"0.0":[0,-15,0],"0.1667":[-70,-15,0],"0.2083":[-70,-15,0],"0.4167":[-12.5,-15,0],"1.0":[-12.5,-15,0],"1.3333":[-48.5,-15,0],"1.5":[50.68041,-13.40318,-13.14721],"1.7083":[100.40592,-11.40716,-29.58122]},"position":{"0.0":[0,0,0],"0.1667":[0,0,-3],"0.2083":[0,0,-3],"0.4167":[0,0,-5],"1.4583":[0,4.5,-5],"1.7083":[0,0,-5]}},"body":{"rotation":{"0.0":[0,0,0],"0.6667":[0,0,0],"0.9167":[-7.5,0,0]},"position":{"0.0":[0,0,0],"0.2083":[0,0,7.4],"0.7917":[0,0.7,11],"2.125":[0,-11.3,11]},"scale":{"1.8333":[1,1,1],"1.875":[0.98,0.98,0.98],"1.9167":[1,1,1],"1.9583":[0.98,0.98,0.98],"2.0":[1,1,1],"2.0417":[0.98,0.98,0.98],"2.0833":[1,1,1],"2.125":[0.98,0.98,0.98],"2.1667":[1,1,1]}},"wings_left":{"rotation":{"0.0":[0,0,0],"1.0":[0,0,0],"1.75":[35.74285,59.76074,32.92577]},"position":{"0.0":[0,0,0],"1.0":[0,0,0],"1.75":[0,0,13.6]}},"wings_right":{"rotation":{"0.0":[0,0,0],"1.0":[0,0,0],"1.75":[42.8246,-62.578,-28.73247]},"position":{"0.0":[0,0,0],"1.0":[0,0,0],"1.75":[0,0,13.6]}},"neck2":{"rotation":{"0.0":[0,0,0],"0.2083":[12.5,0,0],"0.2917":[0,0,0],"0.5":[0,0,0],"0.6667":[-10,0,0],"1.4167":[-10,0,0],"1.7917":[83.04398,87.75094,95.3588],"1.9167":[16.91696,84.09269,28.23006],"2.125":[83.04398,87.75094,95.3588]}},"head_rotation":{"rotation":{"0.0":[0,0,0],"0.2083":[10,0,0],"0.25":[10,0,0],"0.5":[0,0,0],"0.6667":[-12.5,0,0]}},"eyelid_left":{"position":{"0.0":[0,0,0],"0.125":{"pre":[0,0,0],"post":[0.2,0,0]},"0.5833":{"pre":[0.2,0,0],"post":[0,0,0]},"1.0":{"pre":[0,0,0],"post":[-0.2,0,0]},"1.125":{"pre":[-0.2,0,0],"post":[0,0,0]},"1.5":{"pre":[0,0,0],"post":[0.1,0,0]}}},"eyelid_right":{"position":{"0.0":[0,0,0],"0.125":{"pre":[0,0,0],"post":[-0.2,0,0]},"0.5833":{"pre":[-0.2,0,0],"post":[0,0,0]},"1.0":{"pre":[0,0,0],"post":[-0.2,0,0]},"1.125":{"pre":[-0.2,0,0],"post":[0,0,0]},"1.5417":{"pre":[0,0,0],"post":[-0.2,0,0]}}},"jaw":{"rotation":{"0.0":[0,0,0],"0.2917":[37.5,0,0],"0.5":[37.5,0,0],"0.9167":[7.5,0,0],"1.2083":[7.5,0,0],"1.625":[75,0,0]}},"foot_left":{"rotation":{"0.0":[0,0,0],"0.2083":[17.5,0,0],"0.4167":[10,0,0],"1.2083":[31.81,0,0],"1.7083":[22.06647,6.9134,1.10039]}},"foot_right":{"rotation":{"0.0":[0,0,0],"0.2917":[-2.49,0,0],"0.4167":[0.77,0,0],"0.5833":[-0.5,0,0],"0.7083":[-4.96,0,0],"1.0417":[3,0,0],"1.2917":[11,0,0],"1.5":[16,0,0],"1.6667":[18,0,0],"1.9167":[36,0,0]},"position":{"0.0":[0,0,0],"1.2917":[0,0,0],"1.6667":[0,2.2,0],"1.9167":[0,-0.2,0]}},"tail_spike_top":{"rotation":{"0.0":[0,0,0],"1.9167":[-11,0,0]}},"tail_spike_bottom":{"rotation":{"0.0":[0,0,0],"1.9167":[16,0,0]}}}},"animation.tyranitar2.recoil":{"animation_length":1.4167,"bones":{"body":{"position":{"0.0":[0,0,0],"0.0833":[0,0,0],"0.2917":[0,0,4],"0.5":[0,0,4],"0.7083":[0,0,0]},"scale":{"0.375":[1,1,1],"0.4167":[0.98,0.98,0.98],"0.4583":[1,1,1],"0.5":[0.98,0.98,0.98],"0.5417":[1,1,1],"0.7917":[1,1,1],"0.8333":[0.98,0.98,0.98],"0.875":[1,1,1],"0.9167":[0.98,0.98,0.98],"0.9583":[1,1,1]}},"torso":{"rotation":{"0.0":[0,0,0],"0.125":[-22,0,0],"0.4583":{"pre":[2.24067,0,0],"post":[2.24067,0,0],"lerp_mode":"catmullrom"},"0.8333":{"post":[2.24067,0,0],"lerp_mode":"catmullrom"},"1.2917":[0,0,0]}},"arm_left":{"rotation":{"0.0":[0,0,0],"0.25":[0,-17.5,0],"0.6667":[0,17.5,0],"0.9583":[0,0,0]}},"arm_right":{"rotation":{"0.0":[0,0,0],"0.25":[0,17.5,0],"0.6667":[0,-17.5,0],"0.9583":[0,0,0]}},"chest2":{"rotation":{"0.0":[0,0,0],"0.2083":[20,0,0],"0.5417":[0,0,0]}},"neck2":{"rotation":{"0.0":[0,0,0],"0.2083":[12.5,0,0],"0.2917":[0,0,0],"0.5":[0,0,0]}},"head_rotation":{"rotation":{"0.0":[0,0,0],"0.2083":[10,0,0],"0.25":[10,0,0],"0.5":[0,0,0]}},"eyelid_left":{"position":{"0.0":[0,0,0],"0.0417":{"pre":[0,0,0],"post":[0.2,0,0]},"0.0833":{"pre":[0.2,0,0],"post":[0.2,0,0]},"0.125":{"pre":[0.2,0,0],"post":[0.2,0,0]},"0.1667":{"pre":[0.2,0,0],"post":[0,0,0]},"0.3333":{"pre":[0,0,0],"post":[0.2,0,0]},"0.4167":{"pre":[0.2,0,0],"post":[0.2,0,0]},"0.4583":{"pre":[0.2,0,0],"post":[-0.1,0,0]}}},"eyelid_right":{"position":{"0.0":[0,0,0],"0.0417":{"pre":[0,0,0],"post":[-0.1,0,0]},"0.0833":{"pre":[-0.1,0,0],"post":[-0.1,0,0]},"0.125":{"pre":[-0.1,0,0],"post":[-0.1,0,0]},"0.1667":{"pre":[-0.1,0,0],"post":[0,0,0]},"0.3333":{"pre":[0,0,0],"post":[-0.1,0,0]},"0.4167":{"pre":[-0.1,0,0],"post":[-0.1,0,0]},"0.4583":{"pre":[-0.1,0,0],"post":[0,0,0]}}},"tail":{"rotation":{"0.0":[0,0,0],"0.2083":[7.69209,0.46266,2.83211],"0.5":[-16,0,0],"0.7917":[0,0,0]}},"tail2":{"rotation":{"0.0":[0,0,0],"0.1667":[15,0,0],"0.5":[5,0,0],"0.7917":[0,0,0]}},"tail3":{"rotation":{"0.0":[0,0,0],"0.1667":[20,0,0],"0.5":[9,0,0],"0.7917":[0,0,0]}},"leg_left":{"rotation":{"0.0":[0,0,0],"0.0833":[15,0,0],"0.2083":[29.38,0,0],"0.4167":[0,0,0]},"position":{"0.0":[0,0,0],"0.0833":[0,0,-5.64],"0.25":[0,4,-2.82],"0.3333":[0,1,0.59],"0.4167":[0,0,0]}},"foot_left":{"rotation":{"0.0":[0,0,0],"0.0833":[-12.5,0,0],"0.2917":[2.81,0,0],"0.4167":[0,0,0]}},"leg_right":{"rotation":{"0.0":[0,0,0],"0.0833":[15,0,0],"0.5":[0,0,0]},"position":{"0.0":[0,0,0],"0.0833":[0,0,2],"0.5":[0,0,0],"0.6667":[0,4,-3.33],"0.8333":[0,0,-6],"1.0417":[0,1,-3],"1.25":[0,0,0]}},"foot_right":{"rotation":{"0.0":[0,0,0],"0.0833":[-10,0,0],"0.5":[0,0,0]},"position":{"0.0":[0,0,0],"0.0833":[0,-0.4,0],"0.5":[0,0,0]}}}},"animation.tyranitar2.cry":{"animation_length":1.8333,"sound_effects":{"0.0817":{"effect":"pokemon.tyranitar.cry"}},"bones":{"torso":{"rotation":{"0.0":[0,0,0],"0.2083":[0,0,10],"0.4583":[0,0,0],"0.5":[0,0,2],"0.5417":[0,0,0],"0.7083":[0,0,2],"0.875":[0,0,0],"1.2917":[0,0,0]},"position":{"0.0":[0,0,0],"0.2083":[0,0.1,0],"0.4583":[0,0,0],"0.5":[0,0.5,0],"0.5417":[0,0,0],"0.7083":[0,0.5,0],"0.875":[0,0,0],"1.2917":[0,0,0]}},"chest":{"rotation":{"0.0":[0,0,0],"0.3333":[22.5,0,0],"0.7083":[13.5,0,0],"1.2917":[0,0,0]},"position":[0,0,0]},"arm_right":{"rotation":{"0.0":[0,0,0],"0.4583":[0,0,11.56],"0.75":[0,0,0]}},"arm_right2":{"rotation":{"0.0":[0,0,0],"0.375":[0,0,-20],"0.75":[0,0,0]}},"hand_right":{"rotation":{"0.0":[0,0,0],"0.4583":[0,0,-25],"0.75":[0,0,0]}},"chest2":{"rotation":{"0.0":[0,0,0],"0.3333":[20,0,0],"0.7083":[20,0,0],"0.875":[20,0,0],"1.1667":[5,0,0],"1.8333":[0,0,0]},"position":[0,0,0]},"wings_left":{"rotation":{"0.0":[0,0,0],"0.4583":[0,20,0],"0.5":[0,18,0],"0.5417":[0,20,0],"0.5833":[0,18,0],"0.625":[0,20,0],"1.7917":[0,0,0]}},"wings_right":{"rotation":{"0.0":[0,0,0],"0.4583":[0,-20,0],"0.5":[0,-16,0],"0.5417":[0,-20,0],"0.5833":[0,-16,0],"0.625":[0,-20,0],"1.7917":[0,0,0]}},"neck":{"rotation":{"0.0":[0,0,0],"0.3333":[-15,0,0],"0.5417":[5.25,0,0],"0.875":[5.25,0,0],"1.1667":[-4,0,0],"1.8333":[0,0,0]},"position":{"0.0":[0,0,0],"0.3333":[0,0,-1.9],"1.8333":[0,0,0]}},"neck2":{"rotation":{"0.0":[0,0,0],"0.3333":[-14,0,0],"0.875":[-14,0,0],"1.1667":[0,0,0],"1.8333":[0,0,0]},"position":[0,0,0]},"head_rotation":{"rotation":{"0.0":[0,0,0],"0.5417":[-25,0,0],"0.875":[-25,0,0],"1.3333":[0,0,0]}},"crest":{"rotation":[7.5,0,0]},"jaw":{"rotation":{"0.0":[0,0,0],"0.375":[0,0,0],"0.5":[52.5,0,0],"0.5833":[60.71367,0.57255,-1.26983],"0.6667":[54.89438,0.96687,-2.14438],"0.75":[60.71367,0.57255,-1.26983],"0.8333":[52.5,0,0],"1.0":[0,0,0]}},"tail":{"rotation":{"0.0":[0,0,0],"0.5417":[-5,0,0],"1.0":[0,0,0],"1.625":[0,0,0]}},"tail2":{"rotation":{"0.0":[0,0,0],"1.0":[11.81166,-0.50793,-0.68629],"1.75":[0,0,0]}},"tail3":{"rotation":{"0.0":[0,0,0],"1.0":[3,0,0],"1.7917":[0,0,0]}},"tail4":{"rotation":{"0.0":[0,0,0],"1.0":[0,0,0],"1.8333":[0,0,0]}},"leg_right":{"rotation":{"0.0":[0,0,0],"0.1667":[0,0,19],"0.2083":[0,0,19],"0.5833":[0,0,0],"0.875":[0,0,0]},"position":{"0.0":[0,0,0],"0.1667":[0.9,5.5,-3],"0.2083":[0.9,5.5,-3],"0.4583":[0,0,0],"0.5":[0,0.2,0],"0.5417":[0,0,0]}},"foot_right":{"rotation":{"0.0":[0,0,0],"0.2083":[8,0,0],"0.5417":[0,0,0]}}}},"animation.tyranitar2.physical":{"animation_length":2.9583,"bones":{"body":{"scale":{"0.0":[1,1,1],"0.625":[1,1,1],"0.6667":[0.98,0.98,0.98],"0.7083":[1,1,1],"1.4583":[1,1,1],"1.5":[0.98,0.98,0.98],"1.5417":[1,1,1]}},"torso":{"rotation":{"0.0":[0,0,0],"0.8333":[-6.2,1.63,3.23],"1.125":[-9.448,16.58523,3.78587],"1.25":{"pre":[28.10383,-15.49902,9.03736],"post":[28.10383,-15.49902,9.03736],"lerp_mode":"catmullrom"},"1.75":{"post":[20.60383,-15.49902,9.03736],"lerp_mode":"catmullrom"},"2.1667":{"post":[12.5,0,0],"lerp_mode":"catmullrom"},"2.9167":[0,0,0]},"position":{"0.0":[0,0,0],"0.4167":{"pre":[0,-0.5,-0.75],"post":[0,-0.5,-0.75],"lerp_mode":"catmullrom"},"0.5417":{"post":[0,-0.42,-0.75],"lerp_mode":"catmullrom"},"0.75":{"post":[0,-0.65,-0.75],"lerp_mode":"catmullrom"},"1.0417":{"post":[0,1.25,-0.75],"lerp_mode":"catmullrom"},"1.2083":{"post":[1,-1.25,-2.5],"lerp_mode":"catmullrom"},"1.4583":{"post":[0.65,-1.06,-2.72],"lerp_mode":"catmullrom"},"1.625":{"post":[0.33,0.04,-2.69],"lerp_mode":"catmullrom"},"1.8333":{"post":[0,0,-2.5],"lerp_mode":"catmullrom"},"2.9167":[0,0,0]}},"arm_left":{"rotation":{"0.0":[0,0,0],"1.0417":{"pre":[5.46361,15.51859,1.39087],"post":[5.46361,15.51859,1.39087],"lerp_mode":"catmullrom"},"1.25":{"post":[5.46361,15.51859,1.39087],"lerp_mode":"catmullrom"},"2.4167":[0,0,0]},"position":{"0.0":[0,0,0],"1.0417":{"pre":[0,0,-3.25],"post":[0,0,-3.25],"lerp_mode":"catmullrom"},"1.25":{"post":[0,0,-3.25],"lerp_mode":"catmullrom"},"2.4167":[0,0,0]}},"arm_left2":{"rotation":{"0.0":[0,0,0],"1.0417":{"pre":[0,42,0],"post":[0,42,0],"lerp_mode":"catmullrom"},"1.4167":{"post":[0,42,0],"lerp_mode":"catmullrom"},"2.75":[0,0,0]}},"finger_index_left":{"rotation":{"0.0":[0,0,0],"0.7917":[0,0,80],"1.6667":[0,0,0]}},"finger_middle_left":{"rotation":{"0.0":[0,0,0],"0.7917":[0,0,75],"1.6667":[0,0,-12.5],"2.4167":[0,0,0]}},"finger_ring_left":{"rotation":{"0.0":[0,0,0],"0.7917":[0,0,62.5],"1.6667":[0,0,0]}},"arm_right":{"rotation":{"0.0":[0,0,0],"0.75":{"pre":[-2.69461,12.53177,-43.493],"post":[-2.69461,12.53177,-43.493],"lerp_mode":"catmullrom"},"1.0833":[-87.69,12.53,24.01],"1.2083":[-76.86,-129.69,0.68],"1.3333":[-76.86,-129.69,0.68],"1.5":{"pre":[-71.98,-125.09,9.01],"post":[-71.98,-125.09,9.01],"lerp_mode":"catmullrom"},"1.75":{"post":[0.03822,-37.24178,-18.7732],"lerp_mode":"catmullrom"},"2.125":[0,0,0],"2.8333":[0,0,0]},"position":{"0.5":{"pre":[0,0,0],"post":[0,0,0],"lerp_mode":"catmullrom"},"1.2083":{"post":[-5,0,-7],"lerp_mode":"catmullrom"},"1.5417":{"post":[-5,0,-7],"lerp_mode":"catmullrom"},"2.375":{"post":[0,0,0],"lerp_mode":"catmullrom"}}},"arm_right2":{"rotation":{"0.0":[0,0,0],"1.0417":{"pre":[0,-32,0],"post":[0,-32,0],"lerp_mode":"catmullrom"},"1.1667":{"post":[0,-9.5,0],"lerp_mode":"catmullrom"},"1.4167":{"post":[0,-9.5,0],"lerp_mode":"catmullrom"},"1.9583":{"post":[0,-53.09,0],"lerp_mode":"catmullrom"},"2.9583":[0,0,0]}},"chest2":{"rotation":{"0.0":[0,0,0],"0.8333":[-6.2,1.63,3.23],"1.125":[12.53743,4.39312,0.97589],"1.25":{"pre":[5.45311,-8.0338,9.7749],"post":[5.45311,-8.0338,9.7749],"lerp_mode":"catmullrom"},"1.75":{"post":[20.60383,-15.49902,9.03736],"lerp_mode":"catmullrom"},"2.1667":{"post":[12.5,0,0],"lerp_mode":"catmullrom"},"2.9167":[0,0,0]}},"wings_left":{"rotation":{"0.0":[0,0,0],"0.7083":[0,5,0],"1.5":[0,25,0],"2.4167":[0,0,0]}},"wings_right":{"rotation":{"0.0":[0,0,0],"0.7083":[0,-5,0],"1.5":[0,-25,0],"2.4167":[0,0,0]}},"neck":{"rotation":{"0.0":[0,0,0],"0.8333":[-6.2,1.63,3.23],"1.125":[-9.448,16.58523,3.78587],"1.25":[11.04082,-1.7911,6.05572],"1.75":{"pre":[20.60383,-15.49902,9.03736],"post":[20.60383,-15.49902,9.03736],"lerp_mode":"catmullrom"},"2.1667":{"post":[12.5,0,0],"lerp_mode":"catmullrom"},"2.9167":[0,0,0]}},"crest":{"rotation":{"0.0":[0,0,0],"0.5833":[0,0,0],"1.0":[7.5,0,0],"1.8333":[7.5,0,0],"2.0":[0,0,0]}},"jaw":{"rotation":{"0.0":[0,0,0],"0.4583":[1.5359,0,0],"0.75":[31.5359,0,0],"1.1667":[37.37,0,0],"1.625":[1.5359,0,0],"2.5":[0,0,0]}},"tail":{"rotation":{"0.0":[0,0,0],"1.0417":{"pre":[0,9.89479,1.17426],"post":[0,9.89479,1.17426],"lerp_mode":"catmullrom"},"1.9583":{"post":[0,-21.40441,11.02538],"lerp_mode":"catmullrom"},"2.9583":[0,0,0]}},"tail3":{"rotation":{"0.0":[0,0,0],"1.125":{"pre":[30,18,7.5],"post":[30,18,7.5],"lerp_mode":"catmullrom"},"1.7917":{"post":[20,-19.5,0],"lerp_mode":"catmullrom"},"2.9583":[0,0,0]}},"tail4":{"rotation":{"0.0":[0,0,0],"0.8333":{"pre":[-7.5,-34.5,0],"post":[-7.5,-34.5,0],"lerp_mode":"catmullrom"},"1.25":{"post":[-5.96,21.13,0],"lerp_mode":"catmullrom"},"1.7083":{"post":[-7.5,-37,0],"lerp_mode":"catmullrom"},"2.25":{"post":[-15.06,-0.03,0],"lerp_mode":"catmullrom"},"2.9583":[0,0,0]}},"leg_left":{"rotation":[0,0,0]},"leg_right":{"rotation":{"0.0":[0,0,0],"0.3333":[0,40,0],"0.625":[0,50,0],"0.9583":[0,50,0],"1.3333":[-15,50,0],"1.5":[0,17.5,0],"2.0":[0,17.5,0],"2.2917":[0,24.32,0],"2.5417":[0,0,0]},"position":{"0.0":[0,0,0],"0.3333":[0,0,0],"0.5417":[0,1.75,1.79],"0.625":[0,0,2.5],"0.9583":[0,0,2.5],"1.3333":[0,0.75,2.5],"1.5":[0,0,-2.25],"2.0":[0,0,-2.25],"2.375":[0,2,-0.9],"2.5417":[0,0,0]}}}},"animation.tyranitar2.status":{"animation_length":3,"bones":{"body":{"scale":{"0.7917":[1,1,1],"0.8333":[0.98,0.98,0.98],"0.875":[1,1,1],"0.9167":[0.98,0.98,0.98],"0.9583":[1,1,1]}},"torso":{"rotation":{"0.0":{"post":[0,0,0],"lerp_mode":"catmullrom"},"0.2083":{"post":[14.5,0,0],"lerp_mode":"catmullrom"},"1.0":{"post":[-1.5,0,0],"lerp_mode":"catmullrom"},"1.25":{"post":[1,0,0],"lerp_mode":"catmullrom"},"2.0417":[8.5,0,0],"2.5":[12.5,0,0],"2.875":{"pre":[0,0,0],"post":[0,0,0],"lerp_mode":"catmullrom"}},"position":{"0.0":[0,0,0],"0.8333":{"pre":[0,-0.5,-0.25],"post":[0,-0.5,-0.25],"lerp_mode":"catmullrom"},"1.0417":{"post":[0,0.4,-1.15],"lerp_mode":"catmullrom"},"1.2917":{"post":[0,0.4,-1.15],"lerp_mode":"catmullrom"},"1.9583":{"post":[0,0,-1.25],"lerp_mode":"catmullrom"},"2.7917":[0,0,0]}},"chest":{"rotation":{"0.0":[0,0,0],"0.25":{"pre":[0,0,0],"post":[0,0,0],"lerp_mode":"catmullrom"},"0.2917":{"post":[2.5,0,0.01107],"lerp_mode":"catmullrom"},"1.0417":{"post":[0,0,0.35],"lerp_mode":"catmullrom"},"2.9583":[0,0,0]}},"arm_left":{"rotation":{"0.0":[0,0,0],"1.0833":[-56.07937,54.8634,2.50044],"1.3333":[-128.21,"-18.5+3*math.sin(q.anim_time*90*20)",26.8],"2.0":[-93.21,-18.5,36.8],"2.625":[14.28791,-5.00374,"39.2968+3*math.sin(q.anim_time*90*5)"],"3.0":[0,0,0]},"position":{"0.0":[0,0,0],"0.9167":{"pre":[0,0,-1],"post":[0,0,-1],"lerp_mode":"catmullrom"},"1.4583":{"post":[0,0,1.34],"lerp_mode":"catmullrom"},"2.125":{"post":[0,0,1.34],"lerp_mode":"catmullrom"},"2.5":[5.82,0,0.75],"2.625":[2.1,0,0.55],"3.0":[0,0,0]}},"arm_left2":{"rotation":{"0.0":[0,0,0],"0.875":{"pre":[0,12,0],"post":[0,12,0],"lerp_mode":"catmullrom"},"1.0417":{"post":[0,12,0],"lerp_mode":"catmullrom"},"1.2917":{"post":[0,37,0],"lerp_mode":"catmullrom"},"1.8333":{"post":[0,37,0],"lerp_mode":"catmullrom"},"2.2917":{"post":[0,69.5,0],"lerp_mode":"catmullrom"},"2.6667":[0,0,0]}},"arm_right":{"rotation":{"0.0":[0,0,0],"1.0833":[-73.26549,-67.28296,21.58174],"1.3333":[-105.19,"27.53-3*math.sin(q.anim_time*90*20)",-30.99],"2.0":[-100.19,27.53,-30.99],"2.625":[9.80539,-7.46823,"-48.493-3*math.sin(q.anim_time*90*5)"],"3.0":[0,0,0]},"position":{"0.0":[0,0,0],"0.9167":{"pre":[0,0,0.25],"post":[0,0,0.25],"lerp_mode":"catmullrom"},"1.4583":{"post":[0,0,1.35],"lerp_mode":"catmullrom"},"2.125":{"post":[0,0,1.35],"lerp_mode":"catmullrom"},"2.5":[-5.73,0,0.46],"2.625":[-4.3,0,0.21],"2.9167":[0,0,0]}},"arm_right2":{"rotation":{"0.0":[0,0,0],"0.875":{"pre":[0,-12,0],"post":[0,-12,0],"lerp_mode":"catmullrom"},"1.0417":{"post":[0,-12,0],"lerp_mode":"catmullrom"},"1.2917":{"post":[0,-37,0],"lerp_mode":"catmullrom"},"1.8333":{"post":[0,-37,0],"lerp_mode":"catmullrom"},"2.2917":{"post":[0,-69.5,0],"lerp_mode":"catmullrom"},"2.6667":[0,0,0]}},"chest2":{"rotation":{"0.0":[0,0,0],"0.25":{"pre":[11,5,0],"post":[11,5,0],"lerp_mode":"catmullrom"},"1.0417":{"post":[-1.86,5,0.35],"lerp_mode":"catmullrom"},"2.9583":[0,0,0]}},"wings_left":{"rotation":{"0.0":[0,0,0],"1.0":[0,0,0],"1.2917":[0,17.5,0],"1.7917":[0,17.5,0],"2.0833":[0,0,0]}},"wings_right":{"rotation":{"0.0":[0,0,0],"1.0":[0,0,0],"1.2917":[0,-17.5,0],"1.7917":[0,-17.5,0],"2.0833":[0,0,0]}},"neck":{"rotation":{"0.0":[0,0,0],"0.8333":{"pre":[22.5,0,0],"post":[22.5,0,0],"lerp_mode":"catmullrom"},"1.25":{"post":[7.5,0,0],"lerp_mode":"catmullrom"},"2.375":[0,0,0]}},"neck2":{"rotation":{"0.0":[0,0,0],"0.2917":[-14.58,0,0],"0.8333":[-4.5,0,0],"1.2083":[10,0,0],"1.4167":[-29.17,0,0],"1.7083":[-43.17,0,0],"2.0833":[-29.17,0,0],"2.4583":[0,0,0]},"position":{"0.0":[0,0,0],"1.0":[0,0,0],"1.6667":[0,-1.2,0],"2.4583":[0,0,0]}},"head_rotation":{"rotation":{"0.0":[0,0,0],"0.8333":[-18,0,0],"1.2083":[-5,0,0],"1.4167":[-20,0,0],"2.0":[-20,0,0],"2.9167":[0,0,0]}},"jaw":{"rotation":{"0.0":[0,0,0],"1.1667":[0,0,0],"1.2917":[57.5,0,0],"2.0":[57.5,0,0],"2.125":[0,0,0]}},"tail":{"rotation":{"0.0":[0,0,0],"0.7917":{"pre":[0,15,0],"post":[0,15,0],"lerp_mode":"catmullrom"},"1.2917":{"post":[0,-6.33,0],"lerp_mode":"catmullrom"},"1.6667":{"post":[0,5.3,0],"lerp_mode":"catmullrom"},"2.0":{"post":[0,-1.33,0],"lerp_mode":"catmullrom"},"2.75":[0,0,0]}},"tail2":{"rotation":{"0.0":[0,0,0],"0.7917":{"pre":[17.5,15,0],"post":[17.5,15,0],"lerp_mode":"catmullrom"},"1.2917":{"post":[12.5,-6.33,0],"lerp_mode":"catmullrom"},"1.6667":{"post":[0,5.3,0],"lerp_mode":"catmullrom"},"2.0":{"post":[0,-1.33,0],"lerp_mode":"catmullrom"},"2.75":[0,0,0]}},"tail3":{"rotation":{"0.0":[0,0,0],"0.7917":{"pre":[20,15,0],"post":[20,15,0],"lerp_mode":"catmullrom"},"1.3333":{"post":[14.12209,-6.38439,0],"lerp_mode":"catmullrom"},"1.6667":{"post":[0,5.3,0],"lerp_mode":"catmullrom"},"2.0":{"post":[0,-1.33,0],"lerp_mode":"catmullrom"},"2.75":[0,0,0]}},"tail4":{"rotation":{"0.0":[0,0,0],"0.7917":{"pre":[2.66399,14.76689,10.34527],"post":[2.66399,14.76689,10.34527],"lerp_mode":"catmullrom"},"1.2917":{"post":[15,-6.33,0],"lerp_mode":"catmullrom"},"1.6667":{"post":[0,5.3,0],"lerp_mode":"catmullrom"},"2.0":{"post":[0,-1.33,0],"lerp_mode":"catmullrom"},"2.75":[0,0,0]}},"leg_left":{"rotation":[0,0,0],"position":{"0.0":[0,0,0],"0.4167":[0,0,0],"0.7917":[0,1.55,0],"0.8333":[0,0,0]}}}},"animation.tyranitar2.special":{"animation_length":3,"bones":{"body":{"scale":{"1.1667":[1,1,1],"1.2083":[0.98,0.98,0.98],"1.25":[1,1,1],"1.2917":[0.98,0.98,0.98],"1.3333":[1,1,1],"1.375":[0.98,0.98,0.98],"1.4167":[1,1,1]}},"torso":{"rotation":{"0.0":[0,0,0],"0.8333":[-6.2,1.63,3.23],"1.125":[-9.448,16.58523,3.78587],"1.25":{"pre":[-9.39617,-15.49902,9.03736],"post":[-9.39617,-15.49902,9.03736],"lerp_mode":"catmullrom"},"1.5833":{"post":[20.60383,-15.49902,9.03736],"lerp_mode":"catmullrom"},"2.0":{"post":[12.5,0,0],"lerp_mode":"catmullrom"},"2.4167":{"post":[22.16815,10.43491,-2.80822],"lerp_mode":"catmullrom"},"2.9167":[0,0,0]},"position":{"0.0":[0,0,0],"0.4167":{"pre":[0,-0.5,-0.75],"post":[0,-0.5,-0.75],"lerp_mode":"catmullrom"},"0.5417":{"post":[0,-0.42,-0.75],"lerp_mode":"catmullrom"},"0.75":{"post":[0,-0.65,-0.75],"lerp_mode":"catmullrom"},"1.0417":{"post":[0,1.25,-0.75],"lerp_mode":"catmullrom"},"1.2083":{"post":[1,-1.25,-2.5],"lerp_mode":"catmullrom"},"1.4583":{"post":[0.65,-1.06,-2.72],"lerp_mode":"catmullrom"},"1.625":{"post":[0.33,0.04,-2.69],"lerp_mode":"catmullrom"},"1.8333":{"post":[0,0,-2.5],"lerp_mode":"catmullrom"},"2.9167":[0,0,0]}},"arm_left":{"rotation":{"0.0":[0,0,0],"0.8333":[1.79,49,36.8],"1.0833":[-30.71,54,36.8],"1.3333":[-73.21,"-18.5+3*math.sin(q.anim_time*90*20)",26.8],"2.1667":[-33.63195,-1.99464,25.27752],"3.0":[0,0,0]},"position":{"0.0":[0,0,0],"0.9167":{"pre":[0,0,-1],"post":[0,0,-1],"lerp_mode":"catmullrom"},"1.4583":{"post":[0,0,1.34],"lerp_mode":"catmullrom"},"2.125":{"post":[0,0,1.34],"lerp_mode":"catmullrom"},"3.0":[0,0,0]}},"arm_right":{"rotation":{"0.0":[0,0,0],"0.8333":[-45.82547,-37.86411,-10.03607],"1.0833":[-39.04074,-39.24172,-21.4247],"1.3333":[-80.19,"27.53-3*math.sin(q.anim_time*90*20)",-30.99],"2.2083":[-45.19,27.53,-30.99],"3.0":[0,0,0]},"position":{"0.0":[0,0,0],"0.9167":{"pre":[0,0,0.25],"post":[0,0,0.25],"lerp_mode":"catmullrom"},"1.4583":{"post":[0,0,1.35],"lerp_mode":"catmullrom"},"2.125":{"post":[0,0,1.35],"lerp_mode":"catmullrom"},"2.75":[0,0,0]}},"chest2":{"rotation":{"0.0":[0,0,0],"0.75":{"pre":[9.5,0,0],"post":[9.5,0,0],"lerp_mode":"catmullrom"},"1.0833":{"post":[7.5,0,0],"lerp_mode":"catmullrom"},"2.375":[0,0,0]},"position":[0,0,0]},"neck":{"rotation":{"0.0":[11.2745,7.83467,-2.21473],"0.9583":[-21.23,7.83,-2.21],"1.2083":[18.77,7.83,-2.21],"1.25":[20.22,7.83,-2.21],"1.2917":[19.02,7.83,-2.21],"1.4167":{"pre":[19.21,7.83,-2.21],"post":[19.21,7.83,-2.21],"lerp_mode":"catmullrom"},"1.5417":{"post":[16.94,7.83,-2.21],"lerp_mode":"catmullrom"},"1.6667":{"post":[24.43667,7.83,-2.21],"lerp_mode":"catmullrom"},"1.8333":{"post":[16.93,7.83,-2.21],"lerp_mode":"catmullrom"},"2.4167":[8.7745,7.83467,-2.21473],"2.75":[11.2745,7.83467,-2.21473]},"position":{"0.0":[0,-0.0067,-0.75],"0.75":[0,-1.01,-0.16],"0.875":[0,-1.41,-0.06],"1.2917":[0,-0.01,-1.25],"2.125":[0,-0.01,-1.25],"2.5":[0,-0.0067,-0.75]}},"neck2":{"rotation":{"0.0":[0,0,0],"0.75":[12.5,0,0],"1.2917":[0,0,0],"1.4583":[-22.5,0,0],"2.75":[0,0,0]}},"head_rotation":{"rotation":{"0.0":[0,0,0],"1.2083":[0,0,0],"1.625":[-22.5,0,0],"2.625":[0,0,0]}},"jaw":{"rotation":{"0.0":[1.5359,0,0],"1.0417":[1.54,0,0],"1.2083":{"pre":[46.54,0,0],"post":[46.54,0,0],"lerp_mode":"catmullrom"},"1.4167":{"post":[44.98,0,0],"lerp_mode":"catmullrom"},"1.625":{"post":[56.54,0,0],"lerp_mode":"catmullrom"},"1.875":{"post":[50.77,0,0],"lerp_mode":"catmullrom"},"2.25":{"post":[46.54,0,0],"lerp_mode":"catmullrom"},"2.4583":[1.54,0,0]}},"leg_right":{"rotation":{"0.0":[0,0,0],"0.875":[-20,0,0],"1.125":[0,0,0],"2.0417":[0,0,0]},"position":{"0.0":[0,0,0],"0.625":[0,0,0],"0.875":[0,5,0],"1.125":[0,1.55,0],"1.1667":[0,0,0],"2.0417":[0,0,0]}},"foot_right":{"rotation":{"0.0":[0,0,0],"0.6667":[0,0,0],"0.875":[30,0,0],"1.125":[0,0,0]}}}},"animation.tyranitar2.blink":{"animation_length":0.1667,"bones":{"eyelid_left":{"position":{"0.0":[0.1,0,0],"0.125":[0.1,0,0],"0.1667":[0,0,0]}},"eyelid_right":{"position":{"0.0":[-0.1,0,0],"0.125":[-0.1,0,0],"0.1667":[0,0,0]}}}},"animation.tyranitar2.walkspeed":{"loop":true,"bones":{"tyranitar":{"position":[0,0,"-q.anim_time*90*0.05"]}}},"animation.tyranitar2.sleep":{"loop":true,"bones":{"body":{"position":[0,-11,0]},"chest":{"rotation":["0.5+math.sin((query.anim_time-0.5)*30*2)*2",0,0]},"arm_left":{"rotation":[0,-10,"35+math.sin((query.anim_time-0.5)*40*2)*2"]},"arm_left2":{"rotation":[0,0,17.5],"position":[-1.4,0,0]},"hand_left":{"rotation":[0,0,-2]},"arm_right":{"rotation":[-18.51386,19.76021,"-48.6453-math.sin((query.anim_time-0.5)*40*2)*2"]},"arm_right2":{"rotation":[0,0,0],"position":[1,0,0]},"hand_right":{"rotation":[0,0,-7.5],"position":[1.9,0,0]},"chest2":{"rotation":["25.5+math.sin((query.anim_time-0.5)*20*2)*2",0,0],"position":[0,0,-1.4]},"wings_left":{"rotation":[0,"-17.5+math.sin((query.anim_time-0.5)*40*2)*2",0]},"wings_right":{"rotation":[0,"17.5-math.sin((query.anim_time-0.5)*40*2)*2",0]},"neck":{"rotation":["28+math.sin((query.anim_time-0.5)*40*2)*2-math.sin((query.anim_time-0.5)*20*2)*2",0,0],"position":[0,0,-1.1]},"neck2":{"position":[0,0,-1.4]},"head_rotation":{"rotation":[5.5,0,0]},"crest":{"rotation":["0+math.sin((query.anim_time-0.5)*40*2)*2",0,0]},"head_spike":{"rotation":[-32.5,0,0]},"eyelid_left":{"position":[0.1,0,0]},"eyelid_right":{"position":[-0.1,0,0]},"jaw":{"rotation":["0+math.clamp(8*math.sin(q.anim_time*80*1/2-30)*6,0,25)",0,0]},"tail":{"position":[0,3.3,0]},"tail2":{"rotation":[-10,10,0]},"tail3":{"rotation":[5,12.5,0]},"tail_spike_top":{"rotation":[0,5,0]},"tail_spike_bottom":{"rotation":[14.981,4.98093,-0.43688]},"tail_spike_left":{"rotation":[0,7.5,0]},"tail_spike_right":{"rotation":[0,7.5,0]},"tail4":{"rotation":[0,5,0]},"tail5":{"rotation":[0,10,0]},"leg_left":{"rotation":[-90,0,0]},"foot_left":{"rotation":[15,0,0]},"foot_left2":{"rotation":[25,0,0],"position":[0,0,1.7]},"leg_right":{"rotation":[-90,0,0]},"foot_right":{"rotation":[17.5,0,0]},"foot_right2":{"rotation":[25,0,0],"position":[0,0,1.7]}}}}}