{"format_version":"1.8.0","animations":{"animation.ursaluna_bloodmoon.ground_idle":{"loop":true,"bones":{"torso":{"rotation":[-20,0,0]},"shoulder_left":{"rotation":[0,-22.5,52.5]},"arm_left":{"rotation":[16.99618,-7.34375,10.00208]},"spikes_torso_main":{"rotation":[20,0,0],"position":[0,-1,-6]},"tail":{"rotation":[12.5,0,0]},"arm_left2":{"rotation":[2.81849,1.01294,21.24392]},"hand_left":{"rotation":[-178.93093,-72.5066,179.05158],"position":[0,0,0]},"leg_left_rotate":{"rotation":[0,-5,0]},"thigh_left":{"rotation":[5,0,0]},"thumb_left":{"rotation":[-67.5,0,0]},"shoulder_right":{"rotation":[0,22.5,-55]},"arm_right":{"rotation":[16.99618,7.34375,-10.00208]},"arm_right2":{"rotation":[2.81849,-1.01294,-21.24392]},"hand_right":{"rotation":[-178.93093,72.5066,-179.05158],"position":[0,0,0]},"thumb_right":{"rotation":[-67.5,0,0]},"leg_left":{"rotation":[10,0,0]},"foot_left":{"rotation":[-15,0,0]},"thigh_right":{"rotation":[5,0,0]},"leg_right":{"rotation":[10,0,0]},"foot_right":{"rotation":[-15,0,0]},"leg_right_rotate":{"rotation":[0,5,0]},"head":{"rotation":[55,0,0],"position":[0,0,0]},"spike_bottom_main":{"rotation":[10,0,0]},"eye_left":{"position":[0,0,0]},"hip":{"rotation":[-67.5,0,0]},"upper_body":{"rotation":["37.5-Math.cos((query.anim_time - 0.2) * 90) * -3",0,0]},"bone":{"position":[0,0,0]}}},"animation.ursaluna_bloodmoon.battle_idle":{"loop":true,"bones":{"torso":{"rotation":[-20,0,0]},"shoulder_left":{"rotation":[-44.28304,-5.86248,33.2488]},"arm_left":{"rotation":[17.78088,-5.09542,2.80088]},"spikes_torso_main":{"rotation":[20,0,0],"position":[0,-1,-6]},"tail":{"rotation":[12.5,0,0]},"arm_left2":{"rotation":[-71.28567,34.5794,31.84636],"position":[-1.4818,-3.66209,-3.06486]},"hand_left":{"rotation":[-223.12093,-65.685,225.95301],"position":[0,0,0]},"leg_left_rotate":{"rotation":[0,-5,0]},"thigh_left":{"rotation":[5.12076,-12.45167,-1.10693],"position":[0.17431,0,1.99239]},"thumb_left":{"rotation":[-67.5,0,0]},"shoulder_right":{"rotation":[-44.28304,5.86248,-33.2488]},"arm_right":{"rotation":[17.78088,5.09542,-2.80088]},"arm_right2":{"rotation":[-71.28567,-34.5794,-31.84636],"position":[1.4818,-3.66209,-3.06486]},"hand_right":{"rotation":[-223.12093,65.685,-225.95301],"position":[0,0,0]},"thumb_right":{"rotation":[-45,0,0]},"leg_left":{"rotation":[10,0,0]},"foot_left":{"rotation":[-15,0,0]},"thigh_right":{"rotation":[5.12076,12.45167,1.10693],"position":[-1.55239,0,-5.15431]},"leg_right":{"rotation":[10,0,0]},"foot_right":{"rotation":[-15,0,0]},"leg_right_rotate":{"rotation":[0,5,0]},"head":{"rotation":[32.5,0,0],"position":[0,0,0]},"spike_bottom_main":{"rotation":[10,0,0]},"eye_left":{"position":[0,0,0]},"hip":{"rotation":[-45,0,0]},"upper_body":{"rotation":["37.5-Math.cos((query.anim_time - 0.2) * 90) * -3",0,0]},"bone":{"position":[0.01783,0.13547,-0.99062]},"jaw":{"rotation":[52.5,0,0]},"hand_right2":{"rotation":[0,17.5,0],"position":[0.30071,0,0.95372]},"hand_left2":{"rotation":[0,-17.5,0],"position":[-0.30071,0,0.95372]}}},"animation.ursaluna_bloodmoon.blink":{"animation_length":0.1667,"bones":{"eyelid_left":{"position":{"0.0":[0,0,-0.1],"0.125":[0,0,-0.1],"0.1667":[0,0,0.1]}},"eyelid_right":{"position":{"0.0":[0,0,-0.1],"0.125":[0,0,-0.1],"0.1667":[0,0,0.1]}}}},"animation.ursaluna_bloodmoon.cry":{"animation_length":2,"bones":{"head":{"rotation":{"0.0":[0,0,0],"0.1667":[-12.5,0,0],"1.8333":[-12.5,0,0],"2.0":[0,0,0]}},"jaw":{"rotation":{"0.0":[0,0,0],"0.25":[55,0,0],"1.7083":[55,0,0],"1.9583":[0,0,0]}}}}}}