{"format_version":"1.8.0","animations":{"animation.tarountula.ground_idle":{"loop":true,"animation_length":1,"bones":{"Body":{"position":[0,"-0.5+math.cos(query.anim_time*360)*0.2",0]},"String1":{"rotation":["-10+math.sin(query.anim_time*360)*10",0,0]},"String2":{"rotation":[0,0,"math.sin(query.anim_time*360)*5"]},"String3":{"rotation":["-4-math.sin(query.anim_time*360)*5",0,0]},"String4":{"rotation":[0,0,"-math.sin(query.anim_time*360)*5"]},"Ball":{"rotation":["math.sin((query.anim_time-2)*360)*2",0,0]}}},"animation.tarountula.ground_walk":{"loop":true,"animation_length":0.5,"bones":{"AllBody":{"position":[0,"0.2+math.abs(math.cos(query.anim_time*720)*0.3)",0]},"LeftLeg4":{"rotation":[0,"math.cos((query.anim_time-0.9)*720)*40","-math.clamp(math.sin((query.anim_time-0.9)*720)*40,-5,40)"]},"LeftLeg3":{"rotation":[0,"math.cos((query.anim_time-0.6)*720)*40","-math.clamp(math.sin((query.anim_time-0.6)*720)*40,-5,40)"]},"LeftLeg2":{"rotation":[0,"math.cos((query.anim_time-0.3)*720)*40","-math.clamp(math.sin((query.anim_time-0.3)*720)*40,-5,40)"]},"LeftLeg1":{"rotation":[0,"math.cos(query.anim_time*720)*40","-math.clamp(math.sin(query.anim_time*720)*40,-5,40)"]},"RightLeg1":{"rotation":[0,"math.cos(query.anim_time*720)*40","-math.clamp(-math.sin(query.anim_time*720)*40,-5,40)"]},"RightLeg2":{"rotation":[0,"math.cos((query.anim_time-0.3)*720)*40","-math.clamp(-math.sin((query.anim_time-0.3)*720)*40,-5,40)"]},"RightLeg3":{"rotation":[0,"math.cos((query.anim_time-0.6)*720)*40","-math.clamp(-math.sin((query.anim_time-0.6)*720)*40,-5,40)"]},"RightLeg4":{"rotation":[0,"math.cos((query.anim_time-0.9)*720)*40","-math.clamp(-math.sin((query.anim_time-0.9)*720)*40,-5,40)"]},"String1":{"rotation":["-math.cos(query.anim_time*720)*10",0,0]},"String2":{"rotation":[0,"math.cos(query.anim_time*720)*10",0]},"String4":{"rotation":[0,"math.cos(query.anim_time*720)*10",0]},"Ball":{"rotation":["math.cos((query.anim_time-0.6)*720)*5",0,0]},"Body":{"position":[0,-0.5,0]},"String3":{"rotation":["-5+math.cos((query.anim_time-0.6)*720-90)*5",0,0]}}},"animation.tarountula.quirk1":{"animation_length":0.75,"bones":{"LeftLeg1":{"rotation":{"0.0":[90,-45,0],"0.25":[90,-45,0],"0.5":[90,-22.5,0],"0.75":[90,-45,0]}},"RightLeg1":{"rotation":{"0.0":[-90,45,0],"0.25":[-90,22.5,0],"0.5":[-90,45,0]}},"Head":{"rotation":{"0.0":{"post":[0,0,0],"lerp_mode":"catmullrom"},"0.25":{"post":[0,0,22.5],"lerp_mode":"catmullrom"},"0.5":{"post":[0,0,-22.5],"lerp_mode":"catmullrom"},"0.75":{"post":[0,0,0],"lerp_mode":"catmullrom"}}},"LeftEye":{"position":[0,0,0]}}},"animation.tarountula.cry":{"animation_length":1.25,"sound_effects":{"0.042":{"effect":"pokemon.tarountula.cry"}},"bones":{"Ball":{"rotation":{"0.0":[0,0,0],"0.125":[-22.5,0,0],"0.25":{"pre":[-22.5193,2.30959,-0.95723],"post":[-22.5193,2.30959,-0.95723],"lerp_mode":"catmullrom"},"0.375":{"post":[-22.5193,-2.30959,0.95723],"lerp_mode":"catmullrom"},"0.5":{"post":[-22.5193,2.30959,-0.95723],"lerp_mode":"catmullrom"},"0.625":{"post":[-22.5193,-2.30959,0.95723],"lerp_mode":"catmullrom"},"0.75":{"post":[-22.5193,2.30959,-0.95723],"lerp_mode":"catmullrom"},"0.875":{"post":[-22.5193,-2.30959,0.95723],"lerp_mode":"catmullrom"},"1.0":{"post":[-22.5193,2.30959,-0.95723],"lerp_mode":"catmullrom"},"1.125":{"post":[-22.5193,-2.30959,0.95723],"lerp_mode":"catmullrom"},"1.25":[0,0,0]}},"Head":{"rotation":{"0.0":[0,0,0],"0.125":[-22.5,0,0],"0.25":[-12.5,0,0],"0.375":[-22.5,0,0],"0.5":[-12.5,0,0],"0.625":[-22.5,0,0],"0.75":[-12.5,0,0],"0.875":[-22.5,0,0],"1.0":[-12.5,0,0],"1.125":[-22.5,0,0],"1.25":[0,0,0]}}}},"animation.tarountula.ground_run":{"loop":true,"bones":{"LeftLeg4":{"rotation":[0,"math.cos((query.anim_time-0.9)*90*12)*40","-math.clamp(math.sin((query.anim_time-0.9)*90*12)*40,-5,40)"]},"LeftLeg3":{"rotation":[0,"math.cos((query.anim_time-0.6)*90*12)*40","-math.clamp(math.sin((query.anim_time-0.6)*90*12)*40,-5,40)"]},"LeftLeg2":{"rotation":[0,"math.cos((query.anim_time-0.3)*90*12)*40","-math.clamp(math.sin((query.anim_time-0.3)*90*12)*40,-5,40)"]},"LeftLeg1":{"rotation":[0,"math.cos(query.anim_time*90*12)*40","-math.clamp(math.sin(query.anim_time*90*12)*40,-5,40)"]},"RightLeg1":{"rotation":[0,"math.cos(query.anim_time*90*12)*40","-math.clamp(-math.sin(query.anim_time*90*12)*40,-5,40)"]},"RightLeg2":{"rotation":[0,"math.cos((query.anim_time-0.3)*90*12)*40","-math.clamp(-math.sin((query.anim_time-0.3)*90*12)*40,-5,40)"]},"RightLeg3":{"rotation":[0,"math.cos((query.anim_time-0.6)*90*12)*40","-math.clamp(-math.sin((query.anim_time-0.6)*90*12)*40,-5,40)"]},"RightLeg4":{"rotation":[0,"math.cos((query.anim_time-0.9)*90*12)*40","-math.clamp(-math.sin((query.anim_time-0.9)*90*12)*40,-5,40)"]},"Body":{"position":[0,"-1+math.cos(query.anim_time*90*15)*0.5",0]},"Ball":{"rotation":[12.5,0,0]}}},"animation.tarountula.walktest":{"loop":true,"bones":{"AllBody":{"position":[0,0,"-query.anim_time*90*0.3"]}}}},"geckolib_format_version":2}